ISO-10303-21;
HEADER;
/* Generated by software containing ST-Developer
 * from STEP Tools, Inc. (www.steptools.com) 
 */

FILE_DESCRIPTION(
/* description */ (''),
/* implementation_level */ '2;1');

FILE_NAME(
/* name */ '7.62mm terminal block v0.step',
/* time_stamp */ '2026-09-19T11:37:28+02:00',
/* author */ (''),
/* organization */ (''),
/* preprocessor_version */ 'ST-DEVELOPER v20.1',
/* originating_system */ 'Autodesk Translation Framework v15.8.0.0',
/* authorisation */ '');

FILE_SCHEMA (('AUTOMOTIVE_DESIGN { 1 0 10303 214 3 1 1 }'));
ENDSEC;

DATA;
#10=MECHANICAL_DESIGN_GEOMETRIC_PRESENTATION_REPRESENTATION('',(#13),#3289);
#11=SHAPE_REPRESENTATION_RELATIONSHIP('SRR','None',#3296,#12);
#12=ADVANCED_BREP_SHAPE_REPRESENTATION('',(#14),#3288);
#13=STYLED_ITEM('',(#3305),#14);
#14=MANIFOLD_SOLID_BREP('Body1',#1889);
#15=FACE_BOUND('',#366,.T.);
#16=FACE_BOUND('',#367,.T.);
#17=FACE_BOUND('',#368,.T.);
#18=FACE_BOUND('',#369,.T.);
#19=PLANE('',#1937);
#20=PLANE('',#1938);
#21=PLANE('',#1939);
#22=PLANE('',#1940);
#23=PLANE('',#1975);
#24=PLANE('',#1976);
#25=PLANE('',#1977);
#26=PLANE('',#1978);
#27=PLANE('',#2013);
#28=PLANE('',#2014);
#29=PLANE('',#2015);
#30=PLANE('',#2016);
#31=PLANE('',#2051);
#32=PLANE('',#2052);
#33=PLANE('',#2053);
#34=PLANE('',#2054);
#35=PLANE('',#2089);
#36=PLANE('',#2090);
#37=PLANE('',#2091);
#38=PLANE('',#2092);
#39=PLANE('',#2096);
#40=PLANE('',#2100);
#41=PLANE('',#2104);
#42=PLANE('',#2108);
#43=PLANE('',#2109);
#44=PLANE('',#2110);
#45=PLANE('',#2111);
#46=PLANE('',#2112);
#47=PLANE('',#2113);
#48=PLANE('',#2114);
#49=PLANE('',#2115);
#50=PLANE('',#2116);
#51=PLANE('',#2117);
#52=PLANE('',#2118);
#53=PLANE('',#2119);
#54=PLANE('',#2120);
#55=PLANE('',#2121);
#56=PLANE('',#2122);
#57=PLANE('',#2123);
#58=PLANE('',#2124);
#59=PLANE('',#2125);
#60=PLANE('',#2126);
#61=CIRCLE('',#1909,0.499999999999999);
#62=CIRCLE('',#1910,0.499999999999999);
#63=CIRCLE('',#1911,0.5);
#64=CIRCLE('',#1919,0.499999999999994);
#65=CIRCLE('',#1920,0.5);
#66=CIRCLE('',#1921,0.5);
#67=CIRCLE('',#1925,0.500000000000003);
#68=CIRCLE('',#1926,0.5);
#69=CIRCLE('',#1927,0.5);
#70=CIRCLE('',#1930,0.5);
#71=CIRCLE('',#1931,0.499999999999999);
#72=CIRCLE('',#1932,0.5);
#73=CIRCLE('',#1947,0.499999999999999);
#74=CIRCLE('',#1948,0.500000000000001);
#75=CIRCLE('',#1949,0.5);
#76=CIRCLE('',#1957,0.500000000000001);
#77=CIRCLE('',#1958,0.5);
#78=CIRCLE('',#1959,0.5);
#79=CIRCLE('',#1963,0.500000000000001);
#80=CIRCLE('',#1964,0.5);
#81=CIRCLE('',#1965,0.5);
#82=CIRCLE('',#1968,0.5);
#83=CIRCLE('',#1969,0.500000000000001);
#84=CIRCLE('',#1970,0.5);
#85=CIRCLE('',#1985,0.499999999999999);
#86=CIRCLE('',#1986,0.500000000000001);
#87=CIRCLE('',#1987,0.5);
#88=CIRCLE('',#1995,0.500000000000001);
#89=CIRCLE('',#1996,0.5);
#90=CIRCLE('',#1997,0.5);
#91=CIRCLE('',#2001,0.500000000000001);
#92=CIRCLE('',#2002,0.5);
#93=CIRCLE('',#2003,0.5);
#94=CIRCLE('',#2006,0.5);
#95=CIRCLE('',#2007,0.500000000000001);
#96=CIRCLE('',#2008,0.5);
#97=CIRCLE('',#2023,0.499999999999999);
#98=CIRCLE('',#2024,0.5);
#99=CIRCLE('',#2025,0.5);
#100=CIRCLE('',#2033,0.500000000000001);
#101=CIRCLE('',#2034,0.5);
#102=CIRCLE('',#2035,0.5);
#103=CIRCLE('',#2039,0.5);
#104=CIRCLE('',#2040,0.5);
#105=CIRCLE('',#2041,0.5);
#106=CIRCLE('',#2044,0.5);
#107=CIRCLE('',#2045,0.500000000000001);
#108=CIRCLE('',#2046,0.5);
#109=CIRCLE('',#2061,0.5);
#110=CIRCLE('',#2062,0.500000000000001);
#111=CIRCLE('',#2063,0.5);
#112=CIRCLE('',#2071,0.5);
#113=CIRCLE('',#2072,0.5);
#114=CIRCLE('',#2073,0.5);
#115=CIRCLE('',#2077,0.500000000000001);
#116=CIRCLE('',#2078,0.5);
#117=CIRCLE('',#2079,0.5);
#118=CIRCLE('',#2082,0.5);
#119=CIRCLE('',#2083,0.5);
#120=CIRCLE('',#2084,0.5);
#121=CIRCLE('',#2094,0.55);
#122=CIRCLE('',#2095,0.55);
#123=CIRCLE('',#2098,0.55);
#124=CIRCLE('',#2099,0.55);
#125=CIRCLE('',#2102,0.55);
#126=CIRCLE('',#2103,0.55);
#127=CIRCLE('',#2106,0.55);
#128=CIRCLE('',#2107,0.55);
#129=SPHERICAL_SURFACE('',#1908,0.499999999999999);
#130=SPHERICAL_SURFACE('',#1918,0.5);
#131=SPHERICAL_SURFACE('',#1924,0.5);
#132=SPHERICAL_SURFACE('',#1929,0.499999999999999);
#133=SPHERICAL_SURFACE('',#1946,0.500000000000001);
#134=SPHERICAL_SURFACE('',#1956,0.5);
#135=SPHERICAL_SURFACE('',#1962,0.5);
#136=SPHERICAL_SURFACE('',#1967,0.500000000000001);
#137=SPHERICAL_SURFACE('',#1984,0.500000000000001);
#138=SPHERICAL_SURFACE('',#1994,0.5);
#139=SPHERICAL_SURFACE('',#2000,0.5);
#140=SPHERICAL_SURFACE('',#2005,0.500000000000001);
#141=SPHERICAL_SURFACE('',#2022,0.5);
#142=SPHERICAL_SURFACE('',#2032,0.5);
#143=SPHERICAL_SURFACE('',#2038,0.5);
#144=SPHERICAL_SURFACE('',#2043,0.500000000000001);
#145=SPHERICAL_SURFACE('',#2060,0.500000000000001);
#146=SPHERICAL_SURFACE('',#2070,0.5);
#147=SPHERICAL_SURFACE('',#2076,0.5);
#148=SPHERICAL_SURFACE('',#2081,0.5);
#149=FACE_OUTER_BOUND('',#265,.T.);
#150=FACE_OUTER_BOUND('',#266,.T.);
#151=FACE_OUTER_BOUND('',#267,.T.);
#152=FACE_OUTER_BOUND('',#268,.T.);
#153=FACE_OUTER_BOUND('',#269,.T.);
#154=FACE_OUTER_BOUND('',#270,.T.);
#155=FACE_OUTER_BOUND('',#271,.T.);
#156=FACE_OUTER_BOUND('',#272,.T.);
#157=FACE_OUTER_BOUND('',#273,.T.);
#158=FACE_OUTER_BOUND('',#274,.T.);
#159=FACE_OUTER_BOUND('',#275,.T.);
#160=FACE_OUTER_BOUND('',#276,.T.);
#161=FACE_OUTER_BOUND('',#277,.T.);
#162=FACE_OUTER_BOUND('',#278,.T.);
#163=FACE_OUTER_BOUND('',#279,.T.);
#164=FACE_OUTER_BOUND('',#280,.T.);
#165=FACE_OUTER_BOUND('',#281,.T.);
#166=FACE_OUTER_BOUND('',#282,.T.);
#167=FACE_OUTER_BOUND('',#283,.T.);
#168=FACE_OUTER_BOUND('',#284,.T.);
#169=FACE_OUTER_BOUND('',#285,.T.);
#170=FACE_OUTER_BOUND('',#286,.T.);
#171=FACE_OUTER_BOUND('',#287,.T.);
#172=FACE_OUTER_BOUND('',#288,.T.);
#173=FACE_OUTER_BOUND('',#289,.T.);
#174=FACE_OUTER_BOUND('',#290,.T.);
#175=FACE_OUTER_BOUND('',#291,.T.);
#176=FACE_OUTER_BOUND('',#292,.T.);
#177=FACE_OUTER_BOUND('',#293,.T.);
#178=FACE_OUTER_BOUND('',#294,.T.);
#179=FACE_OUTER_BOUND('',#295,.T.);
#180=FACE_OUTER_BOUND('',#296,.T.);
#181=FACE_OUTER_BOUND('',#297,.T.);
#182=FACE_OUTER_BOUND('',#298,.T.);
#183=FACE_OUTER_BOUND('',#299,.T.);
#184=FACE_OUTER_BOUND('',#300,.T.);
#185=FACE_OUTER_BOUND('',#301,.T.);
#186=FACE_OUTER_BOUND('',#302,.T.);
#187=FACE_OUTER_BOUND('',#303,.T.);
#188=FACE_OUTER_BOUND('',#304,.T.);
#189=FACE_OUTER_BOUND('',#305,.T.);
#190=FACE_OUTER_BOUND('',#306,.T.);
#191=FACE_OUTER_BOUND('',#307,.T.);
#192=FACE_OUTER_BOUND('',#308,.T.);
#193=FACE_OUTER_BOUND('',#309,.T.);
#194=FACE_OUTER_BOUND('',#310,.T.);
#195=FACE_OUTER_BOUND('',#311,.T.);
#196=FACE_OUTER_BOUND('',#312,.T.);
#197=FACE_OUTER_BOUND('',#313,.T.);
#198=FACE_OUTER_BOUND('',#314,.T.);
#199=FACE_OUTER_BOUND('',#315,.T.);
#200=FACE_OUTER_BOUND('',#316,.T.);
#201=FACE_OUTER_BOUND('',#317,.T.);
#202=FACE_OUTER_BOUND('',#318,.T.);
#203=FACE_OUTER_BOUND('',#319,.T.);
#204=FACE_OUTER_BOUND('',#320,.T.);
#205=FACE_OUTER_BOUND('',#321,.T.);
#206=FACE_OUTER_BOUND('',#322,.T.);
#207=FACE_OUTER_BOUND('',#323,.T.);
#208=FACE_OUTER_BOUND('',#324,.T.);
#209=FACE_OUTER_BOUND('',#325,.T.);
#210=FACE_OUTER_BOUND('',#326,.T.);
#211=FACE_OUTER_BOUND('',#327,.T.);
#212=FACE_OUTER_BOUND('',#328,.T.);
#213=FACE_OUTER_BOUND('',#329,.T.);
#214=FACE_OUTER_BOUND('',#330,.T.);
#215=FACE_OUTER_BOUND('',#331,.T.);
#216=FACE_OUTER_BOUND('',#332,.T.);
#217=FACE_OUTER_BOUND('',#333,.T.);
#218=FACE_OUTER_BOUND('',#334,.T.);
#219=FACE_OUTER_BOUND('',#335,.T.);
#220=FACE_OUTER_BOUND('',#336,.T.);
#221=FACE_OUTER_BOUND('',#337,.T.);
#222=FACE_OUTER_BOUND('',#338,.T.);
#223=FACE_OUTER_BOUND('',#339,.T.);
#224=FACE_OUTER_BOUND('',#340,.T.);
#225=FACE_OUTER_BOUND('',#341,.T.);
#226=FACE_OUTER_BOUND('',#342,.T.);
#227=FACE_OUTER_BOUND('',#343,.T.);
#228=FACE_OUTER_BOUND('',#344,.T.);
#229=FACE_OUTER_BOUND('',#345,.T.);
#230=FACE_OUTER_BOUND('',#346,.T.);
#231=FACE_OUTER_BOUND('',#347,.T.);
#232=FACE_OUTER_BOUND('',#348,.T.);
#233=FACE_OUTER_BOUND('',#349,.T.);
#234=FACE_OUTER_BOUND('',#350,.T.);
#235=FACE_OUTER_BOUND('',#351,.T.);
#236=FACE_OUTER_BOUND('',#352,.T.);
#237=FACE_OUTER_BOUND('',#353,.T.);
#238=FACE_OUTER_BOUND('',#354,.T.);
#239=FACE_OUTER_BOUND('',#355,.T.);
#240=FACE_OUTER_BOUND('',#356,.T.);
#241=FACE_OUTER_BOUND('',#357,.T.);
#242=FACE_OUTER_BOUND('',#358,.T.);
#243=FACE_OUTER_BOUND('',#359,.T.);
#244=FACE_OUTER_BOUND('',#360,.T.);
#245=FACE_OUTER_BOUND('',#361,.T.);
#246=FACE_OUTER_BOUND('',#362,.T.);
#247=FACE_OUTER_BOUND('',#363,.T.);
#248=FACE_OUTER_BOUND('',#364,.T.);
#249=FACE_OUTER_BOUND('',#365,.T.);
#250=FACE_OUTER_BOUND('',#370,.T.);
#251=FACE_OUTER_BOUND('',#371,.T.);
#252=FACE_OUTER_BOUND('',#372,.T.);
#253=FACE_OUTER_BOUND('',#373,.T.);
#254=FACE_OUTER_BOUND('',#374,.T.);
#255=FACE_OUTER_BOUND('',#375,.T.);
#256=FACE_OUTER_BOUND('',#376,.T.);
#257=FACE_OUTER_BOUND('',#377,.T.);
#258=FACE_OUTER_BOUND('',#378,.T.);
#259=FACE_OUTER_BOUND('',#379,.T.);
#260=FACE_OUTER_BOUND('',#380,.T.);
#261=FACE_OUTER_BOUND('',#381,.T.);
#262=FACE_OUTER_BOUND('',#382,.T.);
#263=FACE_OUTER_BOUND('',#383,.T.);
#264=FACE_OUTER_BOUND('',#384,.T.);
#265=EDGE_LOOP('',(#1179,#1180,#1181,#1182,#1183,#1184));
#266=EDGE_LOOP('',(#1185,#1186,#1187));
#267=EDGE_LOOP('',(#1188,#1189,#1190,#1191));
#268=EDGE_LOOP('',(#1192,#1193,#1194,#1195,#1196,#1197));
#269=EDGE_LOOP('',(#1198,#1199,#1200));
#270=EDGE_LOOP('',(#1201,#1202,#1203,#1204));
#271=EDGE_LOOP('',(#1205,#1206,#1207,#1208));
#272=EDGE_LOOP('',(#1209,#1210,#1211));
#273=EDGE_LOOP('',(#1212,#1213,#1214,#1215));
#274=EDGE_LOOP('',(#1216,#1217,#1218));
#275=EDGE_LOOP('',(#1219,#1220,#1221,#1222));
#276=EDGE_LOOP('',(#1223,#1224,#1225,#1226));
#277=EDGE_LOOP('',(#1227,#1228,#1229,#1230));
#278=EDGE_LOOP('',(#1231,#1232,#1233,#1234));
#279=EDGE_LOOP('',(#1235,#1236,#1237,#1238,#1239,#1240,#1241,#1242,#1243,
#1244));
#280=EDGE_LOOP('',(#1245,#1246,#1247,#1248));
#281=EDGE_LOOP('',(#1249,#1250,#1251,#1252));
#282=EDGE_LOOP('',(#1253,#1254,#1255,#1256));
#283=EDGE_LOOP('',(#1257,#1258,#1259,#1260,#1261,#1262));
#284=EDGE_LOOP('',(#1263,#1264,#1265));
#285=EDGE_LOOP('',(#1266,#1267,#1268,#1269));
#286=EDGE_LOOP('',(#1270,#1271,#1272,#1273,#1274,#1275));
#287=EDGE_LOOP('',(#1276,#1277,#1278));
#288=EDGE_LOOP('',(#1279,#1280,#1281,#1282));
#289=EDGE_LOOP('',(#1283,#1284,#1285,#1286));
#290=EDGE_LOOP('',(#1287,#1288,#1289));
#291=EDGE_LOOP('',(#1290,#1291,#1292,#1293));
#292=EDGE_LOOP('',(#1294,#1295,#1296));
#293=EDGE_LOOP('',(#1297,#1298,#1299,#1300));
#294=EDGE_LOOP('',(#1301,#1302,#1303,#1304));
#295=EDGE_LOOP('',(#1305,#1306,#1307,#1308));
#296=EDGE_LOOP('',(#1309,#1310,#1311,#1312));
#297=EDGE_LOOP('',(#1313,#1314,#1315,#1316,#1317,#1318,#1319,#1320,#1321,
#1322));
#298=EDGE_LOOP('',(#1323,#1324,#1325,#1326));
#299=EDGE_LOOP('',(#1327,#1328,#1329,#1330));
#300=EDGE_LOOP('',(#1331,#1332,#1333,#1334));
#301=EDGE_LOOP('',(#1335,#1336,#1337,#1338,#1339,#1340));
#302=EDGE_LOOP('',(#1341,#1342,#1343));
#303=EDGE_LOOP('',(#1344,#1345,#1346,#1347));
#304=EDGE_LOOP('',(#1348,#1349,#1350,#1351,#1352,#1353));
#305=EDGE_LOOP('',(#1354,#1355,#1356));
#306=EDGE_LOOP('',(#1357,#1358,#1359,#1360));
#307=EDGE_LOOP('',(#1361,#1362,#1363,#1364));
#308=EDGE_LOOP('',(#1365,#1366,#1367));
#309=EDGE_LOOP('',(#1368,#1369,#1370,#1371));
#310=EDGE_LOOP('',(#1372,#1373,#1374));
#311=EDGE_LOOP('',(#1375,#1376,#1377,#1378));
#312=EDGE_LOOP('',(#1379,#1380,#1381,#1382));
#313=EDGE_LOOP('',(#1383,#1384,#1385,#1386));
#314=EDGE_LOOP('',(#1387,#1388,#1389,#1390));
#315=EDGE_LOOP('',(#1391,#1392,#1393,#1394,#1395,#1396,#1397,#1398,#1399,
#1400));
#316=EDGE_LOOP('',(#1401,#1402,#1403,#1404));
#317=EDGE_LOOP('',(#1405,#1406,#1407,#1408));
#318=EDGE_LOOP('',(#1409,#1410,#1411,#1412));
#319=EDGE_LOOP('',(#1413,#1414,#1415,#1416,#1417,#1418));
#320=EDGE_LOOP('',(#1419,#1420,#1421));
#321=EDGE_LOOP('',(#1422,#1423,#1424,#1425));
#322=EDGE_LOOP('',(#1426,#1427,#1428,#1429,#1430,#1431));
#323=EDGE_LOOP('',(#1432,#1433,#1434));
#324=EDGE_LOOP('',(#1435,#1436,#1437,#1438));
#325=EDGE_LOOP('',(#1439,#1440,#1441,#1442));
#326=EDGE_LOOP('',(#1443,#1444,#1445));
#327=EDGE_LOOP('',(#1446,#1447,#1448,#1449));
#328=EDGE_LOOP('',(#1450,#1451,#1452));
#329=EDGE_LOOP('',(#1453,#1454,#1455,#1456));
#330=EDGE_LOOP('',(#1457,#1458,#1459,#1460));
#331=EDGE_LOOP('',(#1461,#1462,#1463,#1464));
#332=EDGE_LOOP('',(#1465,#1466,#1467,#1468));
#333=EDGE_LOOP('',(#1469,#1470,#1471,#1472,#1473,#1474,#1475,#1476,#1477,
#1478));
#334=EDGE_LOOP('',(#1479,#1480,#1481,#1482));
#335=EDGE_LOOP('',(#1483,#1484,#1485,#1486));
#336=EDGE_LOOP('',(#1487,#1488,#1489,#1490));
#337=EDGE_LOOP('',(#1491,#1492,#1493,#1494,#1495,#1496));
#338=EDGE_LOOP('',(#1497,#1498,#1499));
#339=EDGE_LOOP('',(#1500,#1501,#1502,#1503));
#340=EDGE_LOOP('',(#1504,#1505,#1506,#1507,#1508,#1509));
#341=EDGE_LOOP('',(#1510,#1511,#1512));
#342=EDGE_LOOP('',(#1513,#1514,#1515,#1516));
#343=EDGE_LOOP('',(#1517,#1518,#1519,#1520));
#344=EDGE_LOOP('',(#1521,#1522,#1523));
#345=EDGE_LOOP('',(#1524,#1525,#1526,#1527));
#346=EDGE_LOOP('',(#1528,#1529,#1530));
#347=EDGE_LOOP('',(#1531,#1532,#1533,#1534));
#348=EDGE_LOOP('',(#1535,#1536,#1537,#1538));
#349=EDGE_LOOP('',(#1539,#1540,#1541,#1542));
#350=EDGE_LOOP('',(#1543,#1544,#1545,#1546));
#351=EDGE_LOOP('',(#1547,#1548,#1549,#1550,#1551,#1552,#1553,#1554,#1555,
#1556));
#352=EDGE_LOOP('',(#1557,#1558,#1559,#1560));
#353=EDGE_LOOP('',(#1561,#1562,#1563,#1564));
#354=EDGE_LOOP('',(#1565,#1566,#1567,#1568));
#355=EDGE_LOOP('',(#1569,#1570,#1571,#1572));
#356=EDGE_LOOP('',(#1573));
#357=EDGE_LOOP('',(#1574,#1575,#1576,#1577));
#358=EDGE_LOOP('',(#1578));
#359=EDGE_LOOP('',(#1579,#1580,#1581,#1582));
#360=EDGE_LOOP('',(#1583));
#361=EDGE_LOOP('',(#1584,#1585,#1586,#1587));
#362=EDGE_LOOP('',(#1588));
#363=EDGE_LOOP('',(#1589,#1590,#1591,#1592,#1593,#1594));
#364=EDGE_LOOP('',(#1595,#1596,#1597,#1598));
#365=EDGE_LOOP('',(#1599,#1600,#1601,#1602,#1603,#1604,#1605,#1606,#1607,
#1608,#1609,#1610,#1611,#1612,#1613,#1614,#1615,#1616,#1617,#1618,#1619,
#1620,#1621,#1622,#1623,#1624,#1625,#1626,#1627,#1628,#1629,#1630,#1631,
#1632,#1633,#1634));
#366=EDGE_LOOP('',(#1635));
#367=EDGE_LOOP('',(#1636));
#368=EDGE_LOOP('',(#1637));
#369=EDGE_LOOP('',(#1638));
#370=EDGE_LOOP('',(#1639,#1640,#1641,#1642,#1643,#1644));
#371=EDGE_LOOP('',(#1645,#1646,#1647,#1648));
#372=EDGE_LOOP('',(#1649,#1650,#1651,#1652));
#373=EDGE_LOOP('',(#1653,#1654,#1655,#1656,#1657,#1658,#1659,#1660,#1661,
#1662));
#374=EDGE_LOOP('',(#1663,#1664,#1665,#1666));
#375=EDGE_LOOP('',(#1667,#1668,#1669,#1670));
#376=EDGE_LOOP('',(#1671,#1672,#1673,#1674));
#377=EDGE_LOOP('',(#1675,#1676,#1677,#1678));
#378=EDGE_LOOP('',(#1679,#1680,#1681,#1682,#1683,#1684,#1685,#1686,#1687,
#1688));
#379=EDGE_LOOP('',(#1689,#1690,#1691,#1692));
#380=EDGE_LOOP('',(#1693,#1694,#1695,#1696));
#381=EDGE_LOOP('',(#1697,#1698,#1699,#1700));
#382=EDGE_LOOP('',(#1701,#1702,#1703,#1704,#1705,#1706,#1707,#1708,#1709,
#1710));
#383=EDGE_LOOP('',(#1711,#1712,#1713,#1714));
#384=EDGE_LOOP('',(#1715,#1716,#1717,#1718));
#385=ELLIPSE('',#1904,0.500076164021954,0.5);
#386=ELLIPSE('',#1905,0.713358132570516,0.5);
#387=ELLIPSE('',#1906,0.713358132570519,0.5);
#388=ELLIPSE('',#1907,0.500076164021954,0.5);
#389=ELLIPSE('',#1914,0.500076164021954,0.5);
#390=ELLIPSE('',#1915,0.713358132570516,0.5);
#391=ELLIPSE('',#1916,0.713358132570519,0.5);
#392=ELLIPSE('',#1917,0.500076164021954,0.5);
#393=ELLIPSE('',#1942,0.500076164021954,0.5);
#394=ELLIPSE('',#1943,0.713358132570518,0.5);
#395=ELLIPSE('',#1944,0.713358132570518,0.5);
#396=ELLIPSE('',#1945,0.500076164021954,0.5);
#397=ELLIPSE('',#1952,0.500076164021954,0.5);
#398=ELLIPSE('',#1953,0.713358132570518,0.5);
#399=ELLIPSE('',#1954,0.713358132570519,0.5);
#400=ELLIPSE('',#1955,0.500076164021954,0.5);
#401=ELLIPSE('',#1980,0.500076164021954,0.5);
#402=ELLIPSE('',#1981,0.713358132570518,0.5);
#403=ELLIPSE('',#1982,0.713358132570516,0.5);
#404=ELLIPSE('',#1983,0.500076164021954,0.5);
#405=ELLIPSE('',#1990,0.500076164021954,0.5);
#406=ELLIPSE('',#1991,0.713358132570518,0.5);
#407=ELLIPSE('',#1992,0.713358132570519,0.5);
#408=ELLIPSE('',#1993,0.500076164021954,0.5);
#409=ELLIPSE('',#2018,0.500076164021954,0.5);
#410=ELLIPSE('',#2019,0.713358132570516,0.5);
#411=ELLIPSE('',#2020,0.713358132570518,0.5);
#412=ELLIPSE('',#2021,0.500076164021954,0.5);
#413=ELLIPSE('',#2028,0.500076164021954,0.5);
#414=ELLIPSE('',#2029,0.713358132570517,0.5);
#415=ELLIPSE('',#2030,0.713358132570518,0.5);
#416=ELLIPSE('',#2031,0.500076164021954,0.5);
#417=ELLIPSE('',#2056,0.500076164021954,0.5);
#418=ELLIPSE('',#2057,0.713358132570517,0.5);
#419=ELLIPSE('',#2058,0.713358132570517,0.5);
#420=ELLIPSE('',#2059,0.500076164021954,0.5);
#421=ELLIPSE('',#2066,0.500076164021954,0.5);
#422=ELLIPSE('',#2067,0.713358132570517,0.5);
#423=ELLIPSE('',#2068,0.713358132570517,0.5);
#424=ELLIPSE('',#2069,0.500076164021954,0.5);
#425=LINE('',#2743,#587);
#426=LINE('',#2749,#588);
#427=LINE('',#2761,#589);
#428=LINE('',#2762,#590);
#429=LINE('',#2766,#591);
#430=LINE('',#2772,#592);
#431=LINE('',#2784,#593);
#432=LINE('',#2785,#594);
#433=LINE('',#2787,#595);
#434=LINE('',#2788,#596);
#435=LINE('',#2797,#597);
#436=LINE('',#2798,#598);
#437=LINE('',#2807,#599);
#438=LINE('',#2808,#600);
#439=LINE('',#2810,#601);
#440=LINE('',#2811,#602);
#441=LINE('',#2813,#603);
#442=LINE('',#2814,#604);
#443=LINE('',#2816,#605);
#444=LINE('',#2817,#606);
#445=LINE('',#2820,#607);
#446=LINE('',#2822,#608);
#447=LINE('',#2824,#609);
#448=LINE('',#2826,#610);
#449=LINE('',#2827,#611);
#450=LINE('',#2834,#612);
#451=LINE('',#2840,#613);
#452=LINE('',#2852,#614);
#453=LINE('',#2853,#615);
#454=LINE('',#2857,#616);
#455=LINE('',#2863,#617);
#456=LINE('',#2875,#618);
#457=LINE('',#2876,#619);
#458=LINE('',#2878,#620);
#459=LINE('',#2879,#621);
#460=LINE('',#2888,#622);
#461=LINE('',#2889,#623);
#462=LINE('',#2898,#624);
#463=LINE('',#2899,#625);
#464=LINE('',#2901,#626);
#465=LINE('',#2902,#627);
#466=LINE('',#2904,#628);
#467=LINE('',#2905,#629);
#468=LINE('',#2907,#630);
#469=LINE('',#2908,#631);
#470=LINE('',#2911,#632);
#471=LINE('',#2913,#633);
#472=LINE('',#2915,#634);
#473=LINE('',#2917,#635);
#474=LINE('',#2918,#636);
#475=LINE('',#2925,#637);
#476=LINE('',#2931,#638);
#477=LINE('',#2943,#639);
#478=LINE('',#2944,#640);
#479=LINE('',#2948,#641);
#480=LINE('',#2954,#642);
#481=LINE('',#2966,#643);
#482=LINE('',#2967,#644);
#483=LINE('',#2969,#645);
#484=LINE('',#2970,#646);
#485=LINE('',#2979,#647);
#486=LINE('',#2980,#648);
#487=LINE('',#2989,#649);
#488=LINE('',#2990,#650);
#489=LINE('',#2992,#651);
#490=LINE('',#2993,#652);
#491=LINE('',#2995,#653);
#492=LINE('',#2996,#654);
#493=LINE('',#2998,#655);
#494=LINE('',#2999,#656);
#495=LINE('',#3002,#657);
#496=LINE('',#3004,#658);
#497=LINE('',#3006,#659);
#498=LINE('',#3008,#660);
#499=LINE('',#3009,#661);
#500=LINE('',#3016,#662);
#501=LINE('',#3022,#663);
#502=LINE('',#3034,#664);
#503=LINE('',#3035,#665);
#504=LINE('',#3039,#666);
#505=LINE('',#3045,#667);
#506=LINE('',#3057,#668);
#507=LINE('',#3058,#669);
#508=LINE('',#3060,#670);
#509=LINE('',#3061,#671);
#510=LINE('',#3070,#672);
#511=LINE('',#3071,#673);
#512=LINE('',#3080,#674);
#513=LINE('',#3081,#675);
#514=LINE('',#3083,#676);
#515=LINE('',#3084,#677);
#516=LINE('',#3086,#678);
#517=LINE('',#3087,#679);
#518=LINE('',#3089,#680);
#519=LINE('',#3090,#681);
#520=LINE('',#3093,#682);
#521=LINE('',#3095,#683);
#522=LINE('',#3097,#684);
#523=LINE('',#3099,#685);
#524=LINE('',#3100,#686);
#525=LINE('',#3107,#687);
#526=LINE('',#3113,#688);
#527=LINE('',#3125,#689);
#528=LINE('',#3126,#690);
#529=LINE('',#3130,#691);
#530=LINE('',#3136,#692);
#531=LINE('',#3148,#693);
#532=LINE('',#3149,#694);
#533=LINE('',#3151,#695);
#534=LINE('',#3152,#696);
#535=LINE('',#3161,#697);
#536=LINE('',#3162,#698);
#537=LINE('',#3171,#699);
#538=LINE('',#3172,#700);
#539=LINE('',#3174,#701);
#540=LINE('',#3175,#702);
#541=LINE('',#3177,#703);
#542=LINE('',#3178,#704);
#543=LINE('',#3180,#705);
#544=LINE('',#3181,#706);
#545=LINE('',#3184,#707);
#546=LINE('',#3186,#708);
#547=LINE('',#3188,#709);
#548=LINE('',#3190,#710);
#549=LINE('',#3191,#711);
#550=LINE('',#3199,#712);
#551=LINE('',#3206,#713);
#552=LINE('',#3213,#714);
#553=LINE('',#3220,#715);
#554=LINE('',#3224,#716);
#555=LINE('',#3227,#717);
#556=LINE('',#3229,#718);
#557=LINE('',#3230,#719);
#558=LINE('',#3233,#720);
#559=LINE('',#3234,#721);
#560=LINE('',#3236,#722);
#561=LINE('',#3237,#723);
#562=LINE('',#3239,#724);
#563=LINE('',#3240,#725);
#564=LINE('',#3241,#726);
#565=LINE('',#3242,#727);
#566=LINE('',#3243,#728);
#567=LINE('',#3245,#729);
#568=LINE('',#3246,#730);
#569=LINE('',#3248,#731);
#570=LINE('',#3249,#732);
#571=LINE('',#3250,#733);
#572=LINE('',#3253,#734);
#573=LINE('',#3255,#735);
#574=LINE('',#3258,#736);
#575=LINE('',#3259,#737);
#576=LINE('',#3261,#738);
#577=LINE('',#3264,#739);
#578=LINE('',#3266,#740);
#579=LINE('',#3267,#741);
#580=LINE('',#3270,#742);
#581=LINE('',#3273,#743);
#582=LINE('',#3275,#744);
#583=LINE('',#3276,#745);
#584=LINE('',#3278,#746);
#585=LINE('',#3281,#747);
#586=LINE('',#3283,#748);
#587=VECTOR('',#2131,10.);
#588=VECTOR('',#2136,10.);
#589=VECTOR('',#2151,10.);
#590=VECTOR('',#2152,10.);
#591=VECTOR('',#2155,10.);
#592=VECTOR('',#2160,10.);
#593=VECTOR('',#2175,10.);
#594=VECTOR('',#2176,10.);
#595=VECTOR('',#2179,10.);
#596=VECTOR('',#2180,10.);
#597=VECTOR('',#2191,10.);
#598=VECTOR('',#2192,10.);
#599=VECTOR('',#2203,10.);
#600=VECTOR('',#2204,10.);
#601=VECTOR('',#2207,10.);
#602=VECTOR('',#2208,10.);
#603=VECTOR('',#2211,10.);
#604=VECTOR('',#2212,10.);
#605=VECTOR('',#2215,10.);
#606=VECTOR('',#2216,10.);
#607=VECTOR('',#2219,10.);
#608=VECTOR('',#2220,10.);
#609=VECTOR('',#2221,10.);
#610=VECTOR('',#2222,10.);
#611=VECTOR('',#2223,10.);
#612=VECTOR('',#2232,10.);
#613=VECTOR('',#2237,10.);
#614=VECTOR('',#2252,10.);
#615=VECTOR('',#2253,10.);
#616=VECTOR('',#2256,10.);
#617=VECTOR('',#2261,10.);
#618=VECTOR('',#2276,10.);
#619=VECTOR('',#2277,10.);
#620=VECTOR('',#2280,10.);
#621=VECTOR('',#2281,10.);
#622=VECTOR('',#2292,10.);
#623=VECTOR('',#2293,10.);
#624=VECTOR('',#2304,10.);
#625=VECTOR('',#2305,10.);
#626=VECTOR('',#2308,10.);
#627=VECTOR('',#2309,10.);
#628=VECTOR('',#2312,10.);
#629=VECTOR('',#2313,10.);
#630=VECTOR('',#2316,10.);
#631=VECTOR('',#2317,10.);
#632=VECTOR('',#2320,10.);
#633=VECTOR('',#2321,10.);
#634=VECTOR('',#2322,10.);
#635=VECTOR('',#2323,10.);
#636=VECTOR('',#2324,10.);
#637=VECTOR('',#2333,10.);
#638=VECTOR('',#2338,10.);
#639=VECTOR('',#2353,10.);
#640=VECTOR('',#2354,10.);
#641=VECTOR('',#2357,10.);
#642=VECTOR('',#2362,10.);
#643=VECTOR('',#2377,10.);
#644=VECTOR('',#2378,10.);
#645=VECTOR('',#2381,10.);
#646=VECTOR('',#2382,10.);
#647=VECTOR('',#2393,10.);
#648=VECTOR('',#2394,10.);
#649=VECTOR('',#2405,10.);
#650=VECTOR('',#2406,10.);
#651=VECTOR('',#2409,10.);
#652=VECTOR('',#2410,10.);
#653=VECTOR('',#2413,10.);
#654=VECTOR('',#2414,10.);
#655=VECTOR('',#2417,10.);
#656=VECTOR('',#2418,10.);
#657=VECTOR('',#2421,10.);
#658=VECTOR('',#2422,10.);
#659=VECTOR('',#2423,10.);
#660=VECTOR('',#2424,10.);
#661=VECTOR('',#2425,10.);
#662=VECTOR('',#2434,10.);
#663=VECTOR('',#2439,10.);
#664=VECTOR('',#2454,10.);
#665=VECTOR('',#2455,10.);
#666=VECTOR('',#2458,10.);
#667=VECTOR('',#2463,10.);
#668=VECTOR('',#2478,10.);
#669=VECTOR('',#2479,10.);
#670=VECTOR('',#2482,10.);
#671=VECTOR('',#2483,10.);
#672=VECTOR('',#2494,10.);
#673=VECTOR('',#2495,10.);
#674=VECTOR('',#2506,10.);
#675=VECTOR('',#2507,10.);
#676=VECTOR('',#2510,10.);
#677=VECTOR('',#2511,10.);
#678=VECTOR('',#2514,10.);
#679=VECTOR('',#2515,10.);
#680=VECTOR('',#2518,10.);
#681=VECTOR('',#2519,10.);
#682=VECTOR('',#2522,10.);
#683=VECTOR('',#2523,10.);
#684=VECTOR('',#2524,10.);
#685=VECTOR('',#2525,10.);
#686=VECTOR('',#2526,10.);
#687=VECTOR('',#2535,10.);
#688=VECTOR('',#2540,10.);
#689=VECTOR('',#2555,10.);
#690=VECTOR('',#2556,10.);
#691=VECTOR('',#2559,10.);
#692=VECTOR('',#2564,10.);
#693=VECTOR('',#2579,10.);
#694=VECTOR('',#2580,10.);
#695=VECTOR('',#2583,10.);
#696=VECTOR('',#2584,10.);
#697=VECTOR('',#2595,10.);
#698=VECTOR('',#2596,10.);
#699=VECTOR('',#2607,10.);
#700=VECTOR('',#2608,10.);
#701=VECTOR('',#2611,10.);
#702=VECTOR('',#2612,10.);
#703=VECTOR('',#2615,10.);
#704=VECTOR('',#2616,10.);
#705=VECTOR('',#2619,10.);
#706=VECTOR('',#2620,10.);
#707=VECTOR('',#2623,10.);
#708=VECTOR('',#2624,10.);
#709=VECTOR('',#2625,10.);
#710=VECTOR('',#2626,10.);
#711=VECTOR('',#2627,10.);
#712=VECTOR('',#2638,0.55);
#713=VECTOR('',#2647,0.55);
#714=VECTOR('',#2656,0.55);
#715=VECTOR('',#2665,0.55);
#716=VECTOR('',#2672,10.);
#717=VECTOR('',#2675,10.);
#718=VECTOR('',#2676,10.);
#719=VECTOR('',#2677,10.);
#720=VECTOR('',#2680,10.);
#721=VECTOR('',#2681,10.);
#722=VECTOR('',#2682,10.);
#723=VECTOR('',#2683,10.);
#724=VECTOR('',#2684,10.);
#725=VECTOR('',#2685,10.);
#726=VECTOR('',#2686,10.);
#727=VECTOR('',#2687,10.);
#728=VECTOR('',#2688,10.);
#729=VECTOR('',#2689,10.);
#730=VECTOR('',#2690,10.);
#731=VECTOR('',#2691,10.);
#732=VECTOR('',#2692,10.);
#733=VECTOR('',#2693,10.);
#734=VECTOR('',#2698,10.);
#735=VECTOR('',#2701,10.);
#736=VECTOR('',#2704,10.);
#737=VECTOR('',#2705,10.);
#738=VECTOR('',#2708,10.);
#739=VECTOR('',#2711,10.);
#740=VECTOR('',#2712,10.);
#741=VECTOR('',#2713,10.);
#742=VECTOR('',#2718,10.);
#743=VECTOR('',#2721,10.);
#744=VECTOR('',#2722,10.);
#745=VECTOR('',#2723,10.);
#746=VECTOR('',#2726,10.);
#747=VECTOR('',#2731,10.);
#748=VECTOR('',#2734,10.);
#749=VERTEX_POINT('',#2741);
#750=VERTEX_POINT('',#2742);
#751=VERTEX_POINT('',#2744);
#752=VERTEX_POINT('',#2746);
#753=VERTEX_POINT('',#2748);
#754=VERTEX_POINT('',#2750);
#755=VERTEX_POINT('',#2754);
#756=VERTEX_POINT('',#2755);
#757=VERTEX_POINT('',#2757);
#758=VERTEX_POINT('',#2764);
#759=VERTEX_POINT('',#2765);
#760=VERTEX_POINT('',#2767);
#761=VERTEX_POINT('',#2769);
#762=VERTEX_POINT('',#2771);
#763=VERTEX_POINT('',#2773);
#764=VERTEX_POINT('',#2777);
#765=VERTEX_POINT('',#2778);
#766=VERTEX_POINT('',#2780);
#767=VERTEX_POINT('',#2790);
#768=VERTEX_POINT('',#2791);
#769=VERTEX_POINT('',#2793);
#770=VERTEX_POINT('',#2800);
#771=VERTEX_POINT('',#2801);
#772=VERTEX_POINT('',#2803);
#773=VERTEX_POINT('',#2819);
#774=VERTEX_POINT('',#2821);
#775=VERTEX_POINT('',#2823);
#776=VERTEX_POINT('',#2825);
#777=VERTEX_POINT('',#2832);
#778=VERTEX_POINT('',#2833);
#779=VERTEX_POINT('',#2835);
#780=VERTEX_POINT('',#2837);
#781=VERTEX_POINT('',#2839);
#782=VERTEX_POINT('',#2841);
#783=VERTEX_POINT('',#2845);
#784=VERTEX_POINT('',#2846);
#785=VERTEX_POINT('',#2848);
#786=VERTEX_POINT('',#2855);
#787=VERTEX_POINT('',#2856);
#788=VERTEX_POINT('',#2858);
#789=VERTEX_POINT('',#2860);
#790=VERTEX_POINT('',#2862);
#791=VERTEX_POINT('',#2864);
#792=VERTEX_POINT('',#2868);
#793=VERTEX_POINT('',#2869);
#794=VERTEX_POINT('',#2871);
#795=VERTEX_POINT('',#2881);
#796=VERTEX_POINT('',#2882);
#797=VERTEX_POINT('',#2884);
#798=VERTEX_POINT('',#2891);
#799=VERTEX_POINT('',#2892);
#800=VERTEX_POINT('',#2894);
#801=VERTEX_POINT('',#2910);
#802=VERTEX_POINT('',#2912);
#803=VERTEX_POINT('',#2914);
#804=VERTEX_POINT('',#2916);
#805=VERTEX_POINT('',#2923);
#806=VERTEX_POINT('',#2924);
#807=VERTEX_POINT('',#2926);
#808=VERTEX_POINT('',#2928);
#809=VERTEX_POINT('',#2930);
#810=VERTEX_POINT('',#2932);
#811=VERTEX_POINT('',#2936);
#812=VERTEX_POINT('',#2937);
#813=VERTEX_POINT('',#2939);
#814=VERTEX_POINT('',#2946);
#815=VERTEX_POINT('',#2947);
#816=VERTEX_POINT('',#2949);
#817=VERTEX_POINT('',#2951);
#818=VERTEX_POINT('',#2953);
#819=VERTEX_POINT('',#2955);
#820=VERTEX_POINT('',#2959);
#821=VERTEX_POINT('',#2960);
#822=VERTEX_POINT('',#2962);
#823=VERTEX_POINT('',#2972);
#824=VERTEX_POINT('',#2973);
#825=VERTEX_POINT('',#2975);
#826=VERTEX_POINT('',#2982);
#827=VERTEX_POINT('',#2983);
#828=VERTEX_POINT('',#2985);
#829=VERTEX_POINT('',#3001);
#830=VERTEX_POINT('',#3003);
#831=VERTEX_POINT('',#3005);
#832=VERTEX_POINT('',#3007);
#833=VERTEX_POINT('',#3014);
#834=VERTEX_POINT('',#3015);
#835=VERTEX_POINT('',#3017);
#836=VERTEX_POINT('',#3019);
#837=VERTEX_POINT('',#3021);
#838=VERTEX_POINT('',#3023);
#839=VERTEX_POINT('',#3027);
#840=VERTEX_POINT('',#3028);
#841=VERTEX_POINT('',#3030);
#842=VERTEX_POINT('',#3037);
#843=VERTEX_POINT('',#3038);
#844=VERTEX_POINT('',#3040);
#845=VERTEX_POINT('',#3042);
#846=VERTEX_POINT('',#3044);
#847=VERTEX_POINT('',#3046);
#848=VERTEX_POINT('',#3050);
#849=VERTEX_POINT('',#3051);
#850=VERTEX_POINT('',#3053);
#851=VERTEX_POINT('',#3063);
#852=VERTEX_POINT('',#3064);
#853=VERTEX_POINT('',#3066);
#854=VERTEX_POINT('',#3073);
#855=VERTEX_POINT('',#3074);
#856=VERTEX_POINT('',#3076);
#857=VERTEX_POINT('',#3092);
#858=VERTEX_POINT('',#3094);
#859=VERTEX_POINT('',#3096);
#860=VERTEX_POINT('',#3098);
#861=VERTEX_POINT('',#3105);
#862=VERTEX_POINT('',#3106);
#863=VERTEX_POINT('',#3108);
#864=VERTEX_POINT('',#3110);
#865=VERTEX_POINT('',#3112);
#866=VERTEX_POINT('',#3114);
#867=VERTEX_POINT('',#3118);
#868=VERTEX_POINT('',#3119);
#869=VERTEX_POINT('',#3121);
#870=VERTEX_POINT('',#3128);
#871=VERTEX_POINT('',#3129);
#872=VERTEX_POINT('',#3131);
#873=VERTEX_POINT('',#3133);
#874=VERTEX_POINT('',#3135);
#875=VERTEX_POINT('',#3137);
#876=VERTEX_POINT('',#3141);
#877=VERTEX_POINT('',#3142);
#878=VERTEX_POINT('',#3144);
#879=VERTEX_POINT('',#3154);
#880=VERTEX_POINT('',#3155);
#881=VERTEX_POINT('',#3157);
#882=VERTEX_POINT('',#3164);
#883=VERTEX_POINT('',#3165);
#884=VERTEX_POINT('',#3167);
#885=VERTEX_POINT('',#3183);
#886=VERTEX_POINT('',#3185);
#887=VERTEX_POINT('',#3187);
#888=VERTEX_POINT('',#3189);
#889=VERTEX_POINT('',#3196);
#890=VERTEX_POINT('',#3198);
#891=VERTEX_POINT('',#3203);
#892=VERTEX_POINT('',#3205);
#893=VERTEX_POINT('',#3210);
#894=VERTEX_POINT('',#3212);
#895=VERTEX_POINT('',#3217);
#896=VERTEX_POINT('',#3219);
#897=VERTEX_POINT('',#3226);
#898=VERTEX_POINT('',#3228);
#899=VERTEX_POINT('',#3232);
#900=VERTEX_POINT('',#3235);
#901=VERTEX_POINT('',#3238);
#902=VERTEX_POINT('',#3244);
#903=VERTEX_POINT('',#3247);
#904=VERTEX_POINT('',#3257);
#905=VERTEX_POINT('',#3263);
#906=VERTEX_POINT('',#3265);
#907=VERTEX_POINT('',#3272);
#908=VERTEX_POINT('',#3274);
#909=EDGE_CURVE('',#749,#750,#425,.T.);
#910=EDGE_CURVE('',#750,#751,#385,.T.);
#911=EDGE_CURVE('',#751,#752,#386,.T.);
#912=EDGE_CURVE('',#752,#753,#426,.T.);
#913=EDGE_CURVE('',#753,#754,#387,.T.);
#914=EDGE_CURVE('',#754,#749,#388,.T.);
#915=EDGE_CURVE('',#755,#756,#61,.F.);
#916=EDGE_CURVE('',#757,#755,#62,.F.);
#917=EDGE_CURVE('',#756,#757,#63,.F.);
#918=EDGE_CURVE('',#751,#757,#427,.T.);
#919=EDGE_CURVE('',#755,#752,#428,.T.);
#920=EDGE_CURVE('',#758,#759,#429,.T.);
#921=EDGE_CURVE('',#759,#760,#389,.T.);
#922=EDGE_CURVE('',#760,#761,#390,.T.);
#923=EDGE_CURVE('',#761,#762,#430,.T.);
#924=EDGE_CURVE('',#762,#763,#391,.T.);
#925=EDGE_CURVE('',#763,#758,#392,.T.);
#926=EDGE_CURVE('',#764,#765,#64,.F.);
#927=EDGE_CURVE('',#766,#764,#65,.F.);
#928=EDGE_CURVE('',#765,#766,#66,.F.);
#929=EDGE_CURVE('',#753,#766,#431,.T.);
#930=EDGE_CURVE('',#764,#754,#432,.T.);
#931=EDGE_CURVE('',#766,#755,#433,.T.);
#932=EDGE_CURVE('',#756,#765,#434,.T.);
#933=EDGE_CURVE('',#767,#768,#67,.F.);
#934=EDGE_CURVE('',#769,#767,#68,.F.);
#935=EDGE_CURVE('',#768,#769,#69,.F.);
#936=EDGE_CURVE('',#762,#769,#435,.T.);
#937=EDGE_CURVE('',#767,#763,#436,.T.);
#938=EDGE_CURVE('',#770,#771,#70,.F.);
#939=EDGE_CURVE('',#772,#770,#71,.F.);
#940=EDGE_CURVE('',#771,#772,#72,.F.);
#941=EDGE_CURVE('',#760,#772,#437,.T.);
#942=EDGE_CURVE('',#770,#761,#438,.T.);
#943=EDGE_CURVE('',#772,#764,#439,.T.);
#944=EDGE_CURVE('',#765,#771,#440,.T.);
#945=EDGE_CURVE('',#769,#770,#441,.T.);
#946=EDGE_CURVE('',#771,#768,#442,.T.);
#947=EDGE_CURVE('',#757,#767,#443,.T.);
#948=EDGE_CURVE('',#768,#756,#444,.T.);
#949=EDGE_CURVE('',#773,#759,#445,.T.);
#950=EDGE_CURVE('',#774,#773,#446,.T.);
#951=EDGE_CURVE('',#775,#774,#447,.T.);
#952=EDGE_CURVE('',#776,#775,#448,.T.);
#953=EDGE_CURVE('',#749,#776,#449,.T.);
#954=EDGE_CURVE('',#777,#778,#450,.T.);
#955=EDGE_CURVE('',#778,#779,#393,.T.);
#956=EDGE_CURVE('',#779,#780,#394,.T.);
#957=EDGE_CURVE('',#780,#781,#451,.T.);
#958=EDGE_CURVE('',#781,#782,#395,.T.);
#959=EDGE_CURVE('',#782,#777,#396,.T.);
#960=EDGE_CURVE('',#783,#784,#73,.F.);
#961=EDGE_CURVE('',#785,#783,#74,.F.);
#962=EDGE_CURVE('',#784,#785,#75,.F.);
#963=EDGE_CURVE('',#779,#785,#452,.T.);
#964=EDGE_CURVE('',#783,#780,#453,.T.);
#965=EDGE_CURVE('',#786,#787,#454,.T.);
#966=EDGE_CURVE('',#787,#788,#397,.T.);
#967=EDGE_CURVE('',#788,#789,#398,.T.);
#968=EDGE_CURVE('',#789,#790,#455,.T.);
#969=EDGE_CURVE('',#790,#791,#399,.T.);
#970=EDGE_CURVE('',#791,#786,#400,.T.);
#971=EDGE_CURVE('',#792,#793,#76,.F.);
#972=EDGE_CURVE('',#794,#792,#77,.F.);
#973=EDGE_CURVE('',#793,#794,#78,.F.);
#974=EDGE_CURVE('',#781,#794,#456,.T.);
#975=EDGE_CURVE('',#792,#782,#457,.T.);
#976=EDGE_CURVE('',#794,#783,#458,.T.);
#977=EDGE_CURVE('',#784,#793,#459,.T.);
#978=EDGE_CURVE('',#795,#796,#79,.F.);
#979=EDGE_CURVE('',#797,#795,#80,.F.);
#980=EDGE_CURVE('',#796,#797,#81,.F.);
#981=EDGE_CURVE('',#790,#797,#460,.T.);
#982=EDGE_CURVE('',#795,#791,#461,.T.);
#983=EDGE_CURVE('',#798,#799,#82,.F.);
#984=EDGE_CURVE('',#800,#798,#83,.F.);
#985=EDGE_CURVE('',#799,#800,#84,.F.);
#986=EDGE_CURVE('',#788,#800,#462,.T.);
#987=EDGE_CURVE('',#798,#789,#463,.T.);
#988=EDGE_CURVE('',#800,#792,#464,.T.);
#989=EDGE_CURVE('',#793,#799,#465,.T.);
#990=EDGE_CURVE('',#797,#798,#466,.T.);
#991=EDGE_CURVE('',#799,#796,#467,.T.);
#992=EDGE_CURVE('',#785,#795,#468,.T.);
#993=EDGE_CURVE('',#796,#784,#469,.T.);
#994=EDGE_CURVE('',#801,#787,#470,.T.);
#995=EDGE_CURVE('',#802,#801,#471,.T.);
#996=EDGE_CURVE('',#803,#802,#472,.T.);
#997=EDGE_CURVE('',#804,#803,#473,.T.);
#998=EDGE_CURVE('',#777,#804,#474,.T.);
#999=EDGE_CURVE('',#805,#806,#475,.T.);
#1000=EDGE_CURVE('',#806,#807,#401,.T.);
#1001=EDGE_CURVE('',#807,#808,#402,.T.);
#1002=EDGE_CURVE('',#808,#809,#476,.T.);
#1003=EDGE_CURVE('',#809,#810,#403,.T.);
#1004=EDGE_CURVE('',#810,#805,#404,.T.);
#1005=EDGE_CURVE('',#811,#812,#85,.F.);
#1006=EDGE_CURVE('',#813,#811,#86,.F.);
#1007=EDGE_CURVE('',#812,#813,#87,.F.);
#1008=EDGE_CURVE('',#807,#813,#477,.T.);
#1009=EDGE_CURVE('',#811,#808,#478,.T.);
#1010=EDGE_CURVE('',#814,#815,#479,.T.);
#1011=EDGE_CURVE('',#815,#816,#405,.T.);
#1012=EDGE_CURVE('',#816,#817,#406,.T.);
#1013=EDGE_CURVE('',#817,#818,#480,.T.);
#1014=EDGE_CURVE('',#818,#819,#407,.T.);
#1015=EDGE_CURVE('',#819,#814,#408,.T.);
#1016=EDGE_CURVE('',#820,#821,#88,.F.);
#1017=EDGE_CURVE('',#822,#820,#89,.F.);
#1018=EDGE_CURVE('',#821,#822,#90,.F.);
#1019=EDGE_CURVE('',#809,#822,#481,.T.);
#1020=EDGE_CURVE('',#820,#810,#482,.T.);
#1021=EDGE_CURVE('',#822,#811,#483,.T.);
#1022=EDGE_CURVE('',#812,#821,#484,.T.);
#1023=EDGE_CURVE('',#823,#824,#91,.F.);
#1024=EDGE_CURVE('',#825,#823,#92,.F.);
#1025=EDGE_CURVE('',#824,#825,#93,.F.);
#1026=EDGE_CURVE('',#818,#825,#485,.T.);
#1027=EDGE_CURVE('',#823,#819,#486,.T.);
#1028=EDGE_CURVE('',#826,#827,#94,.F.);
#1029=EDGE_CURVE('',#828,#826,#95,.F.);
#1030=EDGE_CURVE('',#827,#828,#96,.F.);
#1031=EDGE_CURVE('',#816,#828,#487,.T.);
#1032=EDGE_CURVE('',#826,#817,#488,.T.);
#1033=EDGE_CURVE('',#828,#820,#489,.T.);
#1034=EDGE_CURVE('',#821,#827,#490,.T.);
#1035=EDGE_CURVE('',#825,#826,#491,.T.);
#1036=EDGE_CURVE('',#827,#824,#492,.T.);
#1037=EDGE_CURVE('',#813,#823,#493,.T.);
#1038=EDGE_CURVE('',#824,#812,#494,.T.);
#1039=EDGE_CURVE('',#829,#815,#495,.T.);
#1040=EDGE_CURVE('',#830,#829,#496,.T.);
#1041=EDGE_CURVE('',#831,#830,#497,.T.);
#1042=EDGE_CURVE('',#832,#831,#498,.T.);
#1043=EDGE_CURVE('',#805,#832,#499,.T.);
#1044=EDGE_CURVE('',#833,#834,#500,.T.);
#1045=EDGE_CURVE('',#834,#835,#409,.T.);
#1046=EDGE_CURVE('',#835,#836,#410,.T.);
#1047=EDGE_CURVE('',#836,#837,#501,.T.);
#1048=EDGE_CURVE('',#837,#838,#411,.T.);
#1049=EDGE_CURVE('',#838,#833,#412,.T.);
#1050=EDGE_CURVE('',#839,#840,#97,.F.);
#1051=EDGE_CURVE('',#841,#839,#98,.F.);
#1052=EDGE_CURVE('',#840,#841,#99,.F.);
#1053=EDGE_CURVE('',#835,#841,#502,.T.);
#1054=EDGE_CURVE('',#839,#836,#503,.T.);
#1055=EDGE_CURVE('',#842,#843,#504,.T.);
#1056=EDGE_CURVE('',#843,#844,#413,.T.);
#1057=EDGE_CURVE('',#844,#845,#414,.T.);
#1058=EDGE_CURVE('',#845,#846,#505,.T.);
#1059=EDGE_CURVE('',#846,#847,#415,.T.);
#1060=EDGE_CURVE('',#847,#842,#416,.T.);
#1061=EDGE_CURVE('',#848,#849,#100,.F.);
#1062=EDGE_CURVE('',#850,#848,#101,.F.);
#1063=EDGE_CURVE('',#849,#850,#102,.F.);
#1064=EDGE_CURVE('',#837,#850,#506,.T.);
#1065=EDGE_CURVE('',#848,#838,#507,.T.);
#1066=EDGE_CURVE('',#850,#839,#508,.T.);
#1067=EDGE_CURVE('',#840,#849,#509,.T.);
#1068=EDGE_CURVE('',#851,#852,#103,.F.);
#1069=EDGE_CURVE('',#853,#851,#104,.F.);
#1070=EDGE_CURVE('',#852,#853,#105,.F.);
#1071=EDGE_CURVE('',#846,#853,#510,.T.);
#1072=EDGE_CURVE('',#851,#847,#511,.T.);
#1073=EDGE_CURVE('',#854,#855,#106,.F.);
#1074=EDGE_CURVE('',#856,#854,#107,.F.);
#1075=EDGE_CURVE('',#855,#856,#108,.F.);
#1076=EDGE_CURVE('',#844,#856,#512,.T.);
#1077=EDGE_CURVE('',#854,#845,#513,.T.);
#1078=EDGE_CURVE('',#856,#848,#514,.T.);
#1079=EDGE_CURVE('',#849,#855,#515,.T.);
#1080=EDGE_CURVE('',#853,#854,#516,.T.);
#1081=EDGE_CURVE('',#855,#852,#517,.T.);
#1082=EDGE_CURVE('',#841,#851,#518,.T.);
#1083=EDGE_CURVE('',#852,#840,#519,.T.);
#1084=EDGE_CURVE('',#857,#843,#520,.T.);
#1085=EDGE_CURVE('',#858,#857,#521,.T.);
#1086=EDGE_CURVE('',#859,#858,#522,.T.);
#1087=EDGE_CURVE('',#860,#859,#523,.T.);
#1088=EDGE_CURVE('',#833,#860,#524,.T.);
#1089=EDGE_CURVE('',#861,#862,#525,.T.);
#1090=EDGE_CURVE('',#862,#863,#417,.T.);
#1091=EDGE_CURVE('',#863,#864,#418,.T.);
#1092=EDGE_CURVE('',#864,#865,#526,.T.);
#1093=EDGE_CURVE('',#865,#866,#419,.T.);
#1094=EDGE_CURVE('',#866,#861,#420,.T.);
#1095=EDGE_CURVE('',#867,#868,#109,.F.);
#1096=EDGE_CURVE('',#869,#867,#110,.F.);
#1097=EDGE_CURVE('',#868,#869,#111,.F.);
#1098=EDGE_CURVE('',#863,#869,#527,.T.);
#1099=EDGE_CURVE('',#867,#864,#528,.T.);
#1100=EDGE_CURVE('',#870,#871,#529,.T.);
#1101=EDGE_CURVE('',#871,#872,#421,.T.);
#1102=EDGE_CURVE('',#872,#873,#422,.T.);
#1103=EDGE_CURVE('',#873,#874,#530,.T.);
#1104=EDGE_CURVE('',#874,#875,#423,.T.);
#1105=EDGE_CURVE('',#875,#870,#424,.T.);
#1106=EDGE_CURVE('',#876,#877,#112,.F.);
#1107=EDGE_CURVE('',#878,#876,#113,.F.);
#1108=EDGE_CURVE('',#877,#878,#114,.F.);
#1109=EDGE_CURVE('',#865,#878,#531,.T.);
#1110=EDGE_CURVE('',#876,#866,#532,.T.);
#1111=EDGE_CURVE('',#878,#867,#533,.T.);
#1112=EDGE_CURVE('',#868,#877,#534,.T.);
#1113=EDGE_CURVE('',#879,#880,#115,.F.);
#1114=EDGE_CURVE('',#881,#879,#116,.F.);
#1115=EDGE_CURVE('',#880,#881,#117,.F.);
#1116=EDGE_CURVE('',#874,#881,#535,.T.);
#1117=EDGE_CURVE('',#879,#875,#536,.T.);
#1118=EDGE_CURVE('',#882,#883,#118,.F.);
#1119=EDGE_CURVE('',#884,#882,#119,.F.);
#1120=EDGE_CURVE('',#883,#884,#120,.F.);
#1121=EDGE_CURVE('',#872,#884,#537,.T.);
#1122=EDGE_CURVE('',#882,#873,#538,.T.);
#1123=EDGE_CURVE('',#884,#876,#539,.T.);
#1124=EDGE_CURVE('',#877,#883,#540,.T.);
#1125=EDGE_CURVE('',#881,#882,#541,.T.);
#1126=EDGE_CURVE('',#883,#880,#542,.T.);
#1127=EDGE_CURVE('',#869,#879,#543,.T.);
#1128=EDGE_CURVE('',#880,#868,#544,.T.);
#1129=EDGE_CURVE('',#885,#871,#545,.T.);
#1130=EDGE_CURVE('',#886,#885,#546,.T.);
#1131=EDGE_CURVE('',#887,#886,#547,.T.);
#1132=EDGE_CURVE('',#888,#887,#548,.T.);
#1133=EDGE_CURVE('',#861,#888,#549,.T.);
#1134=EDGE_CURVE('',#889,#889,#121,.T.);
#1135=EDGE_CURVE('',#889,#890,#550,.T.);
#1136=EDGE_CURVE('',#890,#890,#122,.T.);
#1137=EDGE_CURVE('',#891,#891,#123,.T.);
#1138=EDGE_CURVE('',#891,#892,#551,.T.);
#1139=EDGE_CURVE('',#892,#892,#124,.T.);
#1140=EDGE_CURVE('',#893,#893,#125,.T.);
#1141=EDGE_CURVE('',#893,#894,#552,.T.);
#1142=EDGE_CURVE('',#894,#894,#126,.T.);
#1143=EDGE_CURVE('',#895,#895,#127,.T.);
#1144=EDGE_CURVE('',#895,#896,#553,.T.);
#1145=EDGE_CURVE('',#896,#896,#128,.T.);
#1146=EDGE_CURVE('',#758,#750,#554,.T.);
#1147=EDGE_CURVE('',#897,#773,#555,.T.);
#1148=EDGE_CURVE('',#897,#898,#556,.T.);
#1149=EDGE_CURVE('',#898,#774,#557,.T.);
#1150=EDGE_CURVE('',#776,#899,#558,.T.);
#1151=EDGE_CURVE('',#899,#778,#559,.T.);
#1152=EDGE_CURVE('',#804,#900,#560,.T.);
#1153=EDGE_CURVE('',#900,#806,#561,.T.);
#1154=EDGE_CURVE('',#832,#901,#562,.T.);
#1155=EDGE_CURVE('',#901,#834,#563,.T.);
#1156=EDGE_CURVE('',#860,#885,#564,.T.);
#1157=EDGE_CURVE('',#870,#862,#565,.T.);
#1158=EDGE_CURVE('',#888,#857,#566,.T.);
#1159=EDGE_CURVE('',#842,#902,#567,.T.);
#1160=EDGE_CURVE('',#902,#829,#568,.T.);
#1161=EDGE_CURVE('',#814,#903,#569,.T.);
#1162=EDGE_CURVE('',#903,#801,#570,.T.);
#1163=EDGE_CURVE('',#786,#897,#571,.T.);
#1164=EDGE_CURVE('',#887,#858,#572,.T.);
#1165=EDGE_CURVE('',#859,#886,#573,.T.);
#1166=EDGE_CURVE('',#904,#899,#574,.T.);
#1167=EDGE_CURVE('',#898,#904,#575,.T.);
#1168=EDGE_CURVE('',#775,#904,#576,.T.);
#1169=EDGE_CURVE('',#905,#802,#577,.T.);
#1170=EDGE_CURVE('',#905,#906,#578,.T.);
#1171=EDGE_CURVE('',#803,#906,#579,.T.);
#1172=EDGE_CURVE('',#903,#905,#580,.T.);
#1173=EDGE_CURVE('',#907,#901,#581,.T.);
#1174=EDGE_CURVE('',#908,#907,#582,.T.);
#1175=EDGE_CURVE('',#902,#908,#583,.T.);
#1176=EDGE_CURVE('',#831,#907,#584,.T.);
#1177=EDGE_CURVE('',#908,#830,#585,.T.);
#1178=EDGE_CURVE('',#906,#900,#586,.T.);
#1179=ORIENTED_EDGE('',*,*,#909,.T.);
#1180=ORIENTED_EDGE('',*,*,#910,.T.);
#1181=ORIENTED_EDGE('',*,*,#911,.T.);
#1182=ORIENTED_EDGE('',*,*,#912,.T.);
#1183=ORIENTED_EDGE('',*,*,#913,.T.);
#1184=ORIENTED_EDGE('',*,*,#914,.T.);
#1185=ORIENTED_EDGE('',*,*,#915,.F.);
#1186=ORIENTED_EDGE('',*,*,#916,.F.);
#1187=ORIENTED_EDGE('',*,*,#917,.F.);
#1188=ORIENTED_EDGE('',*,*,#918,.T.);
#1189=ORIENTED_EDGE('',*,*,#916,.T.);
#1190=ORIENTED_EDGE('',*,*,#919,.T.);
#1191=ORIENTED_EDGE('',*,*,#911,.F.);
#1192=ORIENTED_EDGE('',*,*,#920,.T.);
#1193=ORIENTED_EDGE('',*,*,#921,.T.);
#1194=ORIENTED_EDGE('',*,*,#922,.T.);
#1195=ORIENTED_EDGE('',*,*,#923,.T.);
#1196=ORIENTED_EDGE('',*,*,#924,.T.);
#1197=ORIENTED_EDGE('',*,*,#925,.T.);
#1198=ORIENTED_EDGE('',*,*,#926,.F.);
#1199=ORIENTED_EDGE('',*,*,#927,.F.);
#1200=ORIENTED_EDGE('',*,*,#928,.F.);
#1201=ORIENTED_EDGE('',*,*,#929,.T.);
#1202=ORIENTED_EDGE('',*,*,#927,.T.);
#1203=ORIENTED_EDGE('',*,*,#930,.T.);
#1204=ORIENTED_EDGE('',*,*,#913,.F.);
#1205=ORIENTED_EDGE('',*,*,#928,.T.);
#1206=ORIENTED_EDGE('',*,*,#931,.T.);
#1207=ORIENTED_EDGE('',*,*,#915,.T.);
#1208=ORIENTED_EDGE('',*,*,#932,.T.);
#1209=ORIENTED_EDGE('',*,*,#933,.F.);
#1210=ORIENTED_EDGE('',*,*,#934,.F.);
#1211=ORIENTED_EDGE('',*,*,#935,.F.);
#1212=ORIENTED_EDGE('',*,*,#936,.T.);
#1213=ORIENTED_EDGE('',*,*,#934,.T.);
#1214=ORIENTED_EDGE('',*,*,#937,.T.);
#1215=ORIENTED_EDGE('',*,*,#924,.F.);
#1216=ORIENTED_EDGE('',*,*,#938,.F.);
#1217=ORIENTED_EDGE('',*,*,#939,.F.);
#1218=ORIENTED_EDGE('',*,*,#940,.F.);
#1219=ORIENTED_EDGE('',*,*,#941,.T.);
#1220=ORIENTED_EDGE('',*,*,#939,.T.);
#1221=ORIENTED_EDGE('',*,*,#942,.T.);
#1222=ORIENTED_EDGE('',*,*,#922,.F.);
#1223=ORIENTED_EDGE('',*,*,#940,.T.);
#1224=ORIENTED_EDGE('',*,*,#943,.T.);
#1225=ORIENTED_EDGE('',*,*,#926,.T.);
#1226=ORIENTED_EDGE('',*,*,#944,.T.);
#1227=ORIENTED_EDGE('',*,*,#935,.T.);
#1228=ORIENTED_EDGE('',*,*,#945,.T.);
#1229=ORIENTED_EDGE('',*,*,#938,.T.);
#1230=ORIENTED_EDGE('',*,*,#946,.T.);
#1231=ORIENTED_EDGE('',*,*,#917,.T.);
#1232=ORIENTED_EDGE('',*,*,#947,.T.);
#1233=ORIENTED_EDGE('',*,*,#933,.T.);
#1234=ORIENTED_EDGE('',*,*,#948,.T.);
#1235=ORIENTED_EDGE('',*,*,#914,.F.);
#1236=ORIENTED_EDGE('',*,*,#930,.F.);
#1237=ORIENTED_EDGE('',*,*,#943,.F.);
#1238=ORIENTED_EDGE('',*,*,#941,.F.);
#1239=ORIENTED_EDGE('',*,*,#921,.F.);
#1240=ORIENTED_EDGE('',*,*,#949,.F.);
#1241=ORIENTED_EDGE('',*,*,#950,.F.);
#1242=ORIENTED_EDGE('',*,*,#951,.F.);
#1243=ORIENTED_EDGE('',*,*,#952,.F.);
#1244=ORIENTED_EDGE('',*,*,#953,.F.);
#1245=ORIENTED_EDGE('',*,*,#912,.F.);
#1246=ORIENTED_EDGE('',*,*,#919,.F.);
#1247=ORIENTED_EDGE('',*,*,#931,.F.);
#1248=ORIENTED_EDGE('',*,*,#929,.F.);
#1249=ORIENTED_EDGE('',*,*,#923,.F.);
#1250=ORIENTED_EDGE('',*,*,#942,.F.);
#1251=ORIENTED_EDGE('',*,*,#945,.F.);
#1252=ORIENTED_EDGE('',*,*,#936,.F.);
#1253=ORIENTED_EDGE('',*,*,#932,.F.);
#1254=ORIENTED_EDGE('',*,*,#948,.F.);
#1255=ORIENTED_EDGE('',*,*,#946,.F.);
#1256=ORIENTED_EDGE('',*,*,#944,.F.);
#1257=ORIENTED_EDGE('',*,*,#954,.T.);
#1258=ORIENTED_EDGE('',*,*,#955,.T.);
#1259=ORIENTED_EDGE('',*,*,#956,.T.);
#1260=ORIENTED_EDGE('',*,*,#957,.T.);
#1261=ORIENTED_EDGE('',*,*,#958,.T.);
#1262=ORIENTED_EDGE('',*,*,#959,.T.);
#1263=ORIENTED_EDGE('',*,*,#960,.F.);
#1264=ORIENTED_EDGE('',*,*,#961,.F.);
#1265=ORIENTED_EDGE('',*,*,#962,.F.);
#1266=ORIENTED_EDGE('',*,*,#963,.T.);
#1267=ORIENTED_EDGE('',*,*,#961,.T.);
#1268=ORIENTED_EDGE('',*,*,#964,.T.);
#1269=ORIENTED_EDGE('',*,*,#956,.F.);
#1270=ORIENTED_EDGE('',*,*,#965,.T.);
#1271=ORIENTED_EDGE('',*,*,#966,.T.);
#1272=ORIENTED_EDGE('',*,*,#967,.T.);
#1273=ORIENTED_EDGE('',*,*,#968,.T.);
#1274=ORIENTED_EDGE('',*,*,#969,.T.);
#1275=ORIENTED_EDGE('',*,*,#970,.T.);
#1276=ORIENTED_EDGE('',*,*,#971,.F.);
#1277=ORIENTED_EDGE('',*,*,#972,.F.);
#1278=ORIENTED_EDGE('',*,*,#973,.F.);
#1279=ORIENTED_EDGE('',*,*,#974,.T.);
#1280=ORIENTED_EDGE('',*,*,#972,.T.);
#1281=ORIENTED_EDGE('',*,*,#975,.T.);
#1282=ORIENTED_EDGE('',*,*,#958,.F.);
#1283=ORIENTED_EDGE('',*,*,#973,.T.);
#1284=ORIENTED_EDGE('',*,*,#976,.T.);
#1285=ORIENTED_EDGE('',*,*,#960,.T.);
#1286=ORIENTED_EDGE('',*,*,#977,.T.);
#1287=ORIENTED_EDGE('',*,*,#978,.F.);
#1288=ORIENTED_EDGE('',*,*,#979,.F.);
#1289=ORIENTED_EDGE('',*,*,#980,.F.);
#1290=ORIENTED_EDGE('',*,*,#981,.T.);
#1291=ORIENTED_EDGE('',*,*,#979,.T.);
#1292=ORIENTED_EDGE('',*,*,#982,.T.);
#1293=ORIENTED_EDGE('',*,*,#969,.F.);
#1294=ORIENTED_EDGE('',*,*,#983,.F.);
#1295=ORIENTED_EDGE('',*,*,#984,.F.);
#1296=ORIENTED_EDGE('',*,*,#985,.F.);
#1297=ORIENTED_EDGE('',*,*,#986,.T.);
#1298=ORIENTED_EDGE('',*,*,#984,.T.);
#1299=ORIENTED_EDGE('',*,*,#987,.T.);
#1300=ORIENTED_EDGE('',*,*,#967,.F.);
#1301=ORIENTED_EDGE('',*,*,#985,.T.);
#1302=ORIENTED_EDGE('',*,*,#988,.T.);
#1303=ORIENTED_EDGE('',*,*,#971,.T.);
#1304=ORIENTED_EDGE('',*,*,#989,.T.);
#1305=ORIENTED_EDGE('',*,*,#980,.T.);
#1306=ORIENTED_EDGE('',*,*,#990,.T.);
#1307=ORIENTED_EDGE('',*,*,#983,.T.);
#1308=ORIENTED_EDGE('',*,*,#991,.T.);
#1309=ORIENTED_EDGE('',*,*,#962,.T.);
#1310=ORIENTED_EDGE('',*,*,#992,.T.);
#1311=ORIENTED_EDGE('',*,*,#978,.T.);
#1312=ORIENTED_EDGE('',*,*,#993,.T.);
#1313=ORIENTED_EDGE('',*,*,#959,.F.);
#1314=ORIENTED_EDGE('',*,*,#975,.F.);
#1315=ORIENTED_EDGE('',*,*,#988,.F.);
#1316=ORIENTED_EDGE('',*,*,#986,.F.);
#1317=ORIENTED_EDGE('',*,*,#966,.F.);
#1318=ORIENTED_EDGE('',*,*,#994,.F.);
#1319=ORIENTED_EDGE('',*,*,#995,.F.);
#1320=ORIENTED_EDGE('',*,*,#996,.F.);
#1321=ORIENTED_EDGE('',*,*,#997,.F.);
#1322=ORIENTED_EDGE('',*,*,#998,.F.);
#1323=ORIENTED_EDGE('',*,*,#957,.F.);
#1324=ORIENTED_EDGE('',*,*,#964,.F.);
#1325=ORIENTED_EDGE('',*,*,#976,.F.);
#1326=ORIENTED_EDGE('',*,*,#974,.F.);
#1327=ORIENTED_EDGE('',*,*,#968,.F.);
#1328=ORIENTED_EDGE('',*,*,#987,.F.);
#1329=ORIENTED_EDGE('',*,*,#990,.F.);
#1330=ORIENTED_EDGE('',*,*,#981,.F.);
#1331=ORIENTED_EDGE('',*,*,#977,.F.);
#1332=ORIENTED_EDGE('',*,*,#993,.F.);
#1333=ORIENTED_EDGE('',*,*,#991,.F.);
#1334=ORIENTED_EDGE('',*,*,#989,.F.);
#1335=ORIENTED_EDGE('',*,*,#999,.T.);
#1336=ORIENTED_EDGE('',*,*,#1000,.T.);
#1337=ORIENTED_EDGE('',*,*,#1001,.T.);
#1338=ORIENTED_EDGE('',*,*,#1002,.T.);
#1339=ORIENTED_EDGE('',*,*,#1003,.T.);
#1340=ORIENTED_EDGE('',*,*,#1004,.T.);
#1341=ORIENTED_EDGE('',*,*,#1005,.F.);
#1342=ORIENTED_EDGE('',*,*,#1006,.F.);
#1343=ORIENTED_EDGE('',*,*,#1007,.F.);
#1344=ORIENTED_EDGE('',*,*,#1008,.T.);
#1345=ORIENTED_EDGE('',*,*,#1006,.T.);
#1346=ORIENTED_EDGE('',*,*,#1009,.T.);
#1347=ORIENTED_EDGE('',*,*,#1001,.F.);
#1348=ORIENTED_EDGE('',*,*,#1010,.T.);
#1349=ORIENTED_EDGE('',*,*,#1011,.T.);
#1350=ORIENTED_EDGE('',*,*,#1012,.T.);
#1351=ORIENTED_EDGE('',*,*,#1013,.T.);
#1352=ORIENTED_EDGE('',*,*,#1014,.T.);
#1353=ORIENTED_EDGE('',*,*,#1015,.T.);
#1354=ORIENTED_EDGE('',*,*,#1016,.F.);
#1355=ORIENTED_EDGE('',*,*,#1017,.F.);
#1356=ORIENTED_EDGE('',*,*,#1018,.F.);
#1357=ORIENTED_EDGE('',*,*,#1019,.T.);
#1358=ORIENTED_EDGE('',*,*,#1017,.T.);
#1359=ORIENTED_EDGE('',*,*,#1020,.T.);
#1360=ORIENTED_EDGE('',*,*,#1003,.F.);
#1361=ORIENTED_EDGE('',*,*,#1018,.T.);
#1362=ORIENTED_EDGE('',*,*,#1021,.T.);
#1363=ORIENTED_EDGE('',*,*,#1005,.T.);
#1364=ORIENTED_EDGE('',*,*,#1022,.T.);
#1365=ORIENTED_EDGE('',*,*,#1023,.F.);
#1366=ORIENTED_EDGE('',*,*,#1024,.F.);
#1367=ORIENTED_EDGE('',*,*,#1025,.F.);
#1368=ORIENTED_EDGE('',*,*,#1026,.T.);
#1369=ORIENTED_EDGE('',*,*,#1024,.T.);
#1370=ORIENTED_EDGE('',*,*,#1027,.T.);
#1371=ORIENTED_EDGE('',*,*,#1014,.F.);
#1372=ORIENTED_EDGE('',*,*,#1028,.F.);
#1373=ORIENTED_EDGE('',*,*,#1029,.F.);
#1374=ORIENTED_EDGE('',*,*,#1030,.F.);
#1375=ORIENTED_EDGE('',*,*,#1031,.T.);
#1376=ORIENTED_EDGE('',*,*,#1029,.T.);
#1377=ORIENTED_EDGE('',*,*,#1032,.T.);
#1378=ORIENTED_EDGE('',*,*,#1012,.F.);
#1379=ORIENTED_EDGE('',*,*,#1030,.T.);
#1380=ORIENTED_EDGE('',*,*,#1033,.T.);
#1381=ORIENTED_EDGE('',*,*,#1016,.T.);
#1382=ORIENTED_EDGE('',*,*,#1034,.T.);
#1383=ORIENTED_EDGE('',*,*,#1025,.T.);
#1384=ORIENTED_EDGE('',*,*,#1035,.T.);
#1385=ORIENTED_EDGE('',*,*,#1028,.T.);
#1386=ORIENTED_EDGE('',*,*,#1036,.T.);
#1387=ORIENTED_EDGE('',*,*,#1007,.T.);
#1388=ORIENTED_EDGE('',*,*,#1037,.T.);
#1389=ORIENTED_EDGE('',*,*,#1023,.T.);
#1390=ORIENTED_EDGE('',*,*,#1038,.T.);
#1391=ORIENTED_EDGE('',*,*,#1004,.F.);
#1392=ORIENTED_EDGE('',*,*,#1020,.F.);
#1393=ORIENTED_EDGE('',*,*,#1033,.F.);
#1394=ORIENTED_EDGE('',*,*,#1031,.F.);
#1395=ORIENTED_EDGE('',*,*,#1011,.F.);
#1396=ORIENTED_EDGE('',*,*,#1039,.F.);
#1397=ORIENTED_EDGE('',*,*,#1040,.F.);
#1398=ORIENTED_EDGE('',*,*,#1041,.F.);
#1399=ORIENTED_EDGE('',*,*,#1042,.F.);
#1400=ORIENTED_EDGE('',*,*,#1043,.F.);
#1401=ORIENTED_EDGE('',*,*,#1002,.F.);
#1402=ORIENTED_EDGE('',*,*,#1009,.F.);
#1403=ORIENTED_EDGE('',*,*,#1021,.F.);
#1404=ORIENTED_EDGE('',*,*,#1019,.F.);
#1405=ORIENTED_EDGE('',*,*,#1013,.F.);
#1406=ORIENTED_EDGE('',*,*,#1032,.F.);
#1407=ORIENTED_EDGE('',*,*,#1035,.F.);
#1408=ORIENTED_EDGE('',*,*,#1026,.F.);
#1409=ORIENTED_EDGE('',*,*,#1022,.F.);
#1410=ORIENTED_EDGE('',*,*,#1038,.F.);
#1411=ORIENTED_EDGE('',*,*,#1036,.F.);
#1412=ORIENTED_EDGE('',*,*,#1034,.F.);
#1413=ORIENTED_EDGE('',*,*,#1044,.T.);
#1414=ORIENTED_EDGE('',*,*,#1045,.T.);
#1415=ORIENTED_EDGE('',*,*,#1046,.T.);
#1416=ORIENTED_EDGE('',*,*,#1047,.T.);
#1417=ORIENTED_EDGE('',*,*,#1048,.T.);
#1418=ORIENTED_EDGE('',*,*,#1049,.T.);
#1419=ORIENTED_EDGE('',*,*,#1050,.F.);
#1420=ORIENTED_EDGE('',*,*,#1051,.F.);
#1421=ORIENTED_EDGE('',*,*,#1052,.F.);
#1422=ORIENTED_EDGE('',*,*,#1053,.T.);
#1423=ORIENTED_EDGE('',*,*,#1051,.T.);
#1424=ORIENTED_EDGE('',*,*,#1054,.T.);
#1425=ORIENTED_EDGE('',*,*,#1046,.F.);
#1426=ORIENTED_EDGE('',*,*,#1055,.T.);
#1427=ORIENTED_EDGE('',*,*,#1056,.T.);
#1428=ORIENTED_EDGE('',*,*,#1057,.T.);
#1429=ORIENTED_EDGE('',*,*,#1058,.T.);
#1430=ORIENTED_EDGE('',*,*,#1059,.T.);
#1431=ORIENTED_EDGE('',*,*,#1060,.T.);
#1432=ORIENTED_EDGE('',*,*,#1061,.F.);
#1433=ORIENTED_EDGE('',*,*,#1062,.F.);
#1434=ORIENTED_EDGE('',*,*,#1063,.F.);
#1435=ORIENTED_EDGE('',*,*,#1064,.T.);
#1436=ORIENTED_EDGE('',*,*,#1062,.T.);
#1437=ORIENTED_EDGE('',*,*,#1065,.T.);
#1438=ORIENTED_EDGE('',*,*,#1048,.F.);
#1439=ORIENTED_EDGE('',*,*,#1063,.T.);
#1440=ORIENTED_EDGE('',*,*,#1066,.T.);
#1441=ORIENTED_EDGE('',*,*,#1050,.T.);
#1442=ORIENTED_EDGE('',*,*,#1067,.T.);
#1443=ORIENTED_EDGE('',*,*,#1068,.F.);
#1444=ORIENTED_EDGE('',*,*,#1069,.F.);
#1445=ORIENTED_EDGE('',*,*,#1070,.F.);
#1446=ORIENTED_EDGE('',*,*,#1071,.T.);
#1447=ORIENTED_EDGE('',*,*,#1069,.T.);
#1448=ORIENTED_EDGE('',*,*,#1072,.T.);
#1449=ORIENTED_EDGE('',*,*,#1059,.F.);
#1450=ORIENTED_EDGE('',*,*,#1073,.F.);
#1451=ORIENTED_EDGE('',*,*,#1074,.F.);
#1452=ORIENTED_EDGE('',*,*,#1075,.F.);
#1453=ORIENTED_EDGE('',*,*,#1076,.T.);
#1454=ORIENTED_EDGE('',*,*,#1074,.T.);
#1455=ORIENTED_EDGE('',*,*,#1077,.T.);
#1456=ORIENTED_EDGE('',*,*,#1057,.F.);
#1457=ORIENTED_EDGE('',*,*,#1075,.T.);
#1458=ORIENTED_EDGE('',*,*,#1078,.T.);
#1459=ORIENTED_EDGE('',*,*,#1061,.T.);
#1460=ORIENTED_EDGE('',*,*,#1079,.T.);
#1461=ORIENTED_EDGE('',*,*,#1070,.T.);
#1462=ORIENTED_EDGE('',*,*,#1080,.T.);
#1463=ORIENTED_EDGE('',*,*,#1073,.T.);
#1464=ORIENTED_EDGE('',*,*,#1081,.T.);
#1465=ORIENTED_EDGE('',*,*,#1052,.T.);
#1466=ORIENTED_EDGE('',*,*,#1082,.T.);
#1467=ORIENTED_EDGE('',*,*,#1068,.T.);
#1468=ORIENTED_EDGE('',*,*,#1083,.T.);
#1469=ORIENTED_EDGE('',*,*,#1049,.F.);
#1470=ORIENTED_EDGE('',*,*,#1065,.F.);
#1471=ORIENTED_EDGE('',*,*,#1078,.F.);
#1472=ORIENTED_EDGE('',*,*,#1076,.F.);
#1473=ORIENTED_EDGE('',*,*,#1056,.F.);
#1474=ORIENTED_EDGE('',*,*,#1084,.F.);
#1475=ORIENTED_EDGE('',*,*,#1085,.F.);
#1476=ORIENTED_EDGE('',*,*,#1086,.F.);
#1477=ORIENTED_EDGE('',*,*,#1087,.F.);
#1478=ORIENTED_EDGE('',*,*,#1088,.F.);
#1479=ORIENTED_EDGE('',*,*,#1047,.F.);
#1480=ORIENTED_EDGE('',*,*,#1054,.F.);
#1481=ORIENTED_EDGE('',*,*,#1066,.F.);
#1482=ORIENTED_EDGE('',*,*,#1064,.F.);
#1483=ORIENTED_EDGE('',*,*,#1058,.F.);
#1484=ORIENTED_EDGE('',*,*,#1077,.F.);
#1485=ORIENTED_EDGE('',*,*,#1080,.F.);
#1486=ORIENTED_EDGE('',*,*,#1071,.F.);
#1487=ORIENTED_EDGE('',*,*,#1067,.F.);
#1488=ORIENTED_EDGE('',*,*,#1083,.F.);
#1489=ORIENTED_EDGE('',*,*,#1081,.F.);
#1490=ORIENTED_EDGE('',*,*,#1079,.F.);
#1491=ORIENTED_EDGE('',*,*,#1089,.T.);
#1492=ORIENTED_EDGE('',*,*,#1090,.T.);
#1493=ORIENTED_EDGE('',*,*,#1091,.T.);
#1494=ORIENTED_EDGE('',*,*,#1092,.T.);
#1495=ORIENTED_EDGE('',*,*,#1093,.T.);
#1496=ORIENTED_EDGE('',*,*,#1094,.T.);
#1497=ORIENTED_EDGE('',*,*,#1095,.F.);
#1498=ORIENTED_EDGE('',*,*,#1096,.F.);
#1499=ORIENTED_EDGE('',*,*,#1097,.F.);
#1500=ORIENTED_EDGE('',*,*,#1098,.T.);
#1501=ORIENTED_EDGE('',*,*,#1096,.T.);
#1502=ORIENTED_EDGE('',*,*,#1099,.T.);
#1503=ORIENTED_EDGE('',*,*,#1091,.F.);
#1504=ORIENTED_EDGE('',*,*,#1100,.T.);
#1505=ORIENTED_EDGE('',*,*,#1101,.T.);
#1506=ORIENTED_EDGE('',*,*,#1102,.T.);
#1507=ORIENTED_EDGE('',*,*,#1103,.T.);
#1508=ORIENTED_EDGE('',*,*,#1104,.T.);
#1509=ORIENTED_EDGE('',*,*,#1105,.T.);
#1510=ORIENTED_EDGE('',*,*,#1106,.F.);
#1511=ORIENTED_EDGE('',*,*,#1107,.F.);
#1512=ORIENTED_EDGE('',*,*,#1108,.F.);
#1513=ORIENTED_EDGE('',*,*,#1109,.T.);
#1514=ORIENTED_EDGE('',*,*,#1107,.T.);
#1515=ORIENTED_EDGE('',*,*,#1110,.T.);
#1516=ORIENTED_EDGE('',*,*,#1093,.F.);
#1517=ORIENTED_EDGE('',*,*,#1108,.T.);
#1518=ORIENTED_EDGE('',*,*,#1111,.T.);
#1519=ORIENTED_EDGE('',*,*,#1095,.T.);
#1520=ORIENTED_EDGE('',*,*,#1112,.T.);
#1521=ORIENTED_EDGE('',*,*,#1113,.F.);
#1522=ORIENTED_EDGE('',*,*,#1114,.F.);
#1523=ORIENTED_EDGE('',*,*,#1115,.F.);
#1524=ORIENTED_EDGE('',*,*,#1116,.T.);
#1525=ORIENTED_EDGE('',*,*,#1114,.T.);
#1526=ORIENTED_EDGE('',*,*,#1117,.T.);
#1527=ORIENTED_EDGE('',*,*,#1104,.F.);
#1528=ORIENTED_EDGE('',*,*,#1118,.F.);
#1529=ORIENTED_EDGE('',*,*,#1119,.F.);
#1530=ORIENTED_EDGE('',*,*,#1120,.F.);
#1531=ORIENTED_EDGE('',*,*,#1121,.T.);
#1532=ORIENTED_EDGE('',*,*,#1119,.T.);
#1533=ORIENTED_EDGE('',*,*,#1122,.T.);
#1534=ORIENTED_EDGE('',*,*,#1102,.F.);
#1535=ORIENTED_EDGE('',*,*,#1120,.T.);
#1536=ORIENTED_EDGE('',*,*,#1123,.T.);
#1537=ORIENTED_EDGE('',*,*,#1106,.T.);
#1538=ORIENTED_EDGE('',*,*,#1124,.T.);
#1539=ORIENTED_EDGE('',*,*,#1115,.T.);
#1540=ORIENTED_EDGE('',*,*,#1125,.T.);
#1541=ORIENTED_EDGE('',*,*,#1118,.T.);
#1542=ORIENTED_EDGE('',*,*,#1126,.T.);
#1543=ORIENTED_EDGE('',*,*,#1097,.T.);
#1544=ORIENTED_EDGE('',*,*,#1127,.T.);
#1545=ORIENTED_EDGE('',*,*,#1113,.T.);
#1546=ORIENTED_EDGE('',*,*,#1128,.T.);
#1547=ORIENTED_EDGE('',*,*,#1094,.F.);
#1548=ORIENTED_EDGE('',*,*,#1110,.F.);
#1549=ORIENTED_EDGE('',*,*,#1123,.F.);
#1550=ORIENTED_EDGE('',*,*,#1121,.F.);
#1551=ORIENTED_EDGE('',*,*,#1101,.F.);
#1552=ORIENTED_EDGE('',*,*,#1129,.F.);
#1553=ORIENTED_EDGE('',*,*,#1130,.F.);
#1554=ORIENTED_EDGE('',*,*,#1131,.F.);
#1555=ORIENTED_EDGE('',*,*,#1132,.F.);
#1556=ORIENTED_EDGE('',*,*,#1133,.F.);
#1557=ORIENTED_EDGE('',*,*,#1092,.F.);
#1558=ORIENTED_EDGE('',*,*,#1099,.F.);
#1559=ORIENTED_EDGE('',*,*,#1111,.F.);
#1560=ORIENTED_EDGE('',*,*,#1109,.F.);
#1561=ORIENTED_EDGE('',*,*,#1103,.F.);
#1562=ORIENTED_EDGE('',*,*,#1122,.F.);
#1563=ORIENTED_EDGE('',*,*,#1125,.F.);
#1564=ORIENTED_EDGE('',*,*,#1116,.F.);
#1565=ORIENTED_EDGE('',*,*,#1112,.F.);
#1566=ORIENTED_EDGE('',*,*,#1128,.F.);
#1567=ORIENTED_EDGE('',*,*,#1126,.F.);
#1568=ORIENTED_EDGE('',*,*,#1124,.F.);
#1569=ORIENTED_EDGE('',*,*,#1134,.F.);
#1570=ORIENTED_EDGE('',*,*,#1135,.T.);
#1571=ORIENTED_EDGE('',*,*,#1136,.F.);
#1572=ORIENTED_EDGE('',*,*,#1135,.F.);
#1573=ORIENTED_EDGE('',*,*,#1134,.T.);
#1574=ORIENTED_EDGE('',*,*,#1137,.F.);
#1575=ORIENTED_EDGE('',*,*,#1138,.T.);
#1576=ORIENTED_EDGE('',*,*,#1139,.F.);
#1577=ORIENTED_EDGE('',*,*,#1138,.F.);
#1578=ORIENTED_EDGE('',*,*,#1137,.T.);
#1579=ORIENTED_EDGE('',*,*,#1140,.F.);
#1580=ORIENTED_EDGE('',*,*,#1141,.T.);
#1581=ORIENTED_EDGE('',*,*,#1142,.F.);
#1582=ORIENTED_EDGE('',*,*,#1141,.F.);
#1583=ORIENTED_EDGE('',*,*,#1140,.T.);
#1584=ORIENTED_EDGE('',*,*,#1143,.F.);
#1585=ORIENTED_EDGE('',*,*,#1144,.T.);
#1586=ORIENTED_EDGE('',*,*,#1145,.F.);
#1587=ORIENTED_EDGE('',*,*,#1144,.F.);
#1588=ORIENTED_EDGE('',*,*,#1143,.T.);
#1589=ORIENTED_EDGE('',*,*,#910,.F.);
#1590=ORIENTED_EDGE('',*,*,#1146,.F.);
#1591=ORIENTED_EDGE('',*,*,#925,.F.);
#1592=ORIENTED_EDGE('',*,*,#937,.F.);
#1593=ORIENTED_EDGE('',*,*,#947,.F.);
#1594=ORIENTED_EDGE('',*,*,#918,.F.);
#1595=ORIENTED_EDGE('',*,*,#950,.T.);
#1596=ORIENTED_EDGE('',*,*,#1147,.F.);
#1597=ORIENTED_EDGE('',*,*,#1148,.T.);
#1598=ORIENTED_EDGE('',*,*,#1149,.T.);
#1599=ORIENTED_EDGE('',*,*,#909,.F.);
#1600=ORIENTED_EDGE('',*,*,#953,.T.);
#1601=ORIENTED_EDGE('',*,*,#1150,.T.);
#1602=ORIENTED_EDGE('',*,*,#1151,.T.);
#1603=ORIENTED_EDGE('',*,*,#954,.F.);
#1604=ORIENTED_EDGE('',*,*,#998,.T.);
#1605=ORIENTED_EDGE('',*,*,#1152,.T.);
#1606=ORIENTED_EDGE('',*,*,#1153,.T.);
#1607=ORIENTED_EDGE('',*,*,#999,.F.);
#1608=ORIENTED_EDGE('',*,*,#1043,.T.);
#1609=ORIENTED_EDGE('',*,*,#1154,.T.);
#1610=ORIENTED_EDGE('',*,*,#1155,.T.);
#1611=ORIENTED_EDGE('',*,*,#1044,.F.);
#1612=ORIENTED_EDGE('',*,*,#1088,.T.);
#1613=ORIENTED_EDGE('',*,*,#1156,.T.);
#1614=ORIENTED_EDGE('',*,*,#1129,.T.);
#1615=ORIENTED_EDGE('',*,*,#1100,.F.);
#1616=ORIENTED_EDGE('',*,*,#1157,.T.);
#1617=ORIENTED_EDGE('',*,*,#1089,.F.);
#1618=ORIENTED_EDGE('',*,*,#1133,.T.);
#1619=ORIENTED_EDGE('',*,*,#1158,.T.);
#1620=ORIENTED_EDGE('',*,*,#1084,.T.);
#1621=ORIENTED_EDGE('',*,*,#1055,.F.);
#1622=ORIENTED_EDGE('',*,*,#1159,.T.);
#1623=ORIENTED_EDGE('',*,*,#1160,.T.);
#1624=ORIENTED_EDGE('',*,*,#1039,.T.);
#1625=ORIENTED_EDGE('',*,*,#1010,.F.);
#1626=ORIENTED_EDGE('',*,*,#1161,.T.);
#1627=ORIENTED_EDGE('',*,*,#1162,.T.);
#1628=ORIENTED_EDGE('',*,*,#994,.T.);
#1629=ORIENTED_EDGE('',*,*,#965,.F.);
#1630=ORIENTED_EDGE('',*,*,#1163,.T.);
#1631=ORIENTED_EDGE('',*,*,#1147,.T.);
#1632=ORIENTED_EDGE('',*,*,#949,.T.);
#1633=ORIENTED_EDGE('',*,*,#920,.F.);
#1634=ORIENTED_EDGE('',*,*,#1146,.T.);
#1635=ORIENTED_EDGE('',*,*,#1136,.T.);
#1636=ORIENTED_EDGE('',*,*,#1139,.T.);
#1637=ORIENTED_EDGE('',*,*,#1142,.T.);
#1638=ORIENTED_EDGE('',*,*,#1145,.T.);
#1639=ORIENTED_EDGE('',*,*,#1090,.F.);
#1640=ORIENTED_EDGE('',*,*,#1157,.F.);
#1641=ORIENTED_EDGE('',*,*,#1105,.F.);
#1642=ORIENTED_EDGE('',*,*,#1117,.F.);
#1643=ORIENTED_EDGE('',*,*,#1127,.F.);
#1644=ORIENTED_EDGE('',*,*,#1098,.F.);
#1645=ORIENTED_EDGE('',*,*,#1132,.T.);
#1646=ORIENTED_EDGE('',*,*,#1164,.T.);
#1647=ORIENTED_EDGE('',*,*,#1085,.T.);
#1648=ORIENTED_EDGE('',*,*,#1158,.F.);
#1649=ORIENTED_EDGE('',*,*,#1131,.T.);
#1650=ORIENTED_EDGE('',*,*,#1165,.F.);
#1651=ORIENTED_EDGE('',*,*,#1086,.T.);
#1652=ORIENTED_EDGE('',*,*,#1164,.F.);
#1653=ORIENTED_EDGE('',*,*,#955,.F.);
#1654=ORIENTED_EDGE('',*,*,#1151,.F.);
#1655=ORIENTED_EDGE('',*,*,#1166,.F.);
#1656=ORIENTED_EDGE('',*,*,#1167,.F.);
#1657=ORIENTED_EDGE('',*,*,#1148,.F.);
#1658=ORIENTED_EDGE('',*,*,#1163,.F.);
#1659=ORIENTED_EDGE('',*,*,#970,.F.);
#1660=ORIENTED_EDGE('',*,*,#982,.F.);
#1661=ORIENTED_EDGE('',*,*,#992,.F.);
#1662=ORIENTED_EDGE('',*,*,#963,.F.);
#1663=ORIENTED_EDGE('',*,*,#952,.T.);
#1664=ORIENTED_EDGE('',*,*,#1168,.T.);
#1665=ORIENTED_EDGE('',*,*,#1166,.T.);
#1666=ORIENTED_EDGE('',*,*,#1150,.F.);
#1667=ORIENTED_EDGE('',*,*,#996,.T.);
#1668=ORIENTED_EDGE('',*,*,#1169,.F.);
#1669=ORIENTED_EDGE('',*,*,#1170,.T.);
#1670=ORIENTED_EDGE('',*,*,#1171,.F.);
#1671=ORIENTED_EDGE('',*,*,#951,.T.);
#1672=ORIENTED_EDGE('',*,*,#1149,.F.);
#1673=ORIENTED_EDGE('',*,*,#1167,.T.);
#1674=ORIENTED_EDGE('',*,*,#1168,.F.);
#1675=ORIENTED_EDGE('',*,*,#995,.T.);
#1676=ORIENTED_EDGE('',*,*,#1162,.F.);
#1677=ORIENTED_EDGE('',*,*,#1172,.T.);
#1678=ORIENTED_EDGE('',*,*,#1169,.T.);
#1679=ORIENTED_EDGE('',*,*,#1045,.F.);
#1680=ORIENTED_EDGE('',*,*,#1155,.F.);
#1681=ORIENTED_EDGE('',*,*,#1173,.F.);
#1682=ORIENTED_EDGE('',*,*,#1174,.F.);
#1683=ORIENTED_EDGE('',*,*,#1175,.F.);
#1684=ORIENTED_EDGE('',*,*,#1159,.F.);
#1685=ORIENTED_EDGE('',*,*,#1060,.F.);
#1686=ORIENTED_EDGE('',*,*,#1072,.F.);
#1687=ORIENTED_EDGE('',*,*,#1082,.F.);
#1688=ORIENTED_EDGE('',*,*,#1053,.F.);
#1689=ORIENTED_EDGE('',*,*,#1173,.T.);
#1690=ORIENTED_EDGE('',*,*,#1154,.F.);
#1691=ORIENTED_EDGE('',*,*,#1042,.T.);
#1692=ORIENTED_EDGE('',*,*,#1176,.T.);
#1693=ORIENTED_EDGE('',*,*,#1130,.T.);
#1694=ORIENTED_EDGE('',*,*,#1156,.F.);
#1695=ORIENTED_EDGE('',*,*,#1087,.T.);
#1696=ORIENTED_EDGE('',*,*,#1165,.T.);
#1697=ORIENTED_EDGE('',*,*,#1174,.T.);
#1698=ORIENTED_EDGE('',*,*,#1176,.F.);
#1699=ORIENTED_EDGE('',*,*,#1041,.T.);
#1700=ORIENTED_EDGE('',*,*,#1177,.F.);
#1701=ORIENTED_EDGE('',*,*,#1000,.F.);
#1702=ORIENTED_EDGE('',*,*,#1153,.F.);
#1703=ORIENTED_EDGE('',*,*,#1178,.F.);
#1704=ORIENTED_EDGE('',*,*,#1170,.F.);
#1705=ORIENTED_EDGE('',*,*,#1172,.F.);
#1706=ORIENTED_EDGE('',*,*,#1161,.F.);
#1707=ORIENTED_EDGE('',*,*,#1015,.F.);
#1708=ORIENTED_EDGE('',*,*,#1027,.F.);
#1709=ORIENTED_EDGE('',*,*,#1037,.F.);
#1710=ORIENTED_EDGE('',*,*,#1008,.F.);
#1711=ORIENTED_EDGE('',*,*,#997,.T.);
#1712=ORIENTED_EDGE('',*,*,#1171,.T.);
#1713=ORIENTED_EDGE('',*,*,#1178,.T.);
#1714=ORIENTED_EDGE('',*,*,#1152,.F.);
#1715=ORIENTED_EDGE('',*,*,#1175,.T.);
#1716=ORIENTED_EDGE('',*,*,#1177,.T.);
#1717=ORIENTED_EDGE('',*,*,#1040,.T.);
#1718=ORIENTED_EDGE('',*,*,#1160,.F.);
#1719=CYLINDRICAL_SURFACE('',#1903,0.5);
#1720=CYLINDRICAL_SURFACE('',#1912,0.5);
#1721=CYLINDRICAL_SURFACE('',#1913,0.5);
#1722=CYLINDRICAL_SURFACE('',#1922,0.5);
#1723=CYLINDRICAL_SURFACE('',#1923,0.5);
#1724=CYLINDRICAL_SURFACE('',#1928,0.5);
#1725=CYLINDRICAL_SURFACE('',#1933,0.5);
#1726=CYLINDRICAL_SURFACE('',#1934,0.5);
#1727=CYLINDRICAL_SURFACE('',#1935,0.5);
#1728=CYLINDRICAL_SURFACE('',#1936,0.5);
#1729=CYLINDRICAL_SURFACE('',#1941,0.5);
#1730=CYLINDRICAL_SURFACE('',#1950,0.5);
#1731=CYLINDRICAL_SURFACE('',#1951,0.5);
#1732=CYLINDRICAL_SURFACE('',#1960,0.5);
#1733=CYLINDRICAL_SURFACE('',#1961,0.5);
#1734=CYLINDRICAL_SURFACE('',#1966,0.5);
#1735=CYLINDRICAL_SURFACE('',#1971,0.5);
#1736=CYLINDRICAL_SURFACE('',#1972,0.5);
#1737=CYLINDRICAL_SURFACE('',#1973,0.5);
#1738=CYLINDRICAL_SURFACE('',#1974,0.5);
#1739=CYLINDRICAL_SURFACE('',#1979,0.5);
#1740=CYLINDRICAL_SURFACE('',#1988,0.5);
#1741=CYLINDRICAL_SURFACE('',#1989,0.5);
#1742=CYLINDRICAL_SURFACE('',#1998,0.5);
#1743=CYLINDRICAL_SURFACE('',#1999,0.5);
#1744=CYLINDRICAL_SURFACE('',#2004,0.5);
#1745=CYLINDRICAL_SURFACE('',#2009,0.5);
#1746=CYLINDRICAL_SURFACE('',#2010,0.5);
#1747=CYLINDRICAL_SURFACE('',#2011,0.5);
#1748=CYLINDRICAL_SURFACE('',#2012,0.5);
#1749=CYLINDRICAL_SURFACE('',#2017,0.5);
#1750=CYLINDRICAL_SURFACE('',#2026,0.5);
#1751=CYLINDRICAL_SURFACE('',#2027,0.5);
#1752=CYLINDRICAL_SURFACE('',#2036,0.5);
#1753=CYLINDRICAL_SURFACE('',#2037,0.5);
#1754=CYLINDRICAL_SURFACE('',#2042,0.5);
#1755=CYLINDRICAL_SURFACE('',#2047,0.5);
#1756=CYLINDRICAL_SURFACE('',#2048,0.5);
#1757=CYLINDRICAL_SURFACE('',#2049,0.5);
#1758=CYLINDRICAL_SURFACE('',#2050,0.5);
#1759=CYLINDRICAL_SURFACE('',#2055,0.5);
#1760=CYLINDRICAL_SURFACE('',#2064,0.5);
#1761=CYLINDRICAL_SURFACE('',#2065,0.5);
#1762=CYLINDRICAL_SURFACE('',#2074,0.5);
#1763=CYLINDRICAL_SURFACE('',#2075,0.5);
#1764=CYLINDRICAL_SURFACE('',#2080,0.5);
#1765=CYLINDRICAL_SURFACE('',#2085,0.5);
#1766=CYLINDRICAL_SURFACE('',#2086,0.5);
#1767=CYLINDRICAL_SURFACE('',#2087,0.5);
#1768=CYLINDRICAL_SURFACE('',#2088,0.5);
#1769=CYLINDRICAL_SURFACE('',#2093,0.55);
#1770=CYLINDRICAL_SURFACE('',#2097,0.55);
#1771=CYLINDRICAL_SURFACE('',#2101,0.55);
#1772=CYLINDRICAL_SURFACE('',#2105,0.55);
#1773=ADVANCED_FACE('',(#149),#1719,.T.);
#1774=ADVANCED_FACE('',(#150),#129,.T.);
#1775=ADVANCED_FACE('',(#151),#1720,.T.);
#1776=ADVANCED_FACE('',(#152),#1721,.T.);
#1777=ADVANCED_FACE('',(#153),#130,.T.);
#1778=ADVANCED_FACE('',(#154),#1722,.T.);
#1779=ADVANCED_FACE('',(#155),#1723,.T.);
#1780=ADVANCED_FACE('',(#156),#131,.T.);
#1781=ADVANCED_FACE('',(#157),#1724,.T.);
#1782=ADVANCED_FACE('',(#158),#132,.T.);
#1783=ADVANCED_FACE('',(#159),#1725,.T.);
#1784=ADVANCED_FACE('',(#160),#1726,.T.);
#1785=ADVANCED_FACE('',(#161),#1727,.T.);
#1786=ADVANCED_FACE('',(#162),#1728,.T.);
#1787=ADVANCED_FACE('',(#163),#19,.T.);
#1788=ADVANCED_FACE('',(#164),#20,.T.);
#1789=ADVANCED_FACE('',(#165),#21,.T.);
#1790=ADVANCED_FACE('',(#166),#22,.T.);
#1791=ADVANCED_FACE('',(#167),#1729,.T.);
#1792=ADVANCED_FACE('',(#168),#133,.T.);
#1793=ADVANCED_FACE('',(#169),#1730,.T.);
#1794=ADVANCED_FACE('',(#170),#1731,.T.);
#1795=ADVANCED_FACE('',(#171),#134,.T.);
#1796=ADVANCED_FACE('',(#172),#1732,.T.);
#1797=ADVANCED_FACE('',(#173),#1733,.T.);
#1798=ADVANCED_FACE('',(#174),#135,.T.);
#1799=ADVANCED_FACE('',(#175),#1734,.T.);
#1800=ADVANCED_FACE('',(#176),#136,.T.);
#1801=ADVANCED_FACE('',(#177),#1735,.T.);
#1802=ADVANCED_FACE('',(#178),#1736,.T.);
#1803=ADVANCED_FACE('',(#179),#1737,.T.);
#1804=ADVANCED_FACE('',(#180),#1738,.T.);
#1805=ADVANCED_FACE('',(#181),#23,.T.);
#1806=ADVANCED_FACE('',(#182),#24,.T.);
#1807=ADVANCED_FACE('',(#183),#25,.T.);
#1808=ADVANCED_FACE('',(#184),#26,.T.);
#1809=ADVANCED_FACE('',(#185),#1739,.T.);
#1810=ADVANCED_FACE('',(#186),#137,.T.);
#1811=ADVANCED_FACE('',(#187),#1740,.T.);
#1812=ADVANCED_FACE('',(#188),#1741,.T.);
#1813=ADVANCED_FACE('',(#189),#138,.T.);
#1814=ADVANCED_FACE('',(#190),#1742,.T.);
#1815=ADVANCED_FACE('',(#191),#1743,.T.);
#1816=ADVANCED_FACE('',(#192),#139,.T.);
#1817=ADVANCED_FACE('',(#193),#1744,.T.);
#1818=ADVANCED_FACE('',(#194),#140,.T.);
#1819=ADVANCED_FACE('',(#195),#1745,.T.);
#1820=ADVANCED_FACE('',(#196),#1746,.T.);
#1821=ADVANCED_FACE('',(#197),#1747,.T.);
#1822=ADVANCED_FACE('',(#198),#1748,.T.);
#1823=ADVANCED_FACE('',(#199),#27,.T.);
#1824=ADVANCED_FACE('',(#200),#28,.T.);
#1825=ADVANCED_FACE('',(#201),#29,.T.);
#1826=ADVANCED_FACE('',(#202),#30,.T.);
#1827=ADVANCED_FACE('',(#203),#1749,.T.);
#1828=ADVANCED_FACE('',(#204),#141,.T.);
#1829=ADVANCED_FACE('',(#205),#1750,.T.);
#1830=ADVANCED_FACE('',(#206),#1751,.T.);
#1831=ADVANCED_FACE('',(#207),#142,.T.);
#1832=ADVANCED_FACE('',(#208),#1752,.T.);
#1833=ADVANCED_FACE('',(#209),#1753,.T.);
#1834=ADVANCED_FACE('',(#210),#143,.T.);
#1835=ADVANCED_FACE('',(#211),#1754,.T.);
#1836=ADVANCED_FACE('',(#212),#144,.T.);
#1837=ADVANCED_FACE('',(#213),#1755,.T.);
#1838=ADVANCED_FACE('',(#214),#1756,.T.);
#1839=ADVANCED_FACE('',(#215),#1757,.T.);
#1840=ADVANCED_FACE('',(#216),#1758,.T.);
#1841=ADVANCED_FACE('',(#217),#31,.T.);
#1842=ADVANCED_FACE('',(#218),#32,.T.);
#1843=ADVANCED_FACE('',(#219),#33,.T.);
#1844=ADVANCED_FACE('',(#220),#34,.T.);
#1845=ADVANCED_FACE('',(#221),#1759,.T.);
#1846=ADVANCED_FACE('',(#222),#145,.T.);
#1847=ADVANCED_FACE('',(#223),#1760,.T.);
#1848=ADVANCED_FACE('',(#224),#1761,.T.);
#1849=ADVANCED_FACE('',(#225),#146,.T.);
#1850=ADVANCED_FACE('',(#226),#1762,.T.);
#1851=ADVANCED_FACE('',(#227),#1763,.T.);
#1852=ADVANCED_FACE('',(#228),#147,.T.);
#1853=ADVANCED_FACE('',(#229),#1764,.T.);
#1854=ADVANCED_FACE('',(#230),#148,.T.);
#1855=ADVANCED_FACE('',(#231),#1765,.T.);
#1856=ADVANCED_FACE('',(#232),#1766,.T.);
#1857=ADVANCED_FACE('',(#233),#1767,.T.);
#1858=ADVANCED_FACE('',(#234),#1768,.T.);
#1859=ADVANCED_FACE('',(#235),#35,.T.);
#1860=ADVANCED_FACE('',(#236),#36,.T.);
#1861=ADVANCED_FACE('',(#237),#37,.T.);
#1862=ADVANCED_FACE('',(#238),#38,.T.);
#1863=ADVANCED_FACE('',(#239),#1769,.T.);
#1864=ADVANCED_FACE('',(#240),#39,.F.);
#1865=ADVANCED_FACE('',(#241),#1770,.T.);
#1866=ADVANCED_FACE('',(#242),#40,.F.);
#1867=ADVANCED_FACE('',(#243),#1771,.T.);
#1868=ADVANCED_FACE('',(#244),#41,.F.);
#1869=ADVANCED_FACE('',(#245),#1772,.T.);
#1870=ADVANCED_FACE('',(#246),#42,.F.);
#1871=ADVANCED_FACE('',(#247),#43,.T.);
#1872=ADVANCED_FACE('',(#248),#44,.T.);
#1873=ADVANCED_FACE('',(#249,#15,#16,#17,#18),#45,.F.);
#1874=ADVANCED_FACE('',(#250),#46,.T.);
#1875=ADVANCED_FACE('',(#251),#47,.T.);
#1876=ADVANCED_FACE('',(#252),#48,.T.);
#1877=ADVANCED_FACE('',(#253),#49,.T.);
#1878=ADVANCED_FACE('',(#254),#50,.T.);
#1879=ADVANCED_FACE('',(#255),#51,.T.);
#1880=ADVANCED_FACE('',(#256),#52,.T.);
#1881=ADVANCED_FACE('',(#257),#53,.T.);
#1882=ADVANCED_FACE('',(#258),#54,.T.);
#1883=ADVANCED_FACE('',(#259),#55,.T.);
#1884=ADVANCED_FACE('',(#260),#56,.T.);
#1885=ADVANCED_FACE('',(#261),#57,.T.);
#1886=ADVANCED_FACE('',(#262),#58,.T.);
#1887=ADVANCED_FACE('',(#263),#59,.T.);
#1888=ADVANCED_FACE('',(#264),#60,.T.);
#1889=CLOSED_SHELL('',(#1773,#1774,#1775,#1776,#1777,#1778,#1779,#1780,
#1781,#1782,#1783,#1784,#1785,#1786,#1787,#1788,#1789,#1790,#1791,#1792,
#1793,#1794,#1795,#1796,#1797,#1798,#1799,#1800,#1801,#1802,#1803,#1804,
#1805,#1806,#1807,#1808,#1809,#1810,#1811,#1812,#1813,#1814,#1815,#1816,
#1817,#1818,#1819,#1820,#1821,#1822,#1823,#1824,#1825,#1826,#1827,#1828,
#1829,#1830,#1831,#1832,#1833,#1834,#1835,#1836,#1837,#1838,#1839,#1840,
#1841,#1842,#1843,#1844,#1845,#1846,#1847,#1848,#1849,#1850,#1851,#1852,
#1853,#1854,#1855,#1856,#1857,#1858,#1859,#1860,#1861,#1862,#1863,#1864,
#1865,#1866,#1867,#1868,#1869,#1870,#1871,#1872,#1873,#1874,#1875,#1876,
#1877,#1878,#1879,#1880,#1881,#1882,#1883,#1884,#1885,#1886,#1887,#1888));
#1890=DERIVED_UNIT_ELEMENT(#1892,1.);
#1891=DERIVED_UNIT_ELEMENT(#3291,-3.);
#1892=(
MASS_UNIT()
NAMED_UNIT(*)
SI_UNIT(.KILO.,.GRAM.)
);
#1893=DERIVED_UNIT((#1890,#1891));
#1894=MEASURE_REPRESENTATION_ITEM('density measure',
POSITIVE_RATIO_MEASURE(7850.),#1893);
#1895=PROPERTY_DEFINITION_REPRESENTATION(#1900,#1897);
#1896=PROPERTY_DEFINITION_REPRESENTATION(#1901,#1898);
#1897=REPRESENTATION('material name',(#1899),#3288);
#1898=REPRESENTATION('density',(#1894),#3288);
#1899=DESCRIPTIVE_REPRESENTATION_ITEM('Steel','Steel');
#1900=PROPERTY_DEFINITION('material property','material name',#3298);
#1901=PROPERTY_DEFINITION('material property','density of part',#3298);
#1902=AXIS2_PLACEMENT_3D('',#2739,#2127,#2128);
#1903=AXIS2_PLACEMENT_3D('',#2740,#2129,#2130);
#1904=AXIS2_PLACEMENT_3D('',#2745,#2132,#2133);
#1905=AXIS2_PLACEMENT_3D('',#2747,#2134,#2135);
#1906=AXIS2_PLACEMENT_3D('',#2751,#2137,#2138);
#1907=AXIS2_PLACEMENT_3D('',#2752,#2139,#2140);
#1908=AXIS2_PLACEMENT_3D('',#2753,#2141,#2142);
#1909=AXIS2_PLACEMENT_3D('',#2756,#2143,#2144);
#1910=AXIS2_PLACEMENT_3D('',#2758,#2145,#2146);
#1911=AXIS2_PLACEMENT_3D('',#2759,#2147,#2148);
#1912=AXIS2_PLACEMENT_3D('',#2760,#2149,#2150);
#1913=AXIS2_PLACEMENT_3D('',#2763,#2153,#2154);
#1914=AXIS2_PLACEMENT_3D('',#2768,#2156,#2157);
#1915=AXIS2_PLACEMENT_3D('',#2770,#2158,#2159);
#1916=AXIS2_PLACEMENT_3D('',#2774,#2161,#2162);
#1917=AXIS2_PLACEMENT_3D('',#2775,#2163,#2164);
#1918=AXIS2_PLACEMENT_3D('',#2776,#2165,#2166);
#1919=AXIS2_PLACEMENT_3D('',#2779,#2167,#2168);
#1920=AXIS2_PLACEMENT_3D('',#2781,#2169,#2170);
#1921=AXIS2_PLACEMENT_3D('',#2782,#2171,#2172);
#1922=AXIS2_PLACEMENT_3D('',#2783,#2173,#2174);
#1923=AXIS2_PLACEMENT_3D('',#2786,#2177,#2178);
#1924=AXIS2_PLACEMENT_3D('',#2789,#2181,#2182);
#1925=AXIS2_PLACEMENT_3D('',#2792,#2183,#2184);
#1926=AXIS2_PLACEMENT_3D('',#2794,#2185,#2186);
#1927=AXIS2_PLACEMENT_3D('',#2795,#2187,#2188);
#1928=AXIS2_PLACEMENT_3D('',#2796,#2189,#2190);
#1929=AXIS2_PLACEMENT_3D('',#2799,#2193,#2194);
#1930=AXIS2_PLACEMENT_3D('',#2802,#2195,#2196);
#1931=AXIS2_PLACEMENT_3D('',#2804,#2197,#2198);
#1932=AXIS2_PLACEMENT_3D('',#2805,#2199,#2200);
#1933=AXIS2_PLACEMENT_3D('',#2806,#2201,#2202);
#1934=AXIS2_PLACEMENT_3D('',#2809,#2205,#2206);
#1935=AXIS2_PLACEMENT_3D('',#2812,#2209,#2210);
#1936=AXIS2_PLACEMENT_3D('',#2815,#2213,#2214);
#1937=AXIS2_PLACEMENT_3D('',#2818,#2217,#2218);
#1938=AXIS2_PLACEMENT_3D('',#2828,#2224,#2225);
#1939=AXIS2_PLACEMENT_3D('',#2829,#2226,#2227);
#1940=AXIS2_PLACEMENT_3D('',#2830,#2228,#2229);
#1941=AXIS2_PLACEMENT_3D('',#2831,#2230,#2231);
#1942=AXIS2_PLACEMENT_3D('',#2836,#2233,#2234);
#1943=AXIS2_PLACEMENT_3D('',#2838,#2235,#2236);
#1944=AXIS2_PLACEMENT_3D('',#2842,#2238,#2239);
#1945=AXIS2_PLACEMENT_3D('',#2843,#2240,#2241);
#1946=AXIS2_PLACEMENT_3D('',#2844,#2242,#2243);
#1947=AXIS2_PLACEMENT_3D('',#2847,#2244,#2245);
#1948=AXIS2_PLACEMENT_3D('',#2849,#2246,#2247);
#1949=AXIS2_PLACEMENT_3D('',#2850,#2248,#2249);
#1950=AXIS2_PLACEMENT_3D('',#2851,#2250,#2251);
#1951=AXIS2_PLACEMENT_3D('',#2854,#2254,#2255);
#1952=AXIS2_PLACEMENT_3D('',#2859,#2257,#2258);
#1953=AXIS2_PLACEMENT_3D('',#2861,#2259,#2260);
#1954=AXIS2_PLACEMENT_3D('',#2865,#2262,#2263);
#1955=AXIS2_PLACEMENT_3D('',#2866,#2264,#2265);
#1956=AXIS2_PLACEMENT_3D('',#2867,#2266,#2267);
#1957=AXIS2_PLACEMENT_3D('',#2870,#2268,#2269);
#1958=AXIS2_PLACEMENT_3D('',#2872,#2270,#2271);
#1959=AXIS2_PLACEMENT_3D('',#2873,#2272,#2273);
#1960=AXIS2_PLACEMENT_3D('',#2874,#2274,#2275);
#1961=AXIS2_PLACEMENT_3D('',#2877,#2278,#2279);
#1962=AXIS2_PLACEMENT_3D('',#2880,#2282,#2283);
#1963=AXIS2_PLACEMENT_3D('',#2883,#2284,#2285);
#1964=AXIS2_PLACEMENT_3D('',#2885,#2286,#2287);
#1965=AXIS2_PLACEMENT_3D('',#2886,#2288,#2289);
#1966=AXIS2_PLACEMENT_3D('',#2887,#2290,#2291);
#1967=AXIS2_PLACEMENT_3D('',#2890,#2294,#2295);
#1968=AXIS2_PLACEMENT_3D('',#2893,#2296,#2297);
#1969=AXIS2_PLACEMENT_3D('',#2895,#2298,#2299);
#1970=AXIS2_PLACEMENT_3D('',#2896,#2300,#2301);
#1971=AXIS2_PLACEMENT_3D('',#2897,#2302,#2303);
#1972=AXIS2_PLACEMENT_3D('',#2900,#2306,#2307);
#1973=AXIS2_PLACEMENT_3D('',#2903,#2310,#2311);
#1974=AXIS2_PLACEMENT_3D('',#2906,#2314,#2315);
#1975=AXIS2_PLACEMENT_3D('',#2909,#2318,#2319);
#1976=AXIS2_PLACEMENT_3D('',#2919,#2325,#2326);
#1977=AXIS2_PLACEMENT_3D('',#2920,#2327,#2328);
#1978=AXIS2_PLACEMENT_3D('',#2921,#2329,#2330);
#1979=AXIS2_PLACEMENT_3D('',#2922,#2331,#2332);
#1980=AXIS2_PLACEMENT_3D('',#2927,#2334,#2335);
#1981=AXIS2_PLACEMENT_3D('',#2929,#2336,#2337);
#1982=AXIS2_PLACEMENT_3D('',#2933,#2339,#2340);
#1983=AXIS2_PLACEMENT_3D('',#2934,#2341,#2342);
#1984=AXIS2_PLACEMENT_3D('',#2935,#2343,#2344);
#1985=AXIS2_PLACEMENT_3D('',#2938,#2345,#2346);
#1986=AXIS2_PLACEMENT_3D('',#2940,#2347,#2348);
#1987=AXIS2_PLACEMENT_3D('',#2941,#2349,#2350);
#1988=AXIS2_PLACEMENT_3D('',#2942,#2351,#2352);
#1989=AXIS2_PLACEMENT_3D('',#2945,#2355,#2356);
#1990=AXIS2_PLACEMENT_3D('',#2950,#2358,#2359);
#1991=AXIS2_PLACEMENT_3D('',#2952,#2360,#2361);
#1992=AXIS2_PLACEMENT_3D('',#2956,#2363,#2364);
#1993=AXIS2_PLACEMENT_3D('',#2957,#2365,#2366);
#1994=AXIS2_PLACEMENT_3D('',#2958,#2367,#2368);
#1995=AXIS2_PLACEMENT_3D('',#2961,#2369,#2370);
#1996=AXIS2_PLACEMENT_3D('',#2963,#2371,#2372);
#1997=AXIS2_PLACEMENT_3D('',#2964,#2373,#2374);
#1998=AXIS2_PLACEMENT_3D('',#2965,#2375,#2376);
#1999=AXIS2_PLACEMENT_3D('',#2968,#2379,#2380);
#2000=AXIS2_PLACEMENT_3D('',#2971,#2383,#2384);
#2001=AXIS2_PLACEMENT_3D('',#2974,#2385,#2386);
#2002=AXIS2_PLACEMENT_3D('',#2976,#2387,#2388);
#2003=AXIS2_PLACEMENT_3D('',#2977,#2389,#2390);
#2004=AXIS2_PLACEMENT_3D('',#2978,#2391,#2392);
#2005=AXIS2_PLACEMENT_3D('',#2981,#2395,#2396);
#2006=AXIS2_PLACEMENT_3D('',#2984,#2397,#2398);
#2007=AXIS2_PLACEMENT_3D('',#2986,#2399,#2400);
#2008=AXIS2_PLACEMENT_3D('',#2987,#2401,#2402);
#2009=AXIS2_PLACEMENT_3D('',#2988,#2403,#2404);
#2010=AXIS2_PLACEMENT_3D('',#2991,#2407,#2408);
#2011=AXIS2_PLACEMENT_3D('',#2994,#2411,#2412);
#2012=AXIS2_PLACEMENT_3D('',#2997,#2415,#2416);
#2013=AXIS2_PLACEMENT_3D('',#3000,#2419,#2420);
#2014=AXIS2_PLACEMENT_3D('',#3010,#2426,#2427);
#2015=AXIS2_PLACEMENT_3D('',#3011,#2428,#2429);
#2016=AXIS2_PLACEMENT_3D('',#3012,#2430,#2431);
#2017=AXIS2_PLACEMENT_3D('',#3013,#2432,#2433);
#2018=AXIS2_PLACEMENT_3D('',#3018,#2435,#2436);
#2019=AXIS2_PLACEMENT_3D('',#3020,#2437,#2438);
#2020=AXIS2_PLACEMENT_3D('',#3024,#2440,#2441);
#2021=AXIS2_PLACEMENT_3D('',#3025,#2442,#2443);
#2022=AXIS2_PLACEMENT_3D('',#3026,#2444,#2445);
#2023=AXIS2_PLACEMENT_3D('',#3029,#2446,#2447);
#2024=AXIS2_PLACEMENT_3D('',#3031,#2448,#2449);
#2025=AXIS2_PLACEMENT_3D('',#3032,#2450,#2451);
#2026=AXIS2_PLACEMENT_3D('',#3033,#2452,#2453);
#2027=AXIS2_PLACEMENT_3D('',#3036,#2456,#2457);
#2028=AXIS2_PLACEMENT_3D('',#3041,#2459,#2460);
#2029=AXIS2_PLACEMENT_3D('',#3043,#2461,#2462);
#2030=AXIS2_PLACEMENT_3D('',#3047,#2464,#2465);
#2031=AXIS2_PLACEMENT_3D('',#3048,#2466,#2467);
#2032=AXIS2_PLACEMENT_3D('',#3049,#2468,#2469);
#2033=AXIS2_PLACEMENT_3D('',#3052,#2470,#2471);
#2034=AXIS2_PLACEMENT_3D('',#3054,#2472,#2473);
#2035=AXIS2_PLACEMENT_3D('',#3055,#2474,#2475);
#2036=AXIS2_PLACEMENT_3D('',#3056,#2476,#2477);
#2037=AXIS2_PLACEMENT_3D('',#3059,#2480,#2481);
#2038=AXIS2_PLACEMENT_3D('',#3062,#2484,#2485);
#2039=AXIS2_PLACEMENT_3D('',#3065,#2486,#2487);
#2040=AXIS2_PLACEMENT_3D('',#3067,#2488,#2489);
#2041=AXIS2_PLACEMENT_3D('',#3068,#2490,#2491);
#2042=AXIS2_PLACEMENT_3D('',#3069,#2492,#2493);
#2043=AXIS2_PLACEMENT_3D('',#3072,#2496,#2497);
#2044=AXIS2_PLACEMENT_3D('',#3075,#2498,#2499);
#2045=AXIS2_PLACEMENT_3D('',#3077,#2500,#2501);
#2046=AXIS2_PLACEMENT_3D('',#3078,#2502,#2503);
#2047=AXIS2_PLACEMENT_3D('',#3079,#2504,#2505);
#2048=AXIS2_PLACEMENT_3D('',#3082,#2508,#2509);
#2049=AXIS2_PLACEMENT_3D('',#3085,#2512,#2513);
#2050=AXIS2_PLACEMENT_3D('',#3088,#2516,#2517);
#2051=AXIS2_PLACEMENT_3D('',#3091,#2520,#2521);
#2052=AXIS2_PLACEMENT_3D('',#3101,#2527,#2528);
#2053=AXIS2_PLACEMENT_3D('',#3102,#2529,#2530);
#2054=AXIS2_PLACEMENT_3D('',#3103,#2531,#2532);
#2055=AXIS2_PLACEMENT_3D('',#3104,#2533,#2534);
#2056=AXIS2_PLACEMENT_3D('',#3109,#2536,#2537);
#2057=AXIS2_PLACEMENT_3D('',#3111,#2538,#2539);
#2058=AXIS2_PLACEMENT_3D('',#3115,#2541,#2542);
#2059=AXIS2_PLACEMENT_3D('',#3116,#2543,#2544);
#2060=AXIS2_PLACEMENT_3D('',#3117,#2545,#2546);
#2061=AXIS2_PLACEMENT_3D('',#3120,#2547,#2548);
#2062=AXIS2_PLACEMENT_3D('',#3122,#2549,#2550);
#2063=AXIS2_PLACEMENT_3D('',#3123,#2551,#2552);
#2064=AXIS2_PLACEMENT_3D('',#3124,#2553,#2554);
#2065=AXIS2_PLACEMENT_3D('',#3127,#2557,#2558);
#2066=AXIS2_PLACEMENT_3D('',#3132,#2560,#2561);
#2067=AXIS2_PLACEMENT_3D('',#3134,#2562,#2563);
#2068=AXIS2_PLACEMENT_3D('',#3138,#2565,#2566);
#2069=AXIS2_PLACEMENT_3D('',#3139,#2567,#2568);
#2070=AXIS2_PLACEMENT_3D('',#3140,#2569,#2570);
#2071=AXIS2_PLACEMENT_3D('',#3143,#2571,#2572);
#2072=AXIS2_PLACEMENT_3D('',#3145,#2573,#2574);
#2073=AXIS2_PLACEMENT_3D('',#3146,#2575,#2576);
#2074=AXIS2_PLACEMENT_3D('',#3147,#2577,#2578);
#2075=AXIS2_PLACEMENT_3D('',#3150,#2581,#2582);
#2076=AXIS2_PLACEMENT_3D('',#3153,#2585,#2586);
#2077=AXIS2_PLACEMENT_3D('',#3156,#2587,#2588);
#2078=AXIS2_PLACEMENT_3D('',#3158,#2589,#2590);
#2079=AXIS2_PLACEMENT_3D('',#3159,#2591,#2592);
#2080=AXIS2_PLACEMENT_3D('',#3160,#2593,#2594);
#2081=AXIS2_PLACEMENT_3D('',#3163,#2597,#2598);
#2082=AXIS2_PLACEMENT_3D('',#3166,#2599,#2600);
#2083=AXIS2_PLACEMENT_3D('',#3168,#2601,#2602);
#2084=AXIS2_PLACEMENT_3D('',#3169,#2603,#2604);
#2085=AXIS2_PLACEMENT_3D('',#3170,#2605,#2606);
#2086=AXIS2_PLACEMENT_3D('',#3173,#2609,#2610);
#2087=AXIS2_PLACEMENT_3D('',#3176,#2613,#2614);
#2088=AXIS2_PLACEMENT_3D('',#3179,#2617,#2618);
#2089=AXIS2_PLACEMENT_3D('',#3182,#2621,#2622);
#2090=AXIS2_PLACEMENT_3D('',#3192,#2628,#2629);
#2091=AXIS2_PLACEMENT_3D('',#3193,#2630,#2631);
#2092=AXIS2_PLACEMENT_3D('',#3194,#2632,#2633);
#2093=AXIS2_PLACEMENT_3D('',#3195,#2634,#2635);
#2094=AXIS2_PLACEMENT_3D('',#3197,#2636,#2637);
#2095=AXIS2_PLACEMENT_3D('',#3200,#2639,#2640);
#2096=AXIS2_PLACEMENT_3D('',#3201,#2641,#2642);
#2097=AXIS2_PLACEMENT_3D('',#3202,#2643,#2644);
#2098=AXIS2_PLACEMENT_3D('',#3204,#2645,#2646);
#2099=AXIS2_PLACEMENT_3D('',#3207,#2648,#2649);
#2100=AXIS2_PLACEMENT_3D('',#3208,#2650,#2651);
#2101=AXIS2_PLACEMENT_3D('',#3209,#2652,#2653);
#2102=AXIS2_PLACEMENT_3D('',#3211,#2654,#2655);
#2103=AXIS2_PLACEMENT_3D('',#3214,#2657,#2658);
#2104=AXIS2_PLACEMENT_3D('',#3215,#2659,#2660);
#2105=AXIS2_PLACEMENT_3D('',#3216,#2661,#2662);
#2106=AXIS2_PLACEMENT_3D('',#3218,#2663,#2664);
#2107=AXIS2_PLACEMENT_3D('',#3221,#2666,#2667);
#2108=AXIS2_PLACEMENT_3D('',#3222,#2668,#2669);
#2109=AXIS2_PLACEMENT_3D('',#3223,#2670,#2671);
#2110=AXIS2_PLACEMENT_3D('',#3225,#2673,#2674);
#2111=AXIS2_PLACEMENT_3D('',#3231,#2678,#2679);
#2112=AXIS2_PLACEMENT_3D('',#3251,#2694,#2695);
#2113=AXIS2_PLACEMENT_3D('',#3252,#2696,#2697);
#2114=AXIS2_PLACEMENT_3D('',#3254,#2699,#2700);
#2115=AXIS2_PLACEMENT_3D('',#3256,#2702,#2703);
#2116=AXIS2_PLACEMENT_3D('',#3260,#2706,#2707);
#2117=AXIS2_PLACEMENT_3D('',#3262,#2709,#2710);
#2118=AXIS2_PLACEMENT_3D('',#3268,#2714,#2715);
#2119=AXIS2_PLACEMENT_3D('',#3269,#2716,#2717);
#2120=AXIS2_PLACEMENT_3D('',#3271,#2719,#2720);
#2121=AXIS2_PLACEMENT_3D('',#3277,#2724,#2725);
#2122=AXIS2_PLACEMENT_3D('',#3279,#2727,#2728);
#2123=AXIS2_PLACEMENT_3D('',#3280,#2729,#2730);
#2124=AXIS2_PLACEMENT_3D('',#3282,#2732,#2733);
#2125=AXIS2_PLACEMENT_3D('',#3284,#2735,#2736);
#2126=AXIS2_PLACEMENT_3D('',#3285,#2737,#2738);
#2127=DIRECTION('axis',(0.,0.,1.));
#2128=DIRECTION('refdir',(1.,0.,0.));
#2129=DIRECTION('center_axis',(-6.30808536718663E-16,-1.,0.));
#2130=DIRECTION('ref_axis',(0.713250449154182,0.,-0.70090926429985));
#2131=DIRECTION('',(6.30808536718663E-16,1.,0.));
#2132=DIRECTION('center_axis',(1.33540322680423E-15,-0.999847695156391,
-0.0174524064372836));
#2133=DIRECTION('ref_axis',(3.18793613676955E-13,0.0174524064372836,-0.999847695156391));
#2134=DIRECTION('center_axis',(0.0124479204750887,-0.70091021209543,-0.713140886400567));
#2135=DIRECTION('ref_axis',(0.012232569897533,0.713249517756822,-0.700803460075193));
#2136=DIRECTION('',(-6.30808536718663E-16,-1.,0.));
#2137=DIRECTION('center_axis',(0.0124479204750887,0.700910212095426,-0.71314088640057));
#2138=DIRECTION('ref_axis',(-0.0122325698975312,0.713249517756826,0.70080346007519));
#2139=DIRECTION('center_axis',(-6.67701613402117E-16,0.999847695156391,
-0.0174524064372835));
#2140=DIRECTION('ref_axis',(-2.50455918470905E-13,-0.0174524064372835,-0.999847695156391));
#2141=DIRECTION('center_axis',(0.396467732860963,-0.821225140003802,0.410368866053242));
#2142=DIRECTION('ref_axis',(0.57060430196918,0.570604301969178,0.590611091284723));
#2143=DIRECTION('center_axis',(0.,1.,0.));
#2144=DIRECTION('ref_axis',(0.999847695156391,0.,0.0174524064372817));
#2145=DIRECTION('center_axis',(-0.0174497491606808,-0.0174497491606809,
0.999695459881888));
#2146=DIRECTION('ref_axis',(-2.22044604925032E-15,0.999847695156391,0.0174524064372817));
#2147=DIRECTION('center_axis',(1.,4.44156857090717E-15,0.));
#2148=DIRECTION('ref_axis',(0.,0.,1.));
#2149=DIRECTION('center_axis',(-0.0174497491606827,-0.0174497491606828,
0.999695459881888));
#2150=DIRECTION('ref_axis',(0.706891438803884,0.70689143880389,0.024677671923046));
#2151=DIRECTION('',(-0.0174497491606827,-0.0174497491606828,0.999695459881887));
#2152=DIRECTION('',(0.0174497491606827,0.0174497491606828,-0.999695459881887));
#2153=DIRECTION('center_axis',(9.46212805078E-15,1.,0.));
#2154=DIRECTION('ref_axis',(-0.713250449154182,6.3359015562973E-15,-0.70090926429985));
#2155=DIRECTION('',(-9.46212805078E-15,-1.,0.));
#2156=DIRECTION('center_axis',(-6.67701613402117E-16,0.999847695156391,
-0.0174524064372835));
#2157=DIRECTION('ref_axis',(-8.87973767454049E-13,-0.0174524064372835,-0.999847695156391));
#2158=DIRECTION('center_axis',(-0.0124479204750823,0.70091021209543,-0.713140886400567));
#2159=DIRECTION('ref_axis',(-0.0122325698975392,-0.713249517756823,-0.700803460075193));
#2160=DIRECTION('',(9.46212805078E-15,1.,0.));
#2161=DIRECTION('center_axis',(-0.012447920475101,-0.700910212095426,-0.713140886400569));
#2162=DIRECTION('ref_axis',(0.0122325698975309,-0.713249517756826,0.700803460075189));
#2163=DIRECTION('center_axis',(1.33540322680423E-15,-0.999847695156391,
-0.0174524064372836));
#2164=DIRECTION('ref_axis',(8.19913585731069E-13,0.0174524064372836,-0.999847695156391));
#2165=DIRECTION('center_axis',(-0.396467732860973,-0.821225140003793,-0.410368866053252));
#2166=DIRECTION('ref_axis',(0.570604301969175,-0.570604301969191,0.590611091284715));
#2167=DIRECTION('center_axis',(1.,-7.75160599185294E-17,-4.44089209850062E-15));
#2168=DIRECTION('ref_axis',(0.,-0.999847695156391,0.0174524064372818));
#2169=DIRECTION('center_axis',(-0.0174497491606808,0.0174497491606807,0.999695459881888));
#2170=DIRECTION('ref_axis',(0.999847695156391,0.,0.0174524064372816));
#2171=DIRECTION('center_axis',(2.66494114254433E-14,-1.,0.));
#2172=DIRECTION('ref_axis',(0.,0.,1.));
#2173=DIRECTION('center_axis',(-0.0174497491606827,0.0174497491606827,0.999695459881888));
#2174=DIRECTION('ref_axis',(0.706891438803885,-0.706891438803888,0.024677671923046));
#2175=DIRECTION('',(-0.0174497491606827,0.0174497491606827,0.999695459881887));
#2176=DIRECTION('',(0.0174497491606827,-0.0174497491606827,-0.999695459881887));
#2177=DIRECTION('center_axis',(-6.30808536718663E-16,-1.,0.));
#2178=DIRECTION('ref_axis',(0.70090926429985,0.,0.713250449154182));
#2179=DIRECTION('',(6.30808536718663E-16,1.,0.));
#2180=DIRECTION('',(-6.30808536718663E-16,-1.,0.));
#2181=DIRECTION('center_axis',(-0.396467732860966,-0.821225140003801,0.410368866053242));
#2182=DIRECTION('ref_axis',(-0.570604301969179,0.570604301969182,0.59061109128472));
#2183=DIRECTION('center_axis',(-1.,-2.22078428545358E-15,0.));
#2184=DIRECTION('ref_axis',(-2.2204460492503E-15,0.999847695156391,0.0174524064372815));
#2185=DIRECTION('center_axis',(0.0174497491606807,-0.0174497491606808,0.999695459881888));
#2186=DIRECTION('ref_axis',(-0.999847695156391,8.88178419700126E-15,0.0174524064372816));
#2187=DIRECTION('center_axis',(8.8831371418144E-15,1.,0.));
#2188=DIRECTION('ref_axis',(0.,0.,1.));
#2189=DIRECTION('center_axis',(0.0174497491606825,-0.0174497491606827,0.999695459881888));
#2190=DIRECTION('ref_axis',(-0.706891438803885,0.706891438803888,0.0246776719230458));
#2191=DIRECTION('',(0.0174497491606825,-0.0174497491606827,0.999695459881887));
#2192=DIRECTION('',(-0.0174497491606825,0.0174497491606827,-0.999695459881887));
#2193=DIRECTION('center_axis',(0.396467732860959,-0.821225140003805,-0.41036886605324));
#2194=DIRECTION('ref_axis',(-0.570604301969178,-0.570604301969178,0.590611091284726));
#2195=DIRECTION('center_axis',(-9.03816926165145E-15,-1.,-8.88178419700124E-15));
#2196=DIRECTION('ref_axis',(-0.999847695156391,8.88178419700126E-15,0.0174524064372816));
#2197=DIRECTION('center_axis',(0.017449749160681,0.0174497491606809,0.999695459881888));
#2198=DIRECTION('ref_axis',(0.,-0.999847695156391,0.0174524064372817));
#2199=DIRECTION('center_axis',(-1.,0.,0.));
#2200=DIRECTION('ref_axis',(0.,0.,1.));
#2201=DIRECTION('center_axis',(0.0174497491606828,0.0174497491606827,0.999695459881888));
#2202=DIRECTION('ref_axis',(-0.706891438803892,-0.706891438803882,0.0246776719230461));
#2203=DIRECTION('',(0.0174497491606828,0.0174497491606827,0.999695459881887));
#2204=DIRECTION('',(-0.0174497491606828,-0.0174497491606827,-0.999695459881887));
#2205=DIRECTION('center_axis',(-1.,-6.678033230828E-16,0.));
#2206=DIRECTION('ref_axis',(1.55656827968596E-15,-0.700909264299847,0.713250449154185));
#2207=DIRECTION('',(1.,6.678033230828E-16,0.));
#2208=DIRECTION('',(-1.,-6.678033230828E-16,0.));
#2209=DIRECTION('center_axis',(9.46212805078E-15,1.,0.));
#2210=DIRECTION('ref_axis',(-0.700909264299852,0.,0.713250449154181));
#2211=DIRECTION('',(-9.46212805078E-15,-1.,0.));
#2212=DIRECTION('',(9.46212805078E-15,1.,0.));
#2213=DIRECTION('center_axis',(1.,1.3356066461656E-15,0.));
#2214=DIRECTION('ref_axis',(0.,0.700909264299854,0.713250449154179));
#2215=DIRECTION('',(-1.,-1.3356066461656E-15,0.));
#2216=DIRECTION('',(1.,1.3356066461656E-15,0.));
#2217=DIRECTION('center_axis',(6.67701613402117E-16,-0.999847695156391,
0.0174524064372835));
#2218=DIRECTION('ref_axis',(1.,6.678033230828E-16,0.));
#2219=DIRECTION('',(-1.,-6.678033230828E-16,0.));
#2220=DIRECTION('',(-0.0348941878126142,-0.0174417781380945,-0.999238800303651));
#2221=DIRECTION('',(-1.,-6.678033230828E-16,0.));
#2222=DIRECTION('',(-0.0348941878126142,0.0174417781380945,0.999238800303651));
#2223=DIRECTION('',(-1.,-6.678033230828E-16,0.));
#2224=DIRECTION('center_axis',(0.999847695156391,-6.30712461523131E-16,
0.0174524064372835));
#2225=DIRECTION('ref_axis',(6.30808536718663E-16,1.,0.));
#2226=DIRECTION('center_axis',(-0.999847695156391,9.46068692284702E-15,
0.0174524064372834));
#2227=DIRECTION('ref_axis',(-9.46212805078E-15,-1.,0.));
#2228=DIRECTION('center_axis',(0.,0.,1.));
#2229=DIRECTION('ref_axis',(1.,0.,0.));
#2230=DIRECTION('center_axis',(-6.30808536718663E-16,-1.,0.));
#2231=DIRECTION('ref_axis',(0.713250449154182,0.,-0.70090926429985));
#2232=DIRECTION('',(6.30808536718663E-16,1.,0.));
#2233=DIRECTION('center_axis',(1.33540322680423E-15,-0.999847695156391,
-0.0174524064372836));
#2234=DIRECTION('ref_axis',(3.18793613676955E-13,0.0174524064372836,-0.999847695156391));
#2235=DIRECTION('center_axis',(0.0124479204750887,-0.700910212095428,-0.713140886400568));
#2236=DIRECTION('ref_axis',(0.012232569897533,0.713249517756824,-0.700803460075191));
#2237=DIRECTION('',(-6.30808536718663E-16,-1.,0.));
#2238=DIRECTION('center_axis',(0.0124479204750918,0.700910212095428,-0.713140886400568));
#2239=DIRECTION('ref_axis',(-0.0122325698975343,0.713249517756824,0.700803460075191));
#2240=DIRECTION('center_axis',(-6.67701613402117E-16,0.999847695156391,
-0.0174524064372835));
#2241=DIRECTION('ref_axis',(-2.50455918470905E-13,-0.0174524064372835,-0.999847695156391));
#2242=DIRECTION('center_axis',(0.396467732860962,-0.821225140003804,0.41036886605324));
#2243=DIRECTION('ref_axis',(0.570604301969181,0.570604301969176,0.590611091284724));
#2244=DIRECTION('center_axis',(0.,1.,0.));
#2245=DIRECTION('ref_axis',(0.999847695156391,0.,0.0174524064372817));
#2246=DIRECTION('center_axis',(-0.0174497491606808,-0.0174497491606808,
0.999695459881888));
#2247=DIRECTION('ref_axis',(-2.22044604925031E-15,0.999847695156391,0.0174524064372816));
#2248=DIRECTION('center_axis',(1.,4.44156857090719E-15,0.));
#2249=DIRECTION('ref_axis',(0.,0.,1.));
#2250=DIRECTION('center_axis',(-0.0174497491606827,-0.0174497491606828,
0.999695459881888));
#2251=DIRECTION('ref_axis',(0.706891438803884,0.70689143880389,0.024677671923046));
#2252=DIRECTION('',(-0.0174497491606827,-0.0174497491606828,0.999695459881887));
#2253=DIRECTION('',(0.0174497491606827,0.0174497491606828,-0.999695459881887));
#2254=DIRECTION('center_axis',(9.46212805078E-15,1.,0.));
#2255=DIRECTION('ref_axis',(-0.713250449154182,6.3359015562973E-15,-0.70090926429985));
#2256=DIRECTION('',(-9.46212805078E-15,-1.,0.));
#2257=DIRECTION('center_axis',(-6.67701613402117E-16,0.999847695156391,
-0.0174524064372835));
#2258=DIRECTION('ref_axis',(-8.87973767454049E-13,-0.0174524064372835,-0.999847695156391));
#2259=DIRECTION('center_axis',(-0.0124479204750824,0.700910212095428,-0.713140886400568));
#2260=DIRECTION('ref_axis',(-0.0122325698975392,-0.713249517756824,-0.700803460075191));
#2261=DIRECTION('',(9.46212805078E-15,1.,0.));
#2262=DIRECTION('center_axis',(-0.0124479204750948,-0.700910212095426,-0.71314088640057));
#2263=DIRECTION('ref_axis',(0.0122325698975248,-0.713249517756826,0.700803460075189));
#2264=DIRECTION('center_axis',(1.33540322680423E-15,-0.999847695156391,
-0.0174524064372836));
#2265=DIRECTION('ref_axis',(8.19913585731069E-13,0.0174524064372836,-0.999847695156391));
#2266=DIRECTION('center_axis',(-0.396467732860961,-0.821225140003806,-0.410368866053237));
#2267=DIRECTION('ref_axis',(0.570604301969182,-0.570604301969177,0.590611091284722));
#2268=DIRECTION('center_axis',(1.,-7.75160599185283E-17,-4.44089209850062E-15));
#2269=DIRECTION('ref_axis',(0.,-0.999847695156391,0.0174524064372816));
#2270=DIRECTION('center_axis',(-0.0174497491606808,0.0174497491606809,0.999695459881888));
#2271=DIRECTION('ref_axis',(0.999847695156391,0.,0.0174524064372816));
#2272=DIRECTION('center_axis',(-4.44156857090721E-15,-1.,0.));
#2273=DIRECTION('ref_axis',(0.,0.,1.));
#2274=DIRECTION('center_axis',(-0.0174497491606827,0.0174497491606827,0.999695459881888));
#2275=DIRECTION('ref_axis',(0.706891438803888,-0.706891438803885,0.024677671923046));
#2276=DIRECTION('',(-0.0174497491606827,0.0174497491606827,0.999695459881887));
#2277=DIRECTION('',(0.0174497491606827,-0.0174497491606827,-0.999695459881887));
#2278=DIRECTION('center_axis',(-6.30808536718663E-16,-1.,0.));
#2279=DIRECTION('ref_axis',(0.70090926429985,0.,0.713250449154182));
#2280=DIRECTION('',(6.30808536718663E-16,1.,0.));
#2281=DIRECTION('',(-6.30808536718663E-16,-1.,0.));
#2282=DIRECTION('center_axis',(-0.396467732860968,-0.821225140003798,0.410368866053244));
#2283=DIRECTION('ref_axis',(-0.570604301969179,0.570604301969184,0.590611091284719));
#2284=DIRECTION('center_axis',(-1.,-2.22078428545359E-15,0.));
#2285=DIRECTION('ref_axis',(-2.22044604925031E-15,0.999847695156391,0.0174524064372816));
#2286=DIRECTION('center_axis',(0.0174497491606807,-0.0174497491606807,0.999695459881888));
#2287=DIRECTION('ref_axis',(-0.999847695156391,8.88178419700126E-15,0.0174524064372816));
#2288=DIRECTION('center_axis',(8.8831371418144E-15,1.,0.));
#2289=DIRECTION('ref_axis',(0.,0.,1.));
#2290=DIRECTION('center_axis',(0.0174497491606825,-0.0174497491606827,0.999695459881888));
#2291=DIRECTION('ref_axis',(-0.706891438803882,0.706891438803892,0.0246776719230458));
#2292=DIRECTION('',(0.0174497491606825,-0.0174497491606827,0.999695459881887));
#2293=DIRECTION('',(-0.0174497491606825,0.0174497491606827,-0.999695459881887));
#2294=DIRECTION('center_axis',(0.396467732860959,-0.821225140003805,-0.41036886605324));
#2295=DIRECTION('ref_axis',(-0.570604301969179,-0.570604301969175,0.590611091284727));
#2296=DIRECTION('center_axis',(-8.8831371418144E-15,-1.,0.));
#2297=DIRECTION('ref_axis',(-0.999847695156391,8.88178419700126E-15,0.0174524064372816));
#2298=DIRECTION('center_axis',(0.017449749160681,0.0174497491606808,0.999695459881888));
#2299=DIRECTION('ref_axis',(0.,-0.999847695156391,0.0174524064372816));
#2300=DIRECTION('center_axis',(-1.,0.,0.));
#2301=DIRECTION('ref_axis',(0.,0.,1.));
#2302=DIRECTION('center_axis',(0.0174497491606828,0.0174497491606827,0.999695459881888));
#2303=DIRECTION('ref_axis',(-0.706891438803892,-0.706891438803882,0.0246776719230461));
#2304=DIRECTION('',(0.0174497491606828,0.0174497491606827,0.999695459881887));
#2305=DIRECTION('',(-0.0174497491606828,-0.0174497491606827,-0.999695459881887));
#2306=DIRECTION('center_axis',(-1.,-6.678033230828E-16,0.));
#2307=DIRECTION('ref_axis',(1.55656827968595E-15,-0.700909264299854,0.713250449154179));
#2308=DIRECTION('',(1.,6.678033230828E-16,0.));
#2309=DIRECTION('',(-1.,-6.678033230828E-16,0.));
#2310=DIRECTION('center_axis',(9.46212805078E-15,1.,0.));
#2311=DIRECTION('ref_axis',(-0.700909264299852,6.2262731187438E-15,0.713250449154181));
#2312=DIRECTION('',(-9.46212805078E-15,-1.,0.));
#2313=DIRECTION('',(9.46212805078E-15,1.,0.));
#2314=DIRECTION('center_axis',(1.,1.3356066461656E-15,0.));
#2315=DIRECTION('ref_axis',(0.,0.70090926429985,0.713250449154182));
#2316=DIRECTION('',(-1.,-1.3356066461656E-15,0.));
#2317=DIRECTION('',(1.,1.3356066461656E-15,0.));
#2318=DIRECTION('center_axis',(6.67701613402117E-16,-0.999847695156391,
0.0174524064372835));
#2319=DIRECTION('ref_axis',(1.,6.678033230828E-16,0.));
#2320=DIRECTION('',(-1.,-6.678033230828E-16,0.));
#2321=DIRECTION('',(-0.0348941878126143,-0.0174417781380945,-0.999238800303651));
#2322=DIRECTION('',(-1.,-6.678033230828E-16,0.));
#2323=DIRECTION('',(-0.0348941878126144,0.0174417781380945,0.999238800303651));
#2324=DIRECTION('',(-1.,-6.678033230828E-16,0.));
#2325=DIRECTION('center_axis',(0.999847695156391,-6.30712461523131E-16,
0.0174524064372835));
#2326=DIRECTION('ref_axis',(6.30808536718663E-16,1.,0.));
#2327=DIRECTION('center_axis',(-0.999847695156391,9.46068692284702E-15,
0.0174524064372834));
#2328=DIRECTION('ref_axis',(-9.46212805078E-15,-1.,0.));
#2329=DIRECTION('center_axis',(0.,0.,1.));
#2330=DIRECTION('ref_axis',(1.,0.,0.));
#2331=DIRECTION('center_axis',(-6.30808536718663E-16,-1.,0.));
#2332=DIRECTION('ref_axis',(0.713250449154182,0.,-0.70090926429985));
#2333=DIRECTION('',(6.30808536718663E-16,1.,0.));
#2334=DIRECTION('center_axis',(1.33540322680423E-15,-0.999847695156391,
-0.0174524064372836));
#2335=DIRECTION('ref_axis',(3.18793613676955E-13,0.0174524064372836,-0.999847695156391));
#2336=DIRECTION('center_axis',(0.0124479204750887,-0.700910212095428,-0.713140886400568));
#2337=DIRECTION('ref_axis',(0.012232569897533,0.713249517756824,-0.700803460075191));
#2338=DIRECTION('',(-6.30808536718663E-16,-1.,0.));
#2339=DIRECTION('center_axis',(0.0124479204750887,0.70091021209543,-0.713140886400567));
#2340=DIRECTION('ref_axis',(-0.0122325698975313,0.713249517756823,0.700803460075193));
#2341=DIRECTION('center_axis',(-6.67701613402117E-16,0.999847695156391,
-0.0174524064372835));
#2342=DIRECTION('ref_axis',(-2.50455918470905E-13,-0.0174524064372835,-0.999847695156391));
#2343=DIRECTION('center_axis',(0.396467732860962,-0.821225140003804,0.41036886605324));
#2344=DIRECTION('ref_axis',(0.57060430196918,0.570604301969178,0.590611091284723));
#2345=DIRECTION('center_axis',(0.,1.,0.));
#2346=DIRECTION('ref_axis',(0.999847695156391,0.,0.0174524064372817));
#2347=DIRECTION('center_axis',(-0.0174497491606808,-0.0174497491606808,
0.999695459881888));
#2348=DIRECTION('ref_axis',(-2.22044604925031E-15,0.999847695156391,0.0174524064372816));
#2349=DIRECTION('center_axis',(1.,4.44156857090719E-15,0.));
#2350=DIRECTION('ref_axis',(0.,0.,1.));
#2351=DIRECTION('center_axis',(-0.0174497491606827,-0.0174497491606828,
0.999695459881888));
#2352=DIRECTION('ref_axis',(0.706891438803884,0.70689143880389,0.024677671923046));
#2353=DIRECTION('',(-0.0174497491606827,-0.0174497491606828,0.999695459881887));
#2354=DIRECTION('',(0.0174497491606827,0.0174497491606828,-0.999695459881887));
#2355=DIRECTION('center_axis',(9.46212805078E-15,1.,0.));
#2356=DIRECTION('ref_axis',(-0.713250449154181,6.33590155629732E-15,-0.700909264299852));
#2357=DIRECTION('',(-9.46212805078E-15,-1.,0.));
#2358=DIRECTION('center_axis',(-6.67701613402117E-16,0.999847695156391,
-0.0174524064372835));
#2359=DIRECTION('ref_axis',(-1.1704131148488E-12,-0.0174524064372835,-0.999847695156391));
#2360=DIRECTION('center_axis',(-0.0124479204750824,0.700910212095428,-0.713140886400568));
#2361=DIRECTION('ref_axis',(-0.0122325698975392,-0.713249517756824,-0.700803460075191));
#2362=DIRECTION('',(9.46212805078E-15,1.,0.));
#2363=DIRECTION('center_axis',(-0.0124479204750948,-0.700910212095426,-0.713140886400569));
#2364=DIRECTION('ref_axis',(0.0122325698975248,-0.713249517756826,0.70080346007519));
#2365=DIRECTION('center_axis',(1.33540322680423E-15,-0.999847695156391,
-0.0174524064372836));
#2366=DIRECTION('ref_axis',(8.22064315224863E-13,0.0174524064372836,-0.999847695156391));
#2367=DIRECTION('center_axis',(-0.396467732860961,-0.821225140003806,-0.410368866053237));
#2368=DIRECTION('ref_axis',(0.570604301969182,-0.570604301969177,0.590611091284722));
#2369=DIRECTION('center_axis',(1.,-7.75160599185283E-17,-4.44089209850062E-15));
#2370=DIRECTION('ref_axis',(0.,-0.999847695156391,0.0174524064372816));
#2371=DIRECTION('center_axis',(-0.0174497491606808,0.0174497491606809,0.999695459881888));
#2372=DIRECTION('ref_axis',(0.999847695156391,0.,0.0174524064372816));
#2373=DIRECTION('center_axis',(-4.44156857090721E-15,-1.,0.));
#2374=DIRECTION('ref_axis',(0.,0.,1.));
#2375=DIRECTION('center_axis',(-0.0174497491606827,0.0174497491606827,0.999695459881888));
#2376=DIRECTION('ref_axis',(0.706891438803888,-0.706891438803885,0.024677671923046));
#2377=DIRECTION('',(-0.0174497491606827,0.0174497491606827,0.999695459881887));
#2378=DIRECTION('',(0.0174497491606827,-0.0174497491606827,-0.999695459881887));
#2379=DIRECTION('center_axis',(-6.30808536718663E-16,-1.,0.));
#2380=DIRECTION('ref_axis',(0.70090926429985,0.,0.713250449154182));
#2381=DIRECTION('',(6.30808536718663E-16,1.,0.));
#2382=DIRECTION('',(-6.30808536718663E-16,-1.,0.));
#2383=DIRECTION('center_axis',(-0.396467732860968,-0.821225140003798,0.410368866053244));
#2384=DIRECTION('ref_axis',(-0.570604301969179,0.570604301969184,0.590611091284719));
#2385=DIRECTION('center_axis',(-1.,-2.22078428545359E-15,0.));
#2386=DIRECTION('ref_axis',(-2.22044604925031E-15,0.999847695156391,0.0174524064372816));
#2387=DIRECTION('center_axis',(0.0174497491606807,-0.0174497491606807,0.999695459881888));
#2388=DIRECTION('ref_axis',(-0.999847695156391,8.88178419700126E-15,0.0174524064372816));
#2389=DIRECTION('center_axis',(8.8831371418144E-15,1.,0.));
#2390=DIRECTION('ref_axis',(0.,0.,1.));
#2391=DIRECTION('center_axis',(0.0174497491606825,-0.0174497491606827,0.999695459881888));
#2392=DIRECTION('ref_axis',(-0.706891438803882,0.706891438803892,0.0246776719230458));
#2393=DIRECTION('',(0.0174497491606825,-0.0174497491606827,0.999695459881887));
#2394=DIRECTION('',(-0.0174497491606825,0.0174497491606827,-0.999695459881887));
#2395=DIRECTION('center_axis',(0.396467732860958,-0.821225140003806,-0.410368866053239));
#2396=DIRECTION('ref_axis',(-0.570604301969179,-0.570604301969175,0.590611091284727));
#2397=DIRECTION('center_axis',(-8.8831371418144E-15,-1.,0.));
#2398=DIRECTION('ref_axis',(-0.999847695156391,8.88178419700126E-15,0.0174524064372816));
#2399=DIRECTION('center_axis',(0.017449749160681,0.0174497491606808,0.999695459881888));
#2400=DIRECTION('ref_axis',(0.,-0.999847695156391,0.0174524064372816));
#2401=DIRECTION('center_axis',(-1.,0.,0.));
#2402=DIRECTION('ref_axis',(0.,0.,1.));
#2403=DIRECTION('center_axis',(0.0174497491606828,0.0174497491606827,0.999695459881888));
#2404=DIRECTION('ref_axis',(-0.706891438803892,-0.706891438803882,0.0246776719230461));
#2405=DIRECTION('',(0.0174497491606828,0.0174497491606827,0.999695459881887));
#2406=DIRECTION('',(-0.0174497491606828,-0.0174497491606827,-0.999695459881887));
#2407=DIRECTION('center_axis',(-1.,-6.678033230828E-16,0.));
#2408=DIRECTION('ref_axis',(1.55656827968595E-15,-0.700909264299854,0.713250449154179));
#2409=DIRECTION('',(1.,6.678033230828E-16,0.));
#2410=DIRECTION('',(-1.,-6.678033230828E-16,0.));
#2411=DIRECTION('center_axis',(9.46212805078E-15,1.,0.));
#2412=DIRECTION('ref_axis',(-0.700909264299852,6.2262731187438E-15,0.713250449154181));
#2413=DIRECTION('',(-9.46212805078E-15,-1.,0.));
#2414=DIRECTION('',(9.46212805078E-15,1.,0.));
#2415=DIRECTION('center_axis',(1.,1.3356066461656E-15,0.));
#2416=DIRECTION('ref_axis',(0.,0.70090926429985,0.713250449154182));
#2417=DIRECTION('',(-1.,-1.3356066461656E-15,0.));
#2418=DIRECTION('',(1.,1.3356066461656E-15,0.));
#2419=DIRECTION('center_axis',(6.67701613402117E-16,-0.999847695156391,
0.0174524064372835));
#2420=DIRECTION('ref_axis',(1.,6.678033230828E-16,0.));
#2421=DIRECTION('',(-1.,-6.678033230828E-16,0.));
#2422=DIRECTION('',(-0.0348941878126144,-0.0174417781380945,-0.999238800303651));
#2423=DIRECTION('',(-1.,-6.678033230828E-16,0.));
#2424=DIRECTION('',(-0.0348941878126144,0.0174417781380945,0.999238800303651));
#2425=DIRECTION('',(-1.,-6.678033230828E-16,0.));
#2426=DIRECTION('center_axis',(0.999847695156391,-6.30712461523131E-16,
0.0174524064372835));
#2427=DIRECTION('ref_axis',(6.30808536718663E-16,1.,0.));
#2428=DIRECTION('center_axis',(-0.999847695156391,9.46068692284702E-15,
0.0174524064372834));
#2429=DIRECTION('ref_axis',(-9.46212805078E-15,-1.,0.));
#2430=DIRECTION('center_axis',(0.,0.,1.));
#2431=DIRECTION('ref_axis',(1.,0.,0.));
#2432=DIRECTION('center_axis',(-6.30808536718663E-16,-1.,0.));
#2433=DIRECTION('ref_axis',(0.713250449154182,0.,-0.70090926429985));
#2434=DIRECTION('',(6.30808536718663E-16,1.,0.));
#2435=DIRECTION('center_axis',(1.37713457764187E-15,-0.999847695156391,
-0.0174524064372835));
#2436=DIRECTION('ref_axis',(3.18793613676955E-13,0.0174524064372835,-0.999847695156391));
#2437=DIRECTION('center_axis',(0.012447920475087,-0.700910212095429,-0.713140886400567));
#2438=DIRECTION('ref_axis',(0.0122325698975314,0.713249517756823,-0.700803460075192));
#2439=DIRECTION('',(-6.30808536718663E-16,-1.,0.));
#2440=DIRECTION('center_axis',(0.0124479204750909,0.700910212095428,-0.713140886400568));
#2441=DIRECTION('ref_axis',(-0.0122325698975334,0.713249517756824,0.700803460075191));
#2442=DIRECTION('center_axis',(-6.67701613402117E-16,0.999847695156391,
-0.0174524064372835));
#2443=DIRECTION('ref_axis',(-2.50455918470905E-13,-0.0174524064372835,-0.999847695156391));
#2444=DIRECTION('center_axis',(0.39646773286096,-0.821225140003805,0.41036886605324));
#2445=DIRECTION('ref_axis',(0.570604301969181,0.570604301969176,0.590611091284724));
#2446=DIRECTION('center_axis',(1.1103921427268E-15,1.,0.));
#2447=DIRECTION('ref_axis',(0.999847695156391,-1.11022302462516E-15,0.0174524064372817));
#2448=DIRECTION('center_axis',(-0.0174497491606808,-0.0174497491606808,
0.999695459881888));
#2449=DIRECTION('ref_axis',(-2.22044604925031E-15,0.999847695156391,0.0174524064372816));
#2450=DIRECTION('center_axis',(1.,4.44156857090719E-15,0.));
#2451=DIRECTION('ref_axis',(0.,0.,1.));
#2452=DIRECTION('center_axis',(-0.0174497491606827,-0.0174497491606827,
0.999695459881888));
#2453=DIRECTION('ref_axis',(0.706891438803886,0.706891438803888,0.024677671923046));
#2454=DIRECTION('',(-0.0174497491606827,-0.0174497491606827,0.999695459881887));
#2455=DIRECTION('',(0.0174497491606827,0.0174497491606827,-0.999695459881887));
#2456=DIRECTION('center_axis',(9.46212805078E-15,1.,0.));
#2457=DIRECTION('ref_axis',(-0.713250449154182,6.3359015562973E-15,-0.70090926429985));
#2458=DIRECTION('',(-9.46212805078E-15,-1.,0.));
#2459=DIRECTION('center_axis',(-6.67701613402117E-16,0.999847695156391,
-0.0174524064372835));
#2460=DIRECTION('ref_axis',(-8.87973767454049E-13,-0.0174524064372835,-0.999847695156391));
#2461=DIRECTION('center_axis',(-0.0124479204750816,0.700910212095429,-0.713140886400567));
#2462=DIRECTION('ref_axis',(-0.0122325698975384,-0.713249517756823,-0.700803460075192));
#2463=DIRECTION('',(9.46212805078E-15,1.,0.));
#2464=DIRECTION('center_axis',(-0.0124479204750955,-0.700910212095428,-0.713140886400568));
#2465=DIRECTION('ref_axis',(0.0122325698975256,-0.713249517756824,0.700803460075191));
#2466=DIRECTION('center_axis',(1.37713457764187E-15,-0.999847695156391,
-0.0174524064372835));
#2467=DIRECTION('ref_axis',(8.19913585731069E-13,0.0174524064372835,-0.999847695156391));
#2468=DIRECTION('center_axis',(-0.396467732860964,-0.821225140003803,-0.41036886605324));
#2469=DIRECTION('ref_axis',(0.57060430196918,-0.57060430196918,0.590611091284722));
#2470=DIRECTION('center_axis',(1.,-7.75160599185283E-17,-4.44089209850062E-15));
#2471=DIRECTION('ref_axis',(0.,-0.999847695156391,0.0174524064372816));
#2472=DIRECTION('center_axis',(-0.0174497491606808,0.0174497491606808,0.999695459881888));
#2473=DIRECTION('ref_axis',(0.999847695156391,-1.11022302462516E-15,0.0174524064372816));
#2474=DIRECTION('center_axis',(-2.2207842854536E-15,-1.,0.));
#2475=DIRECTION('ref_axis',(0.,0.,1.));
#2476=DIRECTION('center_axis',(-0.0174497491606827,0.0174497491606827,0.999695459881888));
#2477=DIRECTION('ref_axis',(0.706891438803887,-0.706891438803887,0.024677671923046));
#2478=DIRECTION('',(-0.0174497491606827,0.0174497491606827,0.999695459881887));
#2479=DIRECTION('',(0.0174497491606827,-0.0174497491606827,-0.999695459881887));
#2480=DIRECTION('center_axis',(-6.30808536718663E-16,-1.,0.));
#2481=DIRECTION('ref_axis',(0.70090926429985,-1.55656827968595E-15,0.713250449154182));
#2482=DIRECTION('',(6.30808536718663E-16,1.,0.));
#2483=DIRECTION('',(-6.30808536718663E-16,-1.,0.));
#2484=DIRECTION('center_axis',(-0.396467732860966,-0.8212251400038,0.410368866053243));
#2485=DIRECTION('ref_axis',(-0.570604301969179,0.570604301969184,0.590611091284719));
#2486=DIRECTION('center_axis',(-1.,-2.2207842854536E-15,0.));
#2487=DIRECTION('ref_axis',(-2.22044604925031E-15,0.999847695156391,0.0174524064372816));
#2488=DIRECTION('center_axis',(0.0174497491606806,-0.0174497491606808,0.999695459881888));
#2489=DIRECTION('ref_axis',(-0.999847695156391,9.99200722162642E-15,0.0174524064372816));
#2490=DIRECTION('center_axis',(9.9935292845412E-15,1.,0.));
#2491=DIRECTION('ref_axis',(0.,0.,1.));
#2492=DIRECTION('center_axis',(0.0174497491606825,-0.0174497491606826,0.999695459881888));
#2493=DIRECTION('ref_axis',(-0.706891438803884,0.70689143880389,0.0246776719230458));
#2494=DIRECTION('',(0.0174497491606825,-0.0174497491606826,0.999695459881887));
#2495=DIRECTION('',(-0.0174497491606825,0.0174497491606826,-0.999695459881887));
#2496=DIRECTION('center_axis',(0.396467732860958,-0.821225140003806,-0.410368866053239));
#2497=DIRECTION('ref_axis',(-0.570604301969179,-0.570604301969175,0.590611091284727));
#2498=DIRECTION('center_axis',(-9.97415026956156E-15,-1.,1.11022302462516E-15));
#2499=DIRECTION('ref_axis',(-0.999847695156391,9.99200722162642E-15,0.0174524064372816));
#2500=DIRECTION('center_axis',(0.017449749160681,0.0174497491606808,0.999695459881888));
#2501=DIRECTION('ref_axis',(0.,-0.999847695156391,0.0174524064372816));
#2502=DIRECTION('center_axis',(-1.,0.,0.));
#2503=DIRECTION('ref_axis',(0.,0.,1.));
#2504=DIRECTION('center_axis',(0.0174497491606828,0.0174497491606827,0.999695459881888));
#2505=DIRECTION('ref_axis',(-0.706891438803891,-0.706891438803883,0.024677671923046));
#2506=DIRECTION('',(0.0174497491606828,0.0174497491606827,0.999695459881887));
#2507=DIRECTION('',(-0.0174497491606828,-0.0174497491606827,-0.999695459881887));
#2508=DIRECTION('center_axis',(-1.,-6.678033230828E-16,0.));
#2509=DIRECTION('ref_axis',(1.55656827968595E-15,-0.700909264299852,0.713250449154181));
#2510=DIRECTION('',(1.,6.678033230828E-16,0.));
#2511=DIRECTION('',(-1.,-6.678033230828E-16,0.));
#2512=DIRECTION('center_axis',(9.46212805078E-15,1.,0.));
#2513=DIRECTION('ref_axis',(-0.700909264299852,7.78284139842975E-15,0.713250449154181));
#2514=DIRECTION('',(-9.46212805078E-15,-1.,0.));
#2515=DIRECTION('',(9.46212805078E-15,1.,0.));
#2516=DIRECTION('center_axis',(1.,1.37734435385828E-15,0.));
#2517=DIRECTION('ref_axis',(0.,0.700909264299851,0.713250449154182));
#2518=DIRECTION('',(-1.,-1.37734435385828E-15,0.));
#2519=DIRECTION('',(1.,1.37734435385828E-15,0.));
#2520=DIRECTION('center_axis',(6.67701613402117E-16,-0.999847695156391,
0.0174524064372835));
#2521=DIRECTION('ref_axis',(1.,6.678033230828E-16,0.));
#2522=DIRECTION('',(-1.,-6.678033230828E-16,0.));
#2523=DIRECTION('',(-0.0348941878126142,-0.0174417781380945,-0.999238800303651));
#2524=DIRECTION('',(-1.,-6.678033230828E-16,0.));
#2525=DIRECTION('',(-0.0348941878126144,0.0174417781380944,0.999238800303651));
#2526=DIRECTION('',(-1.,-6.678033230828E-16,0.));
#2527=DIRECTION('center_axis',(0.999847695156391,-6.30712461523131E-16,
0.0174524064372835));
#2528=DIRECTION('ref_axis',(6.30808536718663E-16,1.,0.));
#2529=DIRECTION('center_axis',(-0.999847695156391,9.46068692284702E-15,
0.0174524064372834));
#2530=DIRECTION('ref_axis',(-9.46212805078E-15,-1.,0.));
#2531=DIRECTION('center_axis',(0.,0.,1.));
#2532=DIRECTION('ref_axis',(1.,0.,0.));
#2533=DIRECTION('center_axis',(9.46212805078E-15,1.,0.));
#2534=DIRECTION('ref_axis',(-0.713250449154182,7.91987694537163E-15,-0.70090926429985));
#2535=DIRECTION('',(-9.46212805078E-15,-1.,0.));
#2536=DIRECTION('center_axis',(-6.67701613402117E-16,0.999847695156391,
-0.0174524064372835));
#2537=DIRECTION('ref_axis',(-8.88112524195584E-13,-0.0174524064372835,-0.999847695156391));
#2538=DIRECTION('center_axis',(-0.0124479204750817,0.700910212095429,-0.713140886400567));
#2539=DIRECTION('ref_axis',(-0.0122325698975385,-0.713249517756823,-0.700803460075192));
#2540=DIRECTION('',(9.46212805078E-15,1.,0.));
#2541=DIRECTION('center_axis',(-0.0124479204750956,-0.700910212095428,-0.713140886400568));
#2542=DIRECTION('ref_axis',(0.0122325698975256,-0.713249517756824,0.700803460075191));
#2543=DIRECTION('center_axis',(1.37713457764187E-15,-0.999847695156391,
-0.0174524064372835));
#2544=DIRECTION('ref_axis',(5.35184752100987E-13,0.0174524064372835,-0.999847695156391));
#2545=DIRECTION('center_axis',(0.396467732860964,-0.821225140003803,-0.410368866053239));
#2546=DIRECTION('ref_axis',(-0.570604301969183,-0.570604301969178,0.590611091284721));
#2547=DIRECTION('center_axis',(-9.97415026956156E-15,-1.,1.11022302462516E-15));
#2548=DIRECTION('ref_axis',(-0.999847695156391,9.99200722162642E-15,0.0174524064372816));
#2549=DIRECTION('center_axis',(0.0174497491606765,0.0174497491606763,0.999695459881888));
#2550=DIRECTION('ref_axis',(0.,-0.999847695156391,0.0174524064372772));
#2551=DIRECTION('center_axis',(-1.,2.22078428545359E-15,0.));
#2552=DIRECTION('ref_axis',(0.,0.,1.));
#2553=DIRECTION('center_axis',(0.0174497491606829,0.0174497491606827,0.999695459881888));
#2554=DIRECTION('ref_axis',(-0.706891438803891,-0.706891438803883,0.0246776719230461));
#2555=DIRECTION('',(0.0174497491606829,0.0174497491606827,0.999695459881887));
#2556=DIRECTION('',(-0.0174497491606829,-0.0174497491606827,-0.999695459881887));
#2557=DIRECTION('center_axis',(-6.30808536718663E-16,-1.,0.));
#2558=DIRECTION('ref_axis',(0.713250449154182,-1.58397538907433E-15,-0.70090926429985));
#2559=DIRECTION('',(6.30808536718663E-16,1.,0.));
#2560=DIRECTION('center_axis',(1.37713457764187E-15,-0.999847695156391,
-0.0174524064372835));
#2561=DIRECTION('ref_axis',(3.39954016761062E-14,0.0174524064372835,-0.999847695156391));
#2562=DIRECTION('center_axis',(0.0124479204750854,-0.700910212095429,-0.713140886400567));
#2563=DIRECTION('ref_axis',(0.0122325698975298,0.713249517756823,-0.700803460075192));
#2564=DIRECTION('',(-6.30808536718663E-16,-1.,0.));
#2565=DIRECTION('center_axis',(0.01244792047509,0.700910212095429,-0.713140886400567));
#2566=DIRECTION('ref_axis',(-0.0122325698975326,0.713249517756823,0.700803460075192));
#2567=DIRECTION('center_axis',(-6.67701613402117E-16,0.999847695156391,
-0.0174524064372835));
#2568=DIRECTION('ref_axis',(3.39954016761062E-14,-0.0174524064372835,-0.999847695156391));
#2569=DIRECTION('center_axis',(-0.396467732860966,-0.8212251400038,0.410368866053243));
#2570=DIRECTION('ref_axis',(-0.570604301969179,0.570604301969184,0.590611091284719));
#2571=DIRECTION('center_axis',(-1.,-3.87580299592642E-17,2.22044604925031E-15));
#2572=DIRECTION('ref_axis',(0.,0.999847695156391,0.0174524064372816));
#2573=DIRECTION('center_axis',(0.0174497491606806,-0.0174497491606808,0.999695459881888));
#2574=DIRECTION('ref_axis',(-0.999847695156391,9.99200722162642E-15,0.0174524064372816));
#2575=DIRECTION('center_axis',(9.9935292845412E-15,1.,0.));
#2576=DIRECTION('ref_axis',(0.,0.,1.));
#2577=DIRECTION('center_axis',(0.0174497491606825,-0.0174497491606826,0.999695459881888));
#2578=DIRECTION('ref_axis',(-0.706891438803884,0.70689143880389,0.0246776719230458));
#2579=DIRECTION('',(0.0174497491606825,-0.0174497491606826,0.999695459881887));
#2580=DIRECTION('',(-0.0174497491606825,0.0174497491606826,-0.999695459881887));
#2581=DIRECTION('center_axis',(9.46212805078E-15,1.,0.));
#2582=DIRECTION('ref_axis',(-0.70090926429985,7.78284139842977E-15,0.713250449154182));
#2583=DIRECTION('',(-9.46212805078E-15,-1.,0.));
#2584=DIRECTION('',(9.46212805078E-15,1.,0.));
#2585=DIRECTION('center_axis',(-0.396467732860963,-0.821225140003803,-0.41036886605324));
#2586=DIRECTION('ref_axis',(0.57060430196918,-0.570604301969181,0.590611091284721));
#2587=DIRECTION('center_axis',(1.,0.,0.));
#2588=DIRECTION('ref_axis',(0.,-0.999847695156391,0.0174524064372816));
#2589=DIRECTION('center_axis',(-0.0174497491606808,0.0174497491606808,0.999695459881888));
#2590=DIRECTION('ref_axis',(0.999847695156391,-1.11022302462516E-15,0.0174524064372816));
#2591=DIRECTION('center_axis',(-2.2207842854536E-15,-1.,0.));
#2592=DIRECTION('ref_axis',(0.,0.,1.));
#2593=DIRECTION('center_axis',(-0.0174497491606826,0.0174497491606827,0.999695459881888));
#2594=DIRECTION('ref_axis',(0.706891438803887,-0.706891438803887,0.0246776719230459));
#2595=DIRECTION('',(-0.0174497491606826,0.0174497491606827,0.999695459881887));
#2596=DIRECTION('',(0.0174497491606826,-0.0174497491606827,-0.999695459881887));
#2597=DIRECTION('center_axis',(0.396467732860964,-0.821225140003803,0.41036886605324));
#2598=DIRECTION('ref_axis',(0.570604301969181,0.57060430196918,0.590611091284721));
#2599=DIRECTION('center_axis',(1.1103921427268E-15,1.,0.));
#2600=DIRECTION('ref_axis',(0.999847695156391,-1.11022302462516E-15,0.0174524064372816));
#2601=DIRECTION('center_axis',(-0.0174497491606764,-0.0174497491606764,
0.999695459881888));
#2602=DIRECTION('ref_axis',(-2.22044604925031E-15,0.999847695156391,0.0174524064372772));
#2603=DIRECTION('center_axis',(1.,4.44156857090719E-15,0.));
#2604=DIRECTION('ref_axis',(0.,0.,1.));
#2605=DIRECTION('center_axis',(-0.0174497491606826,-0.0174497491606827,
0.999695459881888));
#2606=DIRECTION('ref_axis',(0.706891438803886,0.706891438803888,0.024677671923046));
#2607=DIRECTION('',(-0.0174497491606826,-0.0174497491606827,0.999695459881887));
#2608=DIRECTION('',(0.0174497491606826,0.0174497491606827,-0.999695459881887));
#2609=DIRECTION('center_axis',(1.,1.37734435385828E-15,0.));
#2610=DIRECTION('ref_axis',(0.,0.700909264299851,0.713250449154182));
#2611=DIRECTION('',(-1.,-1.37734435385828E-15,0.));
#2612=DIRECTION('',(1.,1.37734435385828E-15,0.));
#2613=DIRECTION('center_axis',(-6.30808536718663E-16,-1.,0.));
#2614=DIRECTION('ref_axis',(0.70090926429985,-1.55656827968595E-15,0.713250449154182));
#2615=DIRECTION('',(6.30808536718663E-16,1.,0.));
#2616=DIRECTION('',(-6.30808536718663E-16,-1.,0.));
#2617=DIRECTION('center_axis',(-1.,-6.678033230828E-16,0.));
#2618=DIRECTION('ref_axis',(1.55656827968595E-15,-0.700909264299852,0.713250449154181));
#2619=DIRECTION('',(1.,6.678033230828E-16,0.));
#2620=DIRECTION('',(-1.,-6.678033230828E-16,0.));
#2621=DIRECTION('center_axis',(-1.37713457764187E-15,0.999847695156391,
0.0174524064372835));
#2622=DIRECTION('ref_axis',(-1.,-1.37734435385828E-15,0.));
#2623=DIRECTION('',(1.,1.37734435385828E-15,0.));
#2624=DIRECTION('',(0.034894187812614,0.0174417781380945,-0.999238800303651));
#2625=DIRECTION('',(1.,1.37734435385828E-15,0.));
#2626=DIRECTION('',(0.0348941878126142,-0.0174417781380944,0.999238800303651));
#2627=DIRECTION('',(1.,1.37734435385828E-15,0.));
#2628=DIRECTION('center_axis',(-0.999847695156391,9.46068692284702E-15,
0.0174524064372835));
#2629=DIRECTION('ref_axis',(-9.46212805078E-15,-1.,0.));
#2630=DIRECTION('center_axis',(0.999847695156391,-6.30712461523131E-16,
0.0174524064372835));
#2631=DIRECTION('ref_axis',(6.30808536718663E-16,1.,0.));
#2632=DIRECTION('center_axis',(0.,0.,1.));
#2633=DIRECTION('ref_axis',(1.,0.,0.));
#2634=DIRECTION('center_axis',(0.,0.,-1.));
#2635=DIRECTION('ref_axis',(1.,0.,0.));
#2636=DIRECTION('center_axis',(0.,0.,-1.));
#2637=DIRECTION('ref_axis',(1.,0.,0.));
#2638=DIRECTION('',(0.,0.,1.));
#2639=DIRECTION('center_axis',(0.,0.,1.));
#2640=DIRECTION('ref_axis',(1.,0.,0.));
#2641=DIRECTION('center_axis',(0.,0.,1.));
#2642=DIRECTION('ref_axis',(1.,0.,0.));
#2643=DIRECTION('center_axis',(0.,0.,-1.));
#2644=DIRECTION('ref_axis',(1.,0.,0.));
#2645=DIRECTION('center_axis',(0.,0.,-1.));
#2646=DIRECTION('ref_axis',(1.,0.,0.));
#2647=DIRECTION('',(0.,0.,1.));
#2648=DIRECTION('center_axis',(0.,0.,1.));
#2649=DIRECTION('ref_axis',(1.,0.,0.));
#2650=DIRECTION('center_axis',(0.,0.,1.));
#2651=DIRECTION('ref_axis',(1.,0.,0.));
#2652=DIRECTION('center_axis',(0.,0.,-1.));
#2653=DIRECTION('ref_axis',(1.,0.,0.));
#2654=DIRECTION('center_axis',(0.,0.,-1.));
#2655=DIRECTION('ref_axis',(1.,0.,0.));
#2656=DIRECTION('',(0.,0.,1.));
#2657=DIRECTION('center_axis',(0.,0.,1.));
#2658=DIRECTION('ref_axis',(1.,0.,0.));
#2659=DIRECTION('center_axis',(0.,0.,1.));
#2660=DIRECTION('ref_axis',(1.,0.,0.));
#2661=DIRECTION('center_axis',(0.,0.,-1.));
#2662=DIRECTION('ref_axis',(1.,0.,0.));
#2663=DIRECTION('center_axis',(0.,0.,-1.));
#2664=DIRECTION('ref_axis',(1.,0.,0.));
#2665=DIRECTION('',(0.,0.,1.));
#2666=DIRECTION('center_axis',(0.,0.,1.));
#2667=DIRECTION('ref_axis',(1.,0.,0.));
#2668=DIRECTION('center_axis',(0.,0.,1.));
#2669=DIRECTION('ref_axis',(1.,0.,0.));
#2670=DIRECTION('center_axis',(-1.33540322680423E-15,0.999847695156391,
0.0174524064372836));
#2671=DIRECTION('ref_axis',(-1.,-1.3356066461656E-15,0.));
#2672=DIRECTION('',(1.,1.3356066461656E-15,0.));
#2673=DIRECTION('center_axis',(-0.999390827019096,-9.46712207129583E-16,
0.0348994967025009));
#2674=DIRECTION('ref_axis',(9.47289270158064E-16,-1.,0.));
#2675=DIRECTION('',(-9.47289270158064E-16,1.,0.));
#2676=DIRECTION('',(0.0348941878126142,-0.0174417781380945,0.999238800303651));
#2677=DIRECTION('',(-9.47289270158064E-16,1.,0.));
#2678=DIRECTION('center_axis',(0.,0.,1.));
#2679=DIRECTION('ref_axis',(1.,0.,0.));
#2680=DIRECTION('',(1.89457854031613E-16,-1.,0.));
#2681=DIRECTION('',(1.,1.3356066461656E-15,0.));
#2682=DIRECTION('',(-3.78915708063218E-16,-1.,0.));
#2683=DIRECTION('',(1.,1.3356066461656E-15,0.));
#2684=DIRECTION('',(-3.78915708063223E-16,-1.,0.));
#2685=DIRECTION('',(1.,1.37734435385828E-15,0.));
#2686=DIRECTION('',(1.11780133878637E-14,-1.,0.));
#2687=DIRECTION('',(-1.,-6.678033230828E-16,0.));
#2688=DIRECTION('',(-7.5783141612635E-16,1.,0.));
#2689=DIRECTION('',(1.,1.37734435385828E-15,0.));
#2690=DIRECTION('',(-1.89457854031611E-16,1.,0.));
#2691=DIRECTION('',(1.,1.3356066461656E-15,0.));
#2692=DIRECTION('',(-1.13674712418965E-15,1.,0.));
#2693=DIRECTION('',(1.,1.3356066461656E-15,0.));
#2694=DIRECTION('center_axis',(6.67701613402117E-16,-0.999847695156391,
0.0174524064372835));
#2695=DIRECTION('ref_axis',(1.,6.678033230828E-16,0.));
#2696=DIRECTION('center_axis',(-0.999390827019096,-7.57369765703566E-16,
0.0348994967025009));
#2697=DIRECTION('ref_axis',(7.5783141612635E-16,-1.,0.));
#2698=DIRECTION('',(-7.5783141612635E-16,1.,0.));
#2699=DIRECTION('center_axis',(0.,0.,1.));
#2700=DIRECTION('ref_axis',(1.,0.,0.));
#2701=DIRECTION('',(1.11780133878637E-14,-1.,0.));
#2702=DIRECTION('center_axis',(-1.33540322680423E-15,0.999847695156391,
0.0174524064372836));
#2703=DIRECTION('ref_axis',(-1.,-1.3356066461656E-15,0.));
#2704=DIRECTION('',(0.0348941878126142,0.0174417781380946,-0.999238800303651));
#2705=DIRECTION('',(1.,1.3356066461656E-15,0.));
#2706=DIRECTION('center_axis',(0.999390827019096,1.89342441425917E-16,0.0348994967025009));
#2707=DIRECTION('ref_axis',(-1.89457854031613E-16,1.,0.));
#2708=DIRECTION('',(1.89457854031613E-16,-1.,0.));
#2709=DIRECTION('center_axis',(0.,0.,1.));
#2710=DIRECTION('ref_axis',(1.,0.,0.));
#2711=DIRECTION('',(-1.13674712418965E-15,1.,0.));
#2712=DIRECTION('',(1.,1.3356066461656E-15,0.));
#2713=DIRECTION('',(-3.78915708063218E-16,-1.,0.));
#2714=DIRECTION('center_axis',(0.,0.,1.));
#2715=DIRECTION('ref_axis',(1.,0.,0.));
#2716=DIRECTION('center_axis',(-0.999390827019096,-1.13605464855548E-15,
0.034899496702501));
#2717=DIRECTION('ref_axis',(1.13674712418965E-15,-1.,0.));
#2718=DIRECTION('',(0.0348941878126144,-0.0174417781380945,0.999238800303651));
#2719=DIRECTION('center_axis',(-1.37713457764187E-15,0.999847695156391,
0.0174524064372835));
#2720=DIRECTION('ref_axis',(-1.,-1.37734435385828E-15,0.));
#2721=DIRECTION('',(0.0348941878126144,0.0174417781380945,-0.999238800303651));
#2722=DIRECTION('',(1.,1.37734435385828E-15,0.));
#2723=DIRECTION('',(0.0348941878126144,-0.0174417781380944,0.999238800303651));
#2724=DIRECTION('center_axis',(0.999390827019096,-3.7868488285183E-16,0.0348994967025011));
#2725=DIRECTION('ref_axis',(3.78915708063223E-16,1.,0.));
#2726=DIRECTION('',(-3.78915708063223E-16,-1.,0.));
#2727=DIRECTION('center_axis',(0.999390827019096,1.11712040441276E-14,0.0348994967025008));
#2728=DIRECTION('ref_axis',(-1.11780133878637E-14,1.,0.));
#2729=DIRECTION('center_axis',(0.,0.,1.));
#2730=DIRECTION('ref_axis',(1.,0.,0.));
#2731=DIRECTION('',(-1.89457854031611E-16,1.,0.));
#2732=DIRECTION('center_axis',(-1.33540322680423E-15,0.999847695156391,
0.0174524064372836));
#2733=DIRECTION('ref_axis',(-1.,-1.3356066461656E-15,0.));
#2734=DIRECTION('',(0.0348941878126144,0.0174417781380946,-0.999238800303651));
#2735=DIRECTION('center_axis',(0.999390827019096,-3.78684882851826E-16,
0.0348994967025011));
#2736=DIRECTION('ref_axis',(3.78915708063218E-16,1.,0.));
#2737=DIRECTION('center_axis',(-0.999390827019096,-1.89342441425915E-16,
0.034899496702501));
#2738=DIRECTION('ref_axis',(1.89457854031611E-16,-1.,0.));
#2739=CARTESIAN_POINT('',(0.,0.,0.));
#2740=CARTESIAN_POINT('Origin',(6.14119630351363,19.4899999999999,0.5));
#2741=CARTESIAN_POINT('',(6.14119630351363,25.7899999999995,0.));
#2742=CARTESIAN_POINT('',(6.14119630351363,27.55,0.));
#2743=CARTESIAN_POINT('',(6.14119630351363,19.4899999999999,0.));
#2744=CARTESIAN_POINT('',(6.15007477637772,27.5499986239562,7.8833495118294E-5));
#2745=CARTESIAN_POINT('Origin',(6.14119630351363,27.5412724675359,0.5));
#2746=CARTESIAN_POINT('',(6.64112015109183,27.041196303514,0.508726203218642));
#2747=CARTESIAN_POINT('Origin',(6.14119630351363,27.041196303514,0.5));
#2748=CARTESIAN_POINT('',(6.64112015109183,26.2988036964856,0.508726203218642));
#2749=CARTESIAN_POINT('',(6.64112015109182,19.4899999999999,0.508726203218642));
#2750=CARTESIAN_POINT('',(6.15007477637772,25.7900013760433,7.88334951183634E-5));
#2751=CARTESIAN_POINT('Origin',(6.14119630351363,26.2988036964856,0.5));
#2752=CARTESIAN_POINT('Origin',(6.14119630351363,25.7987275324636,0.5));
#2753=CARTESIAN_POINT('Origin',(5.90031640750423,26.8003164075046,14.3));
#2754=CARTESIAN_POINT('',(6.40024025508243,26.8003164075046,14.3087262032186));
#2755=CARTESIAN_POINT('',(5.90031640750423,26.8003164075046,14.8));
#2756=CARTESIAN_POINT('Origin',(5.90031640750423,26.8003164075046,14.3));
#2757=CARTESIAN_POINT('',(5.90031640750423,27.3002402550828,14.3087262032186));
#2758=CARTESIAN_POINT('Origin',(5.90031640750423,26.8003164075046,14.3));
#2759=CARTESIAN_POINT('Origin',(5.90031640750423,26.8003164075046,14.3));
#2760=CARTESIAN_POINT('Origin',(6.14820349269707,27.0482034926974,0.098558400541207));
#2761=CARTESIAN_POINT('',(6.14820349269707,27.5481273402756,0.107284603759849));
#2762=CARTESIAN_POINT('',(6.64812734027527,27.0482034926974,0.107284603759849));
#2763=CARTESIAN_POINT('Origin',(-6.14119630351432,18.6099999999997,0.5));
#2764=CARTESIAN_POINT('',(-6.14119630351424,27.55,0.));
#2765=CARTESIAN_POINT('',(-6.14119630351425,25.7899999999995,0.));
#2766=CARTESIAN_POINT('',(-6.14119630351432,18.6099999999997,0.));
#2767=CARTESIAN_POINT('',(-6.15007477637834,25.7900013760433,7.88334951184327E-5));
#2768=CARTESIAN_POINT('Origin',(-6.14119630351426,25.7987275324636,0.5));
#2769=CARTESIAN_POINT('',(-6.64112015109245,26.2988036964856,0.508726203218642));
#2770=CARTESIAN_POINT('Origin',(-6.14119630351425,26.2988036964856,0.5));
#2771=CARTESIAN_POINT('',(-6.64112015109244,27.0411963035139,0.508726203218642));
#2772=CARTESIAN_POINT('',(-6.64112015109252,18.6099999999997,0.508726203218642));
#2773=CARTESIAN_POINT('',(-6.15007477637834,27.5499986239562,7.88334951185715E-5));
#2774=CARTESIAN_POINT('Origin',(-6.14119630351424,27.0411963035139,0.5));
#2775=CARTESIAN_POINT('Origin',(-6.14119630351424,27.5412724675359,0.5));
#2776=CARTESIAN_POINT('Origin',(5.90031640750423,26.539683592495,14.3));
#2777=CARTESIAN_POINT('',(5.90031640750423,26.0397597449168,14.3087262032186));
#2778=CARTESIAN_POINT('',(5.90031640750423,26.539683592495,14.8));
#2779=CARTESIAN_POINT('Origin',(5.90031640750423,26.539683592495,14.3));
#2780=CARTESIAN_POINT('',(6.40024025508243,26.539683592495,14.3087262032186));
#2781=CARTESIAN_POINT('Origin',(5.90031640750423,26.539683592495,14.3));
#2782=CARTESIAN_POINT('Origin',(5.90031640750423,26.539683592495,14.3));
#2783=CARTESIAN_POINT('Origin',(6.14996042161017,26.2900395783891,-0.00209598947809962));
#2784=CARTESIAN_POINT('',(6.64988426918837,26.2900395783891,0.00663021374054213));
#2785=CARTESIAN_POINT('',(6.14996042161017,25.7901157308109,0.00663021374054222));
#2786=CARTESIAN_POINT('Origin',(5.90031640750423,27.1099999999999,14.3));
#2787=CARTESIAN_POINT('',(6.40024025508243,27.1099999999999,14.3087262032186));
#2788=CARTESIAN_POINT('',(5.90031640750423,27.1099999999999,14.8));
#2789=CARTESIAN_POINT('Origin',(-5.90031640750485,26.8003164075045,14.3));
#2790=CARTESIAN_POINT('',(-5.90031640750485,27.3002402550827,14.3087262032186));
#2791=CARTESIAN_POINT('',(-5.90031640750485,26.8003164075045,14.8));
#2792=CARTESIAN_POINT('Origin',(-5.90031640750485,26.8003164075045,14.3));
#2793=CARTESIAN_POINT('',(-6.40024025508304,26.8003164075045,14.3087262032186));
#2794=CARTESIAN_POINT('Origin',(-5.90031640750485,26.8003164075045,14.3));
#2795=CARTESIAN_POINT('Origin',(-5.90031640750485,26.8003164075045,14.3));
#2796=CARTESIAN_POINT('Origin',(-6.14996042161078,27.0499604216105,-0.00209598947809965));
#2797=CARTESIAN_POINT('',(-6.64988426918898,27.0499604216105,0.00663021374054206));
#2798=CARTESIAN_POINT('',(-6.14996042161079,27.5498842691887,0.00663021374054213));
#2799=CARTESIAN_POINT('Origin',(-5.90031640750485,26.539683592495,14.3));
#2800=CARTESIAN_POINT('',(-6.40024025508304,26.539683592495,14.3087262032186));
#2801=CARTESIAN_POINT('',(-5.90031640750485,26.539683592495,14.8));
#2802=CARTESIAN_POINT('Origin',(-5.90031640750485,26.539683592495,14.3));
#2803=CARTESIAN_POINT('',(-5.90031640750485,26.0397597449168,14.3087262032186));
#2804=CARTESIAN_POINT('Origin',(-5.90031640750485,26.539683592495,14.3));
#2805=CARTESIAN_POINT('Origin',(-5.90031640750485,26.539683592495,14.3));
#2806=CARTESIAN_POINT('Origin',(-6.14820349269769,26.2917965073021,0.0985584005412075));
#2807=CARTESIAN_POINT('',(-6.14820349269769,25.7918726597239,0.107284603759849));
#2808=CARTESIAN_POINT('',(-6.64812734027589,26.2917965073021,0.107284603759849));
#2809=CARTESIAN_POINT('Origin',(3.32499999999969,26.539683592495,14.3));
#2810=CARTESIAN_POINT('',(3.32499999999969,26.0397597449168,14.3087262032186));
#2811=CARTESIAN_POINT('',(3.32499999999969,26.539683592495,14.8));
#2812=CARTESIAN_POINT('Origin',(-5.90031640750485,26.2299999999997,14.3));
#2813=CARTESIAN_POINT('',(-6.40024025508305,26.2299999999997,14.3087262032186));
#2814=CARTESIAN_POINT('',(-5.90031640750485,26.2299999999997,14.8));
#2815=CARTESIAN_POINT('Origin',(-3.32500000000031,26.8003164075045,14.3));
#2816=CARTESIAN_POINT('',(-3.32500000000031,27.3002402550827,14.3087262032186));
#2817=CARTESIAN_POINT('',(-3.32500000000031,26.8003164075045,14.8));
#2818=CARTESIAN_POINT('Origin',(6.64999999999969,25.7899999999995,0.));
#2819=CARTESIAN_POINT('',(-5.65000000000033,25.7899999999995,0.));
#2820=CARTESIAN_POINT('',(6.64999999999969,25.7899999999995,0.));
#2821=CARTESIAN_POINT('',(-5.4055546135581,25.912185454497,7.));
#2822=CARTESIAN_POINT('',(-5.64429498016891,25.7928516408145,0.163370392876518));
#2823=CARTESIAN_POINT('',(5.40555461355746,25.9121854544971,7.));
#2824=CARTESIAN_POINT('',(3.32499999999969,25.9121854544971,7.));
#2825=CARTESIAN_POINT('',(5.64999999999969,25.7899999999995,0.));
#2826=CARTESIAN_POINT('',(5.65060880217125,25.7896956916585,-0.0174338131837235));
#2827=CARTESIAN_POINT('',(6.64999999999969,25.7899999999995,0.));
#2828=CARTESIAN_POINT('Origin',(6.6499999999997,27.55,0.));
#2829=CARTESIAN_POINT('Origin',(-6.65000000000032,25.7899999999995,0.));
#2830=CARTESIAN_POINT('Origin',(-3.10862446895044E-13,26.6699999999998,
14.8));
#2831=CARTESIAN_POINT('Origin',(6.14119630351363,15.6799999999999,0.5));
#2832=CARTESIAN_POINT('',(6.14119630351363,18.1699999999995,0.));
#2833=CARTESIAN_POINT('',(6.14119630351363,19.93,0.));
#2834=CARTESIAN_POINT('',(6.14119630351363,15.6799999999999,0.));
#2835=CARTESIAN_POINT('',(6.15007477637772,19.9299986239562,7.88334951183113E-5));
#2836=CARTESIAN_POINT('Origin',(6.14119630351363,19.9212724675359,0.5));
#2837=CARTESIAN_POINT('',(6.64112015109183,19.421196303514,0.508726203218642));
#2838=CARTESIAN_POINT('Origin',(6.14119630351363,19.421196303514,0.5));
#2839=CARTESIAN_POINT('',(6.64112015109183,18.6788036964856,0.508726203218642));
#2840=CARTESIAN_POINT('',(6.64112015109183,15.6799999999999,0.508726203218642));
#2841=CARTESIAN_POINT('',(6.15007477637772,18.1700013760433,7.88334951183634E-5));
#2842=CARTESIAN_POINT('Origin',(6.14119630351363,18.6788036964856,0.5));
#2843=CARTESIAN_POINT('Origin',(6.14119630351363,18.1787275324636,0.5));
#2844=CARTESIAN_POINT('Origin',(5.90031640750423,19.1803164075046,14.3));
#2845=CARTESIAN_POINT('',(6.40024025508243,19.1803164075046,14.3087262032186));
#2846=CARTESIAN_POINT('',(5.90031640750423,19.1803164075046,14.8));
#2847=CARTESIAN_POINT('Origin',(5.90031640750423,19.1803164075046,14.3));
#2848=CARTESIAN_POINT('',(5.90031640750423,19.6802402550828,14.3087262032186));
#2849=CARTESIAN_POINT('Origin',(5.90031640750423,19.1803164075046,14.3));
#2850=CARTESIAN_POINT('Origin',(5.90031640750423,19.1803164075046,14.3));
#2851=CARTESIAN_POINT('Origin',(6.14820349269707,19.4282034926974,0.098558400541207));
#2852=CARTESIAN_POINT('',(6.14820349269707,19.9281273402756,0.107284603759849));
#2853=CARTESIAN_POINT('',(6.64812734027527,19.4282034926974,0.107284603759849));
#2854=CARTESIAN_POINT('Origin',(-6.14119630351429,14.7999999999997,0.5));
#2855=CARTESIAN_POINT('',(-6.14119630351424,19.93,0.));
#2856=CARTESIAN_POINT('',(-6.14119630351426,18.1699999999995,0.));
#2857=CARTESIAN_POINT('',(-6.14119630351429,14.7999999999997,0.));
#2858=CARTESIAN_POINT('',(-6.15007477637834,18.1700013760433,7.88334951183807E-5));
#2859=CARTESIAN_POINT('Origin',(-6.14119630351426,18.1787275324636,0.5));
#2860=CARTESIAN_POINT('',(-6.64112015109245,18.6788036964856,0.508726203218642));
#2861=CARTESIAN_POINT('Origin',(-6.14119630351425,18.6788036964856,0.5));
#2862=CARTESIAN_POINT('',(-6.64112015109244,19.4211963035139,0.508726203218642));
#2863=CARTESIAN_POINT('',(-6.64112015109249,14.7999999999997,0.508726203218642));
#2864=CARTESIAN_POINT('',(-6.15007477637834,19.9299986239562,7.88334951185715E-5));
#2865=CARTESIAN_POINT('Origin',(-6.14119630351425,19.4211963035139,0.5));
#2866=CARTESIAN_POINT('Origin',(-6.14119630351424,19.9212724675359,0.5));
#2867=CARTESIAN_POINT('Origin',(5.90031640750423,18.919683592495,14.3));
#2868=CARTESIAN_POINT('',(5.90031640750423,18.4197597449168,14.3087262032186));
#2869=CARTESIAN_POINT('',(5.90031640750423,18.919683592495,14.8));
#2870=CARTESIAN_POINT('Origin',(5.90031640750423,18.919683592495,14.3));
#2871=CARTESIAN_POINT('',(6.40024025508243,18.919683592495,14.3087262032186));
#2872=CARTESIAN_POINT('Origin',(5.90031640750423,18.919683592495,14.3));
#2873=CARTESIAN_POINT('Origin',(5.90031640750423,18.919683592495,14.3));
#2874=CARTESIAN_POINT('Origin',(6.14996042161017,18.6700395783891,-0.00209598947809964));
#2875=CARTESIAN_POINT('',(6.64988426918837,18.6700395783891,0.00663021374054211));
#2876=CARTESIAN_POINT('',(6.14996042161017,18.1701157308109,0.00663021374054213));
#2877=CARTESIAN_POINT('Origin',(5.90031640750423,19.4899999999999,14.3));
#2878=CARTESIAN_POINT('',(6.40024025508243,19.4899999999999,14.3087262032186));
#2879=CARTESIAN_POINT('',(5.90031640750423,19.4899999999999,14.8));
#2880=CARTESIAN_POINT('Origin',(-5.90031640750485,19.1803164075045,14.3));
#2881=CARTESIAN_POINT('',(-5.90031640750485,19.6802402550827,14.3087262032186));
#2882=CARTESIAN_POINT('',(-5.90031640750485,19.1803164075045,14.8));
#2883=CARTESIAN_POINT('Origin',(-5.90031640750485,19.1803164075045,14.3));
#2884=CARTESIAN_POINT('',(-6.40024025508304,19.1803164075045,14.3087262032186));
#2885=CARTESIAN_POINT('Origin',(-5.90031640750485,19.1803164075045,14.3));
#2886=CARTESIAN_POINT('Origin',(-5.90031640750485,19.1803164075045,14.3));
#2887=CARTESIAN_POINT('Origin',(-6.14996042161078,19.4299604216105,-0.00209598947809967));
#2888=CARTESIAN_POINT('',(-6.64988426918898,19.4299604216105,0.00663021374054204));
#2889=CARTESIAN_POINT('',(-6.14996042161079,19.9298842691887,0.00663021374054215));
#2890=CARTESIAN_POINT('Origin',(-5.90031640750485,18.919683592495,14.3));
#2891=CARTESIAN_POINT('',(-6.40024025508304,18.919683592495,14.3087262032186));
#2892=CARTESIAN_POINT('',(-5.90031640750485,18.919683592495,14.8));
#2893=CARTESIAN_POINT('Origin',(-5.90031640750485,18.919683592495,14.3));
#2894=CARTESIAN_POINT('',(-5.90031640750485,18.4197597449168,14.3087262032186));
#2895=CARTESIAN_POINT('Origin',(-5.90031640750485,18.919683592495,14.3));
#2896=CARTESIAN_POINT('Origin',(-5.90031640750485,18.919683592495,14.3));
#2897=CARTESIAN_POINT('Origin',(-6.14820349269769,18.6717965073021,0.0985584005412075));
#2898=CARTESIAN_POINT('',(-6.14820349269769,18.171872659724,0.107284603759849));
#2899=CARTESIAN_POINT('',(-6.64812734027589,18.6717965073022,0.107284603759849));
#2900=CARTESIAN_POINT('Origin',(3.32499999999969,18.919683592495,14.3));
#2901=CARTESIAN_POINT('',(3.32499999999969,18.4197597449168,14.3087262032186));
#2902=CARTESIAN_POINT('',(3.32499999999969,18.919683592495,14.8));
#2903=CARTESIAN_POINT('Origin',(-5.90031640750485,18.6099999999997,14.3));
#2904=CARTESIAN_POINT('',(-6.40024025508305,18.6099999999997,14.3087262032186));
#2905=CARTESIAN_POINT('',(-5.90031640750485,18.6099999999997,14.8));
#2906=CARTESIAN_POINT('Origin',(-3.32500000000031,19.1803164075045,14.3));
#2907=CARTESIAN_POINT('',(-3.32500000000031,19.6802402550827,14.3087262032186));
#2908=CARTESIAN_POINT('',(-3.32500000000031,19.1803164075045,14.8));
#2909=CARTESIAN_POINT('Origin',(6.64999999999969,18.1699999999995,0.));
#2910=CARTESIAN_POINT('',(-5.65000000000032,18.1699999999996,0.));
#2911=CARTESIAN_POINT('',(6.64999999999969,18.1699999999995,0.));
#2912=CARTESIAN_POINT('',(-5.40555461355809,18.2921854544971,7.));
#2913=CARTESIAN_POINT('',(-5.64429498016891,18.1728516408145,0.163370392876519));
#2914=CARTESIAN_POINT('',(5.40555461355747,18.2921854544971,7.));
#2915=CARTESIAN_POINT('',(3.32499999999969,18.2921854544971,7.));
#2916=CARTESIAN_POINT('',(5.6499999999997,18.1699999999996,0.));
#2917=CARTESIAN_POINT('',(5.65060880217125,18.1696956916585,-0.0174338131837226));
#2918=CARTESIAN_POINT('',(6.64999999999969,18.1699999999995,0.));
#2919=CARTESIAN_POINT('Origin',(6.6499999999997,19.93,0.));
#2920=CARTESIAN_POINT('Origin',(-6.65000000000032,18.1699999999995,0.));
#2921=CARTESIAN_POINT('Origin',(-3.10862446895044E-13,19.0499999999998,
14.8));
#2922=CARTESIAN_POINT('Origin',(6.14119630351363,11.8699999999999,0.5));
#2923=CARTESIAN_POINT('',(6.14119630351363,10.5499999999995,0.));
#2924=CARTESIAN_POINT('',(6.14119630351363,12.31,0.));
#2925=CARTESIAN_POINT('',(6.14119630351363,11.8699999999999,0.));
#2926=CARTESIAN_POINT('',(6.15007477637772,12.3099986239562,7.88334951183113E-5));
#2927=CARTESIAN_POINT('Origin',(6.14119630351363,12.3012724675359,0.5));
#2928=CARTESIAN_POINT('',(6.64112015109183,11.801196303514,0.508726203218642));
#2929=CARTESIAN_POINT('Origin',(6.14119630351363,11.801196303514,0.5));
#2930=CARTESIAN_POINT('',(6.64112015109183,11.0588036964856,0.508726203218642));
#2931=CARTESIAN_POINT('',(6.64112015109183,11.8699999999999,0.508726203218642));
#2932=CARTESIAN_POINT('',(6.15007477637772,10.5500013760433,7.8833495118294E-5));
#2933=CARTESIAN_POINT('Origin',(6.14119630351363,11.0588036964856,0.5));
#2934=CARTESIAN_POINT('Origin',(6.14119630351363,10.5587275324636,0.5));
#2935=CARTESIAN_POINT('Origin',(5.90031640750423,11.5603164075046,14.3));
#2936=CARTESIAN_POINT('',(6.40024025508243,11.5603164075046,14.3087262032186));
#2937=CARTESIAN_POINT('',(5.90031640750423,11.5603164075046,14.8));
#2938=CARTESIAN_POINT('Origin',(5.90031640750423,11.5603164075046,14.3));
#2939=CARTESIAN_POINT('',(5.90031640750423,12.0602402550828,14.3087262032186));
#2940=CARTESIAN_POINT('Origin',(5.90031640750423,11.5603164075046,14.3));
#2941=CARTESIAN_POINT('Origin',(5.90031640750423,11.5603164075046,14.3));
#2942=CARTESIAN_POINT('Origin',(6.14820349269707,11.8082034926974,0.098558400541207));
#2943=CARTESIAN_POINT('',(6.14820349269707,12.3081273402756,0.107284603759849));
#2944=CARTESIAN_POINT('',(6.64812734027527,11.8082034926974,0.107284603759849));
#2945=CARTESIAN_POINT('Origin',(-6.14119630351425,10.9899999999997,0.5));
#2946=CARTESIAN_POINT('',(-6.14119630351424,12.31,0.));
#2947=CARTESIAN_POINT('',(-6.14119630351426,10.5499999999995,0.));
#2948=CARTESIAN_POINT('',(-6.14119630351425,10.9899999999997,0.));
#2949=CARTESIAN_POINT('',(-6.15007477637834,10.5500013760433,7.88334951182246E-5));
#2950=CARTESIAN_POINT('Origin',(-6.14119630351426,10.5587275324636,0.5));
#2951=CARTESIAN_POINT('',(-6.64112015109245,11.0588036964856,0.508726203218642));
#2952=CARTESIAN_POINT('Origin',(-6.14119630351425,11.0588036964856,0.5));
#2953=CARTESIAN_POINT('',(-6.64112015109244,11.8011963035139,0.508726203218642));
#2954=CARTESIAN_POINT('',(-6.64112015109245,10.9899999999997,0.508726203218642));
#2955=CARTESIAN_POINT('',(-6.15007477637834,12.3099986239562,7.88334951184327E-5));
#2956=CARTESIAN_POINT('Origin',(-6.14119630351425,11.8011963035139,0.5));
#2957=CARTESIAN_POINT('Origin',(-6.14119630351424,12.3012724675359,0.5));
#2958=CARTESIAN_POINT('Origin',(5.90031640750423,11.299683592495,14.3));
#2959=CARTESIAN_POINT('',(5.90031640750423,10.7997597449168,14.3087262032186));
#2960=CARTESIAN_POINT('',(5.90031640750423,11.299683592495,14.8));
#2961=CARTESIAN_POINT('Origin',(5.90031640750423,11.299683592495,14.3));
#2962=CARTESIAN_POINT('',(6.40024025508243,11.299683592495,14.3087262032186));
#2963=CARTESIAN_POINT('Origin',(5.90031640750423,11.299683592495,14.3));
#2964=CARTESIAN_POINT('Origin',(5.90031640750423,11.299683592495,14.3));
#2965=CARTESIAN_POINT('Origin',(6.14996042161017,11.0500395783891,-0.00209598947809964));
#2966=CARTESIAN_POINT('',(6.64988426918837,11.0500395783891,0.00663021374054211));
#2967=CARTESIAN_POINT('',(6.14996042161017,10.5501157308109,0.00663021374054213));
#2968=CARTESIAN_POINT('Origin',(5.90031640750423,11.8699999999999,14.3));
#2969=CARTESIAN_POINT('',(6.40024025508243,11.8699999999999,14.3087262032186));
#2970=CARTESIAN_POINT('',(5.90031640750423,11.8699999999999,14.8));
#2971=CARTESIAN_POINT('Origin',(-5.90031640750485,11.5603164075045,14.3));
#2972=CARTESIAN_POINT('',(-5.90031640750485,12.0602402550827,14.3087262032186));
#2973=CARTESIAN_POINT('',(-5.90031640750485,11.5603164075045,14.8));
#2974=CARTESIAN_POINT('Origin',(-5.90031640750485,11.5603164075045,14.3));
#2975=CARTESIAN_POINT('',(-6.40024025508304,11.5603164075045,14.3087262032186));
#2976=CARTESIAN_POINT('Origin',(-5.90031640750485,11.5603164075045,14.3));
#2977=CARTESIAN_POINT('Origin',(-5.90031640750485,11.5603164075045,14.3));
#2978=CARTESIAN_POINT('Origin',(-6.14996042161078,11.8099604216105,-0.00209598947809967));
#2979=CARTESIAN_POINT('',(-6.64988426918898,11.8099604216105,0.00663021374054204));
#2980=CARTESIAN_POINT('',(-6.14996042161079,12.3098842691887,0.00663021374054215));
#2981=CARTESIAN_POINT('Origin',(-5.90031640750485,11.299683592495,14.3));
#2982=CARTESIAN_POINT('',(-6.40024025508304,11.299683592495,14.3087262032186));
#2983=CARTESIAN_POINT('',(-5.90031640750485,11.299683592495,14.8));
#2984=CARTESIAN_POINT('Origin',(-5.90031640750485,11.299683592495,14.3));
#2985=CARTESIAN_POINT('',(-5.90031640750485,10.7997597449168,14.3087262032186));
#2986=CARTESIAN_POINT('Origin',(-5.90031640750485,11.299683592495,14.3));
#2987=CARTESIAN_POINT('Origin',(-5.90031640750485,11.299683592495,14.3));
#2988=CARTESIAN_POINT('Origin',(-6.14820349269769,11.0517965073021,0.0985584005412075));
#2989=CARTESIAN_POINT('',(-6.14820349269769,10.551872659724,0.107284603759849));
#2990=CARTESIAN_POINT('',(-6.64812734027589,11.0517965073022,0.107284603759849));
#2991=CARTESIAN_POINT('Origin',(3.32499999999969,11.299683592495,14.3));
#2992=CARTESIAN_POINT('',(3.32499999999969,10.7997597449168,14.3087262032186));
#2993=CARTESIAN_POINT('',(3.32499999999969,11.299683592495,14.8));
#2994=CARTESIAN_POINT('Origin',(-5.90031640750485,10.9899999999997,14.3));
#2995=CARTESIAN_POINT('',(-6.40024025508305,10.9899999999997,14.3087262032186));
#2996=CARTESIAN_POINT('',(-5.90031640750485,10.9899999999997,14.8));
#2997=CARTESIAN_POINT('Origin',(-3.32500000000031,11.5603164075045,14.3));
#2998=CARTESIAN_POINT('',(-3.32500000000031,12.0602402550827,14.3087262032186));
#2999=CARTESIAN_POINT('',(-3.32500000000031,11.5603164075045,14.8));
#3000=CARTESIAN_POINT('Origin',(6.64999999999969,10.5499999999995,0.));
#3001=CARTESIAN_POINT('',(-5.65000000000033,10.5499999999996,0.));
#3002=CARTESIAN_POINT('',(6.64999999999969,10.5499999999995,0.));
#3003=CARTESIAN_POINT('',(-5.40555461355809,10.6721854544971,7.));
#3004=CARTESIAN_POINT('',(-5.64429498016891,10.5528516408145,0.163370392876519));
#3005=CARTESIAN_POINT('',(5.40555461355746,10.6721854544971,7.));
#3006=CARTESIAN_POINT('',(3.32499999999969,10.6721854544971,7.));
#3007=CARTESIAN_POINT('',(5.6499999999997,10.5499999999996,0.));
#3008=CARTESIAN_POINT('',(5.65060880217125,10.5496956916585,-0.0174338131837233));
#3009=CARTESIAN_POINT('',(6.64999999999969,10.5499999999995,0.));
#3010=CARTESIAN_POINT('Origin',(6.6499999999997,12.31,0.));
#3011=CARTESIAN_POINT('Origin',(-6.65000000000032,10.5499999999995,0.));
#3012=CARTESIAN_POINT('Origin',(-3.10862446895044E-13,11.4299999999998,
14.8));
#3013=CARTESIAN_POINT('Origin',(6.14119630351364,8.0599999999999,0.5));
#3014=CARTESIAN_POINT('',(6.14119630351363,2.92999999999953,0.));
#3015=CARTESIAN_POINT('',(6.14119630351363,4.69000000000002,0.));
#3016=CARTESIAN_POINT('',(6.14119630351364,8.0599999999999,0.));
#3017=CARTESIAN_POINT('',(6.15007477637772,4.68999862395625,7.88334951183113E-5));
#3018=CARTESIAN_POINT('Origin',(6.14119630351363,4.68127246753591,0.5));
#3019=CARTESIAN_POINT('',(6.64112015109183,4.18119630351396,0.508726203218642));
#3020=CARTESIAN_POINT('Origin',(6.14119630351363,4.18119630351396,0.5));
#3021=CARTESIAN_POINT('',(6.64112015109183,3.43880369648559,0.508726203218642));
#3022=CARTESIAN_POINT('',(6.64112015109183,8.0599999999999,0.508726203218642));
#3023=CARTESIAN_POINT('',(6.15007477637772,2.93000137604331,7.8833495118294E-5));
#3024=CARTESIAN_POINT('Origin',(6.14119630351363,3.4388036964856,0.5));
#3025=CARTESIAN_POINT('Origin',(6.14119630351363,2.93872753246364,0.5));
#3026=CARTESIAN_POINT('Origin',(5.90031640750423,3.94031640750456,14.3));
#3027=CARTESIAN_POINT('',(6.40024025508243,3.94031640750456,14.3087262032186));
#3028=CARTESIAN_POINT('',(5.90031640750423,3.94031640750456,14.8));
#3029=CARTESIAN_POINT('Origin',(5.90031640750423,3.94031640750456,14.3));
#3030=CARTESIAN_POINT('',(5.90031640750423,4.44024025508275,14.3087262032186));
#3031=CARTESIAN_POINT('Origin',(5.90031640750423,3.94031640750456,14.3));
#3032=CARTESIAN_POINT('Origin',(5.90031640750423,3.94031640750456,14.3));
#3033=CARTESIAN_POINT('Origin',(6.14820349269707,4.1882034926974,0.0985584005412071));
#3034=CARTESIAN_POINT('',(6.14820349269707,4.6881273402756,0.107284603759849));
#3035=CARTESIAN_POINT('',(6.64812734027527,4.1882034926974,0.107284603759849));
#3036=CARTESIAN_POINT('Origin',(-6.14119630351422,7.17999999999967,0.5));
#3037=CARTESIAN_POINT('',(-6.14119630351424,4.69,0.));
#3038=CARTESIAN_POINT('',(-6.14119630351426,2.92999999999952,0.));
#3039=CARTESIAN_POINT('',(-6.14119630351422,7.17999999999967,0.));
#3040=CARTESIAN_POINT('',(-6.15007477637834,2.9300013760433,7.88334951183807E-5));
#3041=CARTESIAN_POINT('Origin',(-6.14119630351426,2.93872753246363,0.5));
#3042=CARTESIAN_POINT('',(-6.64112015109245,3.43880369648559,0.508726203218642));
#3043=CARTESIAN_POINT('Origin',(-6.14119630351425,3.43880369648559,0.5));
#3044=CARTESIAN_POINT('',(-6.64112015109244,4.18119630351395,0.508726203218642));
#3045=CARTESIAN_POINT('',(-6.64112015109241,7.17999999999968,0.508726203218642));
#3046=CARTESIAN_POINT('',(-6.15007477637834,4.68999862395623,7.88334951185715E-5));
#3047=CARTESIAN_POINT('Origin',(-6.14119630351425,4.18119630351394,0.5));
#3048=CARTESIAN_POINT('Origin',(-6.14119630351424,4.6812724675359,0.5));
#3049=CARTESIAN_POINT('Origin',(5.90031640750423,3.679683592495,14.3));
#3050=CARTESIAN_POINT('',(5.90031640750423,3.1797597449168,14.3087262032186));
#3051=CARTESIAN_POINT('',(5.90031640750423,3.679683592495,14.8));
#3052=CARTESIAN_POINT('Origin',(5.90031640750423,3.679683592495,14.3));
#3053=CARTESIAN_POINT('',(6.40024025508243,3.679683592495,14.3087262032186));
#3054=CARTESIAN_POINT('Origin',(5.90031640750423,3.679683592495,14.3));
#3055=CARTESIAN_POINT('Origin',(5.90031640750423,3.679683592495,14.3));
#3056=CARTESIAN_POINT('Origin',(6.14996042161017,3.43003957838906,-0.00209598947809964));
#3057=CARTESIAN_POINT('',(6.64988426918837,3.43003957838906,0.00663021374054211));
#3058=CARTESIAN_POINT('',(6.14996042161017,2.93011573081086,0.00663021374054211));
#3059=CARTESIAN_POINT('Origin',(5.90031640750423,4.2499999999999,14.3));
#3060=CARTESIAN_POINT('',(6.40024025508243,4.2499999999999,14.3087262032186));
#3061=CARTESIAN_POINT('',(5.90031640750423,4.2499999999999,14.8));
#3062=CARTESIAN_POINT('Origin',(-5.90031640750485,3.94031640750454,14.3));
#3063=CARTESIAN_POINT('',(-5.90031640750485,4.44024025508274,14.3087262032186));
#3064=CARTESIAN_POINT('',(-5.90031640750485,3.94031640750454,14.8));
#3065=CARTESIAN_POINT('Origin',(-5.90031640750485,3.94031640750454,14.3));
#3066=CARTESIAN_POINT('',(-6.40024025508304,3.94031640750455,14.3087262032186));
#3067=CARTESIAN_POINT('Origin',(-5.90031640750485,3.94031640750454,14.3));
#3068=CARTESIAN_POINT('Origin',(-5.90031640750485,3.94031640750454,14.3));
#3069=CARTESIAN_POINT('Origin',(-6.14996042161078,4.18996042161048,-0.00209598947809969));
#3070=CARTESIAN_POINT('',(-6.64988426918898,4.18996042161049,0.00663021374054203));
#3071=CARTESIAN_POINT('',(-6.14996042161079,4.68988426918868,0.00663021374054206));
#3072=CARTESIAN_POINT('Origin',(-5.90031640750485,3.67968359249499,14.3));
#3073=CARTESIAN_POINT('',(-6.40024025508304,3.67968359249499,14.3087262032186));
#3074=CARTESIAN_POINT('',(-5.90031640750485,3.67968359249499,14.8));
#3075=CARTESIAN_POINT('Origin',(-5.90031640750485,3.67968359249499,14.3));
#3076=CARTESIAN_POINT('',(-5.90031640750485,3.17975974491679,14.3087262032186));
#3077=CARTESIAN_POINT('Origin',(-5.90031640750485,3.67968359249499,14.3));
#3078=CARTESIAN_POINT('Origin',(-5.90031640750485,3.67968359249499,14.3));
#3079=CARTESIAN_POINT('Origin',(-6.14820349269769,3.43179650730215,0.0985584005412075));
#3080=CARTESIAN_POINT('',(-6.14820349269769,2.93187265972395,0.107284603759849));
#3081=CARTESIAN_POINT('',(-6.64812734027589,3.43179650730215,0.107284603759849));
#3082=CARTESIAN_POINT('Origin',(3.32499999999969,3.679683592495,14.3));
#3083=CARTESIAN_POINT('',(3.32499999999969,3.1797597449168,14.3087262032186));
#3084=CARTESIAN_POINT('',(3.32499999999969,3.679683592495,14.8));
#3085=CARTESIAN_POINT('Origin',(-5.90031640750485,3.36999999999967,14.3));
#3086=CARTESIAN_POINT('',(-6.40024025508305,3.36999999999968,14.3087262032186));
#3087=CARTESIAN_POINT('',(-5.90031640750485,3.36999999999967,14.8));
#3088=CARTESIAN_POINT('Origin',(-3.32500000000031,3.94031640750454,14.3));
#3089=CARTESIAN_POINT('',(-3.32500000000031,4.44024025508274,14.3087262032186));
#3090=CARTESIAN_POINT('',(-3.32500000000031,3.94031640750454,14.8));
#3091=CARTESIAN_POINT('Origin',(6.64999999999969,2.92999999999953,0.));
#3092=CARTESIAN_POINT('',(-5.65000000000032,2.93000000000029,0.));
#3093=CARTESIAN_POINT('',(6.64999999999969,2.92999999999953,0.));
#3094=CARTESIAN_POINT('',(-5.40555461355809,3.05218545449705,7.));
#3095=CARTESIAN_POINT('',(-5.6442949801689,2.93285164081453,0.163370392876518));
#3096=CARTESIAN_POINT('',(5.40555461355746,3.05218545449705,7.));
#3097=CARTESIAN_POINT('',(3.32499999999969,3.05218545449705,7.));
#3098=CARTESIAN_POINT('',(5.6499999999997,2.93000000000029,0.));
#3099=CARTESIAN_POINT('',(5.65060880217125,2.92969569165846,-0.0174338131837169));
#3100=CARTESIAN_POINT('',(6.64999999999969,2.92999999999953,0.));
#3101=CARTESIAN_POINT('Origin',(6.6499999999997,4.69000000000002,0.));
#3102=CARTESIAN_POINT('Origin',(-6.65000000000032,2.92999999999952,0.));
#3103=CARTESIAN_POINT('Origin',(-3.10862446895044E-13,3.80999999999977,
14.8));
#3104=CARTESIAN_POINT('Origin',(-6.14119630351418,3.36999999999967,0.5));
#3105=CARTESIAN_POINT('',(-6.14119630351424,-2.92999999999999,0.));
#3106=CARTESIAN_POINT('',(-6.14119630351426,-4.69000000000048,0.));
#3107=CARTESIAN_POINT('',(-6.14119630351418,3.36999999999967,0.));
#3108=CARTESIAN_POINT('',(-6.15007477637834,-4.6899986239567,7.8833495118294E-5));
#3109=CARTESIAN_POINT('Origin',(-6.14119630351426,-4.68127246753637,0.5));
#3110=CARTESIAN_POINT('',(-6.64112015109245,-4.18119630351441,0.508726203218642));
#3111=CARTESIAN_POINT('Origin',(-6.14119630351425,-4.18119630351441,0.5));
#3112=CARTESIAN_POINT('',(-6.64112015109244,-3.43880369648605,0.508726203218642));
#3113=CARTESIAN_POINT('',(-6.64112015109238,3.36999999999968,0.508726203218642));
#3114=CARTESIAN_POINT('',(-6.15007477637834,-2.93000137604377,7.88334951184327E-5));
#3115=CARTESIAN_POINT('Origin',(-6.14119630351424,-3.43880369648606,0.5));
#3116=CARTESIAN_POINT('Origin',(-6.14119630351424,-2.9387275324641,0.5));
#3117=CARTESIAN_POINT('Origin',(-5.90031640750485,-3.94031640750501,14.3));
#3118=CARTESIAN_POINT('',(-6.40024025508304,-3.94031640750501,14.3087262032186));
#3119=CARTESIAN_POINT('',(-5.90031640750485,-3.94031640750501,14.8));
#3120=CARTESIAN_POINT('Origin',(-5.90031640750485,-3.94031640750501,14.3));
#3121=CARTESIAN_POINT('',(-5.90031640750485,-4.44024025508321,14.3087262032186));
#3122=CARTESIAN_POINT('Origin',(-5.90031640750485,-3.94031640750501,14.3));
#3123=CARTESIAN_POINT('Origin',(-5.90031640750485,-3.94031640750501,14.3));
#3124=CARTESIAN_POINT('Origin',(-6.14820349269769,-4.18820349269785,0.098558400541208));
#3125=CARTESIAN_POINT('',(-6.14820349269769,-4.68812734027605,0.10728460375985));
#3126=CARTESIAN_POINT('',(-6.64812734027589,-4.18820349269785,0.10728460375985));
#3127=CARTESIAN_POINT('Origin',(6.14119630351364,4.2499999999999,0.5));
#3128=CARTESIAN_POINT('',(6.14119630351363,-4.69000000000047,0.));
#3129=CARTESIAN_POINT('',(6.14119630351363,-2.92999999999998,0.));
#3130=CARTESIAN_POINT('',(6.14119630351364,4.2499999999999,0.));
#3131=CARTESIAN_POINT('',(6.15007477637772,-2.93000137604375,7.88334951184154E-5));
#3132=CARTESIAN_POINT('Origin',(6.14119630351363,-2.93872753246409,0.5));
#3133=CARTESIAN_POINT('',(6.64112015109183,-3.43880369648604,0.508726203218642));
#3134=CARTESIAN_POINT('Origin',(6.14119630351363,-3.43880369648604,0.5));
#3135=CARTESIAN_POINT('',(6.64112015109183,-4.18119630351441,0.508726203218642));
#3136=CARTESIAN_POINT('',(6.64112015109183,4.2499999999999,0.508726203218642));
#3137=CARTESIAN_POINT('',(6.15007477637772,-4.68999862395669,7.88334951184327E-5));
#3138=CARTESIAN_POINT('Origin',(6.14119630351363,-4.1811963035144,0.5));
#3139=CARTESIAN_POINT('Origin',(6.14119630351363,-4.68127246753636,0.5));
#3140=CARTESIAN_POINT('Origin',(-5.90031640750485,-3.67968359249546,14.3));
#3141=CARTESIAN_POINT('',(-5.90031640750485,-3.17975974491726,14.3087262032186));
#3142=CARTESIAN_POINT('',(-5.90031640750485,-3.67968359249546,14.8));
#3143=CARTESIAN_POINT('Origin',(-5.90031640750485,-3.67968359249546,14.3));
#3144=CARTESIAN_POINT('',(-6.40024025508304,-3.67968359249545,14.3087262032186));
#3145=CARTESIAN_POINT('Origin',(-5.90031640750485,-3.67968359249546,14.3));
#3146=CARTESIAN_POINT('Origin',(-5.90031640750485,-3.67968359249546,14.3));
#3147=CARTESIAN_POINT('Origin',(-6.14996042161078,-3.43003957838952,-0.00209598947809973));
#3148=CARTESIAN_POINT('',(-6.64988426918898,-3.43003957838951,0.00663021374054203));
#3149=CARTESIAN_POINT('',(-6.14996042161079,-2.93011573081132,0.00663021374054202));
#3150=CARTESIAN_POINT('Origin',(-5.90031640750485,-4.25000000000033,14.3));
#3151=CARTESIAN_POINT('',(-6.40024025508305,-4.25000000000032,14.3087262032186));
#3152=CARTESIAN_POINT('',(-5.90031640750485,-4.25000000000033,14.8));
#3153=CARTESIAN_POINT('Origin',(5.90031640750423,-3.940316407505,14.3));
#3154=CARTESIAN_POINT('',(5.90031640750423,-4.4402402550832,14.3087262032186));
#3155=CARTESIAN_POINT('',(5.90031640750423,-3.940316407505,14.8));
#3156=CARTESIAN_POINT('Origin',(5.90031640750423,-3.940316407505,14.3));
#3157=CARTESIAN_POINT('',(6.40024025508243,-3.940316407505,14.3087262032186));
#3158=CARTESIAN_POINT('Origin',(5.90031640750423,-3.940316407505,14.3));
#3159=CARTESIAN_POINT('Origin',(5.90031640750423,-3.940316407505,14.3));
#3160=CARTESIAN_POINT('Origin',(6.14996042161017,-4.18996042161094,-0.00209598947809961));
#3161=CARTESIAN_POINT('',(6.64988426918837,-4.18996042161094,0.00663021374054211));
#3162=CARTESIAN_POINT('',(6.14996042161017,-4.68988426918914,0.00663021374054215));
#3163=CARTESIAN_POINT('Origin',(5.90031640750423,-3.67968359249544,14.3));
#3164=CARTESIAN_POINT('',(6.40024025508243,-3.67968359249544,14.3087262032186));
#3165=CARTESIAN_POINT('',(5.90031640750423,-3.67968359249544,14.8));
#3166=CARTESIAN_POINT('Origin',(5.90031640750423,-3.67968359249544,14.3));
#3167=CARTESIAN_POINT('',(5.90031640750423,-3.17975974491725,14.3087262032186));
#3168=CARTESIAN_POINT('Origin',(5.90031640750423,-3.67968359249544,14.3));
#3169=CARTESIAN_POINT('Origin',(5.90031640750423,-3.67968359249544,14.3));
#3170=CARTESIAN_POINT('Origin',(6.14820349269707,-3.4317965073026,0.0985584005412066));
#3171=CARTESIAN_POINT('',(6.14820349269707,-2.9318726597244,0.107284603759848));
#3172=CARTESIAN_POINT('',(6.64812734027527,-3.4317965073026,0.107284603759848));
#3173=CARTESIAN_POINT('Origin',(-3.32500000000031,-3.67968359249546,14.3));
#3174=CARTESIAN_POINT('',(-3.32500000000031,-3.17975974491726,14.3087262032186));
#3175=CARTESIAN_POINT('',(-3.32500000000031,-3.67968359249546,14.8));
#3176=CARTESIAN_POINT('Origin',(5.90031640750423,-3.3700000000001,14.3));
#3177=CARTESIAN_POINT('',(6.40024025508243,-3.3700000000001,14.3087262032186));
#3178=CARTESIAN_POINT('',(5.90031640750423,-3.3700000000001,14.8));
#3179=CARTESIAN_POINT('Origin',(3.32499999999969,-3.940316407505,14.3));
#3180=CARTESIAN_POINT('',(3.32499999999969,-4.4402402550832,14.3087262032186));
#3181=CARTESIAN_POINT('',(3.32499999999969,-3.940316407505,14.8));
#3182=CARTESIAN_POINT('Origin',(-6.6500000000003,-2.93,0.));
#3183=CARTESIAN_POINT('',(5.64999999999976,-2.93,0.));
#3184=CARTESIAN_POINT('',(-6.6500000000003,-2.93,0.));
#3185=CARTESIAN_POINT('',(5.40555461355753,-3.0521854544975,7.));
#3186=CARTESIAN_POINT('',(5.64429498016835,-2.93285164081499,0.163370392876512));
#3187=CARTESIAN_POINT('',(-5.40555461355809,-3.05218545449752,7.));
#3188=CARTESIAN_POINT('',(-3.3250000000003,-3.05218545449751,7.));
#3189=CARTESIAN_POINT('',(-5.65000000000032,-2.92999999999999,0.));
#3190=CARTESIAN_POINT('',(-5.65060880217187,-2.92969569165893,-0.0174338131837232));
#3191=CARTESIAN_POINT('',(-6.6500000000003,-2.93,0.));
#3192=CARTESIAN_POINT('Origin',(-6.65000000000032,-4.69000000000048,0.));
#3193=CARTESIAN_POINT('Origin',(6.6499999999997,-2.92999999999998,0.));
#3194=CARTESIAN_POINT('Origin',(-3.10862446895044E-13,-3.81000000000023,
14.8));
#3195=CARTESIAN_POINT('Origin',(0.,0.,0.));
#3196=CARTESIAN_POINT('',(-0.55,-6.73555739531044E-17,-4.));
#3197=CARTESIAN_POINT('Origin',(0.,0.,-4.));
#3198=CARTESIAN_POINT('',(-0.55,-6.73555739531044E-17,0.));
#3199=CARTESIAN_POINT('',(-0.55,6.73555739531044E-17,0.));
#3200=CARTESIAN_POINT('Origin',(0.,0.,0.));
#3201=CARTESIAN_POINT('Origin',(0.,0.,-4.));
#3202=CARTESIAN_POINT('Origin',(-1.91338059656739E-14,22.86,0.));
#3203=CARTESIAN_POINT('',(-0.550000000000019,22.86,-4.));
#3204=CARTESIAN_POINT('Origin',(-1.91338059656739E-14,22.86,-4.));
#3205=CARTESIAN_POINT('',(-0.550000000000019,22.86,0.));
#3206=CARTESIAN_POINT('',(-0.550000000000019,22.86,0.));
#3207=CARTESIAN_POINT('Origin',(-1.91338059656739E-14,22.86,0.));
#3208=CARTESIAN_POINT('Origin',(-1.9151347174784E-14,22.86,-4.));
#3209=CARTESIAN_POINT('Origin',(3.98969320144491E-15,7.62,0.));
#3210=CARTESIAN_POINT('',(-0.549999999999996,7.62,-4.));
#3211=CARTESIAN_POINT('Origin',(3.98969320144491E-15,7.62,-4.));
#3212=CARTESIAN_POINT('',(-0.549999999999996,7.62,0.));
#3213=CARTESIAN_POINT('',(-0.549999999999996,7.62,0.));
#3214=CARTESIAN_POINT('Origin',(3.98969320144491E-15,7.62,0.));
#3215=CARTESIAN_POINT('Origin',(3.95516952522712E-15,7.62,-4.));
#3216=CARTESIAN_POINT('Origin',(-1.3153659760072E-14,15.24,0.));
#3217=CARTESIAN_POINT('',(-0.550000000000013,15.24,-4.));
#3218=CARTESIAN_POINT('Origin',(-1.3153659760072E-14,15.24,-4.));
#3219=CARTESIAN_POINT('',(-0.550000000000013,15.24,0.));
#3220=CARTESIAN_POINT('',(-0.550000000000013,15.24,0.));
#3221=CARTESIAN_POINT('Origin',(-1.3153659760072E-14,15.24,0.));
#3222=CARTESIAN_POINT('Origin',(-1.31838984174237E-14,15.24,-4.));
#3223=CARTESIAN_POINT('Origin',(-6.6500000000003,27.55,0.));
#3224=CARTESIAN_POINT('',(-6.6500000000003,27.55,0.));
#3225=CARTESIAN_POINT('Origin',(-5.65000000000032,19.93,0.));
#3226=CARTESIAN_POINT('',(-5.65000000000032,19.93,0.));
#3227=CARTESIAN_POINT('',(-5.65000000000032,19.93,0.));
#3228=CARTESIAN_POINT('',(-5.40555461355809,19.8078145455025,7.));
#3229=CARTESIAN_POINT('',(-5.65060880217187,19.9303043083411,-0.0174338131837232));
#3230=CARTESIAN_POINT('',(-5.40555461355809,19.93,7.));
#3231=CARTESIAN_POINT('Origin',(-3.10862446895044E-13,11.4299999999998,
0.));
#3232=CARTESIAN_POINT('',(5.6499999999997,19.93,0.));
#3233=CARTESIAN_POINT('',(5.64999999999969,25.7899999999995,0.));
#3234=CARTESIAN_POINT('',(-6.6500000000003,19.93,0.));
#3235=CARTESIAN_POINT('',(5.6499999999997,12.31,0.));
#3236=CARTESIAN_POINT('',(5.6499999999997,18.1699999999996,0.));
#3237=CARTESIAN_POINT('',(-6.6500000000003,12.31,0.));
#3238=CARTESIAN_POINT('',(5.6499999999997,4.69,0.));
#3239=CARTESIAN_POINT('',(5.6499999999997,10.5499999999996,0.));
#3240=CARTESIAN_POINT('',(-6.6500000000003,4.69,0.));
#3241=CARTESIAN_POINT('',(5.6499999999997,2.93000000000029,0.));
#3242=CARTESIAN_POINT('',(6.64999999999969,-4.69000000000047,0.));
#3243=CARTESIAN_POINT('',(-5.65000000000032,-2.92999999999999,0.));
#3244=CARTESIAN_POINT('',(-5.65000000000033,4.69,0.));
#3245=CARTESIAN_POINT('',(-6.6500000000003,4.69,0.));
#3246=CARTESIAN_POINT('',(-5.65000000000033,4.69,0.));
#3247=CARTESIAN_POINT('',(-5.65000000000032,12.31,0.));
#3248=CARTESIAN_POINT('',(-6.6500000000003,12.31,0.));
#3249=CARTESIAN_POINT('',(-5.65000000000032,12.31,0.));
#3250=CARTESIAN_POINT('',(-6.6500000000003,19.93,0.));
#3251=CARTESIAN_POINT('Origin',(6.64999999999969,-4.69000000000047,0.));
#3252=CARTESIAN_POINT('Origin',(-5.65000000000032,-2.92999999999999,0.));
#3253=CARTESIAN_POINT('',(-5.40555461355809,-2.92999999999999,7.));
#3254=CARTESIAN_POINT('Origin',(-3.10862446895044E-13,11.4299999999998,
7.));
#3255=CARTESIAN_POINT('',(5.40555461355747,2.93000000000028,7.));
#3256=CARTESIAN_POINT('Origin',(-6.6500000000003,19.93,0.));
#3257=CARTESIAN_POINT('',(5.40555461355746,19.8078145455025,7.));
#3258=CARTESIAN_POINT('',(5.64429498016828,19.927148359185,0.163370392876518));
#3259=CARTESIAN_POINT('',(-3.32500000000031,19.8078145455025,7.));
#3260=CARTESIAN_POINT('Origin',(5.64999999999969,25.7899999999995,0.));
#3261=CARTESIAN_POINT('',(5.40555461355746,25.7899999999995,7.));
#3262=CARTESIAN_POINT('Origin',(-3.10862446895044E-13,11.4299999999998,
7.));
#3263=CARTESIAN_POINT('',(-5.40555461355808,12.1878145455025,7.));
#3264=CARTESIAN_POINT('',(-5.40555461355808,12.31,7.));
#3265=CARTESIAN_POINT('',(5.40555461355746,12.1878145455025,7.));
#3266=CARTESIAN_POINT('',(-3.32500000000031,12.1878145455025,7.));
#3267=CARTESIAN_POINT('',(5.40555461355747,18.1699999999996,7.));
#3268=CARTESIAN_POINT('Origin',(-3.10862446895044E-13,11.4299999999998,
7.));
#3269=CARTESIAN_POINT('Origin',(-5.65000000000032,12.31,0.));
#3270=CARTESIAN_POINT('',(-5.65060880217187,12.3103043083411,-0.0174338131837233));
#3271=CARTESIAN_POINT('Origin',(-6.6500000000003,4.69,0.));
#3272=CARTESIAN_POINT('',(5.40555461355746,4.5678145455025,7.));
#3273=CARTESIAN_POINT('',(5.64429498016828,4.68714835918501,0.163370392876519));
#3274=CARTESIAN_POINT('',(-5.40555461355809,4.56781454550248,7.));
#3275=CARTESIAN_POINT('',(-3.3250000000003,4.56781454550249,7.));
#3276=CARTESIAN_POINT('',(-5.65060880217188,4.69030430834107,-0.0174338131837231));
#3277=CARTESIAN_POINT('Origin',(5.6499999999997,10.5499999999996,0.));
#3278=CARTESIAN_POINT('',(5.40555461355746,10.5499999999996,7.));
#3279=CARTESIAN_POINT('Origin',(5.6499999999997,2.93000000000029,0.));
#3280=CARTESIAN_POINT('Origin',(-3.10862446895044E-13,11.4299999999998,
7.));
#3281=CARTESIAN_POINT('',(-5.40555461355809,4.69,7.));
#3282=CARTESIAN_POINT('Origin',(-6.6500000000003,12.31,0.));
#3283=CARTESIAN_POINT('',(5.64429498016828,12.307148359185,0.163370392876518));
#3284=CARTESIAN_POINT('Origin',(5.6499999999997,18.1699999999996,0.));
#3285=CARTESIAN_POINT('Origin',(-5.65000000000033,4.69,0.));
#3286=UNCERTAINTY_MEASURE_WITH_UNIT(LENGTH_MEASURE(0.01),#3290,
'DISTANCE_ACCURACY_VALUE',
'Maximum model space distance between geometric entities at asserted c
onnectivities');
#3287=UNCERTAINTY_MEASURE_WITH_UNIT(LENGTH_MEASURE(0.01),#3290,
'DISTANCE_ACCURACY_VALUE',
'Maximum model space distance between geometric entities at asserted c
onnectivities');
#3288=(
GEOMETRIC_REPRESENTATION_CONTEXT(3)
GLOBAL_UNCERTAINTY_ASSIGNED_CONTEXT((#3286))
GLOBAL_UNIT_ASSIGNED_CONTEXT((#3290,#3292,#3293))
REPRESENTATION_CONTEXT('','3D')
);
#3289=(
GEOMETRIC_REPRESENTATION_CONTEXT(3)
GLOBAL_UNCERTAINTY_ASSIGNED_CONTEXT((#3287))
GLOBAL_UNIT_ASSIGNED_CONTEXT((#3290,#3292,#3293))
REPRESENTATION_CONTEXT('','3D')
);
#3290=(
LENGTH_UNIT()
NAMED_UNIT(*)
SI_UNIT(.MILLI.,.METRE.)
);
#3291=(
LENGTH_UNIT()
NAMED_UNIT(*)
SI_UNIT($,.METRE.)
);
#3292=(
NAMED_UNIT(*)
PLANE_ANGLE_UNIT()
SI_UNIT($,.RADIAN.)
);
#3293=(
NAMED_UNIT(*)
SI_UNIT($,.STERADIAN.)
SOLID_ANGLE_UNIT()
);
#3294=SHAPE_DEFINITION_REPRESENTATION(#3295,#3296);
#3295=PRODUCT_DEFINITION_SHAPE('',$,#3298);
#3296=SHAPE_REPRESENTATION('',(#1902),#3288);
#3297=PRODUCT_DEFINITION_CONTEXT('part definition',#3302,'design');
#3298=PRODUCT_DEFINITION('7.62mm terminal block',
'7.62mm terminal block v0',#3299,#3297);
#3299=PRODUCT_DEFINITION_FORMATION('',$,#3304);
#3300=PRODUCT_RELATED_PRODUCT_CATEGORY('7.62mm terminal block v0',
'7.62mm terminal block v0',(#3304));
#3301=APPLICATION_PROTOCOL_DEFINITION('international standard',
'automotive_design',2009,#3302);
#3302=APPLICATION_CONTEXT(
'Core Data for Automotive Mechanical Design Process');
#3303=PRODUCT_CONTEXT('part definition',#3302,'mechanical');
#3304=PRODUCT('7.62mm terminal block','7.62mm terminal block v0',$,(#3303));
#3305=PRESENTATION_STYLE_ASSIGNMENT((#3306));
#3306=SURFACE_STYLE_USAGE(.BOTH.,#3307);
#3307=SURFACE_SIDE_STYLE('',(#3308));
#3308=SURFACE_STYLE_FILL_AREA(#3309);
#3309=FILL_AREA_STYLE('Steel - Satin',(#3310));
#3310=FILL_AREA_STYLE_COLOUR('Steel - Satin',#3311);
#3311=COLOUR_RGB('Steel - Satin',0.627450980392157,0.627450980392157,0.627450980392157);
ENDSEC;
END-ISO-10303-21;
