ISO-10303-21;
HEADER;
/* Generated by software containing ST-Developer
 * from STEP Tools, Inc. (www.steptools.com) 
 */

FILE_DESCRIPTION(
/* description */ (''),
/* implementation_level */ '2;1');

FILE_NAME(
/* name */ 'FCR684218R ORJ-13.stp',
/* time_stamp */ '2024-11-19T13:05:32Z',
/* author */ ('tottley'),
/* organization */ (''),
/* preprocessor_version */ 'ST-DEVELOPER v20',
/* originating_system */ 'Autodesk Inventor 2025',
/* authorisation */ '');

FILE_SCHEMA (('AUTOMOTIVE_DESIGN { 1 0 10303 214 3 1 1 }'));
ENDSEC;

DATA;
#10=MECHANICAL_DESIGN_GEOMETRIC_PRESENTATION_REPRESENTATION('',(#9536,#9537,
#9538,#9539,#9540,#9541,#9542,#9543,#9544,#9545,#9546,#9547,#9548,#9549,
#9550,#9551,#9552,#9553,#9554,#9555,#9556,#9557,#9558,#9559,#9560,#9561,
#9562,#9563,#9564,#9565,#9566,#9567,#9568,#9569,#9570,#9571,#9572,#9573,
#9574,#9575,#9576,#9577,#9578,#9579,#9580,#9581,#9582,#9583,#9584,#9585,
#9586,#9587,#9588,#9589,#9590,#9591,#9592,#9593,#9594,#9595,#9596,#9597,
#9598,#9599,#9600,#9601,#9602,#9603,#9604,#9605,#9606,#9607,#9608,#9609,
#9610,#9611,#9612,#9613,#9614,#9615,#9616,#9617,#9618,#9619,#9620,#9621,
#9622,#9623,#9624,#9625,#9626,#9627,#9628,#9629,#9630,#9631,#9632,#9633,
#9634,#9635,#9636,#9637,#9638,#9639,#9640,#9641,#9642,#9643,#9644,#9645,
#9646,#9647,#9648,#9649,#9650,#9651,#9652,#9653,#9654,#9655,#9656,#9657,
#9658,#9659,#9660,#9661,#9662,#9663,#9664,#9665,#9666,#9667,#9668,#9669,
#9670,#9671,#9672,#9673,#9674,#9675,#9676,#9677,#9678,#9679,#9680,#9681,
#9682,#9683,#9684,#9685,#9686,#9687,#9688,#9689,#9690,#9691,#9692,#9693,
#9694,#9695,#9696,#9697,#9698,#9699,#9700,#9701,#9702,#9703,#9704,#9705,
#9706,#9707,#9708,#9709,#9710,#9711,#9712,#9713,#9714,#9715,#9716,#9717,
#9718,#9719,#9720,#9721,#9722,#9723,#9724,#9725,#9726,#9727,#9728,#9729,
#9730,#9731,#9732,#9733,#9734,#9735,#9736,#9737,#9738,#9739,#9740,#9741,
#9742,#9743,#9744,#9745,#9746,#9747,#9748,#9749,#9750,#9751,#9752,#9753,
#9754,#9755,#9756,#9757,#9758,#9759,#9760,#9761,#9762,#9763,#9764,#9765,
#9766,#9767,#9768,#9769,#9770,#9771,#9772,#9773,#9774,#9775,#9776,#9777,
#9778,#9779,#9780,#9781,#9782,#9783,#9784,#9785,#9786,#9787,#9788,#9789,
#9790,#9791,#9792,#9793,#9794,#9795,#9796,#9797,#9798,#9799,#9800,#9801,
#9802,#9803,#9804,#9805,#9806,#9807,#9808,#9809,#9810,#9811,#9812,#9813,
#9814,#9815,#9816,#9817,#9818,#9819,#9820,#9821,#9822,#9823,#9824,#9825,
#9826,#9827,#9828,#9829,#9830,#9831,#9832,#9833,#9834,#9835,#9836,#9837,
#9838,#9839,#9840,#9841,#9842,#9843,#9844,#9845,#9846,#9847,#9848,#9849,
#9850,#9851,#9852,#9853,#9854,#9855,#9856,#9857,#9858,#9859,#9860,#9861,
#9862,#9863,#9864,#9865,#9866,#9867,#9868,#9869,#9870,#9871,#9872,#9873,
#9874,#9875,#9876,#9877,#9878,#9879,#9880,#9881,#9882,#9883,#9884,#9885,
#9886,#9887,#9888,#9889,#9890,#9891,#9892,#9893,#9894,#9895,#9896,#9897,
#9898,#9899,#9900,#9901,#9902,#9903,#9904,#9905,#9906,#9907,#9908,#9909,
#9910,#9911,#9912,#9913,#9914,#9915,#9916,#9917,#9918,#9919,#9920,#9921,
#9922,#9923,#9924,#9925,#9926,#9927,#9928,#9929,#9930,#9931,#9932,#9933,
#9934,#9935,#9936,#9937,#9938,#9939,#9940,#9941,#9942,#9943,#9944,#9945,
#9946,#9947,#9948,#9949,#9950,#9951,#9952,#9953,#9954,#9955,#9956,#9957,
#9958,#9959,#9960,#9961,#9962,#9963,#9964,#9965,#9966,#9967,#9968,#9969,
#9970,#9971,#9972,#9973,#9974,#9975,#9976,#9977,#9978,#9979,#9980,#9981,
#9982,#9983,#9984,#9985,#9986,#9987,#9988,#9989,#9990,#9991,#9992,#9993,
#9994,#9995,#9996,#9997,#9998,#9999,#10000,#10001,#10002,#10003,#10004,
#10005,#10006,#10007,#10008,#10009,#10010,#10011,#10012,#10013,#10014,#10015,
#10016,#10017,#10018,#10019,#10020,#10021,#10022,#10023,#10024,#10025,#10026,
#10027,#10028,#10029,#10030,#10031,#10032,#10033,#10034,#10035,#10036,#10037,
#10038,#10039,#10040,#10041,#10042),#16986);
#11=SHAPE_REPRESENTATION_RELATIONSHIP('SRR','None',#16993,#12);
#12=ADVANCED_BREP_SHAPE_REPRESENTATION('',(#13),#16985);
#13=MANIFOLD_SOLID_BREP('Solid1',#10549);
#14=ELLIPSE('',#10906,0.206194708902223,0.2);
#15=ELLIPSE('',#10907,0.206194708902223,0.2);
#16=ELLIPSE('',#10910,0.206194708902223,0.2);
#17=ELLIPSE('',#10913,0.206194708902223,0.2);
#18=(
BOUNDED_CURVE()
B_SPLINE_CURVE(2,(#14919,#14920,#14921),.UNSPECIFIED.,.F.,.F.)
B_SPLINE_CURVE_WITH_KNOTS((3,3),(0.211146614175966,0.411500729365497),
 .UNSPECIFIED.)
CURVE()
GEOMETRIC_REPRESENTATION_ITEM()
RATIONAL_B_SPLINE_CURVE((1.51546620697834,1.63453885351677,1.51546620697834))
REPRESENTATION_ITEM('')
);
#19=SPHERICAL_SURFACE('',#10652,1.);
#20=SPHERICAL_SURFACE('',#10800,1.);
#21=SPHERICAL_SURFACE('',#11167,0.6892857142857);
#22=FACE_BOUND('',#1060,.T.);
#23=FACE_BOUND('',#1061,.T.);
#24=FACE_BOUND('',#1062,.T.);
#25=FACE_BOUND('',#1071,.T.);
#26=FACE_BOUND('',#1224,.T.);
#27=FACE_BOUND('',#1225,.T.);
#28=FACE_BOUND('',#1391,.T.);
#29=FACE_BOUND('',#1437,.T.);
#30=FACE_BOUND('',#1445,.T.);
#31=FACE_BOUND('',#1446,.T.);
#32=FACE_BOUND('',#1447,.T.);
#33=FACE_BOUND('',#1448,.T.);
#34=FACE_BOUND('',#1449,.T.);
#35=FACE_BOUND('',#1460,.T.);
#36=FACE_BOUND('',#1467,.T.);
#37=FACE_BOUND('',#1468,.T.);
#38=FACE_BOUND('',#1469,.T.);
#39=FACE_BOUND('',#1503,.T.);
#40=FACE_BOUND('',#1507,.T.);
#41=FACE_BOUND('',#1510,.T.);
#42=B_SPLINE_SURFACE_WITH_KNOTS('',3,3,((#14046,#14047,#14048,#14049),(#14050,
#14051,#14052,#14053),(#14054,#14055,#14056,#14057),(#14058,#14059,#14060,
#14061),(#14062,#14063,#14064,#14065),(#14066,#14067,#14068,#14069),(#14070,
#14071,#14072,#14073),(#14074,#14075,#14076,#14077),(#14078,#14079,#14080,
#14081)),.UNSPECIFIED.,.F.,.F.,.F.,(4,1,1,1,1,1,4),(4,4),(0.,0.0192307692307692,
0.259615384615385,0.5,0.740384615384615,0.980769230769231,1.),(0.,1.),
 .UNSPECIFIED.);
#43=B_SPLINE_SURFACE_WITH_KNOTS('',3,3,((#14112,#14113,#14114,#14115),(#14116,
#14117,#14118,#14119),(#14120,#14121,#14122,#14123),(#14124,#14125,#14126,
#14127),(#14128,#14129,#14130,#14131),(#14132,#14133,#14134,#14135),(#14136,
#14137,#14138,#14139),(#14140,#14141,#14142,#14143),(#14144,#14145,#14146,
#14147)),.UNSPECIFIED.,.F.,.F.,.F.,(4,1,1,1,1,1,4),(4,4),(0.,0.0192307692307692,
0.259615384615385,0.5,0.740384615384615,0.980769230769231,1.),(0.,1.),
 .UNSPECIFIED.);
#44=CONICAL_SURFACE('',#10603,1.255,0.352991367564455);
#45=CONICAL_SURFACE('',#10608,1.224999393998,0.785399786289219);
#46=CONICAL_SURFACE('',#10621,1.255,0.352991367564455);
#47=CONICAL_SURFACE('',#10630,1.224999393998,0.785399786289219);
#48=CONICAL_SURFACE('',#10644,1.625,0.785400343298283);
#49=CONICAL_SURFACE('',#10721,1.385,0.785400343298283);
#50=CONICAL_SURFACE('',#10959,1.075,0.78539925334711);
#51=CONICAL_SURFACE('',#11009,1.075,0.78539925334711);
#52=CONICAL_SURFACE('',#11172,0.925,0.110657374740373);
#53=PLANE('',#10584);
#54=PLANE('',#10585);
#55=PLANE('',#10586);
#56=PLANE('',#10590);
#57=PLANE('',#10591);
#58=PLANE('',#10595);
#59=PLANE('',#10606);
#60=PLANE('',#10607);
#61=PLANE('',#10610);
#62=PLANE('',#10611);
#63=PLANE('',#10612);
#64=PLANE('',#10614);
#65=PLANE('',#10616);
#66=PLANE('',#10617);
#67=PLANE('',#10629);
#68=PLANE('',#10635);
#69=PLANE('',#10639);
#70=PLANE('',#10640);
#71=PLANE('',#10641);
#72=PLANE('',#10642);
#73=PLANE('',#10643);
#74=PLANE('',#10648);
#75=PLANE('',#10656);
#76=PLANE('',#10657);
#77=PLANE('',#10658);
#78=PLANE('',#10659);
#79=PLANE('',#10660);
#80=PLANE('',#10661);
#81=PLANE('',#10662);
#82=PLANE('',#10663);
#83=PLANE('',#10664);
#84=PLANE('',#10665);
#85=PLANE('',#10666);
#86=PLANE('',#10667);
#87=PLANE('',#10668);
#88=PLANE('',#10669);
#89=PLANE('',#10670);
#90=PLANE('',#10671);
#91=PLANE('',#10672);
#92=PLANE('',#10673);
#93=PLANE('',#10674);
#94=PLANE('',#10675);
#95=PLANE('',#10676);
#96=PLANE('',#10677);
#97=PLANE('',#10678);
#98=PLANE('',#10679);
#99=PLANE('',#10680);
#100=PLANE('',#10681);
#101=PLANE('',#10682);
#102=PLANE('',#10683);
#103=PLANE('',#10684);
#104=PLANE('',#10685);
#105=PLANE('',#10686);
#106=PLANE('',#10687);
#107=PLANE('',#10688);
#108=PLANE('',#10689);
#109=PLANE('',#10690);
#110=PLANE('',#10691);
#111=PLANE('',#10692);
#112=PLANE('',#10693);
#113=PLANE('',#10694);
#114=PLANE('',#10695);
#115=PLANE('',#10696);
#116=PLANE('',#10697);
#117=PLANE('',#10698);
#118=PLANE('',#10699);
#119=PLANE('',#10700);
#120=PLANE('',#10701);
#121=PLANE('',#10702);
#122=PLANE('',#10703);
#123=PLANE('',#10704);
#124=PLANE('',#10705);
#125=PLANE('',#10706);
#126=PLANE('',#10707);
#127=PLANE('',#10708);
#128=PLANE('',#10709);
#129=PLANE('',#10710);
#130=PLANE('',#10711);
#131=PLANE('',#10712);
#132=PLANE('',#10713);
#133=PLANE('',#10714);
#134=PLANE('',#10715);
#135=PLANE('',#10724);
#136=PLANE('',#10725);
#137=PLANE('',#10726);
#138=PLANE('',#10727);
#139=PLANE('',#10728);
#140=PLANE('',#10729);
#141=PLANE('',#10731);
#142=PLANE('',#10734);
#143=PLANE('',#10735);
#144=PLANE('',#10736);
#145=PLANE('',#10737);
#146=PLANE('',#10738);
#147=PLANE('',#10739);
#148=PLANE('',#10740);
#149=PLANE('',#10744);
#150=PLANE('',#10745);
#151=PLANE('',#10746);
#152=PLANE('',#10747);
#153=PLANE('',#10748);
#154=PLANE('',#10749);
#155=PLANE('',#10750);
#156=PLANE('',#10751);
#157=PLANE('',#10752);
#158=PLANE('',#10753);
#159=PLANE('',#10754);
#160=PLANE('',#10755);
#161=PLANE('',#10756);
#162=PLANE('',#10757);
#163=PLANE('',#10758);
#164=PLANE('',#10759);
#165=PLANE('',#10760);
#166=PLANE('',#10761);
#167=PLANE('',#10762);
#168=PLANE('',#10763);
#169=PLANE('',#10764);
#170=PLANE('',#10765);
#171=PLANE('',#10766);
#172=PLANE('',#10767);
#173=PLANE('',#10768);
#174=PLANE('',#10769);
#175=PLANE('',#10770);
#176=PLANE('',#10771);
#177=PLANE('',#10772);
#178=PLANE('',#10773);
#179=PLANE('',#10774);
#180=PLANE('',#10775);
#181=PLANE('',#10776);
#182=PLANE('',#10777);
#183=PLANE('',#10778);
#184=PLANE('',#10779);
#185=PLANE('',#10780);
#186=PLANE('',#10781);
#187=PLANE('',#10782);
#188=PLANE('',#10783);
#189=PLANE('',#10784);
#190=PLANE('',#10785);
#191=PLANE('',#10786);
#192=PLANE('',#10788);
#193=PLANE('',#10789);
#194=PLANE('',#10790);
#195=PLANE('',#10791);
#196=PLANE('',#10792);
#197=PLANE('',#10793);
#198=PLANE('',#10794);
#199=PLANE('',#10797);
#200=PLANE('',#10803);
#201=PLANE('',#10804);
#202=PLANE('',#10805);
#203=PLANE('',#10806);
#204=PLANE('',#10807);
#205=PLANE('',#10808);
#206=PLANE('',#10809);
#207=PLANE('',#10810);
#208=PLANE('',#10811);
#209=PLANE('',#10812);
#210=PLANE('',#10813);
#211=PLANE('',#10814);
#212=PLANE('',#10815);
#213=PLANE('',#10816);
#214=PLANE('',#10817);
#215=PLANE('',#10818);
#216=PLANE('',#10819);
#217=PLANE('',#10821);
#218=PLANE('',#10829);
#219=PLANE('',#10832);
#220=PLANE('',#10833);
#221=PLANE('',#10837);
#222=PLANE('',#10838);
#223=PLANE('',#10839);
#224=PLANE('',#10840);
#225=PLANE('',#10844);
#226=PLANE('',#10845);
#227=PLANE('',#10847);
#228=PLANE('',#10848);
#229=PLANE('',#10850);
#230=PLANE('',#10852);
#231=PLANE('',#10853);
#232=PLANE('',#10858);
#233=PLANE('',#10859);
#234=PLANE('',#10860);
#235=PLANE('',#10861);
#236=PLANE('',#10862);
#237=PLANE('',#10863);
#238=PLANE('',#10864);
#239=PLANE('',#10865);
#240=PLANE('',#10866);
#241=PLANE('',#10867);
#242=PLANE('',#10868);
#243=PLANE('',#10873);
#244=PLANE('',#10881);
#245=PLANE('',#10890);
#246=PLANE('',#10896);
#247=PLANE('',#10902);
#248=PLANE('',#10903);
#249=PLANE('',#10905);
#250=PLANE('',#10908);
#251=PLANE('',#10911);
#252=PLANE('',#10914);
#253=PLANE('',#10915);
#254=PLANE('',#10918);
#255=PLANE('',#10922);
#256=PLANE('',#10923);
#257=PLANE('',#10927);
#258=PLANE('',#10934);
#259=PLANE('',#10935);
#260=PLANE('',#10936);
#261=PLANE('',#10937);
#262=PLANE('',#10938);
#263=PLANE('',#10939);
#264=PLANE('',#10940);
#265=PLANE('',#10944);
#266=PLANE('',#10947);
#267=PLANE('',#10950);
#268=PLANE('',#10951);
#269=PLANE('',#10954);
#270=PLANE('',#10955);
#271=PLANE('',#10958);
#272=PLANE('',#10962);
#273=PLANE('',#10963);
#274=PLANE('',#10964);
#275=PLANE('',#10965);
#276=PLANE('',#10966);
#277=PLANE('',#10967);
#278=PLANE('',#10968);
#279=PLANE('',#10969);
#280=PLANE('',#10970);
#281=PLANE('',#10971);
#282=PLANE('',#10975);
#283=PLANE('',#10976);
#284=PLANE('',#10977);
#285=PLANE('',#10978);
#286=PLANE('',#10979);
#287=PLANE('',#10980);
#288=PLANE('',#10981);
#289=PLANE('',#10982);
#290=PLANE('',#10983);
#291=PLANE('',#10984);
#292=PLANE('',#10985);
#293=PLANE('',#10989);
#294=PLANE('',#10990);
#295=PLANE('',#10991);
#296=PLANE('',#10992);
#297=PLANE('',#10993);
#298=PLANE('',#10994);
#299=PLANE('',#10995);
#300=PLANE('',#10997);
#301=PLANE('',#11003);
#302=PLANE('',#11004);
#303=PLANE('',#11005);
#304=PLANE('',#11006);
#305=PLANE('',#11007);
#306=PLANE('',#11008);
#307=PLANE('',#11011);
#308=PLANE('',#11012);
#309=PLANE('',#11013);
#310=PLANE('',#11014);
#311=PLANE('',#11015);
#312=PLANE('',#11016);
#313=PLANE('',#11017);
#314=PLANE('',#11018);
#315=PLANE('',#11019);
#316=PLANE('',#11020);
#317=PLANE('',#11021);
#318=PLANE('',#11022);
#319=PLANE('',#11023);
#320=PLANE('',#11024);
#321=PLANE('',#11025);
#322=PLANE('',#11026);
#323=PLANE('',#11027);
#324=PLANE('',#11028);
#325=PLANE('',#11029);
#326=PLANE('',#11030);
#327=PLANE('',#11031);
#328=PLANE('',#11032);
#329=PLANE('',#11033);
#330=PLANE('',#11034);
#331=PLANE('',#11035);
#332=PLANE('',#11036);
#333=PLANE('',#11037);
#334=PLANE('',#11038);
#335=PLANE('',#11039);
#336=PLANE('',#11040);
#337=PLANE('',#11041);
#338=PLANE('',#11043);
#339=PLANE('',#11045);
#340=PLANE('',#11046);
#341=PLANE('',#11047);
#342=PLANE('',#11049);
#343=PLANE('',#11050);
#344=PLANE('',#11052);
#345=PLANE('',#11053);
#346=PLANE('',#11054);
#347=PLANE('',#11055);
#348=PLANE('',#11056);
#349=PLANE('',#11057);
#350=PLANE('',#11058);
#351=PLANE('',#11059);
#352=PLANE('',#11060);
#353=PLANE('',#11061);
#354=PLANE('',#11062);
#355=PLANE('',#11063);
#356=PLANE('',#11064);
#357=PLANE('',#11065);
#358=PLANE('',#11066);
#359=PLANE('',#11067);
#360=PLANE('',#11068);
#361=PLANE('',#11069);
#362=PLANE('',#11070);
#363=PLANE('',#11071);
#364=PLANE('',#11072);
#365=PLANE('',#11073);
#366=PLANE('',#11074);
#367=PLANE('',#11075);
#368=PLANE('',#11076);
#369=PLANE('',#11077);
#370=PLANE('',#11078);
#371=PLANE('',#11079);
#372=PLANE('',#11080);
#373=PLANE('',#11081);
#374=PLANE('',#11082);
#375=PLANE('',#11083);
#376=PLANE('',#11084);
#377=PLANE('',#11085);
#378=PLANE('',#11086);
#379=PLANE('',#11090);
#380=PLANE('',#11091);
#381=PLANE('',#11098);
#382=PLANE('',#11099);
#383=PLANE('',#11100);
#384=PLANE('',#11101);
#385=PLANE('',#11102);
#386=PLANE('',#11103);
#387=PLANE('',#11104);
#388=PLANE('',#11105);
#389=PLANE('',#11106);
#390=PLANE('',#11107);
#391=PLANE('',#11108);
#392=PLANE('',#11109);
#393=PLANE('',#11110);
#394=PLANE('',#11114);
#395=PLANE('',#11115);
#396=PLANE('',#11119);
#397=PLANE('',#11120);
#398=PLANE('',#11121);
#399=PLANE('',#11122);
#400=PLANE('',#11123);
#401=PLANE('',#11124);
#402=PLANE('',#11125);
#403=PLANE('',#11126);
#404=PLANE('',#11127);
#405=PLANE('',#11128);
#406=PLANE('',#11129);
#407=PLANE('',#11130);
#408=PLANE('',#11131);
#409=PLANE('',#11132);
#410=PLANE('',#11133);
#411=PLANE('',#11134);
#412=PLANE('',#11135);
#413=PLANE('',#11136);
#414=PLANE('',#11137);
#415=PLANE('',#11138);
#416=PLANE('',#11139);
#417=PLANE('',#11140);
#418=PLANE('',#11141);
#419=PLANE('',#11142);
#420=PLANE('',#11143);
#421=PLANE('',#11144);
#422=PLANE('',#11145);
#423=PLANE('',#11146);
#424=PLANE('',#11147);
#425=PLANE('',#11148);
#426=PLANE('',#11149);
#427=PLANE('',#11150);
#428=PLANE('',#11151);
#429=PLANE('',#11152);
#430=PLANE('',#11153);
#431=PLANE('',#11154);
#432=PLANE('',#11155);
#433=PLANE('',#11156);
#434=PLANE('',#11157);
#435=PLANE('',#11158);
#436=PLANE('',#11159);
#437=PLANE('',#11160);
#438=PLANE('',#11161);
#439=PLANE('',#11162);
#440=PLANE('',#11163);
#441=PLANE('',#11164);
#442=PLANE('',#11165);
#443=PLANE('',#11166);
#444=PLANE('',#11170);
#445=PLANE('',#11174);
#446=PLANE('',#11175);
#447=PLANE('',#11176);
#448=PLANE('',#11177);
#449=PLANE('',#11178);
#450=PLANE('',#11179);
#451=PLANE('',#11180);
#452=PLANE('',#11181);
#453=PLANE('',#11182);
#454=PLANE('',#11183);
#455=PLANE('',#11184);
#456=PLANE('',#11185);
#457=PLANE('',#11186);
#458=PLANE('',#11187);
#459=PLANE('',#11188);
#460=PLANE('',#11189);
#461=PLANE('',#11190);
#462=PLANE('',#11191);
#463=PLANE('',#11192);
#464=PLANE('',#11193);
#465=PLANE('',#11194);
#466=PLANE('',#11195);
#467=PLANE('',#11196);
#468=PLANE('',#11197);
#469=PLANE('',#11198);
#470=PLANE('',#11199);
#471=PLANE('',#11200);
#472=PLANE('',#11201);
#473=PLANE('',#11202);
#474=PLANE('',#11203);
#475=PLANE('',#11204);
#476=PLANE('',#11205);
#477=PLANE('',#11206);
#478=PLANE('',#11207);
#479=PLANE('',#11208);
#480=PLANE('',#11209);
#481=PLANE('',#11210);
#482=PLANE('',#11211);
#483=PLANE('',#11212);
#484=PLANE('',#11213);
#485=PLANE('',#11214);
#486=B_SPLINE_CURVE_WITH_KNOTS('',3,(#13807,#13808,#13809,#13810,#13811,
#13812,#13813,#13814,#13815,#13816,#13817,#13818),.UNSPECIFIED.,.F.,.F.,
(4,2,2,2,2,4),(0.418191835062665,0.434379277350437,0.458388031293981,0.470563014631315,
0.48273799796865,0.507087964643319),.UNSPECIFIED.);
#487=B_SPLINE_CURVE_WITH_KNOTS('',3,(#13833,#13834,#13835,#13836,#13837,
#13838,#13839,#13840,#13841,#13842,#13843,#13844),.UNSPECIFIED.,.F.,.F.,
(4,2,2,2,2,4),(0.25354398232166,0.277893948996329,0.290068932333663,0.302243915670998,
0.326252669614542,0.342440111902314),.UNSPECIFIED.);
#488=B_SPLINE_CURVE_WITH_KNOTS('',3,(#13892,#13893,#13894,#13895,#13896,
#13897,#13898),.UNSPECIFIED.,.F.,.F.,(4,3,4),(0.,0.5,1.),.UNSPECIFIED.);
#489=B_SPLINE_CURVE_WITH_KNOTS('',3,(#13901,#13902,#13903,#13904,#13905,
#13906,#13907),.UNSPECIFIED.,.F.,.F.,(4,3,4),(0.,0.5,1.),.UNSPECIFIED.);
#490=B_SPLINE_CURVE_WITH_KNOTS('',3,(#13923,#13924,#13925,#13926,#13927,
#13928,#13929,#13930,#13931,#13932),.UNSPECIFIED.,.F.,.F.,(4,1,1,1,1,1,
1,4),(0.,0.1428571428571,0.2857142857143,0.4285714285714,0.5714285714286,
0.7142857142857,0.8571428571429,1.),.UNSPECIFIED.);
#491=B_SPLINE_CURVE_WITH_KNOTS('',3,(#13935,#13936,#13937,#13938,#13939,
#13940),.UNSPECIFIED.,.F.,.F.,(4,2,4),(1.00000000431699E-6,0.092625460517982,
0.185255262583703),.UNSPECIFIED.);
#492=B_SPLINE_CURVE_WITH_KNOTS('',3,(#13942,#13943,#13944,#13945,#13946,
#13947),.UNSPECIFIED.,.F.,.F.,(4,2,4),(-0.0149846010396923,-0.00945947597525319,
0.),.UNSPECIFIED.);
#493=B_SPLINE_CURVE_WITH_KNOTS('',3,(#13954,#13955,#13956,#13957,#13958,
#13959,#13960,#13961,#13962,#13963),.UNSPECIFIED.,.F.,.F.,(4,1,1,1,1,1,
1,4),(0.,0.1428571428571,0.2857142857143,0.4285714285714,0.5714285714286,
0.7142857142857,0.8571428571429,1.),.UNSPECIFIED.);
#494=B_SPLINE_CURVE_WITH_KNOTS('',3,(#13976,#13977,#13978,#13979,#13980,
#13981),.UNSPECIFIED.,.F.,.F.,(4,2,4),(1.84108433352156E-6,0.0926297502554592,
0.185252317988569),.UNSPECIFIED.);
#495=B_SPLINE_CURVE_WITH_KNOTS('',3,(#13987,#13988,#13989,#13990,#13991,
#13992,#13993,#13994,#13995,#13996,#13997,#13998,#13999,#14000,#14001,#14002,
#14003,#14004,#14005),.UNSPECIFIED.,.F.,.F.,(4,3,3,3,3,3,4),(0.,0.25,0.482552838787026,
0.5,0.719499037510843,0.75,1.),.UNSPECIFIED.);
#496=B_SPLINE_CURVE_WITH_KNOTS('',3,(#14011,#14012,#14013,#14014,#14015,
#14016,#14017,#14018,#14019,#14020,#14021,#14022,#14023,#14024,#14025,#14026,
#14027,#14028),.UNSPECIFIED.,.F.,.F.,(4,2,2,2,2,2,2,2,4),(-0.236025800592743,
-0.213487283251165,-0.190968486429813,-0.14585695837451,-0.118013400296373,
-0.0901698422182387,-0.0450583141629456,-0.0225395173416109,-1.00000006328371E-6),
 .UNSPECIFIED.);
#497=B_SPLINE_CURVE_WITH_KNOTS('',3,(#14032,#14033,#14034,#14035,#14036,
#14037,#14038,#14039,#14040,#14041,#14042,#14043,#14044,#14045),
 .UNSPECIFIED.,.F.,.F.,(4,2,2,2,2,2,4),(-0.23279164492928,-0.202746645023353,
-0.172771965711093,-0.116234389264415,-0.0597052287985048,-0.0298872633701485,
-1.2760785089495E-6),.UNSPECIFIED.);
#498=B_SPLINE_CURVE_WITH_KNOTS('',3,(#14093,#14094,#14095,#14096,#14097,
#14098,#14099,#14100,#14101,#14102,#14103,#14104,#14105,#14106),
 .UNSPECIFIED.,.F.,.F.,(4,2,2,2,2,2,4),(1.2760785090761E-6,0.0300312659273156,
0.0599909703136285,0.116500301386548,0.173001220683204,0.202804289477653,
0.232675346152623),.UNSPECIFIED.);
#499=B_SPLINE_CURVE_WITH_KNOTS('',3,(#14149,#14150,#14151,#14152,#14153,
#14154),.UNSPECIFIED.,.F.,.F.,(4,2,4),(9.99999986339457E-7,0.0926259605300897,
0.185255262584992),.UNSPECIFIED.);
#500=B_SPLINE_CURVE_WITH_KNOTS('',3,(#14156,#14157,#14158,#14159,#14160,
#14161,#14162,#14163,#14164,#14165,#14166,#14167,#14168,#14169,#14170,#14171,
#14172,#14173),.UNSPECIFIED.,.F.,.F.,(4,2,2,2,2,2,2,2,4),(1.00000006336162E-6,
0.0225395173416082,0.0450583141629332,0.0901698422182019,0.118013400296318,
0.145856958374436,0.190968486429708,0.21348728325104,0.236025800592596),
 .UNSPECIFIED.);
#501=B_SPLINE_CURVE_WITH_KNOTS('',3,(#14174,#14175,#14176,#14177,#14178,
#14179),.UNSPECIFIED.,.F.,.F.,(4,2,4),(1.8410843408229E-6,0.0926297502537863,
0.185252317985018),.UNSPECIFIED.);
#502=B_SPLINE_CURVE_WITH_KNOTS('',3,(#14184,#14185,#14186,#14187,#14188,
#14189,#14190,#14191,#14192,#14193),.UNSPECIFIED.,.F.,.F.,(4,1,1,1,1,1,
1,4),(0.,0.1428571428571,0.2857142857143,0.4285714285714,0.5714285714286,
0.7142857142857,0.8571428571429,1.),.UNSPECIFIED.);
#503=B_SPLINE_CURVE_WITH_KNOTS('',3,(#14217,#14218,#14219,#14220,#14221,
#14222,#14223,#14224,#14225,#14226),.UNSPECIFIED.,.F.,.F.,(4,1,1,1,1,1,
1,4),(0.,0.1428571428571,0.2857142857143,0.4285714285714,0.5714285714286,
0.7142857142857,0.8571428571429,1.),.UNSPECIFIED.);
#504=B_SPLINE_CURVE_WITH_KNOTS('',3,(#14234,#14235,#14236,#14237,#14238,
#14239),.UNSPECIFIED.,.F.,.F.,(4,2,4),(-0.0906618429962527,-0.0851367179318136,
-0.0756772419565604),.UNSPECIFIED.);
#505=B_SPLINE_CURVE_WITH_KNOTS('',3,(#14250,#14251,#14252,#14253,#14254,
#14255,#14256,#14257,#14258,#14259,#14260,#14261,#14262,#14263,#14264,#14265,
#14266,#14267,#14268),.UNSPECIFIED.,.F.,.F.,(4,3,3,3,3,3,4),(0.,0.25,0.482632308369039,
0.5,0.719544606761764,0.75,1.),.UNSPECIFIED.);
#506=B_SPLINE_CURVE_WITH_KNOTS('',3,(#14279,#14280,#14281,#14282,#14283,
#14284,#14285),.UNSPECIFIED.,.F.,.F.,(4,3,4),(0.,0.5,1.),.UNSPECIFIED.);
#507=B_SPLINE_CURVE_WITH_KNOTS('',3,(#14286,#14287,#14288,#14289,#14290,
#14291,#14292),.UNSPECIFIED.,.F.,.F.,(4,3,4),(0.,0.5,1.),.UNSPECIFIED.);
#508=B_SPLINE_CURVE_WITH_KNOTS('',3,(#14906,#14907,#14908,#14909,#14910,
#14911,#14912,#14913,#14914,#14915),.UNSPECIFIED.,.F.,.F.,(4,3,3,4),(0.,
0.3333333333333,0.6666666666667,0.999999710152081),.UNSPECIFIED.);
#509=B_SPLINE_CURVE_WITH_KNOTS('',3,(#14924,#14925,#14926,#14927,#14928,
#14929,#14930,#14931,#14932,#14933),.UNSPECIFIED.,.F.,.F.,(4,3,3,4),(0.,
0.3333333333333,0.6666666666667,0.999999710152347),.UNSPECIFIED.);
#510=B_SPLINE_CURVE_WITH_KNOTS('',3,(#15313,#15314,#15315,#15316,#15317,
#15318,#15319,#15320,#15321,#15322),.UNSPECIFIED.,.F.,.F.,(4,2,2,2,4),(0.342440111902314,
0.353284321548515,0.380315973482489,0.407347625416463,0.418191835062665),
 .UNSPECIFIED.);
#511=B_SPLINE_CURVE_WITH_KNOTS('',3,(#15753,#15754,#15755,#15756,#15757,
#15758,#15759,#15760,#15761,#15762,#15763,#15764,#15765,#15766),
 .UNSPECIFIED.,.F.,.F.,(4,2,2,2,2,2,4),(0.239426585880203,0.243103828114355,
0.28009692963923,0.317090031164105,0.35408313268898,0.391076234213855,0.394753476448027),
 .UNSPECIFIED.);
#512=B_SPLINE_CURVE_WITH_KNOTS('',3,(#15776,#15777,#15778,#15779),
 .UNSPECIFIED.,.F.,.F.,(4,4),(0.,1.),.UNSPECIFIED.);
#513=B_SPLINE_CURVE_WITH_KNOTS('',3,(#15783,#15784,#15785,#15786),
 .UNSPECIFIED.,.F.,.F.,(4,4),(0.,1.),.UNSPECIFIED.);
#514=B_SPLINE_CURVE_WITH_KNOTS('',3,(#16034,#16035,#16036,#16037),
 .UNSPECIFIED.,.F.,.F.,(4,4),(0.,1.),.UNSPECIFIED.);
#515=B_SPLINE_CURVE_WITH_KNOTS('',3,(#16041,#16042,#16043,#16044),
 .UNSPECIFIED.,.F.,.F.,(4,4),(0.,1.),.UNSPECIFIED.);
#516=FACE_OUTER_BOUND('',#1022,.T.);
#517=FACE_OUTER_BOUND('',#1023,.T.);
#518=FACE_OUTER_BOUND('',#1024,.T.);
#519=FACE_OUTER_BOUND('',#1025,.T.);
#520=FACE_OUTER_BOUND('',#1026,.T.);
#521=FACE_OUTER_BOUND('',#1027,.T.);
#522=FACE_OUTER_BOUND('',#1028,.T.);
#523=FACE_OUTER_BOUND('',#1029,.T.);
#524=FACE_OUTER_BOUND('',#1030,.T.);
#525=FACE_OUTER_BOUND('',#1031,.T.);
#526=FACE_OUTER_BOUND('',#1032,.T.);
#527=FACE_OUTER_BOUND('',#1033,.T.);
#528=FACE_OUTER_BOUND('',#1034,.T.);
#529=FACE_OUTER_BOUND('',#1035,.T.);
#530=FACE_OUTER_BOUND('',#1036,.T.);
#531=FACE_OUTER_BOUND('',#1037,.T.);
#532=FACE_OUTER_BOUND('',#1038,.T.);
#533=FACE_OUTER_BOUND('',#1039,.T.);
#534=FACE_OUTER_BOUND('',#1040,.T.);
#535=FACE_OUTER_BOUND('',#1041,.T.);
#536=FACE_OUTER_BOUND('',#1042,.T.);
#537=FACE_OUTER_BOUND('',#1043,.T.);
#538=FACE_OUTER_BOUND('',#1044,.T.);
#539=FACE_OUTER_BOUND('',#1045,.T.);
#540=FACE_OUTER_BOUND('',#1046,.T.);
#541=FACE_OUTER_BOUND('',#1047,.T.);
#542=FACE_OUTER_BOUND('',#1048,.T.);
#543=FACE_OUTER_BOUND('',#1049,.T.);
#544=FACE_OUTER_BOUND('',#1050,.T.);
#545=FACE_OUTER_BOUND('',#1051,.T.);
#546=FACE_OUTER_BOUND('',#1052,.T.);
#547=FACE_OUTER_BOUND('',#1053,.T.);
#548=FACE_OUTER_BOUND('',#1054,.T.);
#549=FACE_OUTER_BOUND('',#1055,.T.);
#550=FACE_OUTER_BOUND('',#1056,.T.);
#551=FACE_OUTER_BOUND('',#1057,.T.);
#552=FACE_OUTER_BOUND('',#1058,.T.);
#553=FACE_OUTER_BOUND('',#1059,.T.);
#554=FACE_OUTER_BOUND('',#1063,.T.);
#555=FACE_OUTER_BOUND('',#1064,.T.);
#556=FACE_OUTER_BOUND('',#1065,.T.);
#557=FACE_OUTER_BOUND('',#1066,.T.);
#558=FACE_OUTER_BOUND('',#1067,.T.);
#559=FACE_OUTER_BOUND('',#1068,.T.);
#560=FACE_OUTER_BOUND('',#1069,.T.);
#561=FACE_OUTER_BOUND('',#1070,.T.);
#562=FACE_OUTER_BOUND('',#1072,.T.);
#563=FACE_OUTER_BOUND('',#1073,.T.);
#564=FACE_OUTER_BOUND('',#1074,.T.);
#565=FACE_OUTER_BOUND('',#1075,.T.);
#566=FACE_OUTER_BOUND('',#1076,.T.);
#567=FACE_OUTER_BOUND('',#1077,.T.);
#568=FACE_OUTER_BOUND('',#1078,.T.);
#569=FACE_OUTER_BOUND('',#1079,.T.);
#570=FACE_OUTER_BOUND('',#1080,.T.);
#571=FACE_OUTER_BOUND('',#1081,.T.);
#572=FACE_OUTER_BOUND('',#1082,.T.);
#573=FACE_OUTER_BOUND('',#1083,.T.);
#574=FACE_OUTER_BOUND('',#1084,.T.);
#575=FACE_OUTER_BOUND('',#1085,.T.);
#576=FACE_OUTER_BOUND('',#1086,.T.);
#577=FACE_OUTER_BOUND('',#1087,.T.);
#578=FACE_OUTER_BOUND('',#1088,.T.);
#579=FACE_OUTER_BOUND('',#1089,.T.);
#580=FACE_OUTER_BOUND('',#1090,.T.);
#581=FACE_OUTER_BOUND('',#1091,.T.);
#582=FACE_OUTER_BOUND('',#1092,.T.);
#583=FACE_OUTER_BOUND('',#1093,.T.);
#584=FACE_OUTER_BOUND('',#1094,.T.);
#585=FACE_OUTER_BOUND('',#1095,.T.);
#586=FACE_OUTER_BOUND('',#1096,.T.);
#587=FACE_OUTER_BOUND('',#1097,.T.);
#588=FACE_OUTER_BOUND('',#1098,.T.);
#589=FACE_OUTER_BOUND('',#1099,.T.);
#590=FACE_OUTER_BOUND('',#1100,.T.);
#591=FACE_OUTER_BOUND('',#1101,.T.);
#592=FACE_OUTER_BOUND('',#1102,.T.);
#593=FACE_OUTER_BOUND('',#1103,.T.);
#594=FACE_OUTER_BOUND('',#1104,.T.);
#595=FACE_OUTER_BOUND('',#1105,.T.);
#596=FACE_OUTER_BOUND('',#1106,.T.);
#597=FACE_OUTER_BOUND('',#1107,.T.);
#598=FACE_OUTER_BOUND('',#1108,.T.);
#599=FACE_OUTER_BOUND('',#1109,.T.);
#600=FACE_OUTER_BOUND('',#1110,.T.);
#601=FACE_OUTER_BOUND('',#1111,.T.);
#602=FACE_OUTER_BOUND('',#1112,.T.);
#603=FACE_OUTER_BOUND('',#1113,.T.);
#604=FACE_OUTER_BOUND('',#1114,.T.);
#605=FACE_OUTER_BOUND('',#1115,.T.);
#606=FACE_OUTER_BOUND('',#1116,.T.);
#607=FACE_OUTER_BOUND('',#1117,.T.);
#608=FACE_OUTER_BOUND('',#1118,.T.);
#609=FACE_OUTER_BOUND('',#1119,.T.);
#610=FACE_OUTER_BOUND('',#1120,.T.);
#611=FACE_OUTER_BOUND('',#1121,.T.);
#612=FACE_OUTER_BOUND('',#1122,.T.);
#613=FACE_OUTER_BOUND('',#1123,.T.);
#614=FACE_OUTER_BOUND('',#1124,.T.);
#615=FACE_OUTER_BOUND('',#1125,.T.);
#616=FACE_OUTER_BOUND('',#1126,.T.);
#617=FACE_OUTER_BOUND('',#1127,.T.);
#618=FACE_OUTER_BOUND('',#1128,.T.);
#619=FACE_OUTER_BOUND('',#1129,.T.);
#620=FACE_OUTER_BOUND('',#1130,.T.);
#621=FACE_OUTER_BOUND('',#1131,.T.);
#622=FACE_OUTER_BOUND('',#1132,.T.);
#623=FACE_OUTER_BOUND('',#1133,.T.);
#624=FACE_OUTER_BOUND('',#1134,.T.);
#625=FACE_OUTER_BOUND('',#1135,.T.);
#626=FACE_OUTER_BOUND('',#1136,.T.);
#627=FACE_OUTER_BOUND('',#1137,.T.);
#628=FACE_OUTER_BOUND('',#1138,.T.);
#629=FACE_OUTER_BOUND('',#1139,.T.);
#630=FACE_OUTER_BOUND('',#1140,.T.);
#631=FACE_OUTER_BOUND('',#1141,.T.);
#632=FACE_OUTER_BOUND('',#1142,.T.);
#633=FACE_OUTER_BOUND('',#1143,.T.);
#634=FACE_OUTER_BOUND('',#1144,.T.);
#635=FACE_OUTER_BOUND('',#1145,.T.);
#636=FACE_OUTER_BOUND('',#1146,.T.);
#637=FACE_OUTER_BOUND('',#1147,.T.);
#638=FACE_OUTER_BOUND('',#1148,.T.);
#639=FACE_OUTER_BOUND('',#1149,.T.);
#640=FACE_OUTER_BOUND('',#1150,.T.);
#641=FACE_OUTER_BOUND('',#1151,.T.);
#642=FACE_OUTER_BOUND('',#1152,.T.);
#643=FACE_OUTER_BOUND('',#1153,.T.);
#644=FACE_OUTER_BOUND('',#1154,.T.);
#645=FACE_OUTER_BOUND('',#1155,.T.);
#646=FACE_OUTER_BOUND('',#1156,.T.);
#647=FACE_OUTER_BOUND('',#1157,.T.);
#648=FACE_OUTER_BOUND('',#1158,.T.);
#649=FACE_OUTER_BOUND('',#1159,.T.);
#650=FACE_OUTER_BOUND('',#1160,.T.);
#651=FACE_OUTER_BOUND('',#1161,.T.);
#652=FACE_OUTER_BOUND('',#1162,.T.);
#653=FACE_OUTER_BOUND('',#1163,.T.);
#654=FACE_OUTER_BOUND('',#1164,.T.);
#655=FACE_OUTER_BOUND('',#1165,.T.);
#656=FACE_OUTER_BOUND('',#1166,.T.);
#657=FACE_OUTER_BOUND('',#1167,.T.);
#658=FACE_OUTER_BOUND('',#1168,.T.);
#659=FACE_OUTER_BOUND('',#1169,.T.);
#660=FACE_OUTER_BOUND('',#1170,.T.);
#661=FACE_OUTER_BOUND('',#1171,.T.);
#662=FACE_OUTER_BOUND('',#1172,.T.);
#663=FACE_OUTER_BOUND('',#1173,.T.);
#664=FACE_OUTER_BOUND('',#1174,.T.);
#665=FACE_OUTER_BOUND('',#1175,.T.);
#666=FACE_OUTER_BOUND('',#1176,.T.);
#667=FACE_OUTER_BOUND('',#1177,.T.);
#668=FACE_OUTER_BOUND('',#1178,.T.);
#669=FACE_OUTER_BOUND('',#1179,.T.);
#670=FACE_OUTER_BOUND('',#1180,.T.);
#671=FACE_OUTER_BOUND('',#1181,.T.);
#672=FACE_OUTER_BOUND('',#1182,.T.);
#673=FACE_OUTER_BOUND('',#1183,.T.);
#674=FACE_OUTER_BOUND('',#1184,.T.);
#675=FACE_OUTER_BOUND('',#1185,.T.);
#676=FACE_OUTER_BOUND('',#1186,.T.);
#677=FACE_OUTER_BOUND('',#1187,.T.);
#678=FACE_OUTER_BOUND('',#1188,.T.);
#679=FACE_OUTER_BOUND('',#1189,.T.);
#680=FACE_OUTER_BOUND('',#1190,.T.);
#681=FACE_OUTER_BOUND('',#1191,.T.);
#682=FACE_OUTER_BOUND('',#1192,.T.);
#683=FACE_OUTER_BOUND('',#1193,.T.);
#684=FACE_OUTER_BOUND('',#1194,.T.);
#685=FACE_OUTER_BOUND('',#1195,.T.);
#686=FACE_OUTER_BOUND('',#1196,.T.);
#687=FACE_OUTER_BOUND('',#1197,.T.);
#688=FACE_OUTER_BOUND('',#1198,.T.);
#689=FACE_OUTER_BOUND('',#1199,.T.);
#690=FACE_OUTER_BOUND('',#1200,.T.);
#691=FACE_OUTER_BOUND('',#1201,.T.);
#692=FACE_OUTER_BOUND('',#1202,.T.);
#693=FACE_OUTER_BOUND('',#1203,.T.);
#694=FACE_OUTER_BOUND('',#1204,.T.);
#695=FACE_OUTER_BOUND('',#1205,.T.);
#696=FACE_OUTER_BOUND('',#1206,.T.);
#697=FACE_OUTER_BOUND('',#1207,.T.);
#698=FACE_OUTER_BOUND('',#1208,.T.);
#699=FACE_OUTER_BOUND('',#1209,.T.);
#700=FACE_OUTER_BOUND('',#1210,.T.);
#701=FACE_OUTER_BOUND('',#1211,.T.);
#702=FACE_OUTER_BOUND('',#1212,.T.);
#703=FACE_OUTER_BOUND('',#1213,.T.);
#704=FACE_OUTER_BOUND('',#1214,.T.);
#705=FACE_OUTER_BOUND('',#1215,.T.);
#706=FACE_OUTER_BOUND('',#1216,.T.);
#707=FACE_OUTER_BOUND('',#1217,.T.);
#708=FACE_OUTER_BOUND('',#1218,.T.);
#709=FACE_OUTER_BOUND('',#1219,.T.);
#710=FACE_OUTER_BOUND('',#1220,.T.);
#711=FACE_OUTER_BOUND('',#1221,.T.);
#712=FACE_OUTER_BOUND('',#1222,.T.);
#713=FACE_OUTER_BOUND('',#1223,.T.);
#714=FACE_OUTER_BOUND('',#1226,.T.);
#715=FACE_OUTER_BOUND('',#1227,.T.);
#716=FACE_OUTER_BOUND('',#1228,.T.);
#717=FACE_OUTER_BOUND('',#1229,.T.);
#718=FACE_OUTER_BOUND('',#1230,.T.);
#719=FACE_OUTER_BOUND('',#1231,.T.);
#720=FACE_OUTER_BOUND('',#1232,.T.);
#721=FACE_OUTER_BOUND('',#1233,.T.);
#722=FACE_OUTER_BOUND('',#1234,.T.);
#723=FACE_OUTER_BOUND('',#1235,.T.);
#724=FACE_OUTER_BOUND('',#1236,.T.);
#725=FACE_OUTER_BOUND('',#1237,.T.);
#726=FACE_OUTER_BOUND('',#1238,.T.);
#727=FACE_OUTER_BOUND('',#1239,.T.);
#728=FACE_OUTER_BOUND('',#1240,.T.);
#729=FACE_OUTER_BOUND('',#1241,.T.);
#730=FACE_OUTER_BOUND('',#1242,.T.);
#731=FACE_OUTER_BOUND('',#1243,.T.);
#732=FACE_OUTER_BOUND('',#1244,.T.);
#733=FACE_OUTER_BOUND('',#1245,.T.);
#734=FACE_OUTER_BOUND('',#1246,.T.);
#735=FACE_OUTER_BOUND('',#1247,.T.);
#736=FACE_OUTER_BOUND('',#1248,.T.);
#737=FACE_OUTER_BOUND('',#1249,.T.);
#738=FACE_OUTER_BOUND('',#1250,.T.);
#739=FACE_OUTER_BOUND('',#1251,.T.);
#740=FACE_OUTER_BOUND('',#1252,.T.);
#741=FACE_OUTER_BOUND('',#1253,.T.);
#742=FACE_OUTER_BOUND('',#1254,.T.);
#743=FACE_OUTER_BOUND('',#1255,.T.);
#744=FACE_OUTER_BOUND('',#1256,.T.);
#745=FACE_OUTER_BOUND('',#1257,.T.);
#746=FACE_OUTER_BOUND('',#1258,.T.);
#747=FACE_OUTER_BOUND('',#1259,.T.);
#748=FACE_OUTER_BOUND('',#1260,.T.);
#749=FACE_OUTER_BOUND('',#1261,.T.);
#750=FACE_OUTER_BOUND('',#1262,.T.);
#751=FACE_OUTER_BOUND('',#1263,.T.);
#752=FACE_OUTER_BOUND('',#1264,.T.);
#753=FACE_OUTER_BOUND('',#1265,.T.);
#754=FACE_OUTER_BOUND('',#1266,.T.);
#755=FACE_OUTER_BOUND('',#1267,.T.);
#756=FACE_OUTER_BOUND('',#1268,.T.);
#757=FACE_OUTER_BOUND('',#1269,.T.);
#758=FACE_OUTER_BOUND('',#1270,.T.);
#759=FACE_OUTER_BOUND('',#1271,.T.);
#760=FACE_OUTER_BOUND('',#1272,.T.);
#761=FACE_OUTER_BOUND('',#1273,.T.);
#762=FACE_OUTER_BOUND('',#1274,.T.);
#763=FACE_OUTER_BOUND('',#1275,.T.);
#764=FACE_OUTER_BOUND('',#1276,.T.);
#765=FACE_OUTER_BOUND('',#1277,.T.);
#766=FACE_OUTER_BOUND('',#1278,.T.);
#767=FACE_OUTER_BOUND('',#1279,.T.);
#768=FACE_OUTER_BOUND('',#1280,.T.);
#769=FACE_OUTER_BOUND('',#1281,.T.);
#770=FACE_OUTER_BOUND('',#1282,.T.);
#771=FACE_OUTER_BOUND('',#1283,.T.);
#772=FACE_OUTER_BOUND('',#1284,.T.);
#773=FACE_OUTER_BOUND('',#1285,.T.);
#774=FACE_OUTER_BOUND('',#1286,.T.);
#775=FACE_OUTER_BOUND('',#1287,.T.);
#776=FACE_OUTER_BOUND('',#1288,.T.);
#777=FACE_OUTER_BOUND('',#1289,.T.);
#778=FACE_OUTER_BOUND('',#1290,.T.);
#779=FACE_OUTER_BOUND('',#1291,.T.);
#780=FACE_OUTER_BOUND('',#1292,.T.);
#781=FACE_OUTER_BOUND('',#1293,.T.);
#782=FACE_OUTER_BOUND('',#1294,.T.);
#783=FACE_OUTER_BOUND('',#1295,.T.);
#784=FACE_OUTER_BOUND('',#1296,.T.);
#785=FACE_OUTER_BOUND('',#1297,.T.);
#786=FACE_OUTER_BOUND('',#1298,.T.);
#787=FACE_OUTER_BOUND('',#1299,.T.);
#788=FACE_OUTER_BOUND('',#1300,.T.);
#789=FACE_OUTER_BOUND('',#1301,.T.);
#790=FACE_OUTER_BOUND('',#1302,.T.);
#791=FACE_OUTER_BOUND('',#1303,.T.);
#792=FACE_OUTER_BOUND('',#1304,.T.);
#793=FACE_OUTER_BOUND('',#1305,.T.);
#794=FACE_OUTER_BOUND('',#1306,.T.);
#795=FACE_OUTER_BOUND('',#1307,.T.);
#796=FACE_OUTER_BOUND('',#1308,.T.);
#797=FACE_OUTER_BOUND('',#1309,.T.);
#798=FACE_OUTER_BOUND('',#1310,.T.);
#799=FACE_OUTER_BOUND('',#1311,.T.);
#800=FACE_OUTER_BOUND('',#1312,.T.);
#801=FACE_OUTER_BOUND('',#1313,.T.);
#802=FACE_OUTER_BOUND('',#1314,.T.);
#803=FACE_OUTER_BOUND('',#1315,.T.);
#804=FACE_OUTER_BOUND('',#1316,.T.);
#805=FACE_OUTER_BOUND('',#1317,.T.);
#806=FACE_OUTER_BOUND('',#1318,.T.);
#807=FACE_OUTER_BOUND('',#1319,.T.);
#808=FACE_OUTER_BOUND('',#1320,.T.);
#809=FACE_OUTER_BOUND('',#1321,.T.);
#810=FACE_OUTER_BOUND('',#1322,.T.);
#811=FACE_OUTER_BOUND('',#1323,.T.);
#812=FACE_OUTER_BOUND('',#1324,.T.);
#813=FACE_OUTER_BOUND('',#1325,.T.);
#814=FACE_OUTER_BOUND('',#1326,.T.);
#815=FACE_OUTER_BOUND('',#1327,.T.);
#816=FACE_OUTER_BOUND('',#1328,.T.);
#817=FACE_OUTER_BOUND('',#1329,.T.);
#818=FACE_OUTER_BOUND('',#1330,.T.);
#819=FACE_OUTER_BOUND('',#1331,.T.);
#820=FACE_OUTER_BOUND('',#1332,.T.);
#821=FACE_OUTER_BOUND('',#1333,.T.);
#822=FACE_OUTER_BOUND('',#1334,.T.);
#823=FACE_OUTER_BOUND('',#1335,.T.);
#824=FACE_OUTER_BOUND('',#1336,.T.);
#825=FACE_OUTER_BOUND('',#1337,.T.);
#826=FACE_OUTER_BOUND('',#1338,.T.);
#827=FACE_OUTER_BOUND('',#1339,.T.);
#828=FACE_OUTER_BOUND('',#1340,.T.);
#829=FACE_OUTER_BOUND('',#1341,.T.);
#830=FACE_OUTER_BOUND('',#1342,.T.);
#831=FACE_OUTER_BOUND('',#1343,.T.);
#832=FACE_OUTER_BOUND('',#1344,.T.);
#833=FACE_OUTER_BOUND('',#1345,.T.);
#834=FACE_OUTER_BOUND('',#1346,.T.);
#835=FACE_OUTER_BOUND('',#1347,.T.);
#836=FACE_OUTER_BOUND('',#1348,.T.);
#837=FACE_OUTER_BOUND('',#1349,.T.);
#838=FACE_OUTER_BOUND('',#1350,.T.);
#839=FACE_OUTER_BOUND('',#1351,.T.);
#840=FACE_OUTER_BOUND('',#1352,.T.);
#841=FACE_OUTER_BOUND('',#1353,.T.);
#842=FACE_OUTER_BOUND('',#1354,.T.);
#843=FACE_OUTER_BOUND('',#1355,.T.);
#844=FACE_OUTER_BOUND('',#1356,.T.);
#845=FACE_OUTER_BOUND('',#1357,.T.);
#846=FACE_OUTER_BOUND('',#1358,.T.);
#847=FACE_OUTER_BOUND('',#1359,.T.);
#848=FACE_OUTER_BOUND('',#1360,.T.);
#849=FACE_OUTER_BOUND('',#1361,.T.);
#850=FACE_OUTER_BOUND('',#1362,.T.);
#851=FACE_OUTER_BOUND('',#1363,.T.);
#852=FACE_OUTER_BOUND('',#1364,.T.);
#853=FACE_OUTER_BOUND('',#1365,.T.);
#854=FACE_OUTER_BOUND('',#1366,.T.);
#855=FACE_OUTER_BOUND('',#1367,.T.);
#856=FACE_OUTER_BOUND('',#1368,.T.);
#857=FACE_OUTER_BOUND('',#1369,.T.);
#858=FACE_OUTER_BOUND('',#1370,.T.);
#859=FACE_OUTER_BOUND('',#1371,.T.);
#860=FACE_OUTER_BOUND('',#1372,.T.);
#861=FACE_OUTER_BOUND('',#1373,.T.);
#862=FACE_OUTER_BOUND('',#1374,.T.);
#863=FACE_OUTER_BOUND('',#1375,.T.);
#864=FACE_OUTER_BOUND('',#1376,.T.);
#865=FACE_OUTER_BOUND('',#1377,.T.);
#866=FACE_OUTER_BOUND('',#1378,.T.);
#867=FACE_OUTER_BOUND('',#1379,.T.);
#868=FACE_OUTER_BOUND('',#1380,.T.);
#869=FACE_OUTER_BOUND('',#1381,.T.);
#870=FACE_OUTER_BOUND('',#1382,.T.);
#871=FACE_OUTER_BOUND('',#1383,.T.);
#872=FACE_OUTER_BOUND('',#1384,.T.);
#873=FACE_OUTER_BOUND('',#1385,.T.);
#874=FACE_OUTER_BOUND('',#1386,.T.);
#875=FACE_OUTER_BOUND('',#1387,.T.);
#876=FACE_OUTER_BOUND('',#1388,.T.);
#877=FACE_OUTER_BOUND('',#1389,.T.);
#878=FACE_OUTER_BOUND('',#1390,.T.);
#879=FACE_OUTER_BOUND('',#1392,.T.);
#880=FACE_OUTER_BOUND('',#1393,.T.);
#881=FACE_OUTER_BOUND('',#1394,.T.);
#882=FACE_OUTER_BOUND('',#1395,.T.);
#883=FACE_OUTER_BOUND('',#1396,.T.);
#884=FACE_OUTER_BOUND('',#1397,.T.);
#885=FACE_OUTER_BOUND('',#1398,.T.);
#886=FACE_OUTER_BOUND('',#1399,.T.);
#887=FACE_OUTER_BOUND('',#1400,.T.);
#888=FACE_OUTER_BOUND('',#1401,.T.);
#889=FACE_OUTER_BOUND('',#1402,.T.);
#890=FACE_OUTER_BOUND('',#1403,.T.);
#891=FACE_OUTER_BOUND('',#1404,.T.);
#892=FACE_OUTER_BOUND('',#1405,.T.);
#893=FACE_OUTER_BOUND('',#1406,.T.);
#894=FACE_OUTER_BOUND('',#1407,.T.);
#895=FACE_OUTER_BOUND('',#1408,.T.);
#896=FACE_OUTER_BOUND('',#1409,.T.);
#897=FACE_OUTER_BOUND('',#1410,.T.);
#898=FACE_OUTER_BOUND('',#1411,.T.);
#899=FACE_OUTER_BOUND('',#1412,.T.);
#900=FACE_OUTER_BOUND('',#1413,.T.);
#901=FACE_OUTER_BOUND('',#1414,.T.);
#902=FACE_OUTER_BOUND('',#1415,.T.);
#903=FACE_OUTER_BOUND('',#1416,.T.);
#904=FACE_OUTER_BOUND('',#1417,.T.);
#905=FACE_OUTER_BOUND('',#1418,.T.);
#906=FACE_OUTER_BOUND('',#1419,.T.);
#907=FACE_OUTER_BOUND('',#1420,.T.);
#908=FACE_OUTER_BOUND('',#1421,.T.);
#909=FACE_OUTER_BOUND('',#1422,.T.);
#910=FACE_OUTER_BOUND('',#1423,.T.);
#911=FACE_OUTER_BOUND('',#1424,.T.);
#912=FACE_OUTER_BOUND('',#1425,.T.);
#913=FACE_OUTER_BOUND('',#1426,.T.);
#914=FACE_OUTER_BOUND('',#1427,.T.);
#915=FACE_OUTER_BOUND('',#1428,.T.);
#916=FACE_OUTER_BOUND('',#1429,.T.);
#917=FACE_OUTER_BOUND('',#1430,.T.);
#918=FACE_OUTER_BOUND('',#1431,.T.);
#919=FACE_OUTER_BOUND('',#1432,.T.);
#920=FACE_OUTER_BOUND('',#1433,.T.);
#921=FACE_OUTER_BOUND('',#1434,.T.);
#922=FACE_OUTER_BOUND('',#1435,.T.);
#923=FACE_OUTER_BOUND('',#1436,.T.);
#924=FACE_OUTER_BOUND('',#1438,.T.);
#925=FACE_OUTER_BOUND('',#1439,.T.);
#926=FACE_OUTER_BOUND('',#1440,.T.);
#927=FACE_OUTER_BOUND('',#1441,.T.);
#928=FACE_OUTER_BOUND('',#1442,.T.);
#929=FACE_OUTER_BOUND('',#1443,.T.);
#930=FACE_OUTER_BOUND('',#1444,.T.);
#931=FACE_OUTER_BOUND('',#1450,.T.);
#932=FACE_OUTER_BOUND('',#1451,.T.);
#933=FACE_OUTER_BOUND('',#1452,.T.);
#934=FACE_OUTER_BOUND('',#1453,.T.);
#935=FACE_OUTER_BOUND('',#1454,.T.);
#936=FACE_OUTER_BOUND('',#1455,.T.);
#937=FACE_OUTER_BOUND('',#1456,.T.);
#938=FACE_OUTER_BOUND('',#1457,.T.);
#939=FACE_OUTER_BOUND('',#1458,.T.);
#940=FACE_OUTER_BOUND('',#1459,.T.);
#941=FACE_OUTER_BOUND('',#1461,.T.);
#942=FACE_OUTER_BOUND('',#1462,.T.);
#943=FACE_OUTER_BOUND('',#1463,.T.);
#944=FACE_OUTER_BOUND('',#1464,.T.);
#945=FACE_OUTER_BOUND('',#1465,.T.);
#946=FACE_OUTER_BOUND('',#1466,.T.);
#947=FACE_OUTER_BOUND('',#1470,.T.);
#948=FACE_OUTER_BOUND('',#1471,.T.);
#949=FACE_OUTER_BOUND('',#1472,.T.);
#950=FACE_OUTER_BOUND('',#1473,.T.);
#951=FACE_OUTER_BOUND('',#1474,.T.);
#952=FACE_OUTER_BOUND('',#1475,.T.);
#953=FACE_OUTER_BOUND('',#1476,.T.);
#954=FACE_OUTER_BOUND('',#1477,.T.);
#955=FACE_OUTER_BOUND('',#1478,.T.);
#956=FACE_OUTER_BOUND('',#1479,.T.);
#957=FACE_OUTER_BOUND('',#1480,.T.);
#958=FACE_OUTER_BOUND('',#1481,.T.);
#959=FACE_OUTER_BOUND('',#1482,.T.);
#960=FACE_OUTER_BOUND('',#1483,.T.);
#961=FACE_OUTER_BOUND('',#1484,.T.);
#962=FACE_OUTER_BOUND('',#1485,.T.);
#963=FACE_OUTER_BOUND('',#1486,.T.);
#964=FACE_OUTER_BOUND('',#1487,.T.);
#965=FACE_OUTER_BOUND('',#1488,.T.);
#966=FACE_OUTER_BOUND('',#1489,.T.);
#967=FACE_OUTER_BOUND('',#1490,.T.);
#968=FACE_OUTER_BOUND('',#1491,.T.);
#969=FACE_OUTER_BOUND('',#1492,.T.);
#970=FACE_OUTER_BOUND('',#1493,.T.);
#971=FACE_OUTER_BOUND('',#1494,.T.);
#972=FACE_OUTER_BOUND('',#1495,.T.);
#973=FACE_OUTER_BOUND('',#1496,.T.);
#974=FACE_OUTER_BOUND('',#1497,.T.);
#975=FACE_OUTER_BOUND('',#1498,.T.);
#976=FACE_OUTER_BOUND('',#1499,.T.);
#977=FACE_OUTER_BOUND('',#1500,.T.);
#978=FACE_OUTER_BOUND('',#1501,.T.);
#979=FACE_OUTER_BOUND('',#1502,.T.);
#980=FACE_OUTER_BOUND('',#1504,.T.);
#981=FACE_OUTER_BOUND('',#1505,.T.);
#982=FACE_OUTER_BOUND('',#1506,.T.);
#983=FACE_OUTER_BOUND('',#1508,.T.);
#984=FACE_OUTER_BOUND('',#1509,.T.);
#985=FACE_OUTER_BOUND('',#1511,.T.);
#986=FACE_OUTER_BOUND('',#1512,.T.);
#987=FACE_OUTER_BOUND('',#1513,.T.);
#988=FACE_OUTER_BOUND('',#1514,.T.);
#989=FACE_OUTER_BOUND('',#1515,.T.);
#990=FACE_OUTER_BOUND('',#1516,.T.);
#991=FACE_OUTER_BOUND('',#1517,.T.);
#992=FACE_OUTER_BOUND('',#1518,.T.);
#993=FACE_OUTER_BOUND('',#1519,.T.);
#994=FACE_OUTER_BOUND('',#1520,.T.);
#995=FACE_OUTER_BOUND('',#1521,.T.);
#996=FACE_OUTER_BOUND('',#1522,.T.);
#997=FACE_OUTER_BOUND('',#1523,.T.);
#998=FACE_OUTER_BOUND('',#1524,.T.);
#999=FACE_OUTER_BOUND('',#1525,.T.);
#1000=FACE_OUTER_BOUND('',#1526,.T.);
#1001=FACE_OUTER_BOUND('',#1527,.T.);
#1002=FACE_OUTER_BOUND('',#1528,.T.);
#1003=FACE_OUTER_BOUND('',#1529,.T.);
#1004=FACE_OUTER_BOUND('',#1530,.T.);
#1005=FACE_OUTER_BOUND('',#1531,.T.);
#1006=FACE_OUTER_BOUND('',#1532,.T.);
#1007=FACE_OUTER_BOUND('',#1533,.T.);
#1008=FACE_OUTER_BOUND('',#1534,.T.);
#1009=FACE_OUTER_BOUND('',#1535,.T.);
#1010=FACE_OUTER_BOUND('',#1536,.T.);
#1011=FACE_OUTER_BOUND('',#1537,.T.);
#1012=FACE_OUTER_BOUND('',#1538,.T.);
#1013=FACE_OUTER_BOUND('',#1539,.T.);
#1014=FACE_OUTER_BOUND('',#1540,.T.);
#1015=FACE_OUTER_BOUND('',#1541,.T.);
#1016=FACE_OUTER_BOUND('',#1542,.T.);
#1017=FACE_OUTER_BOUND('',#1543,.T.);
#1018=FACE_OUTER_BOUND('',#1544,.T.);
#1019=FACE_OUTER_BOUND('',#1545,.T.);
#1020=FACE_OUTER_BOUND('',#1546,.T.);
#1021=FACE_OUTER_BOUND('',#1547,.T.);
#1022=EDGE_LOOP('',(#6595,#6596,#6597,#6598,#6599,#6600));
#1023=EDGE_LOOP('',(#6601,#6602,#6603,#6604,#6605,#6606));
#1024=EDGE_LOOP('',(#6607,#6608,#6609,#6610,#6611,#6612,#6613,#6614));
#1025=EDGE_LOOP('',(#6615,#6616,#6617,#6618,#6619,#6620,#6621,#6622));
#1026=EDGE_LOOP('',(#6623,#6624,#6625,#6626));
#1027=EDGE_LOOP('',(#6627,#6628,#6629,#6630));
#1028=EDGE_LOOP('',(#6631,#6632,#6633,#6634));
#1029=EDGE_LOOP('',(#6635,#6636,#6637,#6638));
#1030=EDGE_LOOP('',(#6639,#6640,#6641,#6642,#6643,#6644,#6645,#6646,#6647,
#6648));
#1031=EDGE_LOOP('',(#6649,#6650,#6651,#6652,#6653,#6654,#6655,#6656,#6657));
#1032=EDGE_LOOP('',(#6658,#6659,#6660,#6661));
#1033=EDGE_LOOP('',(#6662,#6663,#6664,#6665,#6666,#6667,#6668,#6669,#6670));
#1034=EDGE_LOOP('',(#6671,#6672,#6673,#6674));
#1035=EDGE_LOOP('',(#6675,#6676,#6677,#6678));
#1036=EDGE_LOOP('',(#6679,#6680,#6681,#6682,#6683,#6684));
#1037=EDGE_LOOP('',(#6685,#6686,#6687,#6688));
#1038=EDGE_LOOP('',(#6689,#6690,#6691,#6692));
#1039=EDGE_LOOP('',(#6693,#6694,#6695,#6696));
#1040=EDGE_LOOP('',(#6697,#6698,#6699,#6700));
#1041=EDGE_LOOP('',(#6701,#6702,#6703,#6704));
#1042=EDGE_LOOP('',(#6705,#6706,#6707,#6708));
#1043=EDGE_LOOP('',(#6709,#6710));
#1044=EDGE_LOOP('',(#6711,#6712,#6713,#6714));
#1045=EDGE_LOOP('',(#6715,#6716));
#1046=EDGE_LOOP('',(#6717,#6718,#6719,#6720));
#1047=EDGE_LOOP('',(#6721,#6722,#6723,#6724,#6725,#6726,#6727,#6728,#6729));
#1048=EDGE_LOOP('',(#6730,#6731,#6732,#6733));
#1049=EDGE_LOOP('',(#6734,#6735,#6736,#6737,#6738,#6739,#6740,#6741,#6742));
#1050=EDGE_LOOP('',(#6743,#6744,#6745,#6746));
#1051=EDGE_LOOP('',(#6747,#6748,#6749,#6750));
#1052=EDGE_LOOP('',(#6751,#6752,#6753,#6754));
#1053=EDGE_LOOP('',(#6755,#6756,#6757,#6758));
#1054=EDGE_LOOP('',(#6759,#6760,#6761,#6762));
#1055=EDGE_LOOP('',(#6763,#6764,#6765,#6766,#6767,#6768,#6769,#6770,#6771,
#6772));
#1056=EDGE_LOOP('',(#6773,#6774,#6775,#6776));
#1057=EDGE_LOOP('',(#6777,#6778,#6779,#6780));
#1058=EDGE_LOOP('',(#6781,#6782,#6783,#6784,#6785,#6786));
#1059=EDGE_LOOP('',(#6787,#6788,#6789,#6790,#6791,#6792,#6793,#6794));
#1060=EDGE_LOOP('',(#6795,#6796,#6797,#6798));
#1061=EDGE_LOOP('',(#6799));
#1062=EDGE_LOOP('',(#6800,#6801,#6802,#6803));
#1063=EDGE_LOOP('',(#6804,#6805,#6806,#6807));
#1064=EDGE_LOOP('',(#6808,#6809,#6810,#6811));
#1065=EDGE_LOOP('',(#6812,#6813,#6814,#6815));
#1066=EDGE_LOOP('',(#6816,#6817,#6818,#6819));
#1067=EDGE_LOOP('',(#6820,#6821,#6822,#6823));
#1068=EDGE_LOOP('',(#6824,#6825,#6826,#6827));
#1069=EDGE_LOOP('',(#6828,#6829,#6830,#6831));
#1070=EDGE_LOOP('',(#6832,#6833,#6834,#6835));
#1071=EDGE_LOOP('',(#6836));
#1072=EDGE_LOOP('',(#6837,#6838,#6839,#6840));
#1073=EDGE_LOOP('',(#6841,#6842,#6843));
#1074=EDGE_LOOP('',(#6844,#6845,#6846,#6847,#6848));
#1075=EDGE_LOOP('',(#6849,#6850,#6851,#6852));
#1076=EDGE_LOOP('',(#6853,#6854,#6855,#6856,#6857,#6858,#6859,#6860,#6861));
#1077=EDGE_LOOP('',(#6862,#6863,#6864,#6865,#6866,#6867,#6868,#6869));
#1078=EDGE_LOOP('',(#6870,#6871,#6872,#6873));
#1079=EDGE_LOOP('',(#6874,#6875,#6876,#6877));
#1080=EDGE_LOOP('',(#6878,#6879,#6880,#6881));
#1081=EDGE_LOOP('',(#6882,#6883,#6884,#6885));
#1082=EDGE_LOOP('',(#6886,#6887,#6888,#6889,#6890,#6891,#6892,#6893,#6894,
#6895,#6896,#6897,#6898));
#1083=EDGE_LOOP('',(#6899,#6900,#6901,#6902,#6903,#6904,#6905,#6906,#6907,
#6908,#6909,#6910,#6911));
#1084=EDGE_LOOP('',(#6912,#6913,#6914,#6915));
#1085=EDGE_LOOP('',(#6916,#6917,#6918,#6919));
#1086=EDGE_LOOP('',(#6920,#6921,#6922,#6923,#6924,#6925,#6926,#6927,#6928,
#6929,#6930,#6931,#6932));
#1087=EDGE_LOOP('',(#6933,#6934,#6935,#6936,#6937,#6938,#6939,#6940,#6941,
#6942,#6943,#6944,#6945));
#1088=EDGE_LOOP('',(#6946,#6947,#6948,#6949));
#1089=EDGE_LOOP('',(#6950,#6951,#6952,#6953,#6954,#6955,#6956,#6957));
#1090=EDGE_LOOP('',(#6958,#6959,#6960,#6961,#6962,#6963,#6964,#6965));
#1091=EDGE_LOOP('',(#6966,#6967,#6968,#6969,#6970,#6971,#6972,#6973,#6974,
#6975,#6976,#6977,#6978,#6979,#6980,#6981,#6982,#6983,#6984,#6985));
#1092=EDGE_LOOP('',(#6986,#6987,#6988,#6989,#6990,#6991,#6992,#6993,#6994,
#6995,#6996,#6997,#6998,#6999,#7000,#7001,#7002,#7003,#7004,#7005));
#1093=EDGE_LOOP('',(#7006,#7007,#7008,#7009));
#1094=EDGE_LOOP('',(#7010,#7011,#7012,#7013));
#1095=EDGE_LOOP('',(#7014,#7015,#7016,#7017));
#1096=EDGE_LOOP('',(#7018,#7019,#7020,#7021));
#1097=EDGE_LOOP('',(#7022,#7023,#7024,#7025));
#1098=EDGE_LOOP('',(#7026,#7027,#7028,#7029));
#1099=EDGE_LOOP('',(#7030,#7031,#7032,#7033,#7034,#7035));
#1100=EDGE_LOOP('',(#7036,#7037,#7038,#7039,#7040,#7041));
#1101=EDGE_LOOP('',(#7042,#7043,#7044,#7045,#7046,#7047,#7048,#7049,#7050));
#1102=EDGE_LOOP('',(#7051,#7052,#7053,#7054,#7055,#7056,#7057,#7058,#7059));
#1103=EDGE_LOOP('',(#7060,#7061,#7062,#7063));
#1104=EDGE_LOOP('',(#7064,#7065,#7066,#7067));
#1105=EDGE_LOOP('',(#7068,#7069,#7070,#7071));
#1106=EDGE_LOOP('',(#7072,#7073,#7074,#7075,#7076,#7077,#7078,#7079,#7080,
#7081,#7082,#7083,#7084,#7085,#7086,#7087,#7088,#7089,#7090,#7091,#7092,
#7093));
#1107=EDGE_LOOP('',(#7094,#7095,#7096,#7097));
#1108=EDGE_LOOP('',(#7098,#7099,#7100,#7101));
#1109=EDGE_LOOP('',(#7102,#7103,#7104,#7105,#7106,#7107,#7108,#7109,#7110,
#7111,#7112,#7113,#7114,#7115,#7116,#7117));
#1110=EDGE_LOOP('',(#7118,#7119,#7120,#7121,#7122));
#1111=EDGE_LOOP('',(#7123,#7124,#7125,#7126));
#1112=EDGE_LOOP('',(#7127,#7128,#7129,#7130,#7131));
#1113=EDGE_LOOP('',(#7132,#7133,#7134,#7135,#7136,#7137,#7138));
#1114=EDGE_LOOP('',(#7139,#7140,#7141,#7142,#7143,#7144,#7145));
#1115=EDGE_LOOP('',(#7146,#7147,#7148,#7149));
#1116=EDGE_LOOP('',(#7150,#7151,#7152,#7153));
#1117=EDGE_LOOP('',(#7154,#7155,#7156,#7157));
#1118=EDGE_LOOP('',(#7158,#7159,#7160,#7161));
#1119=EDGE_LOOP('',(#7162,#7163,#7164,#7165,#7166,#7167,#7168,#7169,#7170,
#7171,#7172,#7173,#7174,#7175));
#1120=EDGE_LOOP('',(#7176,#7177,#7178,#7179,#7180,#7181));
#1121=EDGE_LOOP('',(#7182,#7183,#7184,#7185));
#1122=EDGE_LOOP('',(#7186,#7187,#7188,#7189));
#1123=EDGE_LOOP('',(#7190,#7191,#7192,#7193));
#1124=EDGE_LOOP('',(#7194,#7195,#7196,#7197));
#1125=EDGE_LOOP('',(#7198,#7199,#7200,#7201,#7202));
#1126=EDGE_LOOP('',(#7203,#7204,#7205,#7206,#7207,#7208,#7209,#7210,#7211,
#7212,#7213,#7214,#7215,#7216,#7217,#7218));
#1127=EDGE_LOOP('',(#7219,#7220,#7221,#7222,#7223,#7224));
#1128=EDGE_LOOP('',(#7225,#7226,#7227,#7228));
#1129=EDGE_LOOP('',(#7229,#7230,#7231,#7232));
#1130=EDGE_LOOP('',(#7233,#7234,#7235,#7236,#7237));
#1131=EDGE_LOOP('',(#7238,#7239,#7240,#7241,#7242,#7243,#7244,#7245));
#1132=EDGE_LOOP('',(#7246,#7247,#7248,#7249,#7250,#7251,#7252,#7253));
#1133=EDGE_LOOP('',(#7254,#7255,#7256,#7257,#7258,#7259,#7260,#7261));
#1134=EDGE_LOOP('',(#7262,#7263,#7264,#7265,#7266,#7267));
#1135=EDGE_LOOP('',(#7268,#7269,#7270,#7271,#7272,#7273,#7274,#7275));
#1136=EDGE_LOOP('',(#7276,#7277,#7278,#7279,#7280,#7281,#7282));
#1137=EDGE_LOOP('',(#7283,#7284,#7285,#7286));
#1138=EDGE_LOOP('',(#7287,#7288,#7289,#7290));
#1139=EDGE_LOOP('',(#7291,#7292,#7293,#7294,#7295,#7296));
#1140=EDGE_LOOP('',(#7297,#7298,#7299,#7300,#7301));
#1141=EDGE_LOOP('',(#7302,#7303,#7304,#7305,#7306));
#1142=EDGE_LOOP('',(#7307,#7308,#7309,#7310,#7311,#7312,#7313,#7314,#7315,
#7316,#7317,#7318,#7319,#7320,#7321,#7322,#7323));
#1143=EDGE_LOOP('',(#7324,#7325,#7326,#7327,#7328,#7329,#7330));
#1144=EDGE_LOOP('',(#7331,#7332,#7333,#7334));
#1145=EDGE_LOOP('',(#7335,#7336,#7337,#7338,#7339,#7340,#7341,#7342,#7343,
#7344,#7345,#7346));
#1146=EDGE_LOOP('',(#7347,#7348,#7349,#7350));
#1147=EDGE_LOOP('',(#7351,#7352,#7353,#7354));
#1148=EDGE_LOOP('',(#7355,#7356,#7357,#7358,#7359));
#1149=EDGE_LOOP('',(#7360,#7361,#7362,#7363,#7364));
#1150=EDGE_LOOP('',(#7365,#7366,#7367,#7368));
#1151=EDGE_LOOP('',(#7369,#7370,#7371,#7372,#7373,#7374,#7375));
#1152=EDGE_LOOP('',(#7376,#7377,#7378,#7379));
#1153=EDGE_LOOP('',(#7380,#7381,#7382,#7383));
#1154=EDGE_LOOP('',(#7384,#7385,#7386,#7387,#7388,#7389,#7390,#7391,#7392,
#7393,#7394,#7395,#7396,#7397,#7398,#7399,#7400));
#1155=EDGE_LOOP('',(#7401,#7402,#7403,#7404));
#1156=EDGE_LOOP('',(#7405,#7406,#7407,#7408,#7409,#7410,#7411,#7412,#7413,
#7414,#7415,#7416));
#1157=EDGE_LOOP('',(#7417,#7418,#7419,#7420,#7421,#7422));
#1158=EDGE_LOOP('',(#7423,#7424,#7425,#7426,#7427,#7428));
#1159=EDGE_LOOP('',(#7429,#7430,#7431,#7432,#7433,#7434,#7435,#7436,#7437,
#7438,#7439,#7440));
#1160=EDGE_LOOP('',(#7441,#7442,#7443,#7444));
#1161=EDGE_LOOP('',(#7445,#7446,#7447,#7448));
#1162=EDGE_LOOP('',(#7449,#7450,#7451,#7452));
#1163=EDGE_LOOP('',(#7453,#7454,#7455,#7456));
#1164=EDGE_LOOP('',(#7457,#7458,#7459,#7460));
#1165=EDGE_LOOP('',(#7461,#7462,#7463,#7464));
#1166=EDGE_LOOP('',(#7465,#7466,#7467,#7468));
#1167=EDGE_LOOP('',(#7469,#7470,#7471,#7472));
#1168=EDGE_LOOP('',(#7473,#7474,#7475,#7476));
#1169=EDGE_LOOP('',(#7477,#7478,#7479,#7480,#7481,#7482,#7483,#7484,#7485,
#7486));
#1170=EDGE_LOOP('',(#7487,#7488,#7489,#7490));
#1171=EDGE_LOOP('',(#7491,#7492,#7493,#7494));
#1172=EDGE_LOOP('',(#7495,#7496,#7497,#7498));
#1173=EDGE_LOOP('',(#7499,#7500,#7501,#7502));
#1174=EDGE_LOOP('',(#7503,#7504,#7505,#7506));
#1175=EDGE_LOOP('',(#7507,#7508,#7509,#7510));
#1176=EDGE_LOOP('',(#7511,#7512,#7513,#7514));
#1177=EDGE_LOOP('',(#7515,#7516,#7517,#7518,#7519));
#1178=EDGE_LOOP('',(#7520,#7521,#7522,#7523,#7524));
#1179=EDGE_LOOP('',(#7525,#7526,#7527,#7528));
#1180=EDGE_LOOP('',(#7529,#7530,#7531,#7532));
#1181=EDGE_LOOP('',(#7533,#7534,#7535,#7536));
#1182=EDGE_LOOP('',(#7537,#7538,#7539,#7540));
#1183=EDGE_LOOP('',(#7541,#7542,#7543,#7544,#7545,#7546));
#1184=EDGE_LOOP('',(#7547,#7548,#7549,#7550,#7551,#7552,#7553,#7554));
#1185=EDGE_LOOP('',(#7555,#7556,#7557,#7558));
#1186=EDGE_LOOP('',(#7559,#7560,#7561,#7562));
#1187=EDGE_LOOP('',(#7563,#7564,#7565,#7566));
#1188=EDGE_LOOP('',(#7567,#7568,#7569,#7570));
#1189=EDGE_LOOP('',(#7571,#7572,#7573,#7574));
#1190=EDGE_LOOP('',(#7575,#7576,#7577,#7578));
#1191=EDGE_LOOP('',(#7579,#7580,#7581,#7582));
#1192=EDGE_LOOP('',(#7583,#7584,#7585,#7586));
#1193=EDGE_LOOP('',(#7587,#7588,#7589,#7590,#7591,#7592,#7593,#7594));
#1194=EDGE_LOOP('',(#7595,#7596,#7597,#7598,#7599,#7600,#7601,#7602,#7603));
#1195=EDGE_LOOP('',(#7604,#7605,#7606,#7607,#7608,#7609,#7610,#7611,#7612,
#7613));
#1196=EDGE_LOOP('',(#7614,#7615,#7616,#7617));
#1197=EDGE_LOOP('',(#7618,#7619,#7620,#7621));
#1198=EDGE_LOOP('',(#7622,#7623,#7624,#7625));
#1199=EDGE_LOOP('',(#7626,#7627,#7628));
#1200=EDGE_LOOP('',(#7629,#7630,#7631));
#1201=EDGE_LOOP('',(#7632,#7633,#7634,#7635));
#1202=EDGE_LOOP('',(#7636,#7637,#7638,#7639));
#1203=EDGE_LOOP('',(#7640,#7641,#7642,#7643,#7644));
#1204=EDGE_LOOP('',(#7645,#7646,#7647,#7648));
#1205=EDGE_LOOP('',(#7649,#7650,#7651,#7652));
#1206=EDGE_LOOP('',(#7653,#7654,#7655));
#1207=EDGE_LOOP('',(#7656,#7657,#7658,#7659));
#1208=EDGE_LOOP('',(#7660,#7661,#7662,#7663));
#1209=EDGE_LOOP('',(#7664,#7665,#7666,#7667));
#1210=EDGE_LOOP('',(#7668,#7669,#7670,#7671));
#1211=EDGE_LOOP('',(#7672,#7673,#7674,#7675));
#1212=EDGE_LOOP('',(#7676,#7677,#7678,#7679));
#1213=EDGE_LOOP('',(#7680,#7681,#7682,#7683));
#1214=EDGE_LOOP('',(#7684,#7685,#7686,#7687));
#1215=EDGE_LOOP('',(#7688,#7689,#7690,#7691));
#1216=EDGE_LOOP('',(#7692,#7693,#7694,#7695));
#1217=EDGE_LOOP('',(#7696,#7697,#7698,#7699));
#1218=EDGE_LOOP('',(#7700,#7701,#7702,#7703));
#1219=EDGE_LOOP('',(#7704,#7705,#7706,#7707));
#1220=EDGE_LOOP('',(#7708,#7709,#7710,#7711));
#1221=EDGE_LOOP('',(#7712,#7713,#7714,#7715));
#1222=EDGE_LOOP('',(#7716,#7717,#7718,#7719));
#1223=EDGE_LOOP('',(#7720,#7721,#7722,#7723,#7724,#7725,#7726,#7727));
#1224=EDGE_LOOP('',(#7728,#7729,#7730,#7731,#7732,#7733,#7734,#7735));
#1225=EDGE_LOOP('',(#7736,#7737,#7738,#7739,#7740,#7741,#7742,#7743));
#1226=EDGE_LOOP('',(#7744,#7745,#7746,#7747,#7748,#7749,#7750,#7751,#7752,
#7753));
#1227=EDGE_LOOP('',(#7754,#7755,#7756,#7757,#7758,#7759,#7760,#7761));
#1228=EDGE_LOOP('',(#7762,#7763,#7764,#7765,#7766,#7767,#7768,#7769,#7770,
#7771));
#1229=EDGE_LOOP('',(#7772,#7773));
#1230=EDGE_LOOP('',(#7774,#7775,#7776,#7777,#7778,#7779));
#1231=EDGE_LOOP('',(#7780,#7781));
#1232=EDGE_LOOP('',(#7782,#7783));
#1233=EDGE_LOOP('',(#7784,#7785,#7786,#7787));
#1234=EDGE_LOOP('',(#7788,#7789,#7790,#7791,#7792,#7793,#7794,#7795,#7796,
#7797));
#1235=EDGE_LOOP('',(#7798,#7799,#7800,#7801,#7802,#7803));
#1236=EDGE_LOOP('',(#7804,#7805,#7806,#7807,#7808,#7809));
#1237=EDGE_LOOP('',(#7810,#7811));
#1238=EDGE_LOOP('',(#7812,#7813,#7814,#7815,#7816,#7817));
#1239=EDGE_LOOP('',(#7818,#7819,#7820,#7821,#7822));
#1240=EDGE_LOOP('',(#7823,#7824,#7825,#7826));
#1241=EDGE_LOOP('',(#7827,#7828,#7829,#7830));
#1242=EDGE_LOOP('',(#7831,#7832,#7833,#7834));
#1243=EDGE_LOOP('',(#7835,#7836,#7837,#7838,#7839));
#1244=EDGE_LOOP('',(#7840,#7841,#7842,#7843));
#1245=EDGE_LOOP('',(#7844,#7845,#7846,#7847,#7848));
#1246=EDGE_LOOP('',(#7849,#7850,#7851,#7852,#7853,#7854,#7855,#7856,#7857,
#7858));
#1247=EDGE_LOOP('',(#7859,#7860,#7861,#7862));
#1248=EDGE_LOOP('',(#7863,#7864,#7865,#7866));
#1249=EDGE_LOOP('',(#7867,#7868,#7869,#7870));
#1250=EDGE_LOOP('',(#7871,#7872,#7873,#7874));
#1251=EDGE_LOOP('',(#7875,#7876,#7877,#7878));
#1252=EDGE_LOOP('',(#7879,#7880,#7881,#7882,#7883,#7884,#7885,#7886));
#1253=EDGE_LOOP('',(#7887,#7888,#7889,#7890));
#1254=EDGE_LOOP('',(#7891,#7892,#7893,#7894,#7895));
#1255=EDGE_LOOP('',(#7896,#7897,#7898,#7899,#7900,#7901,#7902,#7903,#7904,
#7905,#7906,#7907,#7908,#7909,#7910,#7911,#7912));
#1256=EDGE_LOOP('',(#7913,#7914,#7915,#7916));
#1257=EDGE_LOOP('',(#7917,#7918,#7919,#7920,#7921,#7922,#7923,#7924,#7925,
#7926,#7927,#7928,#7929,#7930,#7931,#7932,#7933,#7934,#7935,#7936));
#1258=EDGE_LOOP('',(#7937,#7938,#7939,#7940,#7941,#7942,#7943,#7944,#7945,
#7946));
#1259=EDGE_LOOP('',(#7947,#7948,#7949,#7950));
#1260=EDGE_LOOP('',(#7951,#7952,#7953,#7954));
#1261=EDGE_LOOP('',(#7955,#7956,#7957,#7958,#7959,#7960,#7961,#7962,#7963,
#7964));
#1262=EDGE_LOOP('',(#7965,#7966,#7967,#7968));
#1263=EDGE_LOOP('',(#7969,#7970,#7971,#7972));
#1264=EDGE_LOOP('',(#7973,#7974,#7975,#7976,#7977,#7978,#7979,#7980,#7981,
#7982));
#1265=EDGE_LOOP('',(#7983,#7984,#7985,#7986));
#1266=EDGE_LOOP('',(#7987,#7988,#7989,#7990,#7991));
#1267=EDGE_LOOP('',(#7992,#7993,#7994,#7995));
#1268=EDGE_LOOP('',(#7996,#7997,#7998,#7999));
#1269=EDGE_LOOP('',(#8000,#8001,#8002,#8003));
#1270=EDGE_LOOP('',(#8004,#8005,#8006,#8007));
#1271=EDGE_LOOP('',(#8008,#8009,#8010,#8011));
#1272=EDGE_LOOP('',(#8012,#8013,#8014,#8015,#8016,#8017,#8018,#8019,#8020,
#8021));
#1273=EDGE_LOOP('',(#8022,#8023,#8024,#8025,#8026,#8027,#8028,#8029,#8030));
#1274=EDGE_LOOP('',(#8031,#8032,#8033,#8034));
#1275=EDGE_LOOP('',(#8035,#8036,#8037,#8038));
#1276=EDGE_LOOP('',(#8039,#8040,#8041,#8042));
#1277=EDGE_LOOP('',(#8043,#8044,#8045,#8046,#8047,#8048,#8049,#8050,#8051));
#1278=EDGE_LOOP('',(#8052,#8053,#8054,#8055,#8056,#8057,#8058,#8059,#8060,
#8061,#8062,#8063));
#1279=EDGE_LOOP('',(#8064,#8065,#8066,#8067));
#1280=EDGE_LOOP('',(#8068,#8069,#8070,#8071,#8072));
#1281=EDGE_LOOP('',(#8073,#8074,#8075,#8076));
#1282=EDGE_LOOP('',(#8077,#8078,#8079,#8080,#8081));
#1283=EDGE_LOOP('',(#8082,#8083,#8084,#8085,#8086));
#1284=EDGE_LOOP('',(#8087,#8088,#8089,#8090));
#1285=EDGE_LOOP('',(#8091,#8092,#8093,#8094,#8095,#8096,#8097,#8098));
#1286=EDGE_LOOP('',(#8099,#8100,#8101,#8102));
#1287=EDGE_LOOP('',(#8103,#8104,#8105,#8106));
#1288=EDGE_LOOP('',(#8107,#8108,#8109,#8110));
#1289=EDGE_LOOP('',(#8111,#8112,#8113,#8114));
#1290=EDGE_LOOP('',(#8115,#8116,#8117,#8118));
#1291=EDGE_LOOP('',(#8119,#8120,#8121,#8122));
#1292=EDGE_LOOP('',(#8123,#8124,#8125,#8126));
#1293=EDGE_LOOP('',(#8127,#8128,#8129,#8130));
#1294=EDGE_LOOP('',(#8131,#8132,#8133,#8134,#8135,#8136,#8137,#8138,#8139,
#8140,#8141,#8142,#8143,#8144,#8145,#8146,#8147,#8148));
#1295=EDGE_LOOP('',(#8149,#8150,#8151,#8152,#8153,#8154,#8155));
#1296=EDGE_LOOP('',(#8156,#8157,#8158,#8159));
#1297=EDGE_LOOP('',(#8160,#8161,#8162,#8163));
#1298=EDGE_LOOP('',(#8164,#8165,#8166,#8167));
#1299=EDGE_LOOP('',(#8168,#8169,#8170,#8171,#8172,#8173,#8174));
#1300=EDGE_LOOP('',(#8175,#8176,#8177,#8178,#8179,#8180,#8181,#8182,#8183,
#8184,#8185,#8186,#8187,#8188,#8189,#8190,#8191,#8192,#8193,#8194,#8195,
#8196));
#1301=EDGE_LOOP('',(#8197,#8198,#8199,#8200));
#1302=EDGE_LOOP('',(#8201,#8202,#8203,#8204,#8205,#8206,#8207,#8208));
#1303=EDGE_LOOP('',(#8209,#8210,#8211,#8212,#8213,#8214));
#1304=EDGE_LOOP('',(#8215,#8216,#8217,#8218,#8219,#8220));
#1305=EDGE_LOOP('',(#8221,#8222,#8223,#8224,#8225));
#1306=EDGE_LOOP('',(#8226,#8227,#8228,#8229));
#1307=EDGE_LOOP('',(#8230,#8231,#8232,#8233));
#1308=EDGE_LOOP('',(#8234,#8235,#8236,#8237));
#1309=EDGE_LOOP('',(#8238,#8239,#8240,#8241));
#1310=EDGE_LOOP('',(#8242,#8243,#8244,#8245));
#1311=EDGE_LOOP('',(#8246,#8247,#8248,#8249));
#1312=EDGE_LOOP('',(#8250,#8251,#8252,#8253));
#1313=EDGE_LOOP('',(#8254,#8255,#8256,#8257));
#1314=EDGE_LOOP('',(#8258,#8259,#8260,#8261));
#1315=EDGE_LOOP('',(#8262,#8263,#8264,#8265));
#1316=EDGE_LOOP('',(#8266,#8267,#8268,#8269,#8270,#8271,#8272));
#1317=EDGE_LOOP('',(#8273,#8274,#8275,#8276));
#1318=EDGE_LOOP('',(#8277,#8278,#8279,#8280));
#1319=EDGE_LOOP('',(#8281,#8282,#8283,#8284,#8285,#8286,#8287,#8288));
#1320=EDGE_LOOP('',(#8289,#8290,#8291,#8292));
#1321=EDGE_LOOP('',(#8293,#8294,#8295,#8296,#8297,#8298,#8299));
#1322=EDGE_LOOP('',(#8300,#8301,#8302,#8303,#8304,#8305,#8306));
#1323=EDGE_LOOP('',(#8307,#8308,#8309,#8310,#8311,#8312,#8313));
#1324=EDGE_LOOP('',(#8314,#8315,#8316,#8317,#8318,#8319,#8320,#8321));
#1325=EDGE_LOOP('',(#8322,#8323,#8324,#8325));
#1326=EDGE_LOOP('',(#8326,#8327,#8328,#8329));
#1327=EDGE_LOOP('',(#8330,#8331,#8332,#8333,#8334,#8335,#8336,#8337,#8338,
#8339,#8340,#8341));
#1328=EDGE_LOOP('',(#8342,#8343,#8344,#8345));
#1329=EDGE_LOOP('',(#8346,#8347,#8348,#8349));
#1330=EDGE_LOOP('',(#8350,#8351,#8352,#8353,#8354,#8355,#8356,#8357));
#1331=EDGE_LOOP('',(#8358,#8359,#8360,#8361));
#1332=EDGE_LOOP('',(#8362,#8363,#8364,#8365));
#1333=EDGE_LOOP('',(#8366,#8367,#8368,#8369));
#1334=EDGE_LOOP('',(#8370,#8371,#8372,#8373));
#1335=EDGE_LOOP('',(#8374,#8375,#8376,#8377));
#1336=EDGE_LOOP('',(#8378,#8379,#8380,#8381,#8382,#8383,#8384,#8385,#8386,
#8387,#8388,#8389,#8390,#8391,#8392,#8393,#8394));
#1337=EDGE_LOOP('',(#8395,#8396,#8397,#8398,#8399,#8400));
#1338=EDGE_LOOP('',(#8401,#8402,#8403,#8404,#8405,#8406,#8407,#8408,#8409,
#8410));
#1339=EDGE_LOOP('',(#8411,#8412,#8413,#8414));
#1340=EDGE_LOOP('',(#8415,#8416,#8417,#8418,#8419));
#1341=EDGE_LOOP('',(#8420,#8421,#8422,#8423,#8424));
#1342=EDGE_LOOP('',(#8425,#8426,#8427,#8428));
#1343=EDGE_LOOP('',(#8429,#8430,#8431,#8432));
#1344=EDGE_LOOP('',(#8433,#8434,#8435,#8436));
#1345=EDGE_LOOP('',(#8437,#8438,#8439,#8440));
#1346=EDGE_LOOP('',(#8441,#8442,#8443,#8444));
#1347=EDGE_LOOP('',(#8445,#8446,#8447,#8448));
#1348=EDGE_LOOP('',(#8449,#8450,#8451,#8452));
#1349=EDGE_LOOP('',(#8453,#8454,#8455,#8456));
#1350=EDGE_LOOP('',(#8457,#8458,#8459,#8460));
#1351=EDGE_LOOP('',(#8461,#8462,#8463,#8464));
#1352=EDGE_LOOP('',(#8465,#8466,#8467,#8468));
#1353=EDGE_LOOP('',(#8469,#8470,#8471,#8472));
#1354=EDGE_LOOP('',(#8473,#8474,#8475,#8476));
#1355=EDGE_LOOP('',(#8477,#8478,#8479,#8480));
#1356=EDGE_LOOP('',(#8481,#8482,#8483,#8484,#8485,#8486,#8487,#8488,#8489,
#8490,#8491,#8492,#8493,#8494,#8495,#8496,#8497,#8498));
#1357=EDGE_LOOP('',(#8499,#8500,#8501,#8502));
#1358=EDGE_LOOP('',(#8503,#8504,#8505,#8506));
#1359=EDGE_LOOP('',(#8507,#8508,#8509,#8510));
#1360=EDGE_LOOP('',(#8511,#8512,#8513,#8514));
#1361=EDGE_LOOP('',(#8515,#8516,#8517,#8518));
#1362=EDGE_LOOP('',(#8519,#8520,#8521,#8522));
#1363=EDGE_LOOP('',(#8523,#8524,#8525,#8526));
#1364=EDGE_LOOP('',(#8527,#8528,#8529,#8530));
#1365=EDGE_LOOP('',(#8531,#8532,#8533,#8534,#8535,#8536,#8537,#8538));
#1366=EDGE_LOOP('',(#8539,#8540,#8541,#8542,#8543,#8544,#8545,#8546));
#1367=EDGE_LOOP('',(#8547,#8548,#8549,#8550,#8551,#8552,#8553,#8554,#8555,
#8556,#8557,#8558,#8559,#8560,#8561,#8562,#8563,#8564));
#1368=EDGE_LOOP('',(#8565,#8566,#8567,#8568));
#1369=EDGE_LOOP('',(#8569,#8570,#8571,#8572,#8573,#8574,#8575,#8576,#8577,
#8578));
#1370=EDGE_LOOP('',(#8579,#8580,#8581,#8582,#8583,#8584));
#1371=EDGE_LOOP('',(#8585,#8586,#8587,#8588));
#1372=EDGE_LOOP('',(#8589,#8590,#8591,#8592));
#1373=EDGE_LOOP('',(#8593,#8594,#8595,#8596,#8597,#8598));
#1374=EDGE_LOOP('',(#8599,#8600,#8601,#8602,#8603,#8604));
#1375=EDGE_LOOP('',(#8605,#8606,#8607,#8608,#8609,#8610,#8611,#8612,#8613,
#8614,#8615,#8616));
#1376=EDGE_LOOP('',(#8617,#8618,#8619,#8620,#8621,#8622,#8623,#8624,#8625,
#8626,#8627,#8628,#8629,#8630,#8631,#8632,#8633));
#1377=EDGE_LOOP('',(#8634,#8635,#8636,#8637,#8638,#8639,#8640,#8641));
#1378=EDGE_LOOP('',(#8642,#8643,#8644,#8645));
#1379=EDGE_LOOP('',(#8646,#8647,#8648,#8649,#8650,#8651));
#1380=EDGE_LOOP('',(#8652,#8653,#8654,#8655,#8656,#8657));
#1381=EDGE_LOOP('',(#8658,#8659,#8660,#8661,#8662,#8663,#8664,#8665,#8666,
#8667));
#1382=EDGE_LOOP('',(#8668,#8669,#8670,#8671,#8672,#8673));
#1383=EDGE_LOOP('',(#8674,#8675,#8676,#8677,#8678,#8679,#8680));
#1384=EDGE_LOOP('',(#8681,#8682,#8683,#8684,#8685,#8686,#8687,#8688));
#1385=EDGE_LOOP('',(#8689,#8690,#8691,#8692));
#1386=EDGE_LOOP('',(#8693,#8694,#8695,#8696,#8697));
#1387=EDGE_LOOP('',(#8698,#8699,#8700,#8701));
#1388=EDGE_LOOP('',(#8702,#8703,#8704,#8705));
#1389=EDGE_LOOP('',(#8706,#8707,#8708,#8709));
#1390=EDGE_LOOP('',(#8710,#8711,#8712,#8713));
#1391=EDGE_LOOP('',(#8714,#8715,#8716,#8717,#8718,#8719,#8720,#8721,#8722,
#8723,#8724,#8725,#8726,#8727));
#1392=EDGE_LOOP('',(#8728,#8729,#8730,#8731));
#1393=EDGE_LOOP('',(#8732,#8733,#8734,#8735,#8736,#8737));
#1394=EDGE_LOOP('',(#8738,#8739,#8740,#8741));
#1395=EDGE_LOOP('',(#8742,#8743,#8744,#8745));
#1396=EDGE_LOOP('',(#8746,#8747,#8748,#8749));
#1397=EDGE_LOOP('',(#8750,#8751,#8752,#8753));
#1398=EDGE_LOOP('',(#8754,#8755,#8756,#8757));
#1399=EDGE_LOOP('',(#8758,#8759,#8760,#8761,#8762,#8763));
#1400=EDGE_LOOP('',(#8764,#8765,#8766,#8767));
#1401=EDGE_LOOP('',(#8768,#8769,#8770,#8771));
#1402=EDGE_LOOP('',(#8772,#8773,#8774,#8775));
#1403=EDGE_LOOP('',(#8776,#8777,#8778,#8779));
#1404=EDGE_LOOP('',(#8780,#8781,#8782,#8783));
#1405=EDGE_LOOP('',(#8784,#8785,#8786,#8787));
#1406=EDGE_LOOP('',(#8788,#8789,#8790,#8791));
#1407=EDGE_LOOP('',(#8792,#8793,#8794,#8795));
#1408=EDGE_LOOP('',(#8796,#8797,#8798,#8799));
#1409=EDGE_LOOP('',(#8800,#8801,#8802,#8803));
#1410=EDGE_LOOP('',(#8804,#8805,#8806,#8807));
#1411=EDGE_LOOP('',(#8808,#8809,#8810,#8811));
#1412=EDGE_LOOP('',(#8812,#8813,#8814,#8815));
#1413=EDGE_LOOP('',(#8816,#8817,#8818,#8819));
#1414=EDGE_LOOP('',(#8820,#8821,#8822,#8823));
#1415=EDGE_LOOP('',(#8824,#8825,#8826,#8827));
#1416=EDGE_LOOP('',(#8828,#8829,#8830,#8831));
#1417=EDGE_LOOP('',(#8832,#8833,#8834,#8835));
#1418=EDGE_LOOP('',(#8836,#8837,#8838,#8839));
#1419=EDGE_LOOP('',(#8840,#8841,#8842,#8843));
#1420=EDGE_LOOP('',(#8844,#8845,#8846,#8847));
#1421=EDGE_LOOP('',(#8848,#8849,#8850,#8851));
#1422=EDGE_LOOP('',(#8852));
#1423=EDGE_LOOP('',(#8853));
#1424=EDGE_LOOP('',(#8854,#8855,#8856,#8857));
#1425=EDGE_LOOP('',(#8858,#8859,#8860,#8861));
#1426=EDGE_LOOP('',(#8862,#8863,#8864,#8865));
#1427=EDGE_LOOP('',(#8866,#8867,#8868,#8869));
#1428=EDGE_LOOP('',(#8870,#8871,#8872,#8873));
#1429=EDGE_LOOP('',(#8874,#8875,#8876,#8877));
#1430=EDGE_LOOP('',(#8878,#8879,#8880,#8881));
#1431=EDGE_LOOP('',(#8882,#8883,#8884,#8885));
#1432=EDGE_LOOP('',(#8886,#8887,#8888,#8889));
#1433=EDGE_LOOP('',(#8890,#8891,#8892,#8893));
#1434=EDGE_LOOP('',(#8894,#8895,#8896,#8897));
#1435=EDGE_LOOP('',(#8898,#8899,#8900,#8901));
#1436=EDGE_LOOP('',(#8902,#8903,#8904,#8905,#8906,#8907,#8908,#8909,#8910,
#8911,#8912,#8913));
#1437=EDGE_LOOP('',(#8914));
#1438=EDGE_LOOP('',(#8915,#8916,#8917,#8918));
#1439=EDGE_LOOP('',(#8919,#8920,#8921,#8922));
#1440=EDGE_LOOP('',(#8923,#8924,#8925,#8926));
#1441=EDGE_LOOP('',(#8927));
#1442=EDGE_LOOP('',(#8928));
#1443=EDGE_LOOP('',(#8929,#8930,#8931,#8932));
#1444=EDGE_LOOP('',(#8933,#8934,#8935,#8936,#8937,#8938,#8939,#8940,#8941,
#8942,#8943,#8944));
#1445=EDGE_LOOP('',(#8945));
#1446=EDGE_LOOP('',(#8946));
#1447=EDGE_LOOP('',(#8947,#8948,#8949,#8950,#8951,#8952,#8953,#8954,#8955,
#8956,#8957,#8958));
#1448=EDGE_LOOP('',(#8959));
#1449=EDGE_LOOP('',(#8960));
#1450=EDGE_LOOP('',(#8961,#8962,#8963,#8964));
#1451=EDGE_LOOP('',(#8965,#8966,#8967,#8968,#8969,#8970,#8971));
#1452=EDGE_LOOP('',(#8972,#8973,#8974,#8975));
#1453=EDGE_LOOP('',(#8976,#8977,#8978,#8979));
#1454=EDGE_LOOP('',(#8980,#8981,#8982,#8983));
#1455=EDGE_LOOP('',(#8984,#8985,#8986,#8987));
#1456=EDGE_LOOP('',(#8988,#8989,#8990,#8991));
#1457=EDGE_LOOP('',(#8992,#8993,#8994,#8995));
#1458=EDGE_LOOP('',(#8996,#8997,#8998,#8999));
#1459=EDGE_LOOP('',(#9000,#9001,#9002,#9003));
#1460=EDGE_LOOP('',(#9004,#9005,#9006,#9007,#9008,#9009,#9010));
#1461=EDGE_LOOP('',(#9011,#9012,#9013,#9014));
#1462=EDGE_LOOP('',(#9015,#9016,#9017,#9018));
#1463=EDGE_LOOP('',(#9019,#9020,#9021,#9022));
#1464=EDGE_LOOP('',(#9023,#9024,#9025,#9026));
#1465=EDGE_LOOP('',(#9027,#9028,#9029,#9030));
#1466=EDGE_LOOP('',(#9031,#9032,#9033,#9034));
#1467=EDGE_LOOP('',(#9035,#9036,#9037,#9038));
#1468=EDGE_LOOP('',(#9039,#9040,#9041,#9042));
#1469=EDGE_LOOP('',(#9043,#9044,#9045,#9046));
#1470=EDGE_LOOP('',(#9047,#9048,#9049,#9050,#9051,#9052,#9053,#9054));
#1471=EDGE_LOOP('',(#9055,#9056,#9057,#9058));
#1472=EDGE_LOOP('',(#9059,#9060,#9061,#9062,#9063,#9064,#9065,#9066));
#1473=EDGE_LOOP('',(#9067,#9068,#9069,#9070,#9071,#9072,#9073,#9074,#9075,
#9076,#9077,#9078));
#1474=EDGE_LOOP('',(#9079,#9080,#9081,#9082,#9083,#9084,#9085,#9086));
#1475=EDGE_LOOP('',(#9087,#9088,#9089,#9090));
#1476=EDGE_LOOP('',(#9091,#9092,#9093,#9094,#9095,#9096,#9097,#9098,#9099,
#9100,#9101,#9102));
#1477=EDGE_LOOP('',(#9103,#9104,#9105,#9106,#9107,#9108,#9109,#9110));
#1478=EDGE_LOOP('',(#9111,#9112,#9113,#9114,#9115,#9116,#9117,#9118,#9119));
#1479=EDGE_LOOP('',(#9120,#9121,#9122,#9123,#9124,#9125,#9126,#9127,#9128));
#1480=EDGE_LOOP('',(#9129,#9130,#9131,#9132));
#1481=EDGE_LOOP('',(#9133,#9134,#9135,#9136,#9137,#9138,#9139,#9140,#9141));
#1482=EDGE_LOOP('',(#9142,#9143,#9144,#9145,#9146,#9147,#9148,#9149,#9150));
#1483=EDGE_LOOP('',(#9151,#9152,#9153,#9154));
#1484=EDGE_LOOP('',(#9155,#9156,#9157,#9158));
#1485=EDGE_LOOP('',(#9159,#9160,#9161,#9162));
#1486=EDGE_LOOP('',(#9163,#9164,#9165,#9166));
#1487=EDGE_LOOP('',(#9167,#9168,#9169,#9170));
#1488=EDGE_LOOP('',(#9171,#9172,#9173,#9174,#9175,#9176,#9177,#9178,#9179,
#9180,#9181,#9182));
#1489=EDGE_LOOP('',(#9183,#9184,#9185,#9186));
#1490=EDGE_LOOP('',(#9187,#9188,#9189,#9190));
#1491=EDGE_LOOP('',(#9191,#9192,#9193,#9194));
#1492=EDGE_LOOP('',(#9195,#9196,#9197,#9198));
#1493=EDGE_LOOP('',(#9199,#9200,#9201,#9202));
#1494=EDGE_LOOP('',(#9203,#9204,#9205,#9206));
#1495=EDGE_LOOP('',(#9207,#9208,#9209,#9210));
#1496=EDGE_LOOP('',(#9211,#9212,#9213,#9214));
#1497=EDGE_LOOP('',(#9215,#9216,#9217,#9218));
#1498=EDGE_LOOP('',(#9219,#9220,#9221,#9222));
#1499=EDGE_LOOP('',(#9223,#9224,#9225,#9226));
#1500=EDGE_LOOP('',(#9227,#9228,#9229,#9230,#9231,#9232,#9233,#9234,#9235,
#9236,#9237,#9238));
#1501=EDGE_LOOP('',(#9239,#9240,#9241));
#1502=EDGE_LOOP('',(#9242));
#1503=EDGE_LOOP('',(#9243));
#1504=EDGE_LOOP('',(#9244,#9245,#9246,#9247));
#1505=EDGE_LOOP('',(#9248,#9249,#9250,#9251,#9252,#9253));
#1506=EDGE_LOOP('',(#9254));
#1507=EDGE_LOOP('',(#9255));
#1508=EDGE_LOOP('',(#9256,#9257,#9258,#9259));
#1509=EDGE_LOOP('',(#9260,#9261,#9262,#9263));
#1510=EDGE_LOOP('',(#9264));
#1511=EDGE_LOOP('',(#9265,#9266,#9267,#9268));
#1512=EDGE_LOOP('',(#9269,#9270,#9271,#9272));
#1513=EDGE_LOOP('',(#9273,#9274,#9275,#9276));
#1514=EDGE_LOOP('',(#9277,#9278,#9279,#9280));
#1515=EDGE_LOOP('',(#9281,#9282,#9283,#9284));
#1516=EDGE_LOOP('',(#9285,#9286,#9287,#9288));
#1517=EDGE_LOOP('',(#9289,#9290,#9291,#9292));
#1518=EDGE_LOOP('',(#9293,#9294,#9295,#9296));
#1519=EDGE_LOOP('',(#9297,#9298,#9299,#9300,#9301,#9302,#9303,#9304,#9305,
#9306,#9307,#9308));
#1520=EDGE_LOOP('',(#9309,#9310,#9311,#9312));
#1521=EDGE_LOOP('',(#9313,#9314,#9315,#9316));
#1522=EDGE_LOOP('',(#9317,#9318,#9319,#9320));
#1523=EDGE_LOOP('',(#9321,#9322,#9323,#9324));
#1524=EDGE_LOOP('',(#9325,#9326,#9327,#9328,#9329,#9330,#9331,#9332,#9333,
#9334,#9335,#9336));
#1525=EDGE_LOOP('',(#9337,#9338,#9339,#9340));
#1526=EDGE_LOOP('',(#9341,#9342,#9343,#9344));
#1527=EDGE_LOOP('',(#9345,#9346,#9347,#9348));
#1528=EDGE_LOOP('',(#9349,#9350,#9351,#9352));
#1529=EDGE_LOOP('',(#9353,#9354,#9355,#9356));
#1530=EDGE_LOOP('',(#9357,#9358,#9359,#9360));
#1531=EDGE_LOOP('',(#9361,#9362,#9363,#9364));
#1532=EDGE_LOOP('',(#9365,#9366,#9367,#9368));
#1533=EDGE_LOOP('',(#9369,#9370,#9371,#9372));
#1534=EDGE_LOOP('',(#9373,#9374,#9375,#9376));
#1535=EDGE_LOOP('',(#9377,#9378,#9379,#9380));
#1536=EDGE_LOOP('',(#9381,#9382,#9383,#9384,#9385,#9386,#9387,#9388,#9389,
#9390,#9391,#9392));
#1537=EDGE_LOOP('',(#9393,#9394,#9395,#9396));
#1538=EDGE_LOOP('',(#9397,#9398,#9399,#9400));
#1539=EDGE_LOOP('',(#9401,#9402,#9403,#9404));
#1540=EDGE_LOOP('',(#9405,#9406,#9407,#9408));
#1541=EDGE_LOOP('',(#9409,#9410,#9411,#9412));
#1542=EDGE_LOOP('',(#9413,#9414,#9415,#9416,#9417,#9418,#9419,#9420,#9421,
#9422,#9423,#9424));
#1543=EDGE_LOOP('',(#9425,#9426,#9427,#9428,#9429,#9430,#9431,#9432,#9433,
#9434,#9435,#9436,#9437,#9438));
#1544=EDGE_LOOP('',(#9439,#9440,#9441,#9442,#9443,#9444,#9445,#9446,#9447,
#9448,#9449,#9450,#9451,#9452,#9453,#9454,#9455,#9456,#9457,#9458,#9459,
#9460,#9461,#9462,#9463,#9464));
#1545=EDGE_LOOP('',(#9465,#9466,#9467,#9468));
#1546=EDGE_LOOP('',(#9469,#9470,#9471,#9472));
#1547=EDGE_LOOP('',(#9473,#9474,#9475,#9476));
#1548=CIRCLE('',#10573,0.5);
#1549=CIRCLE('',#10574,0.5);
#1550=CIRCLE('',#10575,0.5);
#1551=CIRCLE('',#10577,0.5);
#1552=CIRCLE('',#10578,0.5);
#1553=CIRCLE('',#10579,0.5);
#1554=CIRCLE('',#10581,0.5);
#1555=CIRCLE('',#10583,0.5);
#1556=CIRCLE('',#10588,1.35);
#1557=CIRCLE('',#10589,1.35);
#1558=CIRCLE('',#10592,0.25);
#1559=CIRCLE('',#10594,1.08);
#1560=CIRCLE('',#10596,0.25);
#1561=CIRCLE('',#10598,1.08);
#1562=CIRCLE('',#10599,1.08);
#1563=CIRCLE('',#10601,1.08);
#1564=CIRCLE('',#10604,1.43);
#1565=CIRCLE('',#10609,1.099998774584);
#1566=CIRCLE('',#10613,1.099998774584);
#1567=CIRCLE('',#10615,0.25);
#1568=CIRCLE('',#10618,0.25);
#1569=CIRCLE('',#10620,1.43);
#1570=CIRCLE('',#10622,1.08);
#1571=CIRCLE('',#10624,1.08);
#1572=CIRCLE('',#10626,1.08);
#1573=CIRCLE('',#10628,1.08);
#1574=CIRCLE('',#10631,1.35);
#1575=CIRCLE('',#10633,1.35);
#1576=CIRCLE('',#10636,1.);
#1577=CIRCLE('',#10637,1.);
#1578=CIRCLE('',#10638,2.);
#1579=CIRCLE('',#10645,1.25);
#1580=CIRCLE('',#10647,1.25);
#1581=CIRCLE('',#10650,1.);
#1582=CIRCLE('',#10651,1.);
#1583=CIRCLE('',#10653,1.);
#1584=CIRCLE('',#10654,1.);
#1585=CIRCLE('',#10717,1.26);
#1586=CIRCLE('',#10718,1.26);
#1587=CIRCLE('',#10719,1.26);
#1588=CIRCLE('',#10720,1.26);
#1589=CIRCLE('',#10722,1.51);
#1590=CIRCLE('',#10723,1.51);
#1591=CIRCLE('',#10730,0.4);
#1592=CIRCLE('',#10733,0.4);
#1593=CIRCLE('',#10742,0.4);
#1594=CIRCLE('',#10743,0.4);
#1595=CIRCLE('',#10787,1.);
#1596=CIRCLE('',#10796,1.);
#1597=CIRCLE('',#10799,1.);
#1598=CIRCLE('',#10801,1.);
#1599=CIRCLE('',#10820,0.5);
#1600=CIRCLE('',#10823,0.3);
#1601=CIRCLE('',#10824,0.3);
#1602=CIRCLE('',#10825,0.3);
#1603=CIRCLE('',#10826,0.3);
#1604=CIRCLE('',#10827,0.3);
#1605=CIRCLE('',#10828,0.3);
#1606=CIRCLE('',#10830,0.76875);
#1607=CIRCLE('',#10834,0.8);
#1608=CIRCLE('',#10836,0.8);
#1609=CIRCLE('',#10842,0.5);
#1610=CIRCLE('',#10843,0.5);
#1611=CIRCLE('',#10846,0.3);
#1612=CIRCLE('',#10849,0.3);
#1613=CIRCLE('',#10851,0.3);
#1614=CIRCLE('',#10854,0.3);
#1615=CIRCLE('',#10856,0.3);
#1616=CIRCLE('',#10857,0.3);
#1617=CIRCLE('',#10869,1.);
#1618=CIRCLE('',#10870,1.);
#1619=CIRCLE('',#10871,1.);
#1620=CIRCLE('',#10872,1.);
#1621=CIRCLE('',#10874,1.);
#1622=CIRCLE('',#10876,0.5);
#1623=CIRCLE('',#10877,0.5);
#1624=CIRCLE('',#10879,0.5);
#1625=CIRCLE('',#10880,0.5);
#1626=CIRCLE('',#10882,0.4);
#1627=CIRCLE('',#10883,0.5);
#1628=CIRCLE('',#10885,0.5);
#1629=CIRCLE('',#10886,0.5);
#1630=CIRCLE('',#10888,0.5);
#1631=CIRCLE('',#10889,0.5);
#1632=CIRCLE('',#10891,0.5);
#1633=CIRCLE('',#10892,0.4);
#1634=CIRCLE('',#10894,0.2);
#1635=CIRCLE('',#10895,0.2);
#1636=CIRCLE('',#10897,0.5);
#1637=CIRCLE('',#10899,0.4);
#1638=CIRCLE('',#10901,0.4);
#1639=CIRCLE('',#10917,0.5);
#1640=CIRCLE('',#10920,0.2);
#1641=CIRCLE('',#10921,0.2);
#1642=CIRCLE('',#10925,0.2);
#1643=CIRCLE('',#10926,0.2);
#1644=CIRCLE('',#10928,0.2);
#1645=CIRCLE('',#10930,0.2);
#1646=CIRCLE('',#10932,0.2);
#1647=CIRCLE('',#10933,0.2);
#1648=CIRCLE('',#10941,0.2);
#1649=CIRCLE('',#10942,0.2);
#1650=CIRCLE('',#10943,0.2);
#1651=CIRCLE('',#10946,0.2);
#1652=CIRCLE('',#10949,0.2);
#1653=CIRCLE('',#10953,0.2);
#1654=CIRCLE('',#10957,0.5);
#1655=CIRCLE('',#10960,1.15);
#1656=CIRCLE('',#10961,1.);
#1657=CIRCLE('',#10973,0.2);
#1658=CIRCLE('',#10974,0.2);
#1659=CIRCLE('',#10987,0.3);
#1660=CIRCLE('',#10988,0.3);
#1661=CIRCLE('',#10996,0.3);
#1662=CIRCLE('',#10999,1.);
#1663=CIRCLE('',#11000,1.);
#1664=CIRCLE('',#11001,1.);
#1665=CIRCLE('',#11002,1.);
#1666=CIRCLE('',#11010,1.15);
#1667=CIRCLE('',#11042,0.3);
#1668=CIRCLE('',#11048,1.);
#1669=CIRCLE('',#11088,0.6);
#1670=CIRCLE('',#11089,0.6);
#1671=CIRCLE('',#11092,0.6);
#1672=CIRCLE('',#11094,0.6);
#1673=CIRCLE('',#11096,1.);
#1674=CIRCLE('',#11097,1.);
#1675=CIRCLE('',#11112,0.5);
#1676=CIRCLE('',#11113,0.5);
#1677=CIRCLE('',#11116,0.5);
#1678=CIRCLE('',#11118,0.5);
#1679=CIRCLE('',#11168,0.5999999999998);
#1680=CIRCLE('',#11169,0.6892857142857);
#1681=CIRCLE('',#11171,0.9);
#1682=CIRCLE('',#11173,0.95);
#1683=LINE('',#13778,#2954);
#1684=LINE('',#13782,#2955);
#1685=LINE('',#13786,#2956);
#1686=LINE('',#13791,#2957);
#1687=LINE('',#13795,#2958);
#1688=LINE('',#13799,#2959);
#1689=LINE('',#13803,#2960);
#1690=LINE('',#13805,#2961);
#1691=LINE('',#13820,#2962);
#1692=LINE('',#13821,#2963);
#1693=LINE('',#13826,#2964);
#1694=LINE('',#13827,#2965);
#1695=LINE('',#13830,#2966);
#1696=LINE('',#13832,#2967);
#1697=LINE('',#13848,#2968);
#1698=LINE('',#13850,#2969);
#1699=LINE('',#13852,#2970);
#1700=LINE('',#13853,#2971);
#1701=LINE('',#13857,#2972);
#1702=LINE('',#13859,#2973);
#1703=LINE('',#13861,#2974);
#1704=LINE('',#13862,#2975);
#1705=LINE('',#13866,#2976);
#1706=LINE('',#13868,#2977);
#1707=LINE('',#13870,#2978);
#1708=LINE('',#13871,#2979);
#1709=LINE('',#13875,#2980);
#1710=LINE('',#13879,#2981);
#1711=LINE('',#13883,#2982);
#1712=LINE('',#13885,#2983);
#1713=LINE('',#13887,#2984);
#1714=LINE('',#13889,#2985);
#1715=LINE('',#13890,#2986);
#1716=LINE('',#13900,#2987);
#1717=LINE('',#13911,#2988);
#1718=LINE('',#13913,#2989);
#1719=LINE('',#13917,#2990);
#1720=LINE('',#13919,#2991);
#1721=LINE('',#13921,#2992);
#1722=LINE('',#13934,#2993);
#1723=LINE('',#13952,#2994);
#1724=LINE('',#13965,#2995);
#1725=LINE('',#13967,#2996);
#1726=LINE('',#13969,#2997);
#1727=LINE('',#13973,#2998);
#1728=LINE('',#13975,#2999);
#1729=LINE('',#14007,#3000);
#1730=LINE('',#14030,#3001);
#1731=LINE('',#14088,#3002);
#1732=LINE('',#14090,#3003);
#1733=LINE('',#14092,#3004);
#1734=LINE('',#14110,#3005);
#1735=LINE('',#14182,#3006);
#1736=LINE('',#14195,#3007);
#1737=LINE('',#14197,#3008);
#1738=LINE('',#14199,#3009);
#1739=LINE('',#14202,#3010);
#1740=LINE('',#14205,#3011);
#1741=LINE('',#14206,#3012);
#1742=LINE('',#14211,#3013);
#1743=LINE('',#14213,#3014);
#1744=LINE('',#14215,#3015);
#1745=LINE('',#14227,#3016);
#1746=LINE('',#14241,#3017);
#1747=LINE('',#14249,#3018);
#1748=LINE('',#14272,#3019);
#1749=LINE('',#14273,#3020);
#1750=LINE('',#14274,#3021);
#1751=LINE('',#14276,#3022);
#1752=LINE('',#14278,#3023);
#1753=LINE('',#14301,#3024);
#1754=LINE('',#14303,#3025);
#1755=LINE('',#14307,#3026);
#1756=LINE('',#14311,#3027);
#1757=LINE('',#14313,#3028);
#1758=LINE('',#14314,#3029);
#1759=LINE('',#14317,#3030);
#1760=LINE('',#14319,#3031);
#1761=LINE('',#14321,#3032);
#1762=LINE('',#14322,#3033);
#1763=LINE('',#14327,#3034);
#1764=LINE('',#14329,#3035);
#1765=LINE('',#14331,#3036);
#1766=LINE('',#14332,#3037);
#1767=LINE('',#14335,#3038);
#1768=LINE('',#14337,#3039);
#1769=LINE('',#14338,#3040);
#1770=LINE('',#14341,#3041);
#1771=LINE('',#14342,#3042);
#1772=LINE('',#14345,#3043);
#1773=LINE('',#14346,#3044);
#1774=LINE('',#14348,#3045);
#1775=LINE('',#14353,#3046);
#1776=LINE('',#14357,#3047);
#1777=LINE('',#14361,#3048);
#1778=LINE('',#14363,#3049);
#1779=LINE('',#14365,#3050);
#1780=LINE('',#14366,#3051);
#1781=LINE('',#14371,#3052);
#1782=LINE('',#14378,#3053);
#1783=LINE('',#14380,#3054);
#1784=LINE('',#14381,#3055);
#1785=LINE('',#14384,#3056);
#1786=LINE('',#14385,#3057);
#1787=LINE('',#14389,#3058);
#1788=LINE('',#14391,#3059);
#1789=LINE('',#14392,#3060);
#1790=LINE('',#14394,#3061);
#1791=LINE('',#14396,#3062);
#1792=LINE('',#14398,#3063);
#1793=LINE('',#14399,#3064);
#1794=LINE('',#14402,#3065);
#1795=LINE('',#14404,#3066);
#1796=LINE('',#14406,#3067);
#1797=LINE('',#14408,#3068);
#1798=LINE('',#14410,#3069);
#1799=LINE('',#14412,#3070);
#1800=LINE('',#14413,#3071);
#1801=LINE('',#14416,#3072);
#1802=LINE('',#14418,#3073);
#1803=LINE('',#14419,#3074);
#1804=LINE('',#14422,#3075);
#1805=LINE('',#14424,#3076);
#1806=LINE('',#14425,#3077);
#1807=LINE('',#14429,#3078);
#1808=LINE('',#14430,#3079);
#1809=LINE('',#14431,#3080);
#1810=LINE('',#14434,#3081);
#1811=LINE('',#14436,#3082);
#1812=LINE('',#14437,#3083);
#1813=LINE('',#14440,#3084);
#1814=LINE('',#14442,#3085);
#1815=LINE('',#14444,#3086);
#1816=LINE('',#14446,#3087);
#1817=LINE('',#14448,#3088);
#1818=LINE('',#14450,#3089);
#1819=LINE('',#14452,#3090);
#1820=LINE('',#14454,#3091);
#1821=LINE('',#14456,#3092);
#1822=LINE('',#14457,#3093);
#1823=LINE('',#14461,#3094);
#1824=LINE('',#14463,#3095);
#1825=LINE('',#14465,#3096);
#1826=LINE('',#14467,#3097);
#1827=LINE('',#14469,#3098);
#1828=LINE('',#14471,#3099);
#1829=LINE('',#14473,#3100);
#1830=LINE('',#14475,#3101);
#1831=LINE('',#14477,#3102);
#1832=LINE('',#14479,#3103);
#1833=LINE('',#14481,#3104);
#1834=LINE('',#14483,#3105);
#1835=LINE('',#14484,#3106);
#1836=LINE('',#14487,#3107);
#1837=LINE('',#14488,#3108);
#1838=LINE('',#14489,#3109);
#1839=LINE('',#14492,#3110);
#1840=LINE('',#14493,#3111);
#1841=LINE('',#14496,#3112);
#1842=LINE('',#14498,#3113);
#1843=LINE('',#14500,#3114);
#1844=LINE('',#14502,#3115);
#1845=LINE('',#14504,#3116);
#1846=LINE('',#14506,#3117);
#1847=LINE('',#14508,#3118);
#1848=LINE('',#14509,#3119);
#1849=LINE('',#14513,#3120);
#1850=LINE('',#14515,#3121);
#1851=LINE('',#14517,#3122);
#1852=LINE('',#14519,#3123);
#1853=LINE('',#14521,#3124);
#1854=LINE('',#14523,#3125);
#1855=LINE('',#14525,#3126);
#1856=LINE('',#14527,#3127);
#1857=LINE('',#14529,#3128);
#1858=LINE('',#14531,#3129);
#1859=LINE('',#14533,#3130);
#1860=LINE('',#14535,#3131);
#1861=LINE('',#14536,#3132);
#1862=LINE('',#14538,#3133);
#1863=LINE('',#14540,#3134);
#1864=LINE('',#14542,#3135);
#1865=LINE('',#14544,#3136);
#1866=LINE('',#14546,#3137);
#1867=LINE('',#14548,#3138);
#1868=LINE('',#14549,#3139);
#1869=LINE('',#14552,#3140);
#1870=LINE('',#14554,#3141);
#1871=LINE('',#14556,#3142);
#1872=LINE('',#14558,#3143);
#1873=LINE('',#14559,#3144);
#1874=LINE('',#14562,#3145);
#1875=LINE('',#14564,#3146);
#1876=LINE('',#14566,#3147);
#1877=LINE('',#14568,#3148);
#1878=LINE('',#14570,#3149);
#1879=LINE('',#14572,#3150);
#1880=LINE('',#14573,#3151);
#1881=LINE('',#14575,#3152);
#1882=LINE('',#14577,#3153);
#1883=LINE('',#14578,#3154);
#1884=LINE('',#14580,#3155);
#1885=LINE('',#14582,#3156);
#1886=LINE('',#14584,#3157);
#1887=LINE('',#14586,#3158);
#1888=LINE('',#14587,#3159);
#1889=LINE('',#14590,#3160);
#1890=LINE('',#14592,#3161);
#1891=LINE('',#14593,#3162);
#1892=LINE('',#14595,#3163);
#1893=LINE('',#14597,#3164);
#1894=LINE('',#14599,#3165);
#1895=LINE('',#14601,#3166);
#1896=LINE('',#14603,#3167);
#1897=LINE('',#14605,#3168);
#1898=LINE('',#14606,#3169);
#1899=LINE('',#14608,#3170);
#1900=LINE('',#14610,#3171);
#1901=LINE('',#14611,#3172);
#1902=LINE('',#14612,#3173);
#1903=LINE('',#14614,#3174);
#1904=LINE('',#14616,#3175);
#1905=LINE('',#14618,#3176);
#1906=LINE('',#14620,#3177);
#1907=LINE('',#14622,#3178);
#1908=LINE('',#14624,#3179);
#1909=LINE('',#14628,#3180);
#1910=LINE('',#14630,#3181);
#1911=LINE('',#14632,#3182);
#1912=LINE('',#14634,#3183);
#1913=LINE('',#14636,#3184);
#1914=LINE('',#14637,#3185);
#1915=LINE('',#14641,#3186);
#1916=LINE('',#14643,#3187);
#1917=LINE('',#14645,#3188);
#1918=LINE('',#14647,#3189);
#1919=LINE('',#14649,#3190);
#1920=LINE('',#14650,#3191);
#1921=LINE('',#14653,#3192);
#1922=LINE('',#14655,#3193);
#1923=LINE('',#14657,#3194);
#1924=LINE('',#14659,#3195);
#1925=LINE('',#14661,#3196);
#1926=LINE('',#14662,#3197);
#1927=LINE('',#14665,#3198);
#1928=LINE('',#14667,#3199);
#1929=LINE('',#14669,#3200);
#1930=LINE('',#14671,#3201);
#1931=LINE('',#14673,#3202);
#1932=LINE('',#14675,#3203);
#1933=LINE('',#14677,#3204);
#1934=LINE('',#14678,#3205);
#1935=LINE('',#14681,#3206);
#1936=LINE('',#14683,#3207);
#1937=LINE('',#14684,#3208);
#1938=LINE('',#14687,#3209);
#1939=LINE('',#14688,#3210);
#1940=LINE('',#14691,#3211);
#1941=LINE('',#14692,#3212);
#1942=LINE('',#14696,#3213);
#1943=LINE('',#14698,#3214);
#1944=LINE('',#14700,#3215);
#1945=LINE('',#14702,#3216);
#1946=LINE('',#14704,#3217);
#1947=LINE('',#14706,#3218);
#1948=LINE('',#14708,#3219);
#1949=LINE('',#14710,#3220);
#1950=LINE('',#14712,#3221);
#1951=LINE('',#14714,#3222);
#1952=LINE('',#14716,#3223);
#1953=LINE('',#14718,#3224);
#1954=LINE('',#14720,#3225);
#1955=LINE('',#14722,#3226);
#1956=LINE('',#14724,#3227);
#1957=LINE('',#14726,#3228);
#1958=LINE('',#14727,#3229);
#1959=LINE('',#14729,#3230);
#1960=LINE('',#14730,#3231);
#1961=LINE('',#14732,#3232);
#1962=LINE('',#14733,#3233);
#1963=LINE('',#14738,#3234);
#1964=LINE('',#14739,#3235);
#1965=LINE('',#14740,#3236);
#1966=LINE('',#14741,#3237);
#1967=LINE('',#14742,#3238);
#1968=LINE('',#14743,#3239);
#1969=LINE('',#14744,#3240);
#1970=LINE('',#14747,#3241);
#1971=LINE('',#14749,#3242);
#1972=LINE('',#14751,#3243);
#1973=LINE('',#14752,#3244);
#1974=LINE('',#14755,#3245);
#1975=LINE('',#14756,#3246);
#1976=LINE('',#14759,#3247);
#1977=LINE('',#14761,#3248);
#1978=LINE('',#14762,#3249);
#1979=LINE('',#14766,#3250);
#1980=LINE('',#14768,#3251);
#1981=LINE('',#14769,#3252);
#1982=LINE('',#14771,#3253);
#1983=LINE('',#14772,#3254);
#1984=LINE('',#14774,#3255);
#1985=LINE('',#14778,#3256);
#1986=LINE('',#14779,#3257);
#1987=LINE('',#14780,#3258);
#1988=LINE('',#14782,#3259);
#1989=LINE('',#14783,#3260);
#1990=LINE('',#14786,#3261);
#1991=LINE('',#14789,#3262);
#1992=LINE('',#14791,#3263);
#1993=LINE('',#14792,#3264);
#1994=LINE('',#14794,#3265);
#1995=LINE('',#14796,#3266);
#1996=LINE('',#14797,#3267);
#1997=LINE('',#14800,#3268);
#1998=LINE('',#14801,#3269);
#1999=LINE('',#14802,#3270);
#2000=LINE('',#14804,#3271);
#2001=LINE('',#14809,#3272);
#2002=LINE('',#14810,#3273);
#2003=LINE('',#14811,#3274);
#2004=LINE('',#14814,#3275);
#2005=LINE('',#14815,#3276);
#2006=LINE('',#14818,#3277);
#2007=LINE('',#14820,#3278);
#2008=LINE('',#14822,#3279);
#2009=LINE('',#14823,#3280);
#2010=LINE('',#14826,#3281);
#2011=LINE('',#14828,#3282);
#2012=LINE('',#14830,#3283);
#2013=LINE('',#14832,#3284);
#2014=LINE('',#14834,#3285);
#2015=LINE('',#14836,#3286);
#2016=LINE('',#14838,#3287);
#2017=LINE('',#14840,#3288);
#2018=LINE('',#14842,#3289);
#2019=LINE('',#14843,#3290);
#2020=LINE('',#14844,#3291);
#2021=LINE('',#14846,#3292);
#2022=LINE('',#14848,#3293);
#2023=LINE('',#14852,#3294);
#2024=LINE('',#14854,#3295);
#2025=LINE('',#14855,#3296);
#2026=LINE('',#14858,#3297);
#2027=LINE('',#14859,#3298);
#2028=LINE('',#14861,#3299);
#2029=LINE('',#14862,#3300);
#2030=LINE('',#14865,#3301);
#2031=LINE('',#14867,#3302);
#2032=LINE('',#14869,#3303);
#2033=LINE('',#14871,#3304);
#2034=LINE('',#14873,#3305);
#2035=LINE('',#14874,#3306);
#2036=LINE('',#14878,#3307);
#2037=LINE('',#14880,#3308);
#2038=LINE('',#14882,#3309);
#2039=LINE('',#14884,#3310);
#2040=LINE('',#14885,#3311);
#2041=LINE('',#14886,#3312);
#2042=LINE('',#14888,#3313);
#2043=LINE('',#14889,#3314);
#2044=LINE('',#14895,#3315);
#2045=LINE('',#14899,#3316);
#2046=LINE('',#14902,#3317);
#2047=LINE('',#14937,#3318);
#2048=LINE('',#14938,#3319);
#2049=LINE('',#14939,#3320);
#2050=LINE('',#14942,#3321);
#2051=LINE('',#14944,#3322);
#2052=LINE('',#14945,#3323);
#2053=LINE('',#14948,#3324);
#2054=LINE('',#14950,#3325);
#2055=LINE('',#14951,#3326);
#2056=LINE('',#14954,#3327);
#2057=LINE('',#14955,#3328);
#2058=LINE('',#14958,#3329);
#2059=LINE('',#14959,#3330);
#2060=LINE('',#14963,#3331);
#2061=LINE('',#14965,#3332);
#2062=LINE('',#14967,#3333);
#2063=LINE('',#14969,#3334);
#2064=LINE('',#14970,#3335);
#2065=LINE('',#14972,#3336);
#2066=LINE('',#14973,#3337);
#2067=LINE('',#14975,#3338);
#2068=LINE('',#14977,#3339);
#2069=LINE('',#14979,#3340);
#2070=LINE('',#14981,#3341);
#2071=LINE('',#14984,#3342);
#2072=LINE('',#14988,#3343);
#2073=LINE('',#14990,#3344);
#2074=LINE('',#14992,#3345);
#2075=LINE('',#14994,#3346);
#2076=LINE('',#14995,#3347);
#2077=LINE('',#14996,#3348);
#2078=LINE('',#14999,#3349);
#2079=LINE('',#15003,#3350);
#2080=LINE('',#15005,#3351);
#2081=LINE('',#15006,#3352);
#2082=LINE('',#15008,#3353);
#2083=LINE('',#15010,#3354);
#2084=LINE('',#15012,#3355);
#2085=LINE('',#15013,#3356);
#2086=LINE('',#15017,#3357);
#2087=LINE('',#15018,#3358);
#2088=LINE('',#15019,#3359);
#2089=LINE('',#15022,#3360);
#2090=LINE('',#15023,#3361);
#2091=LINE('',#15027,#3362);
#2092=LINE('',#15029,#3363);
#2093=LINE('',#15030,#3364);
#2094=LINE('',#15031,#3365);
#2095=LINE('',#15034,#3366);
#2096=LINE('',#15036,#3367);
#2097=LINE('',#15037,#3368);
#2098=LINE('',#15041,#3369);
#2099=LINE('',#15042,#3370);
#2100=LINE('',#15043,#3371);
#2101=LINE('',#15046,#3372);
#2102=LINE('',#15047,#3373);
#2103=LINE('',#15049,#3374);
#2104=LINE('',#15050,#3375);
#2105=LINE('',#15056,#3376);
#2106=LINE('',#15059,#3377);
#2107=LINE('',#15061,#3378);
#2108=LINE('',#15062,#3379);
#2109=LINE('',#15065,#3380);
#2110=LINE('',#15067,#3381);
#2111=LINE('',#15068,#3382);
#2112=LINE('',#15070,#3383);
#2113=LINE('',#15071,#3384);
#2114=LINE('',#15073,#3385);
#2115=LINE('',#15074,#3386);
#2116=LINE('',#15077,#3387);
#2117=LINE('',#15078,#3388);
#2118=LINE('',#15080,#3389);
#2119=LINE('',#15082,#3390);
#2120=LINE('',#15083,#3391);
#2121=LINE('',#15085,#3392);
#2122=LINE('',#15086,#3393);
#2123=LINE('',#15087,#3394);
#2124=LINE('',#15089,#3395);
#2125=LINE('',#15090,#3396);
#2126=LINE('',#15093,#3397);
#2127=LINE('',#15095,#3398);
#2128=LINE('',#15096,#3399);
#2129=LINE('',#15099,#3400);
#2130=LINE('',#15100,#3401);
#2131=LINE('',#15103,#3402);
#2132=LINE('',#15104,#3403);
#2133=LINE('',#15107,#3404);
#2134=LINE('',#15108,#3405);
#2135=LINE('',#15110,#3406);
#2136=LINE('',#15113,#3407);
#2137=LINE('',#15114,#3408);
#2138=LINE('',#15117,#3409);
#2139=LINE('',#15120,#3410);
#2140=LINE('',#15122,#3411);
#2141=LINE('',#15123,#3412);
#2142=LINE('',#15125,#3413);
#2143=LINE('',#15131,#3414);
#2144=LINE('',#15134,#3415);
#2145=LINE('',#15135,#3416);
#2146=LINE('',#15139,#3417);
#2147=LINE('',#15140,#3418);
#2148=LINE('',#15141,#3419);
#2149=LINE('',#15143,#3420);
#2150=LINE('',#15145,#3421);
#2151=LINE('',#15147,#3422);
#2152=LINE('',#15150,#3423);
#2153=LINE('',#15151,#3424);
#2154=LINE('',#15153,#3425);
#2155=LINE('',#15154,#3426);
#2156=LINE('',#15156,#3427);
#2157=LINE('',#15158,#3428);
#2158=LINE('',#15160,#3429);
#2159=LINE('',#15163,#3430);
#2160=LINE('',#15165,#3431);
#2161=LINE('',#15167,#3432);
#2162=LINE('',#15170,#3433);
#2163=LINE('',#15171,#3434);
#2164=LINE('',#15174,#3435);
#2165=LINE('',#15176,#3436);
#2166=LINE('',#15177,#3437);
#2167=LINE('',#15179,#3438);
#2168=LINE('',#15180,#3439);
#2169=LINE('',#15183,#3440);
#2170=LINE('',#15184,#3441);
#2171=LINE('',#15188,#3442);
#2172=LINE('',#15189,#3443);
#2173=LINE('',#15190,#3444);
#2174=LINE('',#15193,#3445);
#2175=LINE('',#15195,#3446);
#2176=LINE('',#15197,#3447);
#2177=LINE('',#15200,#3448);
#2178=LINE('',#15201,#3449);
#2179=LINE('',#15204,#3450);
#2180=LINE('',#15207,#3451);
#2181=LINE('',#15210,#3452);
#2182=LINE('',#15212,#3453);
#2183=LINE('',#15218,#3454);
#2184=LINE('',#15222,#3455);
#2185=LINE('',#15224,#3456);
#2186=LINE('',#15226,#3457);
#2187=LINE('',#15228,#3458);
#2188=LINE('',#15232,#3459);
#2189=LINE('',#15233,#3460);
#2190=LINE('',#15236,#3461);
#2191=LINE('',#15238,#3462);
#2192=LINE('',#15239,#3463);
#2193=LINE('',#15242,#3464);
#2194=LINE('',#15243,#3465);
#2195=LINE('',#15245,#3466);
#2196=LINE('',#15247,#3467);
#2197=LINE('',#15250,#3468);
#2198=LINE('',#15255,#3469);
#2199=LINE('',#15257,#3470);
#2200=LINE('',#15259,#3471);
#2201=LINE('',#15261,#3472);
#2202=LINE('',#15265,#3473);
#2203=LINE('',#15266,#3474);
#2204=LINE('',#15270,#3475);
#2205=LINE('',#15272,#3476);
#2206=LINE('',#15274,#3477);
#2207=LINE('',#15276,#3478);
#2208=LINE('',#15278,#3479);
#2209=LINE('',#15280,#3480);
#2210=LINE('',#15282,#3481);
#2211=LINE('',#15283,#3482);
#2212=LINE('',#15289,#3483);
#2213=LINE('',#15293,#3484);
#2214=LINE('',#15299,#3485);
#2215=LINE('',#15304,#3486);
#2216=LINE('',#15309,#3487);
#2217=LINE('',#15311,#3488);
#2218=LINE('',#15312,#3489);
#2219=LINE('',#15328,#3490);
#2220=LINE('',#15331,#3491);
#2221=LINE('',#15334,#3492);
#2222=LINE('',#15338,#3493);
#2223=LINE('',#15340,#3494);
#2224=LINE('',#15342,#3495);
#2225=LINE('',#15343,#3496);
#2226=LINE('',#15345,#3497);
#2227=LINE('',#15347,#3498);
#2228=LINE('',#15348,#3499);
#2229=LINE('',#15350,#3500);
#2230=LINE('',#15352,#3501);
#2231=LINE('',#15354,#3502);
#2232=LINE('',#15355,#3503);
#2233=LINE('',#15358,#3504);
#2234=LINE('',#15360,#3505);
#2235=LINE('',#15362,#3506);
#2236=LINE('',#15364,#3507);
#2237=LINE('',#15365,#3508);
#2238=LINE('',#15371,#3509);
#2239=LINE('',#15375,#3510);
#2240=LINE('',#15376,#3511);
#2241=LINE('',#15377,#3512);
#2242=LINE('',#15381,#3513);
#2243=LINE('',#15383,#3514);
#2244=LINE('',#15385,#3515);
#2245=LINE('',#15390,#3516);
#2246=LINE('',#15391,#3517);
#2247=LINE('',#15392,#3518);
#2248=LINE('',#15395,#3519);
#2249=LINE('',#15397,#3520);
#2250=LINE('',#15400,#3521);
#2251=LINE('',#15402,#3522);
#2252=LINE('',#15404,#3523);
#2253=LINE('',#15406,#3524);
#2254=LINE('',#15411,#3525);
#2255=LINE('',#15414,#3526);
#2256=LINE('',#15418,#3527);
#2257=LINE('',#15420,#3528);
#2258=LINE('',#15421,#3529);
#2259=LINE('',#15424,#3530);
#2260=LINE('',#15425,#3531);
#2261=LINE('',#15428,#3532);
#2262=LINE('',#15429,#3533);
#2263=LINE('',#15431,#3534);
#2264=LINE('',#15434,#3535);
#2265=LINE('',#15436,#3536);
#2266=LINE('',#15437,#3537);
#2267=LINE('',#15439,#3538);
#2268=LINE('',#15440,#3539);
#2269=LINE('',#15442,#3540);
#2270=LINE('',#15444,#3541);
#2271=LINE('',#15446,#3542);
#2272=LINE('',#15448,#3543);
#2273=LINE('',#15451,#3544);
#2274=LINE('',#15453,#3545);
#2275=LINE('',#15458,#3546);
#2276=LINE('',#15459,#3547);
#2277=LINE('',#15461,#3548);
#2278=LINE('',#15463,#3549);
#2279=LINE('',#15467,#3550);
#2280=LINE('',#15469,#3551);
#2281=LINE('',#15471,#3552);
#2282=LINE('',#15473,#3553);
#2283=LINE('',#15475,#3554);
#2284=LINE('',#15477,#3555);
#2285=LINE('',#15483,#3556);
#2286=LINE('',#15489,#3557);
#2287=LINE('',#15493,#3558);
#2288=LINE('',#15497,#3559);
#2289=LINE('',#15499,#3560);
#2290=LINE('',#15502,#3561);
#2291=LINE('',#15507,#3562);
#2292=LINE('',#15513,#3563);
#2293=LINE('',#15517,#3564);
#2294=LINE('',#15521,#3565);
#2295=LINE('',#15523,#3566);
#2296=LINE('',#15526,#3567);
#2297=LINE('',#15530,#3568);
#2298=LINE('',#15534,#3569);
#2299=LINE('',#15537,#3570);
#2300=LINE('',#15539,#3571);
#2301=LINE('',#15542,#3572);
#2302=LINE('',#15545,#3573);
#2303=LINE('',#15547,#3574);
#2304=LINE('',#15551,#3575);
#2305=LINE('',#15553,#3576);
#2306=LINE('',#15556,#3577);
#2307=LINE('',#15558,#3578);
#2308=LINE('',#15560,#3579);
#2309=LINE('',#15561,#3580);
#2310=LINE('',#15566,#3581);
#2311=LINE('',#15568,#3582);
#2312=LINE('',#15571,#3583);
#2313=LINE('',#15574,#3584);
#2314=LINE('',#15575,#3585);
#2315=LINE('',#15578,#3586);
#2316=LINE('',#15582,#3587);
#2317=LINE('',#15583,#3588);
#2318=LINE('',#15586,#3589);
#2319=LINE('',#15589,#3590);
#2320=LINE('',#15592,#3591);
#2321=LINE('',#15593,#3592);
#2322=LINE('',#15596,#3593);
#2323=LINE('',#15601,#3594);
#2324=LINE('',#15602,#3595);
#2325=LINE('',#15603,#3596);
#2326=LINE('',#15607,#3597);
#2327=LINE('',#15613,#3598);
#2328=LINE('',#15615,#3599);
#2329=LINE('',#15616,#3600);
#2330=LINE('',#15617,#3601);
#2331=LINE('',#15620,#3602);
#2332=LINE('',#15622,#3603);
#2333=LINE('',#15624,#3604);
#2334=LINE('',#15625,#3605);
#2335=LINE('',#15629,#3606);
#2336=LINE('',#15634,#3607);
#2337=LINE('',#15636,#3608);
#2338=LINE('',#15638,#3609);
#2339=LINE('',#15640,#3610);
#2340=LINE('',#15644,#3611);
#2341=LINE('',#15645,#3612);
#2342=LINE('',#15648,#3613);
#2343=LINE('',#15650,#3614);
#2344=LINE('',#15655,#3615);
#2345=LINE('',#15659,#3616);
#2346=LINE('',#15663,#3617);
#2347=LINE('',#15664,#3618);
#2348=LINE('',#15668,#3619);
#2349=LINE('',#15669,#3620);
#2350=LINE('',#15670,#3621);
#2351=LINE('',#15673,#3622);
#2352=LINE('',#15674,#3623);
#2353=LINE('',#15678,#3624);
#2354=LINE('',#15679,#3625);
#2355=LINE('',#15680,#3626);
#2356=LINE('',#15683,#3627);
#2357=LINE('',#15684,#3628);
#2358=LINE('',#15688,#3629);
#2359=LINE('',#15689,#3630);
#2360=LINE('',#15690,#3631);
#2361=LINE('',#15695,#3632);
#2362=LINE('',#15698,#3633);
#2363=LINE('',#15700,#3634);
#2364=LINE('',#15703,#3635);
#2365=LINE('',#15706,#3636);
#2366=LINE('',#15707,#3637);
#2367=LINE('',#15710,#3638);
#2368=LINE('',#15714,#3639);
#2369=LINE('',#15715,#3640);
#2370=LINE('',#15718,#3641);
#2371=LINE('',#15721,#3642);
#2372=LINE('',#15724,#3643);
#2373=LINE('',#15726,#3644);
#2374=LINE('',#15728,#3645);
#2375=LINE('',#15729,#3646);
#2376=LINE('',#15730,#3647);
#2377=LINE('',#15733,#3648);
#2378=LINE('',#15736,#3649);
#2379=LINE('',#15740,#3650);
#2380=LINE('',#15741,#3651);
#2381=LINE('',#15743,#3652);
#2382=LINE('',#15745,#3653);
#2383=LINE('',#15746,#3654);
#2384=LINE('',#15750,#3655);
#2385=LINE('',#15752,#3656);
#2386=LINE('',#15769,#3657);
#2387=LINE('',#15771,#3658);
#2388=LINE('',#15772,#3659);
#2389=LINE('',#15791,#3660);
#2390=LINE('',#15792,#3661);
#2391=LINE('',#15793,#3662);
#2392=LINE('',#15797,#3663);
#2393=LINE('',#15799,#3664);
#2394=LINE('',#15801,#3665);
#2395=LINE('',#15802,#3666);
#2396=LINE('',#15805,#3667);
#2397=LINE('',#15807,#3668);
#2398=LINE('',#15808,#3669);
#2399=LINE('',#15812,#3670);
#2400=LINE('',#15814,#3671);
#2401=LINE('',#15816,#3672);
#2402=LINE('',#15817,#3673);
#2403=LINE('',#15821,#3674);
#2404=LINE('',#15822,#3675);
#2405=LINE('',#15823,#3676);
#2406=LINE('',#15827,#3677);
#2407=LINE('',#15828,#3678);
#2408=LINE('',#15829,#3679);
#2409=LINE('',#15831,#3680);
#2410=LINE('',#15835,#3681);
#2411=LINE('',#15837,#3682);
#2412=LINE('',#15839,#3683);
#2413=LINE('',#15840,#3684);
#2414=LINE('',#15844,#3685);
#2415=LINE('',#15846,#3686);
#2416=LINE('',#15848,#3687);
#2417=LINE('',#15849,#3688);
#2418=LINE('',#15851,#3689);
#2419=LINE('',#15853,#3690);
#2420=LINE('',#15854,#3691);
#2421=LINE('',#15858,#3692);
#2422=LINE('',#15862,#3693);
#2423=LINE('',#15866,#3694);
#2424=LINE('',#15868,#3695);
#2425=LINE('',#15869,#3696);
#2426=LINE('',#15872,#3697);
#2427=LINE('',#15873,#3698);
#2428=LINE('',#15875,#3699);
#2429=LINE('',#15876,#3700);
#2430=LINE('',#15880,#3701);
#2431=LINE('',#15882,#3702);
#2432=LINE('',#15884,#3703);
#2433=LINE('',#15885,#3704);
#2434=LINE('',#15889,#3705);
#2435=LINE('',#15890,#3706);
#2436=LINE('',#15891,#3707);
#2437=LINE('',#15894,#3708);
#2438=LINE('',#15896,#3709);
#2439=LINE('',#15898,#3710);
#2440=LINE('',#15899,#3711);
#2441=LINE('',#15900,#3712);
#2442=LINE('',#15903,#3713);
#2443=LINE('',#15904,#3714);
#2444=LINE('',#15906,#3715);
#2445=LINE('',#15908,#3716);
#2446=LINE('',#15909,#3717);
#2447=LINE('',#15911,#3718);
#2448=LINE('',#15913,#3719);
#2449=LINE('',#15916,#3720);
#2450=LINE('',#15918,#3721);
#2451=LINE('',#15919,#3722);
#2452=LINE('',#15922,#3723);
#2453=LINE('',#15924,#3724);
#2454=LINE('',#15925,#3725);
#2455=LINE('',#15931,#3726);
#2456=LINE('',#15934,#3727);
#2457=LINE('',#15936,#3728);
#2458=LINE('',#15937,#3729);
#2459=LINE('',#15939,#3730);
#2460=LINE('',#15941,#3731);
#2461=LINE('',#15942,#3732);
#2462=LINE('',#15945,#3733);
#2463=LINE('',#15946,#3734);
#2464=LINE('',#15949,#3735);
#2465=LINE('',#15950,#3736);
#2466=LINE('',#15952,#3737);
#2467=LINE('',#15955,#3738);
#2468=LINE('',#15956,#3739);
#2469=LINE('',#15959,#3740);
#2470=LINE('',#15960,#3741);
#2471=LINE('',#15963,#3742);
#2472=LINE('',#15965,#3743);
#2473=LINE('',#15967,#3744);
#2474=LINE('',#15971,#3745);
#2475=LINE('',#15973,#3746);
#2476=LINE('',#15975,#3747);
#2477=LINE('',#15977,#3748);
#2478=LINE('',#15979,#3749);
#2479=LINE('',#15981,#3750);
#2480=LINE('',#15982,#3751);
#2481=LINE('',#15986,#3752);
#2482=LINE('',#15987,#3753);
#2483=LINE('',#15989,#3754);
#2484=LINE('',#15991,#3755);
#2485=LINE('',#15992,#3756);
#2486=LINE('',#15998,#3757);
#2487=LINE('',#16001,#3758);
#2488=LINE('',#16004,#3759);
#2489=LINE('',#16007,#3760);
#2490=LINE('',#16008,#3761);
#2491=LINE('',#16011,#3762);
#2492=LINE('',#16013,#3763);
#2493=LINE('',#16014,#3764);
#2494=LINE('',#16018,#3765);
#2495=LINE('',#16019,#3766);
#2496=LINE('',#16020,#3767);
#2497=LINE('',#16023,#3768);
#2498=LINE('',#16025,#3769);
#2499=LINE('',#16026,#3770);
#2500=LINE('',#16027,#3771);
#2501=LINE('',#16030,#3772);
#2502=LINE('',#16031,#3773);
#2503=LINE('',#16038,#3774);
#2504=LINE('',#16048,#3775);
#2505=LINE('',#16049,#3776);
#2506=LINE('',#16053,#3777);
#2507=LINE('',#16054,#3778);
#2508=LINE('',#16055,#3779);
#2509=LINE('',#16059,#3780);
#2510=LINE('',#16061,#3781);
#2511=LINE('',#16063,#3782);
#2512=LINE('',#16064,#3783);
#2513=LINE('',#16066,#3784);
#2514=LINE('',#16068,#3785);
#2515=LINE('',#16069,#3786);
#2516=LINE('',#16072,#3787);
#2517=LINE('',#16073,#3788);
#2518=LINE('',#16076,#3789);
#2519=LINE('',#16077,#3790);
#2520=LINE('',#16080,#3791);
#2521=LINE('',#16081,#3792);
#2522=LINE('',#16083,#3793);
#2523=LINE('',#16084,#3794);
#2524=LINE('',#16087,#3795);
#2525=LINE('',#16089,#3796);
#2526=LINE('',#16090,#3797);
#2527=LINE('',#16094,#3798);
#2528=LINE('',#16096,#3799);
#2529=LINE('',#16098,#3800);
#2530=LINE('',#16100,#3801);
#2531=LINE('',#16101,#3802);
#2532=LINE('',#16102,#3803);
#2533=LINE('',#16104,#3804);
#2534=LINE('',#16105,#3805);
#2535=LINE('',#16107,#3806);
#2536=LINE('',#16108,#3807);
#2537=LINE('',#16112,#3808);
#2538=LINE('',#16114,#3809);
#2539=LINE('',#16116,#3810);
#2540=LINE('',#16117,#3811);
#2541=LINE('',#16120,#3812);
#2542=LINE('',#16122,#3813);
#2543=LINE('',#16123,#3814);
#2544=LINE('',#16126,#3815);
#2545=LINE('',#16128,#3816);
#2546=LINE('',#16129,#3817);
#2547=LINE('',#16132,#3818);
#2548=LINE('',#16133,#3819);
#2549=LINE('',#16136,#3820);
#2550=LINE('',#16137,#3821);
#2551=LINE('',#16140,#3822);
#2552=LINE('',#16141,#3823);
#2553=LINE('',#16144,#3824);
#2554=LINE('',#16145,#3825);
#2555=LINE('',#16147,#3826);
#2556=LINE('',#16149,#3827);
#2557=LINE('',#16153,#3828);
#2558=LINE('',#16155,#3829);
#2559=LINE('',#16157,#3830);
#2560=LINE('',#16158,#3831);
#2561=LINE('',#16159,#3832);
#2562=LINE('',#16163,#3833);
#2563=LINE('',#16164,#3834);
#2564=LINE('',#16165,#3835);
#2565=LINE('',#16167,#3836);
#2566=LINE('',#16168,#3837);
#2567=LINE('',#16169,#3838);
#2568=LINE('',#16172,#3839);
#2569=LINE('',#16173,#3840);
#2570=LINE('',#16175,#3841);
#2571=LINE('',#16176,#3842);
#2572=LINE('',#16179,#3843);
#2573=LINE('',#16180,#3844);
#2574=LINE('',#16182,#3845);
#2575=LINE('',#16184,#3846);
#2576=LINE('',#16186,#3847);
#2577=LINE('',#16188,#3848);
#2578=LINE('',#16190,#3849);
#2579=LINE('',#16193,#3850);
#2580=LINE('',#16195,#3851);
#2581=LINE('',#16199,#3852);
#2582=LINE('',#16201,#3853);
#2583=LINE('',#16202,#3854);
#2584=LINE('',#16204,#3855);
#2585=LINE('',#16205,#3856);
#2586=LINE('',#16206,#3857);
#2587=LINE('',#16208,#3858);
#2588=LINE('',#16210,#3859);
#2589=LINE('',#16212,#3860);
#2590=LINE('',#16215,#3861);
#2591=LINE('',#16216,#3862);
#2592=LINE('',#16220,#3863);
#2593=LINE('',#16221,#3864);
#2594=LINE('',#16223,#3865);
#2595=LINE('',#16227,#3866);
#2596=LINE('',#16228,#3867);
#2597=LINE('',#16231,#3868);
#2598=LINE('',#16232,#3869);
#2599=LINE('',#16234,#3870);
#2600=LINE('',#16238,#3871);
#2601=LINE('',#16240,#3872);
#2602=LINE('',#16242,#3873);
#2603=LINE('',#16243,#3874);
#2604=LINE('',#16246,#3875);
#2605=LINE('',#16248,#3876);
#2606=LINE('',#16249,#3877);
#2607=LINE('',#16251,#3878);
#2608=LINE('',#16252,#3879);
#2609=LINE('',#16255,#3880);
#2610=LINE('',#16256,#3881);
#2611=LINE('',#16258,#3882);
#2612=LINE('',#16261,#3883);
#2613=LINE('',#16262,#3884);
#2614=LINE('',#16264,#3885);
#2615=LINE('',#16266,#3886);
#2616=LINE('',#16268,#3887);
#2617=LINE('',#16269,#3888);
#2618=LINE('',#16274,#3889);
#2619=LINE('',#16276,#3890);
#2620=LINE('',#16277,#3891);
#2621=LINE('',#16280,#3892);
#2622=LINE('',#16282,#3893);
#2623=LINE('',#16283,#3894);
#2624=LINE('',#16287,#3895);
#2625=LINE('',#16289,#3896);
#2626=LINE('',#16291,#3897);
#2627=LINE('',#16292,#3898);
#2628=LINE('',#16295,#3899);
#2629=LINE('',#16297,#3900);
#2630=LINE('',#16298,#3901);
#2631=LINE('',#16301,#3902);
#2632=LINE('',#16303,#3903);
#2633=LINE('',#16304,#3904);
#2634=LINE('',#16308,#3905);
#2635=LINE('',#16309,#3906);
#2636=LINE('',#16310,#3907);
#2637=LINE('',#16313,#3908);
#2638=LINE('',#16315,#3909);
#2639=LINE('',#16316,#3910);
#2640=LINE('',#16320,#3911);
#2641=LINE('',#16322,#3912);
#2642=LINE('',#16324,#3913);
#2643=LINE('',#16325,#3914);
#2644=LINE('',#16329,#3915);
#2645=LINE('',#16330,#3916);
#2646=LINE('',#16331,#3917);
#2647=LINE('',#16335,#3918);
#2648=LINE('',#16336,#3919);
#2649=LINE('',#16337,#3920);
#2650=LINE('',#16341,#3921);
#2651=LINE('',#16342,#3922);
#2652=LINE('',#16343,#3923);
#2653=LINE('',#16346,#3924);
#2654=LINE('',#16348,#3925);
#2655=LINE('',#16349,#3926);
#2656=LINE('',#16353,#3927);
#2657=LINE('',#16354,#3928);
#2658=LINE('',#16355,#3929);
#2659=LINE('',#16358,#3930);
#2660=LINE('',#16360,#3931);
#2661=LINE('',#16361,#3932);
#2662=LINE('',#16365,#3933);
#2663=LINE('',#16367,#3934);
#2664=LINE('',#16369,#3935);
#2665=LINE('',#16370,#3936);
#2666=LINE('',#16374,#3937);
#2667=LINE('',#16375,#3938);
#2668=LINE('',#16376,#3939);
#2669=LINE('',#16380,#3940);
#2670=LINE('',#16382,#3941);
#2671=LINE('',#16384,#3942);
#2672=LINE('',#16385,#3943);
#2673=LINE('',#16389,#3944);
#2674=LINE('',#16390,#3945);
#2675=LINE('',#16391,#3946);
#2676=LINE('',#16395,#3947);
#2677=LINE('',#16396,#3948);
#2678=LINE('',#16397,#3949);
#2679=LINE('',#16402,#3950);
#2680=LINE('',#16410,#3951);
#2681=LINE('',#16416,#3952);
#2682=LINE('',#16421,#3953);
#2683=LINE('',#16423,#3954);
#2684=LINE('',#16425,#3955);
#2685=LINE('',#16426,#3956);
#2686=LINE('',#16429,#3957);
#2687=LINE('',#16431,#3958);
#2688=LINE('',#16432,#3959);
#2689=LINE('',#16435,#3960);
#2690=LINE('',#16437,#3961);
#2691=LINE('',#16438,#3962);
#2692=LINE('',#16441,#3963);
#2693=LINE('',#16443,#3964);
#2694=LINE('',#16444,#3965);
#2695=LINE('',#16447,#3966);
#2696=LINE('',#16449,#3967);
#2697=LINE('',#16450,#3968);
#2698=LINE('',#16453,#3969);
#2699=LINE('',#16455,#3970);
#2700=LINE('',#16456,#3971);
#2701=LINE('',#16459,#3972);
#2702=LINE('',#16461,#3973);
#2703=LINE('',#16462,#3974);
#2704=LINE('',#16465,#3975);
#2705=LINE('',#16467,#3976);
#2706=LINE('',#16468,#3977);
#2707=LINE('',#16471,#3978);
#2708=LINE('',#16473,#3979);
#2709=LINE('',#16474,#3980);
#2710=LINE('',#16477,#3981);
#2711=LINE('',#16479,#3982);
#2712=LINE('',#16480,#3983);
#2713=LINE('',#16483,#3984);
#2714=LINE('',#16484,#3985);
#2715=LINE('',#16487,#3986);
#2716=LINE('',#16488,#3987);
#2717=LINE('',#16490,#3988);
#2718=LINE('',#16495,#3989);
#2719=LINE('',#16503,#3990);
#2720=LINE('',#16507,#3991);
#2721=LINE('',#16509,#3992);
#2722=LINE('',#16510,#3993);
#2723=LINE('',#16512,#3994);
#2724=LINE('',#16514,#3995);
#2725=LINE('',#16516,#3996);
#2726=LINE('',#16517,#3997);
#2727=LINE('',#16520,#3998);
#2728=LINE('',#16521,#3999);
#2729=LINE('',#16525,#4000);
#2730=LINE('',#16527,#4001);
#2731=LINE('',#16529,#4002);
#2732=LINE('',#16531,#4003);
#2733=LINE('',#16533,#4004);
#2734=LINE('',#16535,#4005);
#2735=LINE('',#16536,#4006);
#2736=LINE('',#16539,#4007);
#2737=LINE('',#16541,#4008);
#2738=LINE('',#16542,#4009);
#2739=LINE('',#16545,#4010);
#2740=LINE('',#16546,#4011);
#2741=LINE('',#16549,#4012);
#2742=LINE('',#16550,#4013);
#2743=LINE('',#16553,#4014);
#2744=LINE('',#16554,#4015);
#2745=LINE('',#16557,#4016);
#2746=LINE('',#16558,#4017);
#2747=LINE('',#16561,#4018);
#2748=LINE('',#16562,#4019);
#2749=LINE('',#16564,#4020);
#2750=LINE('',#16568,#4021);
#2751=LINE('',#16570,#4022);
#2752=LINE('',#16572,#4023);
#2753=LINE('',#16573,#4024);
#2754=LINE('',#16576,#4025);
#2755=LINE('',#16578,#4026);
#2756=LINE('',#16579,#4027);
#2757=LINE('',#16582,#4028);
#2758=LINE('',#16583,#4029);
#2759=LINE('',#16586,#4030);
#2760=LINE('',#16587,#4031);
#2761=LINE('',#16589,#4032);
#2762=LINE('',#16593,#4033);
#2763=LINE('',#16595,#4034);
#2764=LINE('',#16597,#4035);
#2765=LINE('',#16598,#4036);
#2766=LINE('',#16601,#4037);
#2767=LINE('',#16603,#4038);
#2768=LINE('',#16604,#4039);
#2769=LINE('',#16605,#4040);
#2770=LINE('',#16606,#4041);
#2771=LINE('',#16609,#4042);
#2772=LINE('',#16610,#4043);
#2773=LINE('',#16612,#4044);
#2774=LINE('',#16614,#4045);
#2775=LINE('',#16615,#4046);
#2776=LINE('',#16618,#4047);
#2777=LINE('',#16619,#4048);
#2778=LINE('',#16622,#4049);
#2779=LINE('',#16624,#4050);
#2780=LINE('',#16625,#4051);
#2781=LINE('',#16627,#4052);
#2782=LINE('',#16628,#4053);
#2783=LINE('',#16630,#4054);
#2784=LINE('',#16631,#4055);
#2785=LINE('',#16632,#4056);
#2786=LINE('',#16635,#4057);
#2787=LINE('',#16636,#4058);
#2788=LINE('',#16640,#4059);
#2789=LINE('',#16642,#4060);
#2790=LINE('',#16644,#4061);
#2791=LINE('',#16645,#4062);
#2792=LINE('',#16648,#4063);
#2793=LINE('',#16650,#4064);
#2794=LINE('',#16651,#4065);
#2795=LINE('',#16652,#4066);
#2796=LINE('',#16654,#4067);
#2797=LINE('',#16655,#4068);
#2798=LINE('',#16658,#4069);
#2799=LINE('',#16660,#4070);
#2800=LINE('',#16666,#4071);
#2801=LINE('',#16668,#4072);
#2802=LINE('',#16670,#4073);
#2803=LINE('',#16671,#4074);
#2804=LINE('',#16674,#4075);
#2805=LINE('',#16676,#4076);
#2806=LINE('',#16677,#4077);
#2807=LINE('',#16680,#4078);
#2808=LINE('',#16681,#4079);
#2809=LINE('',#16684,#4080);
#2810=LINE('',#16685,#4081);
#2811=LINE('',#16687,#4082);
#2812=LINE('',#16691,#4083);
#2813=LINE('',#16693,#4084);
#2814=LINE('',#16695,#4085);
#2815=LINE('',#16697,#4086);
#2816=LINE('',#16699,#4087);
#2817=LINE('',#16701,#4088);
#2818=LINE('',#16703,#4089);
#2819=LINE('',#16705,#4090);
#2820=LINE('',#16707,#4091);
#2821=LINE('',#16709,#4092);
#2822=LINE('',#16711,#4093);
#2823=LINE('',#16712,#4094);
#2824=LINE('',#16715,#4095);
#2825=LINE('',#16717,#4096);
#2826=LINE('',#16718,#4097);
#2827=LINE('',#16721,#4098);
#2828=LINE('',#16722,#4099);
#2829=LINE('',#16725,#4100);
#2830=LINE('',#16726,#4101);
#2831=LINE('',#16729,#4102);
#2832=LINE('',#16730,#4103);
#2833=LINE('',#16733,#4104);
#2834=LINE('',#16734,#4105);
#2835=LINE('',#16737,#4106);
#2836=LINE('',#16738,#4107);
#2837=LINE('',#16741,#4108);
#2838=LINE('',#16742,#4109);
#2839=LINE('',#16745,#4110);
#2840=LINE('',#16746,#4111);
#2841=LINE('',#16749,#4112);
#2842=LINE('',#16750,#4113);
#2843=LINE('',#16753,#4114);
#2844=LINE('',#16754,#4115);
#2845=LINE('',#16757,#4116);
#2846=LINE('',#16758,#4117);
#2847=LINE('',#16760,#4118);
#2848=LINE('',#16771,#4119);
#2849=LINE('',#16775,#4120);
#2850=LINE('',#16777,#4121);
#2851=LINE('',#16778,#4122);
#2852=LINE('',#16782,#4123);
#2853=LINE('',#16783,#4124);
#2854=LINE('',#16787,#4125);
#2855=LINE('',#16789,#4126);
#2856=LINE('',#16791,#4127);
#2857=LINE('',#16792,#4128);
#2858=LINE('',#16794,#4129);
#2859=LINE('',#16795,#4130);
#2860=LINE('',#16799,#4131);
#2861=LINE('',#16801,#4132);
#2862=LINE('',#16803,#4133);
#2863=LINE('',#16804,#4134);
#2864=LINE('',#16807,#4135);
#2865=LINE('',#16809,#4136);
#2866=LINE('',#16810,#4137);
#2867=LINE('',#16814,#4138);
#2868=LINE('',#16815,#4139);
#2869=LINE('',#16816,#4140);
#2870=LINE('',#16819,#4141);
#2871=LINE('',#16821,#4142);
#2872=LINE('',#16822,#4143);
#2873=LINE('',#16825,#4144);
#2874=LINE('',#16827,#4145);
#2875=LINE('',#16828,#4146);
#2876=LINE('',#16831,#4147);
#2877=LINE('',#16833,#4148);
#2878=LINE('',#16834,#4149);
#2879=LINE('',#16837,#4150);
#2880=LINE('',#16839,#4151);
#2881=LINE('',#16840,#4152);
#2882=LINE('',#16843,#4153);
#2883=LINE('',#16845,#4154);
#2884=LINE('',#16847,#4155);
#2885=LINE('',#16849,#4156);
#2886=LINE('',#16850,#4157);
#2887=LINE('',#16853,#4158);
#2888=LINE('',#16855,#4159);
#2889=LINE('',#16856,#4160);
#2890=LINE('',#16859,#4161);
#2891=LINE('',#16860,#4162);
#2892=LINE('',#16863,#4163);
#2893=LINE('',#16864,#4164);
#2894=LINE('',#16866,#4165);
#2895=LINE('',#16868,#4166);
#2896=LINE('',#16872,#4167);
#2897=LINE('',#16874,#4168);
#2898=LINE('',#16876,#4169);
#2899=LINE('',#16877,#4170);
#2900=LINE('',#16880,#4171);
#2901=LINE('',#16882,#4172);
#2902=LINE('',#16883,#4173);
#2903=LINE('',#16886,#4174);
#2904=LINE('',#16887,#4175);
#2905=LINE('',#16890,#4176);
#2906=LINE('',#16891,#4177);
#2907=LINE('',#16893,#4178);
#2908=LINE('',#16897,#4179);
#2909=LINE('',#16899,#4180);
#2910=LINE('',#16901,#4181);
#2911=LINE('',#16902,#4182);
#2912=LINE('',#16906,#4183);
#2913=LINE('',#16907,#4184);
#2914=LINE('',#16908,#4185);
#2915=LINE('',#16912,#4186);
#2916=LINE('',#16913,#4187);
#2917=LINE('',#16914,#4188);
#2918=LINE('',#16918,#4189);
#2919=LINE('',#16919,#4190);
#2920=LINE('',#16920,#4191);
#2921=LINE('',#16924,#4192);
#2922=LINE('',#16925,#4193);
#2923=LINE('',#16926,#4194);
#2924=LINE('',#16929,#4195);
#2925=LINE('',#16931,#4196);
#2926=LINE('',#16932,#4197);
#2927=LINE('',#16935,#4198);
#2928=LINE('',#16937,#4199);
#2929=LINE('',#16939,#4200);
#2930=LINE('',#16941,#4201);
#2931=LINE('',#16943,#4202);
#2932=LINE('',#16944,#4203);
#2933=LINE('',#16947,#4204);
#2934=LINE('',#16949,#4205);
#2935=LINE('',#16950,#4206);
#2936=LINE('',#16953,#4207);
#2937=LINE('',#16954,#4208);
#2938=LINE('',#16957,#4209);
#2939=LINE('',#16958,#4210);
#2940=LINE('',#16961,#4211);
#2941=LINE('',#16962,#4212);
#2942=LINE('',#16964,#4213);
#2943=LINE('',#16966,#4214);
#2944=LINE('',#16968,#4215);
#2945=LINE('',#16970,#4216);
#2946=LINE('',#16971,#4217);
#2947=LINE('',#16972,#4218);
#2948=LINE('',#16973,#4219);
#2949=LINE('',#16974,#4220);
#2950=LINE('',#16975,#4221);
#2951=LINE('',#16977,#4222);
#2952=LINE('',#16979,#4223);
#2953=LINE('',#16981,#4224);
#2954=VECTOR('',#11219,0.5);
#2955=VECTOR('',#11222,10.);
#2956=VECTOR('',#11225,1.);
#2957=VECTOR('',#11230,0.5);
#2958=VECTOR('',#11233,1.);
#2959=VECTOR('',#11236,10.);
#2960=VECTOR('',#11241,1.);
#2961=VECTOR('',#11242,0.5);
#2962=VECTOR('',#11243,1.);
#2963=VECTOR('',#11244,10.);
#2964=VECTOR('',#11249,0.5);
#2965=VECTOR('',#11250,1.);
#2966=VECTOR('',#11253,10.);
#2967=VECTOR('',#11254,1.);
#2968=VECTOR('',#11257,1.);
#2969=VECTOR('',#11258,1.);
#2970=VECTOR('',#11259,1.);
#2971=VECTOR('',#11260,1.);
#2972=VECTOR('',#11263,1.);
#2973=VECTOR('',#11264,1.);
#2974=VECTOR('',#11265,1.);
#2975=VECTOR('',#11266,1.);
#2976=VECTOR('',#11269,1.);
#2977=VECTOR('',#11270,1.);
#2978=VECTOR('',#11271,1.);
#2979=VECTOR('',#11272,1.);
#2980=VECTOR('',#11275,1.);
#2981=VECTOR('',#11278,1.);
#2982=VECTOR('',#11283,1.);
#2983=VECTOR('',#11284,1.);
#2984=VECTOR('',#11285,1.);
#2985=VECTOR('',#11286,1.);
#2986=VECTOR('',#11287,1.);
#2987=VECTOR('',#11288,1.);
#2988=VECTOR('',#11291,1.);
#2989=VECTOR('',#11292,1.);
#2990=VECTOR('',#11295,1.);
#2991=VECTOR('',#11296,1.);
#2992=VECTOR('',#11297,1.);
#2993=VECTOR('',#11298,1.);
#2994=VECTOR('',#11305,1.);
#2995=VECTOR('',#11306,1.);
#2996=VECTOR('',#11307,1.);
#2997=VECTOR('',#11308,1.);
#2998=VECTOR('',#11311,1.);
#2999=VECTOR('',#11312,1.);
#3000=VECTOR('',#11325,1.);
#3001=VECTOR('',#11334,1.);
#3002=VECTOR('',#11345,1.);
#3003=VECTOR('',#11346,1.);
#3004=VECTOR('',#11347,1.);
#3005=VECTOR('',#11350,1.);
#3006=VECTOR('',#11355,1.);
#3007=VECTOR('',#11356,1.);
#3008=VECTOR('',#11357,1.);
#3009=VECTOR('',#11358,1.);
#3010=VECTOR('',#11361,1.);
#3011=VECTOR('',#11364,1.);
#3012=VECTOR('',#11365,1.);
#3013=VECTOR('',#11370,1.);
#3014=VECTOR('',#11371,1.);
#3015=VECTOR('',#11372,1.);
#3016=VECTOR('',#11373,1.);
#3017=VECTOR('',#11384,1.);
#3018=VECTOR('',#11395,1.);
#3019=VECTOR('',#11398,1.);
#3020=VECTOR('',#11399,1.);
#3021=VECTOR('',#11400,1.);
#3022=VECTOR('',#11401,1.);
#3023=VECTOR('',#11402,1.);
#3024=VECTOR('',#11415,1.);
#3025=VECTOR('',#11416,1.);
#3026=VECTOR('',#11419,1.);
#3027=VECTOR('',#11422,1.);
#3028=VECTOR('',#11423,1.);
#3029=VECTOR('',#11424,1.);
#3030=VECTOR('',#11425,1.);
#3031=VECTOR('',#11426,1.);
#3032=VECTOR('',#11427,1.);
#3033=VECTOR('',#11428,1.);
#3034=VECTOR('',#11431,1.);
#3035=VECTOR('',#11432,1.);
#3036=VECTOR('',#11433,1.);
#3037=VECTOR('',#11434,1.);
#3038=VECTOR('',#11437,1.);
#3039=VECTOR('',#11438,1.);
#3040=VECTOR('',#11439,1.);
#3041=VECTOR('',#11442,1.);
#3042=VECTOR('',#11443,1.);
#3043=VECTOR('',#11446,1.);
#3044=VECTOR('',#11447,1.);
#3045=VECTOR('',#11450,1.);
#3046=VECTOR('',#11457,1.625);
#3047=VECTOR('',#11462,1.25);
#3048=VECTOR('',#11465,1.);
#3049=VECTOR('',#11466,1.);
#3050=VECTOR('',#11467,1.);
#3051=VECTOR('',#11468,1.);
#3052=VECTOR('',#11473,1.);
#3053=VECTOR('',#11484,1.);
#3054=VECTOR('',#11485,1.);
#3055=VECTOR('',#11486,1.);
#3056=VECTOR('',#11489,1.);
#3057=VECTOR('',#11490,1.);
#3058=VECTOR('',#11493,1.);
#3059=VECTOR('',#11494,1.);
#3060=VECTOR('',#11495,1.);
#3061=VECTOR('',#11496,1.);
#3062=VECTOR('',#11497,1.);
#3063=VECTOR('',#11498,1.);
#3064=VECTOR('',#11499,1.);
#3065=VECTOR('',#11502,1.);
#3066=VECTOR('',#11503,1.);
#3067=VECTOR('',#11504,1.);
#3068=VECTOR('',#11505,1.);
#3069=VECTOR('',#11506,1.);
#3070=VECTOR('',#11507,1.);
#3071=VECTOR('',#11508,1.);
#3072=VECTOR('',#11511,1.);
#3073=VECTOR('',#11512,1.);
#3074=VECTOR('',#11513,1.);
#3075=VECTOR('',#11516,1.);
#3076=VECTOR('',#11517,1.);
#3077=VECTOR('',#11518,1.);
#3078=VECTOR('',#11521,1.);
#3079=VECTOR('',#11522,1.);
#3080=VECTOR('',#11523,1.);
#3081=VECTOR('',#11526,1.);
#3082=VECTOR('',#11527,1.);
#3083=VECTOR('',#11528,1.);
#3084=VECTOR('',#11531,1.);
#3085=VECTOR('',#11532,1.);
#3086=VECTOR('',#11533,1.);
#3087=VECTOR('',#11534,1.);
#3088=VECTOR('',#11535,1.);
#3089=VECTOR('',#11536,1.);
#3090=VECTOR('',#11537,1.);
#3091=VECTOR('',#11538,1.);
#3092=VECTOR('',#11539,1.);
#3093=VECTOR('',#11540,1.);
#3094=VECTOR('',#11543,1.);
#3095=VECTOR('',#11544,1.);
#3096=VECTOR('',#11545,1.);
#3097=VECTOR('',#11546,1.);
#3098=VECTOR('',#11547,1.);
#3099=VECTOR('',#11548,1.);
#3100=VECTOR('',#11549,1.);
#3101=VECTOR('',#11550,1.);
#3102=VECTOR('',#11551,1.);
#3103=VECTOR('',#11552,1.);
#3104=VECTOR('',#11553,1.);
#3105=VECTOR('',#11554,1.);
#3106=VECTOR('',#11555,1.);
#3107=VECTOR('',#11558,1.);
#3108=VECTOR('',#11559,1.);
#3109=VECTOR('',#11560,1.);
#3110=VECTOR('',#11563,1.);
#3111=VECTOR('',#11564,1.);
#3112=VECTOR('',#11567,1.);
#3113=VECTOR('',#11568,1.);
#3114=VECTOR('',#11569,1.);
#3115=VECTOR('',#11570,1.);
#3116=VECTOR('',#11571,1.);
#3117=VECTOR('',#11572,1.);
#3118=VECTOR('',#11573,1.);
#3119=VECTOR('',#11574,1.);
#3120=VECTOR('',#11577,1.);
#3121=VECTOR('',#11578,1.);
#3122=VECTOR('',#11579,1.);
#3123=VECTOR('',#11580,1.);
#3124=VECTOR('',#11581,1.);
#3125=VECTOR('',#11582,1.);
#3126=VECTOR('',#11583,1.);
#3127=VECTOR('',#11584,1.);
#3128=VECTOR('',#11585,1.);
#3129=VECTOR('',#11586,1.);
#3130=VECTOR('',#11587,1.);
#3131=VECTOR('',#11588,1.);
#3132=VECTOR('',#11589,1.);
#3133=VECTOR('',#11592,1.);
#3134=VECTOR('',#11595,1.);
#3135=VECTOR('',#11596,1.);
#3136=VECTOR('',#11597,1.);
#3137=VECTOR('',#11598,1.);
#3138=VECTOR('',#11599,1.);
#3139=VECTOR('',#11600,1.);
#3140=VECTOR('',#11603,1.);
#3141=VECTOR('',#11604,1.);
#3142=VECTOR('',#11605,1.);
#3143=VECTOR('',#11606,1.);
#3144=VECTOR('',#11607,1.);
#3145=VECTOR('',#11610,1.);
#3146=VECTOR('',#11611,1.);
#3147=VECTOR('',#11612,1.);
#3148=VECTOR('',#11613,1.);
#3149=VECTOR('',#11614,1.);
#3150=VECTOR('',#11615,1.);
#3151=VECTOR('',#11616,1.);
#3152=VECTOR('',#11617,1.);
#3153=VECTOR('',#11618,1.);
#3154=VECTOR('',#11619,1.);
#3155=VECTOR('',#11620,1.);
#3156=VECTOR('',#11621,1.);
#3157=VECTOR('',#11622,1.);
#3158=VECTOR('',#11623,1.);
#3159=VECTOR('',#11624,1.);
#3160=VECTOR('',#11627,1.);
#3161=VECTOR('',#11628,1.);
#3162=VECTOR('',#11629,1.);
#3163=VECTOR('',#11630,1.);
#3164=VECTOR('',#11631,1.);
#3165=VECTOR('',#11632,1.);
#3166=VECTOR('',#11633,1.);
#3167=VECTOR('',#11634,1.);
#3168=VECTOR('',#11635,1.);
#3169=VECTOR('',#11636,1.);
#3170=VECTOR('',#11637,1.);
#3171=VECTOR('',#11638,1.);
#3172=VECTOR('',#11639,1.);
#3173=VECTOR('',#11640,1.);
#3174=VECTOR('',#11643,1.);
#3175=VECTOR('',#11646,1.);
#3176=VECTOR('',#11649,1.);
#3177=VECTOR('',#11652,1.);
#3178=VECTOR('',#11655,1.);
#3179=VECTOR('',#11658,1.);
#3180=VECTOR('',#11661,1.);
#3181=VECTOR('',#11662,1.);
#3182=VECTOR('',#11663,1.);
#3183=VECTOR('',#11664,1.);
#3184=VECTOR('',#11665,1.);
#3185=VECTOR('',#11666,1.);
#3186=VECTOR('',#11669,1.);
#3187=VECTOR('',#11670,1.);
#3188=VECTOR('',#11671,1.);
#3189=VECTOR('',#11672,1.);
#3190=VECTOR('',#11673,1.);
#3191=VECTOR('',#11674,1.);
#3192=VECTOR('',#11677,1.);
#3193=VECTOR('',#11678,1.);
#3194=VECTOR('',#11679,1.);
#3195=VECTOR('',#11680,1.);
#3196=VECTOR('',#11681,1.);
#3197=VECTOR('',#11682,1.);
#3198=VECTOR('',#11685,1.);
#3199=VECTOR('',#11686,1.);
#3200=VECTOR('',#11687,1.);
#3201=VECTOR('',#11688,1.);
#3202=VECTOR('',#11689,1.);
#3203=VECTOR('',#11690,1.);
#3204=VECTOR('',#11691,1.);
#3205=VECTOR('',#11692,1.);
#3206=VECTOR('',#11695,1.);
#3207=VECTOR('',#11696,1.);
#3208=VECTOR('',#11697,1.);
#3209=VECTOR('',#11700,1.);
#3210=VECTOR('',#11701,1.);
#3211=VECTOR('',#11704,1.);
#3212=VECTOR('',#11705,1.);
#3213=VECTOR('',#11708,1.);
#3214=VECTOR('',#11709,1.);
#3215=VECTOR('',#11710,1.);
#3216=VECTOR('',#11711,1.);
#3217=VECTOR('',#11712,1.);
#3218=VECTOR('',#11713,1.);
#3219=VECTOR('',#11714,1.);
#3220=VECTOR('',#11715,1.);
#3221=VECTOR('',#11716,1.);
#3222=VECTOR('',#11717,1.);
#3223=VECTOR('',#11718,1.);
#3224=VECTOR('',#11719,1.);
#3225=VECTOR('',#11720,1.);
#3226=VECTOR('',#11721,1.);
#3227=VECTOR('',#11722,1.);
#3228=VECTOR('',#11723,1.);
#3229=VECTOR('',#11724,1.);
#3230=VECTOR('',#11725,1.);
#3231=VECTOR('',#11726,1.);
#3232=VECTOR('',#11729,1.);
#3233=VECTOR('',#11730,1.);
#3234=VECTOR('',#11735,1.);
#3235=VECTOR('',#11736,1.);
#3236=VECTOR('',#11737,1.);
#3237=VECTOR('',#11738,1.);
#3238=VECTOR('',#11739,1.);
#3239=VECTOR('',#11740,1.);
#3240=VECTOR('',#11741,1.);
#3241=VECTOR('',#11744,1.);
#3242=VECTOR('',#11745,1.);
#3243=VECTOR('',#11746,1.);
#3244=VECTOR('',#11747,1.);
#3245=VECTOR('',#11750,1.);
#3246=VECTOR('',#11751,1.);
#3247=VECTOR('',#11754,1.);
#3248=VECTOR('',#11755,1.);
#3249=VECTOR('',#11756,1.);
#3250=VECTOR('',#11759,1.);
#3251=VECTOR('',#11760,1.);
#3252=VECTOR('',#11761,1.);
#3253=VECTOR('',#11762,1.);
#3254=VECTOR('',#11763,1.);
#3255=VECTOR('',#11766,1.);
#3256=VECTOR('',#11769,1.);
#3257=VECTOR('',#11770,1.);
#3258=VECTOR('',#11771,1.);
#3259=VECTOR('',#11774,1.);
#3260=VECTOR('',#11775,1.);
#3261=VECTOR('',#11780,1.);
#3262=VECTOR('',#11783,1.);
#3263=VECTOR('',#11784,1.);
#3264=VECTOR('',#11785,1.);
#3265=VECTOR('',#11786,1.);
#3266=VECTOR('',#11787,1.);
#3267=VECTOR('',#11788,1.);
#3268=VECTOR('',#11791,1.);
#3269=VECTOR('',#11792,1.);
#3270=VECTOR('',#11793,1.);
#3271=VECTOR('',#11796,1.);
#3272=VECTOR('',#11801,1.);
#3273=VECTOR('',#11802,1.);
#3274=VECTOR('',#11803,1.);
#3275=VECTOR('',#11806,1.);
#3276=VECTOR('',#11807,1.);
#3277=VECTOR('',#11810,1.);
#3278=VECTOR('',#11811,1.);
#3279=VECTOR('',#11812,1.);
#3280=VECTOR('',#11813,1.);
#3281=VECTOR('',#11816,1.);
#3282=VECTOR('',#11817,1.);
#3283=VECTOR('',#11818,1.);
#3284=VECTOR('',#11819,1.);
#3285=VECTOR('',#11820,1.);
#3286=VECTOR('',#11821,1.);
#3287=VECTOR('',#11822,1.);
#3288=VECTOR('',#11823,1.);
#3289=VECTOR('',#11824,1.);
#3290=VECTOR('',#11825,1.);
#3291=VECTOR('',#11826,1.);
#3292=VECTOR('',#11829,1.);
#3293=VECTOR('',#11832,1.);
#3294=VECTOR('',#11837,1.);
#3295=VECTOR('',#11838,1.);
#3296=VECTOR('',#11839,1.);
#3297=VECTOR('',#11842,1.);
#3298=VECTOR('',#11843,1.);
#3299=VECTOR('',#11844,1.);
#3300=VECTOR('',#11845,1.);
#3301=VECTOR('',#11848,1.);
#3302=VECTOR('',#11849,1.);
#3303=VECTOR('',#11850,1.);
#3304=VECTOR('',#11851,1.);
#3305=VECTOR('',#11852,1.);
#3306=VECTOR('',#11853,1.);
#3307=VECTOR('',#11856,1.);
#3308=VECTOR('',#11857,1.);
#3309=VECTOR('',#11858,1.);
#3310=VECTOR('',#11859,1.);
#3311=VECTOR('',#11860,1.);
#3312=VECTOR('',#11861,1.);
#3313=VECTOR('',#11864,1.);
#3314=VECTOR('',#11865,10.);
#3315=VECTOR('',#11870,1.);
#3316=VECTOR('',#11873,1.);
#3317=VECTOR('',#11876,1.26);
#3318=VECTOR('',#11887,1.);
#3319=VECTOR('',#11888,1.);
#3320=VECTOR('',#11889,1.);
#3321=VECTOR('',#11892,1.);
#3322=VECTOR('',#11893,1.);
#3323=VECTOR('',#11894,1.);
#3324=VECTOR('',#11897,1.);
#3325=VECTOR('',#11898,1.);
#3326=VECTOR('',#11899,1.);
#3327=VECTOR('',#11902,1.);
#3328=VECTOR('',#11903,1.);
#3329=VECTOR('',#11906,1.);
#3330=VECTOR('',#11907,1.);
#3331=VECTOR('',#11910,1.);
#3332=VECTOR('',#11911,1.);
#3333=VECTOR('',#11912,1.);
#3334=VECTOR('',#11913,1.);
#3335=VECTOR('',#11914,1.);
#3336=VECTOR('',#11915,1.);
#3337=VECTOR('',#11916,1.);
#3338=VECTOR('',#11917,1.);
#3339=VECTOR('',#11918,1.);
#3340=VECTOR('',#11919,1.);
#3341=VECTOR('',#11920,1.);
#3342=VECTOR('',#11923,1.);
#3343=VECTOR('',#11926,1.);
#3344=VECTOR('',#11927,1.);
#3345=VECTOR('',#11928,1.);
#3346=VECTOR('',#11929,10.);
#3347=VECTOR('',#11930,1.);
#3348=VECTOR('',#11931,1.);
#3349=VECTOR('',#11934,1.);
#3350=VECTOR('',#11939,1.);
#3351=VECTOR('',#11940,1.);
#3352=VECTOR('',#11941,1.);
#3353=VECTOR('',#11942,1.);
#3354=VECTOR('',#11943,1.);
#3355=VECTOR('',#11944,1.);
#3356=VECTOR('',#11945,1.);
#3357=VECTOR('',#11948,1.);
#3358=VECTOR('',#11949,1.);
#3359=VECTOR('',#11950,1.);
#3360=VECTOR('',#11953,1.);
#3361=VECTOR('',#11954,1.);
#3362=VECTOR('',#11957,1.);
#3363=VECTOR('',#11958,1.);
#3364=VECTOR('',#11959,1.);
#3365=VECTOR('',#11960,1.);
#3366=VECTOR('',#11963,1.);
#3367=VECTOR('',#11964,10.);
#3368=VECTOR('',#11965,1.);
#3369=VECTOR('',#11968,1.);
#3370=VECTOR('',#11969,1.);
#3371=VECTOR('',#11970,10.);
#3372=VECTOR('',#11973,1.);
#3373=VECTOR('',#11974,10.);
#3374=VECTOR('',#11975,1.);
#3375=VECTOR('',#11976,1.);
#3376=VECTOR('',#11983,1.);
#3377=VECTOR('',#11986,1.);
#3378=VECTOR('',#11987,1.);
#3379=VECTOR('',#11988,1.);
#3380=VECTOR('',#11991,1.);
#3381=VECTOR('',#11992,1.);
#3382=VECTOR('',#11993,1.);
#3383=VECTOR('',#11994,1.);
#3384=VECTOR('',#11995,1.);
#3385=VECTOR('',#11996,1.);
#3386=VECTOR('',#11997,1.);
#3387=VECTOR('',#12000,1.);
#3388=VECTOR('',#12001,1.);
#3389=VECTOR('',#12004,1.);
#3390=VECTOR('',#12005,1.);
#3391=VECTOR('',#12006,1.);
#3392=VECTOR('',#12009,1.);
#3393=VECTOR('',#12010,1.);
#3394=VECTOR('',#12011,1.);
#3395=VECTOR('',#12014,1.);
#3396=VECTOR('',#12015,1.);
#3397=VECTOR('',#12018,1.);
#3398=VECTOR('',#12019,1.);
#3399=VECTOR('',#12020,1.);
#3400=VECTOR('',#12023,1.);
#3401=VECTOR('',#12024,1.);
#3402=VECTOR('',#12027,1.);
#3403=VECTOR('',#12028,1.);
#3404=VECTOR('',#12031,1.);
#3405=VECTOR('',#12032,1.);
#3406=VECTOR('',#12035,1.);
#3407=VECTOR('',#12038,1.);
#3408=VECTOR('',#12039,1.);
#3409=VECTOR('',#12044,1.);
#3410=VECTOR('',#12049,1.);
#3411=VECTOR('',#12052,1.);
#3412=VECTOR('',#12053,1.);
#3413=VECTOR('',#12056,1.);
#3414=VECTOR('',#12067,1.);
#3415=VECTOR('',#12072,1.);
#3416=VECTOR('',#12073,1.);
#3417=VECTOR('',#12076,10.);
#3418=VECTOR('',#12077,1.);
#3419=VECTOR('',#12078,1.);
#3420=VECTOR('',#12081,10.);
#3421=VECTOR('',#12084,1.);
#3422=VECTOR('',#12087,1.);
#3423=VECTOR('',#12092,10.);
#3424=VECTOR('',#12093,1.);
#3425=VECTOR('',#12096,1.);
#3426=VECTOR('',#12097,1.);
#3427=VECTOR('',#12100,1.);
#3428=VECTOR('',#12103,1.);
#3429=VECTOR('',#12106,1.);
#3430=VECTOR('',#12111,1.);
#3431=VECTOR('',#12114,1.);
#3432=VECTOR('',#12117,1.);
#3433=VECTOR('',#12122,1.);
#3434=VECTOR('',#12123,1.);
#3435=VECTOR('',#12126,1.);
#3436=VECTOR('',#12127,1.);
#3437=VECTOR('',#12128,1.);
#3438=VECTOR('',#12129,1.);
#3439=VECTOR('',#12130,1.);
#3440=VECTOR('',#12133,1.);
#3441=VECTOR('',#12134,1.);
#3442=VECTOR('',#12137,1.);
#3443=VECTOR('',#12138,1.);
#3444=VECTOR('',#12139,1.);
#3445=VECTOR('',#12144,1.);
#3446=VECTOR('',#12147,1.);
#3447=VECTOR('',#12150,1.);
#3448=VECTOR('',#12153,1.);
#3449=VECTOR('',#12154,1.);
#3450=VECTOR('',#12159,1.);
#3451=VECTOR('',#12162,1.);
#3452=VECTOR('',#12165,1.);
#3453=VECTOR('',#12168,1.);
#3454=VECTOR('',#12179,1.);
#3455=VECTOR('',#12186,1.);
#3456=VECTOR('',#12189,1.);
#3457=VECTOR('',#12192,1.);
#3458=VECTOR('',#12195,1.);
#3459=VECTOR('',#12200,1.);
#3460=VECTOR('',#12201,1.);
#3461=VECTOR('',#12204,1.);
#3462=VECTOR('',#12205,1.);
#3463=VECTOR('',#12206,1.);
#3464=VECTOR('',#12209,1.);
#3465=VECTOR('',#12210,1.);
#3466=VECTOR('',#12213,1.);
#3467=VECTOR('',#12216,1.);
#3468=VECTOR('',#12221,1.);
#3469=VECTOR('',#12228,1.);
#3470=VECTOR('',#12229,0.999999999999999);
#3471=VECTOR('',#12230,1.);
#3472=VECTOR('',#12231,1.);
#3473=VECTOR('',#12234,1.);
#3474=VECTOR('',#12235,1.);
#3475=VECTOR('',#12238,10.);
#3476=VECTOR('',#12239,10.);
#3477=VECTOR('',#12240,10.);
#3478=VECTOR('',#12241,1.);
#3479=VECTOR('',#12242,1.);
#3480=VECTOR('',#12243,1.);
#3481=VECTOR('',#12244,1.);
#3482=VECTOR('',#12245,1.);
#3483=VECTOR('',#12250,10.);
#3484=VECTOR('',#12253,1.);
#3485=VECTOR('',#12258,1.);
#3486=VECTOR('',#12263,1.);
#3487=VECTOR('',#12268,1.);
#3488=VECTOR('',#12271,1.);
#3489=VECTOR('',#12272,1.);
#3490=VECTOR('',#12279,1.);
#3491=VECTOR('',#12282,1.);
#3492=VECTOR('',#12285,1.);
#3493=VECTOR('',#12288,1.);
#3494=VECTOR('',#12289,1.);
#3495=VECTOR('',#12290,10.);
#3496=VECTOR('',#12291,1.);
#3497=VECTOR('',#12292,1.);
#3498=VECTOR('',#12293,10.);
#3499=VECTOR('',#12294,1.);
#3500=VECTOR('',#12297,1.);
#3501=VECTOR('',#12298,10.);
#3502=VECTOR('',#12299,1.);
#3503=VECTOR('',#12300,10.);
#3504=VECTOR('',#12303,10.);
#3505=VECTOR('',#12304,1.);
#3506=VECTOR('',#12305,1.);
#3507=VECTOR('',#12306,10.);
#3508=VECTOR('',#12307,1.);
#3509=VECTOR('',#12314,1.);
#3510=VECTOR('',#12319,1.);
#3511=VECTOR('',#12320,1.);
#3512=VECTOR('',#12321,1.);
#3513=VECTOR('',#12324,1.);
#3514=VECTOR('',#12325,1.);
#3515=VECTOR('',#12326,1.);
#3516=VECTOR('',#12331,1.);
#3517=VECTOR('',#12332,1.);
#3518=VECTOR('',#12333,1.);
#3519=VECTOR('',#12336,1.);
#3520=VECTOR('',#12337,1.);
#3521=VECTOR('',#12342,1.);
#3522=VECTOR('',#12345,1.);
#3523=VECTOR('',#12348,1.);
#3524=VECTOR('',#12351,1.);
#3525=VECTOR('',#12358,1.);
#3526=VECTOR('',#12361,10.);
#3527=VECTOR('',#12366,1.);
#3528=VECTOR('',#12367,1.);
#3529=VECTOR('',#12368,1.);
#3530=VECTOR('',#12371,1.);
#3531=VECTOR('',#12372,1.);
#3532=VECTOR('',#12375,1.);
#3533=VECTOR('',#12376,1.);
#3534=VECTOR('',#12379,1.);
#3535=VECTOR('',#12382,10.);
#3536=VECTOR('',#12383,1.);
#3537=VECTOR('',#12384,1.);
#3538=VECTOR('',#12385,10.);
#3539=VECTOR('',#12386,10.);
#3540=VECTOR('',#12389,1.);
#3541=VECTOR('',#12392,1.);
#3542=VECTOR('',#12395,1.);
#3543=VECTOR('',#12398,10.);
#3544=VECTOR('',#12401,1.);
#3545=VECTOR('',#12402,1.);
#3546=VECTOR('',#12407,1.);
#3547=VECTOR('',#12408,1.);
#3548=VECTOR('',#12409,1.);
#3549=VECTOR('',#12410,1.);
#3550=VECTOR('',#12417,10.);
#3551=VECTOR('',#12418,1.);
#3552=VECTOR('',#12419,1.);
#3553=VECTOR('',#12420,1.);
#3554=VECTOR('',#12421,1.);
#3555=VECTOR('',#12422,1.);
#3556=VECTOR('',#12429,1.);
#3557=VECTOR('',#12436,1.);
#3558=VECTOR('',#12441,1.);
#3559=VECTOR('',#12444,1.);
#3560=VECTOR('',#12445,1.);
#3561=VECTOR('',#12448,1.);
#3562=VECTOR('',#12453,1.);
#3563=VECTOR('',#12460,1.);
#3564=VECTOR('',#12465,1.);
#3565=VECTOR('',#12468,1.);
#3566=VECTOR('',#12469,1.);
#3567=VECTOR('',#12472,1.);
#3568=VECTOR('',#12475,1.);
#3569=VECTOR('',#12478,1.);
#3570=VECTOR('',#12483,1.);
#3571=VECTOR('',#12484,1.);
#3572=VECTOR('',#12487,1.);
#3573=VECTOR('',#12490,1.);
#3574=VECTOR('',#12491,1.);
#3575=VECTOR('',#12496,1.);
#3576=VECTOR('',#12497,1.);
#3577=VECTOR('',#12502,1.);
#3578=VECTOR('',#12505,1.);
#3579=VECTOR('',#12508,1.);
#3580=VECTOR('',#12509,1.);
#3581=VECTOR('',#12514,1.);
#3582=VECTOR('',#12515,1.);
#3583=VECTOR('',#12518,1.);
#3584=VECTOR('',#12521,1.);
#3585=VECTOR('',#12522,1.);
#3586=VECTOR('',#12525,1.);
#3587=VECTOR('',#12530,1.);
#3588=VECTOR('',#12531,1.);
#3589=VECTOR('',#12534,1.);
#3590=VECTOR('',#12539,1.);
#3591=VECTOR('',#12542,1.);
#3592=VECTOR('',#12543,1.);
#3593=VECTOR('',#12546,1.);
#3594=VECTOR('',#12551,1.);
#3595=VECTOR('',#12552,1.);
#3596=VECTOR('',#12553,1.);
#3597=VECTOR('',#12556,1.);
#3598=VECTOR('',#12563,10.);
#3599=VECTOR('',#12564,1.);
#3600=VECTOR('',#12565,1.);
#3601=VECTOR('',#12566,1.);
#3602=VECTOR('',#12569,1.);
#3603=VECTOR('',#12570,1.);
#3604=VECTOR('',#12571,10.);
#3605=VECTOR('',#12572,1.);
#3606=VECTOR('',#12575,1.);
#3607=VECTOR('',#12582,1.);
#3608=VECTOR('',#12583,1.);
#3609=VECTOR('',#12584,1.);
#3610=VECTOR('',#12585,1.);
#3611=VECTOR('',#12588,1.);
#3612=VECTOR('',#12589,10.);
#3613=VECTOR('',#12592,1.);
#3614=VECTOR('',#12593,1.);
#3615=VECTOR('',#12598,1.);
#3616=VECTOR('',#12601,1.);
#3617=VECTOR('',#12606,1.);
#3618=VECTOR('',#12607,1.);
#3619=VECTOR('',#12610,1.);
#3620=VECTOR('',#12611,1.);
#3621=VECTOR('',#12612,1.);
#3622=VECTOR('',#12615,1.);
#3623=VECTOR('',#12616,1.);
#3624=VECTOR('',#12619,1.);
#3625=VECTOR('',#12620,1.);
#3626=VECTOR('',#12621,1.);
#3627=VECTOR('',#12624,1.);
#3628=VECTOR('',#12625,1.);
#3629=VECTOR('',#12628,1.);
#3630=VECTOR('',#12629,1.);
#3631=VECTOR('',#12630,1.);
#3632=VECTOR('',#12635,1.);
#3633=VECTOR('',#12638,1.);
#3634=VECTOR('',#12639,1.);
#3635=VECTOR('',#12642,1.);
#3636=VECTOR('',#12645,1.);
#3637=VECTOR('',#12646,1.);
#3638=VECTOR('',#12649,1.);
#3639=VECTOR('',#12654,1.);
#3640=VECTOR('',#12655,1.);
#3641=VECTOR('',#12658,1.);
#3642=VECTOR('',#12663,1.);
#3643=VECTOR('',#12666,1.);
#3644=VECTOR('',#12667,1.);
#3645=VECTOR('',#12668,1.);
#3646=VECTOR('',#12669,1.);
#3647=VECTOR('',#12670,1.);
#3648=VECTOR('',#12673,1.);
#3649=VECTOR('',#12678,10.);
#3650=VECTOR('',#12681,1.);
#3651=VECTOR('',#12682,1.);
#3652=VECTOR('',#12683,1.);
#3653=VECTOR('',#12684,1.);
#3654=VECTOR('',#12685,1.);
#3655=VECTOR('',#12690,1.);
#3656=VECTOR('',#12691,1.);
#3657=VECTOR('',#12694,1.);
#3658=VECTOR('',#12695,1.);
#3659=VECTOR('',#12696,1.);
#3660=VECTOR('',#12705,1.);
#3661=VECTOR('',#12706,1.);
#3662=VECTOR('',#12707,1.);
#3663=VECTOR('',#12710,1.);
#3664=VECTOR('',#12711,1.);
#3665=VECTOR('',#12712,1.);
#3666=VECTOR('',#12713,1.);
#3667=VECTOR('',#12716,1.);
#3668=VECTOR('',#12717,1.);
#3669=VECTOR('',#12718,1.);
#3670=VECTOR('',#12721,1.);
#3671=VECTOR('',#12722,1.);
#3672=VECTOR('',#12723,1.);
#3673=VECTOR('',#12724,1.);
#3674=VECTOR('',#12727,1.);
#3675=VECTOR('',#12728,1.);
#3676=VECTOR('',#12729,1.);
#3677=VECTOR('',#12732,1.);
#3678=VECTOR('',#12733,1.);
#3679=VECTOR('',#12734,1.);
#3680=VECTOR('',#12737,1.);
#3681=VECTOR('',#12740,1.);
#3682=VECTOR('',#12741,1.);
#3683=VECTOR('',#12742,1.);
#3684=VECTOR('',#12743,1.);
#3685=VECTOR('',#12746,1.);
#3686=VECTOR('',#12747,1.);
#3687=VECTOR('',#12748,1.);
#3688=VECTOR('',#12749,1.);
#3689=VECTOR('',#12752,1.);
#3690=VECTOR('',#12753,1.);
#3691=VECTOR('',#12754,1.);
#3692=VECTOR('',#12757,1.);
#3693=VECTOR('',#12760,1.);
#3694=VECTOR('',#12765,1.);
#3695=VECTOR('',#12766,1.);
#3696=VECTOR('',#12767,1.);
#3697=VECTOR('',#12770,1.);
#3698=VECTOR('',#12771,1.);
#3699=VECTOR('',#12772,1.);
#3700=VECTOR('',#12773,1.);
#3701=VECTOR('',#12776,1.);
#3702=VECTOR('',#12777,1.);
#3703=VECTOR('',#12778,1.);
#3704=VECTOR('',#12779,1.);
#3705=VECTOR('',#12782,1.);
#3706=VECTOR('',#12783,1.);
#3707=VECTOR('',#12784,1.);
#3708=VECTOR('',#12787,1.);
#3709=VECTOR('',#12788,1.);
#3710=VECTOR('',#12789,1.);
#3711=VECTOR('',#12790,1.);
#3712=VECTOR('',#12791,1.);
#3713=VECTOR('',#12794,1.);
#3714=VECTOR('',#12795,1.);
#3715=VECTOR('',#12798,1.);
#3716=VECTOR('',#12799,1.);
#3717=VECTOR('',#12800,1.);
#3718=VECTOR('',#12803,1.);
#3719=VECTOR('',#12806,1.);
#3720=VECTOR('',#12809,1.);
#3721=VECTOR('',#12810,1.);
#3722=VECTOR('',#12811,1.);
#3723=VECTOR('',#12814,1.);
#3724=VECTOR('',#12815,1.);
#3725=VECTOR('',#12816,1.);
#3726=VECTOR('',#12823,1.);
#3727=VECTOR('',#12826,1.);
#3728=VECTOR('',#12827,1.);
#3729=VECTOR('',#12828,1.);
#3730=VECTOR('',#12829,1.);
#3731=VECTOR('',#12830,1.);
#3732=VECTOR('',#12831,1.);
#3733=VECTOR('',#12834,1.);
#3734=VECTOR('',#12835,1.);
#3735=VECTOR('',#12838,1.);
#3736=VECTOR('',#12839,1.);
#3737=VECTOR('',#12842,1.);
#3738=VECTOR('',#12845,1.);
#3739=VECTOR('',#12846,1.);
#3740=VECTOR('',#12849,1.);
#3741=VECTOR('',#12850,1.);
#3742=VECTOR('',#12853,1.);
#3743=VECTOR('',#12854,1.);
#3744=VECTOR('',#12855,1.);
#3745=VECTOR('',#12858,1.);
#3746=VECTOR('',#12859,1.);
#3747=VECTOR('',#12860,1.);
#3748=VECTOR('',#12861,1.);
#3749=VECTOR('',#12862,1.);
#3750=VECTOR('',#12863,1.);
#3751=VECTOR('',#12864,1.);
#3752=VECTOR('',#12867,1.);
#3753=VECTOR('',#12868,1.);
#3754=VECTOR('',#12869,1.);
#3755=VECTOR('',#12870,1.);
#3756=VECTOR('',#12871,1.);
#3757=VECTOR('',#12878,1.);
#3758=VECTOR('',#12881,1.);
#3759=VECTOR('',#12884,1.);
#3760=VECTOR('',#12887,1.);
#3761=VECTOR('',#12888,1.);
#3762=VECTOR('',#12891,1.);
#3763=VECTOR('',#12892,1.);
#3764=VECTOR('',#12893,1.);
#3765=VECTOR('',#12896,1.);
#3766=VECTOR('',#12897,1.);
#3767=VECTOR('',#12898,1.);
#3768=VECTOR('',#12901,1.);
#3769=VECTOR('',#12902,1.);
#3770=VECTOR('',#12903,1.);
#3771=VECTOR('',#12904,1.);
#3772=VECTOR('',#12907,1.);
#3773=VECTOR('',#12908,1.);
#3774=VECTOR('',#12911,1.);
#3775=VECTOR('',#12918,1.);
#3776=VECTOR('',#12919,1.);
#3777=VECTOR('',#12922,1.);
#3778=VECTOR('',#12923,1.);
#3779=VECTOR('',#12924,1.);
#3780=VECTOR('',#12927,1.);
#3781=VECTOR('',#12928,1.);
#3782=VECTOR('',#12929,1.);
#3783=VECTOR('',#12930,1.);
#3784=VECTOR('',#12933,1.);
#3785=VECTOR('',#12936,1.);
#3786=VECTOR('',#12937,1.);
#3787=VECTOR('',#12940,1.);
#3788=VECTOR('',#12941,1.);
#3789=VECTOR('',#12944,1.);
#3790=VECTOR('',#12945,1.);
#3791=VECTOR('',#12948,1.);
#3792=VECTOR('',#12949,1.);
#3793=VECTOR('',#12952,1.);
#3794=VECTOR('',#12953,1.);
#3795=VECTOR('',#12956,1.);
#3796=VECTOR('',#12957,1.);
#3797=VECTOR('',#12958,1.);
#3798=VECTOR('',#12961,1.);
#3799=VECTOR('',#12962,1.);
#3800=VECTOR('',#12963,1.);
#3801=VECTOR('',#12964,1.);
#3802=VECTOR('',#12965,1.);
#3803=VECTOR('',#12966,1.);
#3804=VECTOR('',#12967,1.);
#3805=VECTOR('',#12968,1.);
#3806=VECTOR('',#12969,1.);
#3807=VECTOR('',#12970,1.);
#3808=VECTOR('',#12973,1.);
#3809=VECTOR('',#12974,1.);
#3810=VECTOR('',#12975,1.);
#3811=VECTOR('',#12976,1.);
#3812=VECTOR('',#12979,1.);
#3813=VECTOR('',#12980,1.);
#3814=VECTOR('',#12981,1.);
#3815=VECTOR('',#12984,1.);
#3816=VECTOR('',#12985,1.);
#3817=VECTOR('',#12986,1.);
#3818=VECTOR('',#12989,1.);
#3819=VECTOR('',#12990,1.);
#3820=VECTOR('',#12993,1.);
#3821=VECTOR('',#12994,1.);
#3822=VECTOR('',#12997,1.);
#3823=VECTOR('',#12998,1.);
#3824=VECTOR('',#13001,1.);
#3825=VECTOR('',#13002,1.);
#3826=VECTOR('',#13005,1.);
#3827=VECTOR('',#13008,1.);
#3828=VECTOR('',#13011,1.);
#3829=VECTOR('',#13012,1.);
#3830=VECTOR('',#13013,1.);
#3831=VECTOR('',#13014,1.);
#3832=VECTOR('',#13015,1.);
#3833=VECTOR('',#13018,1.);
#3834=VECTOR('',#13019,1.);
#3835=VECTOR('',#13020,1.);
#3836=VECTOR('',#13021,1.);
#3837=VECTOR('',#13022,1.);
#3838=VECTOR('',#13023,1.);
#3839=VECTOR('',#13026,1.);
#3840=VECTOR('',#13027,1.);
#3841=VECTOR('',#13030,1.);
#3842=VECTOR('',#13031,0.999999999999999);
#3843=VECTOR('',#13034,1.);
#3844=VECTOR('',#13035,1.);
#3845=VECTOR('',#13038,1.);
#3846=VECTOR('',#13041,1.);
#3847=VECTOR('',#13044,1.);
#3848=VECTOR('',#13047,1.);
#3849=VECTOR('',#13050,1.);
#3850=VECTOR('',#13053,1.);
#3851=VECTOR('',#13054,1.);
#3852=VECTOR('',#13057,1.);
#3853=VECTOR('',#13058,1.);
#3854=VECTOR('',#13059,1.);
#3855=VECTOR('',#13062,1.);
#3856=VECTOR('',#13063,1.);
#3857=VECTOR('',#13064,1.);
#3858=VECTOR('',#13067,1.);
#3859=VECTOR('',#13070,1.);
#3860=VECTOR('',#13073,1.);
#3861=VECTOR('',#13078,1.);
#3862=VECTOR('',#13079,10.);
#3863=VECTOR('',#13086,1.);
#3864=VECTOR('',#13087,1.);
#3865=VECTOR('',#13090,1.);
#3866=VECTOR('',#13095,1.);
#3867=VECTOR('',#13096,1.);
#3868=VECTOR('',#13099,1.);
#3869=VECTOR('',#13100,1.);
#3870=VECTOR('',#13103,1.);
#3871=VECTOR('',#13106,1.);
#3872=VECTOR('',#13107,1.);
#3873=VECTOR('',#13108,1.);
#3874=VECTOR('',#13109,1.);
#3875=VECTOR('',#13112,1.);
#3876=VECTOR('',#13113,1.);
#3877=VECTOR('',#13114,1.);
#3878=VECTOR('',#13117,1.);
#3879=VECTOR('',#13118,1.);
#3880=VECTOR('',#13121,1.);
#3881=VECTOR('',#13122,1.);
#3882=VECTOR('',#13125,1.);
#3883=VECTOR('',#13128,1.);
#3884=VECTOR('',#13129,1.);
#3885=VECTOR('',#13132,1.);
#3886=VECTOR('',#13135,1.);
#3887=VECTOR('',#13138,1.);
#3888=VECTOR('',#13139,1.);
#3889=VECTOR('',#13146,1.);
#3890=VECTOR('',#13147,1.);
#3891=VECTOR('',#13148,1.);
#3892=VECTOR('',#13151,1.);
#3893=VECTOR('',#13152,1.);
#3894=VECTOR('',#13153,1.);
#3895=VECTOR('',#13156,1.);
#3896=VECTOR('',#13157,1.);
#3897=VECTOR('',#13158,1.);
#3898=VECTOR('',#13159,1.);
#3899=VECTOR('',#13162,1.);
#3900=VECTOR('',#13163,1.);
#3901=VECTOR('',#13164,1.);
#3902=VECTOR('',#13167,1.);
#3903=VECTOR('',#13168,1.);
#3904=VECTOR('',#13169,1.);
#3905=VECTOR('',#13172,1.);
#3906=VECTOR('',#13173,1.);
#3907=VECTOR('',#13174,1.);
#3908=VECTOR('',#13177,1.);
#3909=VECTOR('',#13178,1.);
#3910=VECTOR('',#13179,1.);
#3911=VECTOR('',#13182,1.);
#3912=VECTOR('',#13183,1.);
#3913=VECTOR('',#13184,1.);
#3914=VECTOR('',#13185,1.);
#3915=VECTOR('',#13188,1.);
#3916=VECTOR('',#13189,1.);
#3917=VECTOR('',#13190,1.);
#3918=VECTOR('',#13193,1.);
#3919=VECTOR('',#13194,1.);
#3920=VECTOR('',#13195,1.);
#3921=VECTOR('',#13198,1.);
#3922=VECTOR('',#13199,1.);
#3923=VECTOR('',#13200,1.);
#3924=VECTOR('',#13203,1.);
#3925=VECTOR('',#13204,1.);
#3926=VECTOR('',#13205,1.);
#3927=VECTOR('',#13208,1.);
#3928=VECTOR('',#13209,1.);
#3929=VECTOR('',#13210,1.);
#3930=VECTOR('',#13213,1.);
#3931=VECTOR('',#13214,1.);
#3932=VECTOR('',#13215,1.);
#3933=VECTOR('',#13218,1.);
#3934=VECTOR('',#13219,1.);
#3935=VECTOR('',#13220,1.);
#3936=VECTOR('',#13221,1.);
#3937=VECTOR('',#13224,1.);
#3938=VECTOR('',#13225,1.);
#3939=VECTOR('',#13226,1.);
#3940=VECTOR('',#13229,1.);
#3941=VECTOR('',#13230,1.);
#3942=VECTOR('',#13231,1.);
#3943=VECTOR('',#13232,1.);
#3944=VECTOR('',#13235,1.);
#3945=VECTOR('',#13236,1.);
#3946=VECTOR('',#13237,1.);
#3947=VECTOR('',#13240,1.);
#3948=VECTOR('',#13241,1.);
#3949=VECTOR('',#13242,1.);
#3950=VECTOR('',#13247,0.6);
#3951=VECTOR('',#13258,0.6);
#3952=VECTOR('',#13265,1.);
#3953=VECTOR('',#13270,1.);
#3954=VECTOR('',#13271,1.);
#3955=VECTOR('',#13272,1.);
#3956=VECTOR('',#13273,1.);
#3957=VECTOR('',#13276,1.);
#3958=VECTOR('',#13277,1.);
#3959=VECTOR('',#13278,1.);
#3960=VECTOR('',#13281,1.);
#3961=VECTOR('',#13282,1.);
#3962=VECTOR('',#13283,1.);
#3963=VECTOR('',#13286,1.);
#3964=VECTOR('',#13287,1.);
#3965=VECTOR('',#13288,1.);
#3966=VECTOR('',#13291,1.);
#3967=VECTOR('',#13292,1.);
#3968=VECTOR('',#13293,1.);
#3969=VECTOR('',#13296,1.);
#3970=VECTOR('',#13297,1.);
#3971=VECTOR('',#13298,1.);
#3972=VECTOR('',#13301,1.);
#3973=VECTOR('',#13302,1.);
#3974=VECTOR('',#13303,1.);
#3975=VECTOR('',#13306,1.);
#3976=VECTOR('',#13307,1.);
#3977=VECTOR('',#13308,1.);
#3978=VECTOR('',#13311,1.);
#3979=VECTOR('',#13312,1.);
#3980=VECTOR('',#13313,1.);
#3981=VECTOR('',#13316,1.);
#3982=VECTOR('',#13317,1.);
#3983=VECTOR('',#13318,1.);
#3984=VECTOR('',#13321,1.);
#3985=VECTOR('',#13322,1.);
#3986=VECTOR('',#13325,1.);
#3987=VECTOR('',#13326,1.);
#3988=VECTOR('',#13329,1.);
#3989=VECTOR('',#13334,0.5);
#3990=VECTOR('',#13345,0.5);
#3991=VECTOR('',#13350,1.);
#3992=VECTOR('',#13351,1.);
#3993=VECTOR('',#13352,1.);
#3994=VECTOR('',#13353,1.);
#3995=VECTOR('',#13354,1.);
#3996=VECTOR('',#13355,1.);
#3997=VECTOR('',#13356,1.);
#3998=VECTOR('',#13359,1.);
#3999=VECTOR('',#13360,1.);
#4000=VECTOR('',#13363,1.);
#4001=VECTOR('',#13364,1.);
#4002=VECTOR('',#13365,1.);
#4003=VECTOR('',#13366,1.);
#4004=VECTOR('',#13367,1.);
#4005=VECTOR('',#13368,1.);
#4006=VECTOR('',#13369,1.);
#4007=VECTOR('',#13372,1.);
#4008=VECTOR('',#13373,1.);
#4009=VECTOR('',#13374,1.);
#4010=VECTOR('',#13377,1.);
#4011=VECTOR('',#13378,1.);
#4012=VECTOR('',#13381,1.);
#4013=VECTOR('',#13382,1.);
#4014=VECTOR('',#13385,1.);
#4015=VECTOR('',#13386,1.);
#4016=VECTOR('',#13389,1.);
#4017=VECTOR('',#13390,1.);
#4018=VECTOR('',#13393,1.);
#4019=VECTOR('',#13394,1.);
#4020=VECTOR('',#13397,1.);
#4021=VECTOR('',#13400,1.);
#4022=VECTOR('',#13401,1.);
#4023=VECTOR('',#13402,1.);
#4024=VECTOR('',#13403,1.);
#4025=VECTOR('',#13406,1.);
#4026=VECTOR('',#13407,1.);
#4027=VECTOR('',#13408,1.);
#4028=VECTOR('',#13411,1.);
#4029=VECTOR('',#13412,1.);
#4030=VECTOR('',#13415,1.);
#4031=VECTOR('',#13416,1.);
#4032=VECTOR('',#13419,1.);
#4033=VECTOR('',#13422,1.);
#4034=VECTOR('',#13423,1.);
#4035=VECTOR('',#13424,1.);
#4036=VECTOR('',#13425,1.);
#4037=VECTOR('',#13428,1.);
#4038=VECTOR('',#13429,1.);
#4039=VECTOR('',#13430,1.);
#4040=VECTOR('',#13431,1.);
#4041=VECTOR('',#13432,1.);
#4042=VECTOR('',#13435,1.);
#4043=VECTOR('',#13436,1.);
#4044=VECTOR('',#13437,1.);
#4045=VECTOR('',#13438,1.);
#4046=VECTOR('',#13439,1.);
#4047=VECTOR('',#13442,1.);
#4048=VECTOR('',#13443,1.);
#4049=VECTOR('',#13446,1.);
#4050=VECTOR('',#13447,1.);
#4051=VECTOR('',#13448,1.);
#4052=VECTOR('',#13449,1.);
#4053=VECTOR('',#13450,1.);
#4054=VECTOR('',#13453,1.);
#4055=VECTOR('',#13454,1.);
#4056=VECTOR('',#13455,1.);
#4057=VECTOR('',#13458,1.);
#4058=VECTOR('',#13459,1.);
#4059=VECTOR('',#13462,1.);
#4060=VECTOR('',#13463,1.);
#4061=VECTOR('',#13464,1.);
#4062=VECTOR('',#13465,1.);
#4063=VECTOR('',#13468,1.);
#4064=VECTOR('',#13469,1.);
#4065=VECTOR('',#13470,1.);
#4066=VECTOR('',#13471,1.);
#4067=VECTOR('',#13474,1.);
#4068=VECTOR('',#13475,1.);
#4069=VECTOR('',#13480,1.);
#4070=VECTOR('',#13483,1.);
#4071=VECTOR('',#13490,1.);
#4072=VECTOR('',#13491,1.);
#4073=VECTOR('',#13492,1.);
#4074=VECTOR('',#13493,1.);
#4075=VECTOR('',#13496,1.);
#4076=VECTOR('',#13497,1.);
#4077=VECTOR('',#13498,1.);
#4078=VECTOR('',#13501,1.);
#4079=VECTOR('',#13502,1.);
#4080=VECTOR('',#13505,1.);
#4081=VECTOR('',#13506,1.);
#4082=VECTOR('',#13509,1.);
#4083=VECTOR('',#13512,1.);
#4084=VECTOR('',#13513,1.);
#4085=VECTOR('',#13514,1.);
#4086=VECTOR('',#13515,1.);
#4087=VECTOR('',#13516,1.);
#4088=VECTOR('',#13517,1.);
#4089=VECTOR('',#13518,1.);
#4090=VECTOR('',#13519,1.);
#4091=VECTOR('',#13520,1.);
#4092=VECTOR('',#13521,1.);
#4093=VECTOR('',#13522,1.);
#4094=VECTOR('',#13523,1.);
#4095=VECTOR('',#13526,1.);
#4096=VECTOR('',#13527,1.);
#4097=VECTOR('',#13528,1.);
#4098=VECTOR('',#13531,1.);
#4099=VECTOR('',#13532,1.);
#4100=VECTOR('',#13535,1.);
#4101=VECTOR('',#13536,1.);
#4102=VECTOR('',#13539,1.);
#4103=VECTOR('',#13540,1.);
#4104=VECTOR('',#13543,1.);
#4105=VECTOR('',#13544,1.);
#4106=VECTOR('',#13547,1.);
#4107=VECTOR('',#13548,1.);
#4108=VECTOR('',#13551,1.);
#4109=VECTOR('',#13552,1.);
#4110=VECTOR('',#13555,1.);
#4111=VECTOR('',#13556,1.);
#4112=VECTOR('',#13559,1.);
#4113=VECTOR('',#13560,1.);
#4114=VECTOR('',#13563,1.);
#4115=VECTOR('',#13564,1.);
#4116=VECTOR('',#13567,1.);
#4117=VECTOR('',#13568,1.);
#4118=VECTOR('',#13571,1.);
#4119=VECTOR('',#13584,0.925);
#4120=VECTOR('',#13589,1.);
#4121=VECTOR('',#13590,1.);
#4122=VECTOR('',#13591,1.);
#4123=VECTOR('',#13596,1.);
#4124=VECTOR('',#13597,1.);
#4125=VECTOR('',#13600,1.);
#4126=VECTOR('',#13601,1.);
#4127=VECTOR('',#13602,1.);
#4128=VECTOR('',#13603,1.);
#4129=VECTOR('',#13606,1.);
#4130=VECTOR('',#13607,1.);
#4131=VECTOR('',#13610,1.);
#4132=VECTOR('',#13611,1.);
#4133=VECTOR('',#13612,1.);
#4134=VECTOR('',#13613,1.);
#4135=VECTOR('',#13616,1.);
#4136=VECTOR('',#13617,1.);
#4137=VECTOR('',#13618,1.);
#4138=VECTOR('',#13621,1.);
#4139=VECTOR('',#13622,1.);
#4140=VECTOR('',#13623,1.);
#4141=VECTOR('',#13626,1.);
#4142=VECTOR('',#13627,1.);
#4143=VECTOR('',#13628,1.);
#4144=VECTOR('',#13631,1.);
#4145=VECTOR('',#13632,1.);
#4146=VECTOR('',#13633,1.);
#4147=VECTOR('',#13636,1.);
#4148=VECTOR('',#13637,1.);
#4149=VECTOR('',#13638,1.);
#4150=VECTOR('',#13641,1.);
#4151=VECTOR('',#13642,1.);
#4152=VECTOR('',#13643,1.);
#4153=VECTOR('',#13646,1.);
#4154=VECTOR('',#13647,1.);
#4155=VECTOR('',#13648,1.);
#4156=VECTOR('',#13649,1.);
#4157=VECTOR('',#13650,1.);
#4158=VECTOR('',#13653,1.);
#4159=VECTOR('',#13654,1.);
#4160=VECTOR('',#13655,1.);
#4161=VECTOR('',#13658,1.);
#4162=VECTOR('',#13659,1.);
#4163=VECTOR('',#13662,1.);
#4164=VECTOR('',#13663,1.);
#4165=VECTOR('',#13666,1.);
#4166=VECTOR('',#13669,1.);
#4167=VECTOR('',#13672,1.);
#4168=VECTOR('',#13673,1.);
#4169=VECTOR('',#13674,1.);
#4170=VECTOR('',#13675,1.);
#4171=VECTOR('',#13678,1.);
#4172=VECTOR('',#13679,1.);
#4173=VECTOR('',#13680,1.);
#4174=VECTOR('',#13683,1.);
#4175=VECTOR('',#13684,1.);
#4176=VECTOR('',#13687,1.);
#4177=VECTOR('',#13688,1.);
#4178=VECTOR('',#13691,1.);
#4179=VECTOR('',#13694,1.);
#4180=VECTOR('',#13695,1.);
#4181=VECTOR('',#13696,1.);
#4182=VECTOR('',#13697,1.);
#4183=VECTOR('',#13700,1.);
#4184=VECTOR('',#13701,1.);
#4185=VECTOR('',#13702,1.);
#4186=VECTOR('',#13705,1.);
#4187=VECTOR('',#13706,1.);
#4188=VECTOR('',#13707,1.);
#4189=VECTOR('',#13710,1.);
#4190=VECTOR('',#13711,1.);
#4191=VECTOR('',#13712,1.);
#4192=VECTOR('',#13715,1.);
#4193=VECTOR('',#13716,1.);
#4194=VECTOR('',#13717,1.);
#4195=VECTOR('',#13720,1.);
#4196=VECTOR('',#13721,1.);
#4197=VECTOR('',#13722,1.);
#4198=VECTOR('',#13725,1.);
#4199=VECTOR('',#13726,1.);
#4200=VECTOR('',#13727,1.);
#4201=VECTOR('',#13728,1.);
#4202=VECTOR('',#13729,1.);
#4203=VECTOR('',#13730,1.);
#4204=VECTOR('',#13733,1.);
#4205=VECTOR('',#13734,1.);
#4206=VECTOR('',#13735,1.);
#4207=VECTOR('',#13738,1.);
#4208=VECTOR('',#13739,1.);
#4209=VECTOR('',#13742,1.);
#4210=VECTOR('',#13743,1.);
#4211=VECTOR('',#13746,1.);
#4212=VECTOR('',#13747,1.);
#4213=VECTOR('',#13750,1.);
#4214=VECTOR('',#13753,1.);
#4215=VECTOR('',#13756,1.);
#4216=VECTOR('',#13757,1.);
#4217=VECTOR('',#13758,1.);
#4218=VECTOR('',#13759,1.);
#4219=VECTOR('',#13760,1.);
#4220=VECTOR('',#13761,1.);
#4221=VECTOR('',#13762,1.);
#4222=VECTOR('',#13765,1.);
#4223=VECTOR('',#13768,1.);
#4224=VECTOR('',#13771,1.);
#4225=VERTEX_POINT('',#13776);
#4226=VERTEX_POINT('',#13777);
#4227=VERTEX_POINT('',#13779);
#4228=VERTEX_POINT('',#13781);
#4229=VERTEX_POINT('',#13783);
#4230=VERTEX_POINT('',#13785);
#4231=VERTEX_POINT('',#13789);
#4232=VERTEX_POINT('',#13790);
#4233=VERTEX_POINT('',#13792);
#4234=VERTEX_POINT('',#13794);
#4235=VERTEX_POINT('',#13796);
#4236=VERTEX_POINT('',#13798);
#4237=VERTEX_POINT('',#13802);
#4238=VERTEX_POINT('',#13804);
#4239=VERTEX_POINT('',#13806);
#4240=VERTEX_POINT('',#13819);
#4241=VERTEX_POINT('',#13824);
#4242=VERTEX_POINT('',#13825);
#4243=VERTEX_POINT('',#13829);
#4244=VERTEX_POINT('',#13831);
#4245=VERTEX_POINT('',#13846);
#4246=VERTEX_POINT('',#13847);
#4247=VERTEX_POINT('',#13849);
#4248=VERTEX_POINT('',#13851);
#4249=VERTEX_POINT('',#13855);
#4250=VERTEX_POINT('',#13856);
#4251=VERTEX_POINT('',#13858);
#4252=VERTEX_POINT('',#13860);
#4253=VERTEX_POINT('',#13864);
#4254=VERTEX_POINT('',#13865);
#4255=VERTEX_POINT('',#13867);
#4256=VERTEX_POINT('',#13869);
#4257=VERTEX_POINT('',#13873);
#4258=VERTEX_POINT('',#13874);
#4259=VERTEX_POINT('',#13876);
#4260=VERTEX_POINT('',#13878);
#4261=VERTEX_POINT('',#13882);
#4262=VERTEX_POINT('',#13884);
#4263=VERTEX_POINT('',#13886);
#4264=VERTEX_POINT('',#13888);
#4265=VERTEX_POINT('',#13891);
#4266=VERTEX_POINT('',#13899);
#4267=VERTEX_POINT('',#13909);
#4268=VERTEX_POINT('',#13910);
#4269=VERTEX_POINT('',#13912);
#4270=VERTEX_POINT('',#13914);
#4271=VERTEX_POINT('',#13916);
#4272=VERTEX_POINT('',#13918);
#4273=VERTEX_POINT('',#13920);
#4274=VERTEX_POINT('',#13922);
#4275=VERTEX_POINT('',#13933);
#4276=VERTEX_POINT('',#13950);
#4277=VERTEX_POINT('',#13951);
#4278=VERTEX_POINT('',#13953);
#4279=VERTEX_POINT('',#13964);
#4280=VERTEX_POINT('',#13966);
#4281=VERTEX_POINT('',#13968);
#4282=VERTEX_POINT('',#13970);
#4283=VERTEX_POINT('',#13972);
#4284=VERTEX_POINT('',#13974);
#4285=VERTEX_POINT('',#14086);
#4286=VERTEX_POINT('',#14087);
#4287=VERTEX_POINT('',#14089);
#4288=VERTEX_POINT('',#14091);
#4289=VERTEX_POINT('',#14108);
#4290=VERTEX_POINT('',#14109);
#4291=VERTEX_POINT('',#14148);
#4292=VERTEX_POINT('',#14155);
#4293=VERTEX_POINT('',#14181);
#4294=VERTEX_POINT('',#14183);
#4295=VERTEX_POINT('',#14194);
#4296=VERTEX_POINT('',#14196);
#4297=VERTEX_POINT('',#14198);
#4298=VERTEX_POINT('',#14200);
#4299=VERTEX_POINT('',#14204);
#4300=VERTEX_POINT('',#14208);
#4301=VERTEX_POINT('',#14210);
#4302=VERTEX_POINT('',#14212);
#4303=VERTEX_POINT('',#14214);
#4304=VERTEX_POINT('',#14216);
#4305=VERTEX_POINT('',#14233);
#4306=VERTEX_POINT('',#14240);
#4307=VERTEX_POINT('',#14246);
#4308=VERTEX_POINT('',#14248);
#4309=VERTEX_POINT('',#14270);
#4310=VERTEX_POINT('',#14271);
#4311=VERTEX_POINT('',#14275);
#4312=VERTEX_POINT('',#14277);
#4313=VERTEX_POINT('',#14299);
#4314=VERTEX_POINT('',#14300);
#4315=VERTEX_POINT('',#14302);
#4316=VERTEX_POINT('',#14304);
#4317=VERTEX_POINT('',#14306);
#4318=VERTEX_POINT('',#14308);
#4319=VERTEX_POINT('',#14310);
#4320=VERTEX_POINT('',#14312);
#4321=VERTEX_POINT('',#14315);
#4322=VERTEX_POINT('',#14316);
#4323=VERTEX_POINT('',#14318);
#4324=VERTEX_POINT('',#14320);
#4325=VERTEX_POINT('',#14323);
#4326=VERTEX_POINT('',#14325);
#4327=VERTEX_POINT('',#14326);
#4328=VERTEX_POINT('',#14328);
#4329=VERTEX_POINT('',#14330);
#4330=VERTEX_POINT('',#14334);
#4331=VERTEX_POINT('',#14336);
#4332=VERTEX_POINT('',#14340);
#4333=VERTEX_POINT('',#14344);
#4334=VERTEX_POINT('',#14351);
#4335=VERTEX_POINT('',#14355);
#4336=VERTEX_POINT('',#14359);
#4337=VERTEX_POINT('',#14360);
#4338=VERTEX_POINT('',#14362);
#4339=VERTEX_POINT('',#14364);
#4340=VERTEX_POINT('',#14368);
#4341=VERTEX_POINT('',#14370);
#4342=VERTEX_POINT('',#14374);
#4343=VERTEX_POINT('',#14379);
#4344=VERTEX_POINT('',#14383);
#4345=VERTEX_POINT('',#14387);
#4346=VERTEX_POINT('',#14388);
#4347=VERTEX_POINT('',#14390);
#4348=VERTEX_POINT('',#14393);
#4349=VERTEX_POINT('',#14395);
#4350=VERTEX_POINT('',#14397);
#4351=VERTEX_POINT('',#14401);
#4352=VERTEX_POINT('',#14403);
#4353=VERTEX_POINT('',#14405);
#4354=VERTEX_POINT('',#14407);
#4355=VERTEX_POINT('',#14409);
#4356=VERTEX_POINT('',#14411);
#4357=VERTEX_POINT('',#14415);
#4358=VERTEX_POINT('',#14417);
#4359=VERTEX_POINT('',#14421);
#4360=VERTEX_POINT('',#14423);
#4361=VERTEX_POINT('',#14427);
#4362=VERTEX_POINT('',#14428);
#4363=VERTEX_POINT('',#14433);
#4364=VERTEX_POINT('',#14435);
#4365=VERTEX_POINT('',#14439);
#4366=VERTEX_POINT('',#14441);
#4367=VERTEX_POINT('',#14443);
#4368=VERTEX_POINT('',#14445);
#4369=VERTEX_POINT('',#14447);
#4370=VERTEX_POINT('',#14449);
#4371=VERTEX_POINT('',#14451);
#4372=VERTEX_POINT('',#14453);
#4373=VERTEX_POINT('',#14455);
#4374=VERTEX_POINT('',#14459);
#4375=VERTEX_POINT('',#14460);
#4376=VERTEX_POINT('',#14462);
#4377=VERTEX_POINT('',#14464);
#4378=VERTEX_POINT('',#14466);
#4379=VERTEX_POINT('',#14468);
#4380=VERTEX_POINT('',#14470);
#4381=VERTEX_POINT('',#14472);
#4382=VERTEX_POINT('',#14474);
#4383=VERTEX_POINT('',#14476);
#4384=VERTEX_POINT('',#14478);
#4385=VERTEX_POINT('',#14480);
#4386=VERTEX_POINT('',#14482);
#4387=VERTEX_POINT('',#14486);
#4388=VERTEX_POINT('',#14491);
#4389=VERTEX_POINT('',#14495);
#4390=VERTEX_POINT('',#14497);
#4391=VERTEX_POINT('',#14499);
#4392=VERTEX_POINT('',#14501);
#4393=VERTEX_POINT('',#14503);
#4394=VERTEX_POINT('',#14505);
#4395=VERTEX_POINT('',#14507);
#4396=VERTEX_POINT('',#14511);
#4397=VERTEX_POINT('',#14512);
#4398=VERTEX_POINT('',#14514);
#4399=VERTEX_POINT('',#14516);
#4400=VERTEX_POINT('',#14518);
#4401=VERTEX_POINT('',#14520);
#4402=VERTEX_POINT('',#14522);
#4403=VERTEX_POINT('',#14524);
#4404=VERTEX_POINT('',#14526);
#4405=VERTEX_POINT('',#14528);
#4406=VERTEX_POINT('',#14530);
#4407=VERTEX_POINT('',#14532);
#4408=VERTEX_POINT('',#14534);
#4409=VERTEX_POINT('',#14541);
#4410=VERTEX_POINT('',#14543);
#4411=VERTEX_POINT('',#14545);
#4412=VERTEX_POINT('',#14547);
#4413=VERTEX_POINT('',#14551);
#4414=VERTEX_POINT('',#14553);
#4415=VERTEX_POINT('',#14555);
#4416=VERTEX_POINT('',#14557);
#4417=VERTEX_POINT('',#14561);
#4418=VERTEX_POINT('',#14563);
#4419=VERTEX_POINT('',#14565);
#4420=VERTEX_POINT('',#14567);
#4421=VERTEX_POINT('',#14569);
#4422=VERTEX_POINT('',#14571);
#4423=VERTEX_POINT('',#14574);
#4424=VERTEX_POINT('',#14576);
#4425=VERTEX_POINT('',#14579);
#4426=VERTEX_POINT('',#14581);
#4427=VERTEX_POINT('',#14583);
#4428=VERTEX_POINT('',#14585);
#4429=VERTEX_POINT('',#14589);
#4430=VERTEX_POINT('',#14591);
#4431=VERTEX_POINT('',#14594);
#4432=VERTEX_POINT('',#14596);
#4433=VERTEX_POINT('',#14598);
#4434=VERTEX_POINT('',#14600);
#4435=VERTEX_POINT('',#14602);
#4436=VERTEX_POINT('',#14604);
#4437=VERTEX_POINT('',#14607);
#4438=VERTEX_POINT('',#14609);
#4439=VERTEX_POINT('',#14626);
#4440=VERTEX_POINT('',#14627);
#4441=VERTEX_POINT('',#14629);
#4442=VERTEX_POINT('',#14631);
#4443=VERTEX_POINT('',#14633);
#4444=VERTEX_POINT('',#14635);
#4445=VERTEX_POINT('',#14639);
#4446=VERTEX_POINT('',#14640);
#4447=VERTEX_POINT('',#14642);
#4448=VERTEX_POINT('',#14644);
#4449=VERTEX_POINT('',#14646);
#4450=VERTEX_POINT('',#14648);
#4451=VERTEX_POINT('',#14652);
#4452=VERTEX_POINT('',#14654);
#4453=VERTEX_POINT('',#14656);
#4454=VERTEX_POINT('',#14658);
#4455=VERTEX_POINT('',#14660);
#4456=VERTEX_POINT('',#14664);
#4457=VERTEX_POINT('',#14666);
#4458=VERTEX_POINT('',#14668);
#4459=VERTEX_POINT('',#14670);
#4460=VERTEX_POINT('',#14672);
#4461=VERTEX_POINT('',#14674);
#4462=VERTEX_POINT('',#14676);
#4463=VERTEX_POINT('',#14680);
#4464=VERTEX_POINT('',#14682);
#4465=VERTEX_POINT('',#14686);
#4466=VERTEX_POINT('',#14690);
#4467=VERTEX_POINT('',#14694);
#4468=VERTEX_POINT('',#14695);
#4469=VERTEX_POINT('',#14697);
#4470=VERTEX_POINT('',#14699);
#4471=VERTEX_POINT('',#14701);
#4472=VERTEX_POINT('',#14703);
#4473=VERTEX_POINT('',#14705);
#4474=VERTEX_POINT('',#14707);
#4475=VERTEX_POINT('',#14709);
#4476=VERTEX_POINT('',#14711);
#4477=VERTEX_POINT('',#14713);
#4478=VERTEX_POINT('',#14715);
#4479=VERTEX_POINT('',#14717);
#4480=VERTEX_POINT('',#14719);
#4481=VERTEX_POINT('',#14721);
#4482=VERTEX_POINT('',#14723);
#4483=VERTEX_POINT('',#14725);
#4484=VERTEX_POINT('',#14728);
#4485=VERTEX_POINT('',#14736);
#4486=VERTEX_POINT('',#14737);
#4487=VERTEX_POINT('',#14746);
#4488=VERTEX_POINT('',#14748);
#4489=VERTEX_POINT('',#14750);
#4490=VERTEX_POINT('',#14754);
#4491=VERTEX_POINT('',#14758);
#4492=VERTEX_POINT('',#14760);
#4493=VERTEX_POINT('',#14764);
#4494=VERTEX_POINT('',#14765);
#4495=VERTEX_POINT('',#14767);
#4496=VERTEX_POINT('',#14770);
#4497=VERTEX_POINT('',#14776);
#4498=VERTEX_POINT('',#14777);
#4499=VERTEX_POINT('',#14788);
#4500=VERTEX_POINT('',#14790);
#4501=VERTEX_POINT('',#14793);
#4502=VERTEX_POINT('',#14795);
#4503=VERTEX_POINT('',#14799);
#4504=VERTEX_POINT('',#14807);
#4505=VERTEX_POINT('',#14808);
#4506=VERTEX_POINT('',#14813);
#4507=VERTEX_POINT('',#14817);
#4508=VERTEX_POINT('',#14819);
#4509=VERTEX_POINT('',#14821);
#4510=VERTEX_POINT('',#14825);
#4511=VERTEX_POINT('',#14827);
#4512=VERTEX_POINT('',#14829);
#4513=VERTEX_POINT('',#14831);
#4514=VERTEX_POINT('',#14833);
#4515=VERTEX_POINT('',#14835);
#4516=VERTEX_POINT('',#14837);
#4517=VERTEX_POINT('',#14839);
#4518=VERTEX_POINT('',#14841);
#4519=VERTEX_POINT('',#14851);
#4520=VERTEX_POINT('',#14853);
#4521=VERTEX_POINT('',#14857);
#4522=VERTEX_POINT('',#14860);
#4523=VERTEX_POINT('',#14864);
#4524=VERTEX_POINT('',#14866);
#4525=VERTEX_POINT('',#14868);
#4526=VERTEX_POINT('',#14870);
#4527=VERTEX_POINT('',#14872);
#4528=VERTEX_POINT('',#14876);
#4529=VERTEX_POINT('',#14877);
#4530=VERTEX_POINT('',#14879);
#4531=VERTEX_POINT('',#14881);
#4532=VERTEX_POINT('',#14883);
#4533=VERTEX_POINT('',#14891);
#4534=VERTEX_POINT('',#14892);
#4535=VERTEX_POINT('',#14894);
#4536=VERTEX_POINT('',#14896);
#4537=VERTEX_POINT('',#14898);
#4538=VERTEX_POINT('',#14901);
#4539=VERTEX_POINT('',#14905);
#4540=VERTEX_POINT('',#14916);
#4541=VERTEX_POINT('',#14918);
#4542=VERTEX_POINT('',#14922);
#4543=VERTEX_POINT('',#14935);
#4544=VERTEX_POINT('',#14936);
#4545=VERTEX_POINT('',#14941);
#4546=VERTEX_POINT('',#14943);
#4547=VERTEX_POINT('',#14947);
#4548=VERTEX_POINT('',#14949);
#4549=VERTEX_POINT('',#14953);
#4550=VERTEX_POINT('',#14957);
#4551=VERTEX_POINT('',#14961);
#4552=VERTEX_POINT('',#14962);
#4553=VERTEX_POINT('',#14964);
#4554=VERTEX_POINT('',#14966);
#4555=VERTEX_POINT('',#14968);
#4556=VERTEX_POINT('',#14971);
#4557=VERTEX_POINT('',#14974);
#4558=VERTEX_POINT('',#14976);
#4559=VERTEX_POINT('',#14978);
#4560=VERTEX_POINT('',#14980);
#4561=VERTEX_POINT('',#14982);
#4562=VERTEX_POINT('',#14986);
#4563=VERTEX_POINT('',#14987);
#4564=VERTEX_POINT('',#14989);
#4565=VERTEX_POINT('',#14991);
#4566=VERTEX_POINT('',#14993);
#4567=VERTEX_POINT('',#14998);
#4568=VERTEX_POINT('',#15002);
#4569=VERTEX_POINT('',#15004);
#4570=VERTEX_POINT('',#15007);
#4571=VERTEX_POINT('',#15009);
#4572=VERTEX_POINT('',#15011);
#4573=VERTEX_POINT('',#15015);
#4574=VERTEX_POINT('',#15016);
#4575=VERTEX_POINT('',#15021);
#4576=VERTEX_POINT('',#15025);
#4577=VERTEX_POINT('',#15026);
#4578=VERTEX_POINT('',#15028);
#4579=VERTEX_POINT('',#15033);
#4580=VERTEX_POINT('',#15035);
#4581=VERTEX_POINT('',#15039);
#4582=VERTEX_POINT('',#15040);
#4583=VERTEX_POINT('',#15045);
#4584=VERTEX_POINT('',#15048);
#4585=VERTEX_POINT('',#15052);
#4586=VERTEX_POINT('',#15054);
#4587=VERTEX_POINT('',#15058);
#4588=VERTEX_POINT('',#15060);
#4589=VERTEX_POINT('',#15064);
#4590=VERTEX_POINT('',#15066);
#4591=VERTEX_POINT('',#15069);
#4592=VERTEX_POINT('',#15072);
#4593=VERTEX_POINT('',#15076);
#4594=VERTEX_POINT('',#15081);
#4595=VERTEX_POINT('',#15092);
#4596=VERTEX_POINT('',#15094);
#4597=VERTEX_POINT('',#15098);
#4598=VERTEX_POINT('',#15102);
#4599=VERTEX_POINT('',#15106);
#4600=VERTEX_POINT('',#15112);
#4601=VERTEX_POINT('',#15137);
#4602=VERTEX_POINT('',#15138);
#4603=VERTEX_POINT('',#15173);
#4604=VERTEX_POINT('',#15175);
#4605=VERTEX_POINT('',#15178);
#4606=VERTEX_POINT('',#15182);
#4607=VERTEX_POINT('',#15185);
#4608=VERTEX_POINT('',#15187);
#4609=VERTEX_POINT('',#15199);
#4610=VERTEX_POINT('',#15206);
#4611=VERTEX_POINT('',#15208);
#4612=VERTEX_POINT('',#15231);
#4613=VERTEX_POINT('',#15235);
#4614=VERTEX_POINT('',#15237);
#4615=VERTEX_POINT('',#15241);
#4616=VERTEX_POINT('',#15254);
#4617=VERTEX_POINT('',#15256);
#4618=VERTEX_POINT('',#15258);
#4619=VERTEX_POINT('',#15260);
#4620=VERTEX_POINT('',#15262);
#4621=VERTEX_POINT('',#15264);
#4622=VERTEX_POINT('',#15268);
#4623=VERTEX_POINT('',#15269);
#4624=VERTEX_POINT('',#15271);
#4625=VERTEX_POINT('',#15273);
#4626=VERTEX_POINT('',#15275);
#4627=VERTEX_POINT('',#15277);
#4628=VERTEX_POINT('',#15279);
#4629=VERTEX_POINT('',#15281);
#4630=VERTEX_POINT('',#15285);
#4631=VERTEX_POINT('',#15286);
#4632=VERTEX_POINT('',#15288);
#4633=VERTEX_POINT('',#15290);
#4634=VERTEX_POINT('',#15292);
#4635=VERTEX_POINT('',#15294);
#4636=VERTEX_POINT('',#15296);
#4637=VERTEX_POINT('',#15298);
#4638=VERTEX_POINT('',#15300);
#4639=VERTEX_POINT('',#15302);
#4640=VERTEX_POINT('',#15306);
#4641=VERTEX_POINT('',#15307);
#4642=VERTEX_POINT('',#15325);
#4643=VERTEX_POINT('',#15326);
#4644=VERTEX_POINT('',#15330);
#4645=VERTEX_POINT('',#15332);
#4646=VERTEX_POINT('',#15336);
#4647=VERTEX_POINT('',#15337);
#4648=VERTEX_POINT('',#15339);
#4649=VERTEX_POINT('',#15341);
#4650=VERTEX_POINT('',#15344);
#4651=VERTEX_POINT('',#15346);
#4652=VERTEX_POINT('',#15351);
#4653=VERTEX_POINT('',#15353);
#4654=VERTEX_POINT('',#15357);
#4655=VERTEX_POINT('',#15359);
#4656=VERTEX_POINT('',#15361);
#4657=VERTEX_POINT('',#15363);
#4658=VERTEX_POINT('',#15368);
#4659=VERTEX_POINT('',#15370);
#4660=VERTEX_POINT('',#15374);
#4661=VERTEX_POINT('',#15379);
#4662=VERTEX_POINT('',#15380);
#4663=VERTEX_POINT('',#15382);
#4664=VERTEX_POINT('',#15384);
#4665=VERTEX_POINT('',#15388);
#4666=VERTEX_POINT('',#15389);
#4667=VERTEX_POINT('',#15394);
#4668=VERTEX_POINT('',#15396);
#4669=VERTEX_POINT('',#15409);
#4670=VERTEX_POINT('',#15412);
#4671=VERTEX_POINT('',#15417);
#4672=VERTEX_POINT('',#15419);
#4673=VERTEX_POINT('',#15423);
#4674=VERTEX_POINT('',#15427);
#4675=VERTEX_POINT('',#15433);
#4676=VERTEX_POINT('',#15435);
#4677=VERTEX_POINT('',#15438);
#4678=VERTEX_POINT('',#15450);
#4679=VERTEX_POINT('',#15452);
#4680=VERTEX_POINT('',#15455);
#4681=VERTEX_POINT('',#15457);
#4682=VERTEX_POINT('',#15460);
#4683=VERTEX_POINT('',#15462);
#4684=VERTEX_POINT('',#15468);
#4685=VERTEX_POINT('',#15470);
#4686=VERTEX_POINT('',#15472);
#4687=VERTEX_POINT('',#15474);
#4688=VERTEX_POINT('',#15476);
#4689=VERTEX_POINT('',#15480);
#4690=VERTEX_POINT('',#15482);
#4691=VERTEX_POINT('',#15486);
#4692=VERTEX_POINT('',#15488);
#4693=VERTEX_POINT('',#15492);
#4694=VERTEX_POINT('',#15494);
#4695=VERTEX_POINT('',#15496);
#4696=VERTEX_POINT('',#15498);
#4697=VERTEX_POINT('',#15500);
#4698=VERTEX_POINT('',#15504);
#4699=VERTEX_POINT('',#15506);
#4700=VERTEX_POINT('',#15510);
#4701=VERTEX_POINT('',#15512);
#4702=VERTEX_POINT('',#15516);
#4703=VERTEX_POINT('',#15518);
#4704=VERTEX_POINT('',#15520);
#4705=VERTEX_POINT('',#15522);
#4706=VERTEX_POINT('',#15524);
#4707=VERTEX_POINT('',#15528);
#4708=VERTEX_POINT('',#15529);
#4709=VERTEX_POINT('',#15531);
#4710=VERTEX_POINT('',#15533);
#4711=VERTEX_POINT('',#15538);
#4712=VERTEX_POINT('',#15540);
#4713=VERTEX_POINT('',#15544);
#4714=VERTEX_POINT('',#15546);
#4715=VERTEX_POINT('',#15550);
#4716=VERTEX_POINT('',#15552);
#4717=VERTEX_POINT('',#15563);
#4718=VERTEX_POINT('',#15564);
#4719=VERTEX_POINT('',#15567);
#4720=VERTEX_POINT('',#15569);
#4721=VERTEX_POINT('',#15573);
#4722=VERTEX_POINT('',#15577);
#4723=VERTEX_POINT('',#15581);
#4724=VERTEX_POINT('',#15585);
#4725=VERTEX_POINT('',#15591);
#4726=VERTEX_POINT('',#15595);
#4727=VERTEX_POINT('',#15599);
#4728=VERTEX_POINT('',#15600);
#4729=VERTEX_POINT('',#15605);
#4730=VERTEX_POINT('',#15606);
#4731=VERTEX_POINT('',#15611);
#4732=VERTEX_POINT('',#15612);
#4733=VERTEX_POINT('',#15614);
#4734=VERTEX_POINT('',#15619);
#4735=VERTEX_POINT('',#15621);
#4736=VERTEX_POINT('',#15623);
#4737=VERTEX_POINT('',#15627);
#4738=VERTEX_POINT('',#15628);
#4739=VERTEX_POINT('',#15633);
#4740=VERTEX_POINT('',#15635);
#4741=VERTEX_POINT('',#15637);
#4742=VERTEX_POINT('',#15639);
#4743=VERTEX_POINT('',#15641);
#4744=VERTEX_POINT('',#15643);
#4745=VERTEX_POINT('',#15647);
#4746=VERTEX_POINT('',#15649);
#4747=VERTEX_POINT('',#15653);
#4748=VERTEX_POINT('',#15654);
#4749=VERTEX_POINT('',#15656);
#4750=VERTEX_POINT('',#15658);
#4751=VERTEX_POINT('',#15662);
#4752=VERTEX_POINT('',#15666);
#4753=VERTEX_POINT('',#15667);
#4754=VERTEX_POINT('',#15672);
#4755=VERTEX_POINT('',#15676);
#4756=VERTEX_POINT('',#15677);
#4757=VERTEX_POINT('',#15682);
#4758=VERTEX_POINT('',#15686);
#4759=VERTEX_POINT('',#15687);
#4760=VERTEX_POINT('',#15692);
#4761=VERTEX_POINT('',#15693);
#4762=VERTEX_POINT('',#15696);
#4763=VERTEX_POINT('',#15699);
#4764=VERTEX_POINT('',#15701);
#4765=VERTEX_POINT('',#15705);
#4766=VERTEX_POINT('',#15709);
#4767=VERTEX_POINT('',#15713);
#4768=VERTEX_POINT('',#15717);
#4769=VERTEX_POINT('',#15723);
#4770=VERTEX_POINT('',#15725);
#4771=VERTEX_POINT('',#15727);
#4772=VERTEX_POINT('',#15732);
#4773=VERTEX_POINT('',#15738);
#4774=VERTEX_POINT('',#15739);
#4775=VERTEX_POINT('',#15742);
#4776=VERTEX_POINT('',#15744);
#4777=VERTEX_POINT('',#15748);
#4778=VERTEX_POINT('',#15751);
#4779=VERTEX_POINT('',#15768);
#4780=VERTEX_POINT('',#15770);
#4781=VERTEX_POINT('',#15774);
#4782=VERTEX_POINT('',#15775);
#4783=VERTEX_POINT('',#15780);
#4784=VERTEX_POINT('',#15782);
#4785=VERTEX_POINT('',#15789);
#4786=VERTEX_POINT('',#15790);
#4787=VERTEX_POINT('',#15795);
#4788=VERTEX_POINT('',#15796);
#4789=VERTEX_POINT('',#15798);
#4790=VERTEX_POINT('',#15800);
#4791=VERTEX_POINT('',#15804);
#4792=VERTEX_POINT('',#15806);
#4793=VERTEX_POINT('',#15810);
#4794=VERTEX_POINT('',#15811);
#4795=VERTEX_POINT('',#15813);
#4796=VERTEX_POINT('',#15815);
#4797=VERTEX_POINT('',#15819);
#4798=VERTEX_POINT('',#15820);
#4799=VERTEX_POINT('',#15825);
#4800=VERTEX_POINT('',#15826);
#4801=VERTEX_POINT('',#15833);
#4802=VERTEX_POINT('',#15834);
#4803=VERTEX_POINT('',#15836);
#4804=VERTEX_POINT('',#15838);
#4805=VERTEX_POINT('',#15842);
#4806=VERTEX_POINT('',#15843);
#4807=VERTEX_POINT('',#15845);
#4808=VERTEX_POINT('',#15847);
#4809=VERTEX_POINT('',#15852);
#4810=VERTEX_POINT('',#15856);
#4811=VERTEX_POINT('',#15857);
#4812=VERTEX_POINT('',#15859);
#4813=VERTEX_POINT('',#15861);
#4814=VERTEX_POINT('',#15865);
#4815=VERTEX_POINT('',#15867);
#4816=VERTEX_POINT('',#15871);
#4817=VERTEX_POINT('',#15874);
#4818=VERTEX_POINT('',#15878);
#4819=VERTEX_POINT('',#15879);
#4820=VERTEX_POINT('',#15881);
#4821=VERTEX_POINT('',#15883);
#4822=VERTEX_POINT('',#15887);
#4823=VERTEX_POINT('',#15888);
#4824=VERTEX_POINT('',#15893);
#4825=VERTEX_POINT('',#15895);
#4826=VERTEX_POINT('',#15897);
#4827=VERTEX_POINT('',#15902);
#4828=VERTEX_POINT('',#15907);
#4829=VERTEX_POINT('',#15915);
#4830=VERTEX_POINT('',#15917);
#4831=VERTEX_POINT('',#15921);
#4832=VERTEX_POINT('',#15923);
#4833=VERTEX_POINT('',#15927);
#4834=VERTEX_POINT('',#15929);
#4835=VERTEX_POINT('',#15933);
#4836=VERTEX_POINT('',#15935);
#4837=VERTEX_POINT('',#15938);
#4838=VERTEX_POINT('',#15940);
#4839=VERTEX_POINT('',#15944);
#4840=VERTEX_POINT('',#15948);
#4841=VERTEX_POINT('',#15954);
#4842=VERTEX_POINT('',#15958);
#4843=VERTEX_POINT('',#15962);
#4844=VERTEX_POINT('',#15964);
#4845=VERTEX_POINT('',#15966);
#4846=VERTEX_POINT('',#15968);
#4847=VERTEX_POINT('',#15970);
#4848=VERTEX_POINT('',#15972);
#4849=VERTEX_POINT('',#15974);
#4850=VERTEX_POINT('',#15976);
#4851=VERTEX_POINT('',#15978);
#4852=VERTEX_POINT('',#15980);
#4853=VERTEX_POINT('',#15984);
#4854=VERTEX_POINT('',#15985);
#4855=VERTEX_POINT('',#15988);
#4856=VERTEX_POINT('',#15990);
#4857=VERTEX_POINT('',#15995);
#4858=VERTEX_POINT('',#15997);
#4859=VERTEX_POINT('',#16000);
#4860=VERTEX_POINT('',#16002);
#4861=VERTEX_POINT('',#16006);
#4862=VERTEX_POINT('',#16010);
#4863=VERTEX_POINT('',#16012);
#4864=VERTEX_POINT('',#16016);
#4865=VERTEX_POINT('',#16017);
#4866=VERTEX_POINT('',#16022);
#4867=VERTEX_POINT('',#16024);
#4868=VERTEX_POINT('',#16029);
#4869=VERTEX_POINT('',#16033);
#4870=VERTEX_POINT('',#16040);
#4871=VERTEX_POINT('',#16047);
#4872=VERTEX_POINT('',#16051);
#4873=VERTEX_POINT('',#16052);
#4874=VERTEX_POINT('',#16057);
#4875=VERTEX_POINT('',#16058);
#4876=VERTEX_POINT('',#16060);
#4877=VERTEX_POINT('',#16062);
#4878=VERTEX_POINT('',#16071);
#4879=VERTEX_POINT('',#16075);
#4880=VERTEX_POINT('',#16079);
#4881=VERTEX_POINT('',#16086);
#4882=VERTEX_POINT('',#16088);
#4883=VERTEX_POINT('',#16092);
#4884=VERTEX_POINT('',#16093);
#4885=VERTEX_POINT('',#16095);
#4886=VERTEX_POINT('',#16097);
#4887=VERTEX_POINT('',#16099);
#4888=VERTEX_POINT('',#16103);
#4889=VERTEX_POINT('',#16106);
#4890=VERTEX_POINT('',#16110);
#4891=VERTEX_POINT('',#16111);
#4892=VERTEX_POINT('',#16113);
#4893=VERTEX_POINT('',#16115);
#4894=VERTEX_POINT('',#16119);
#4895=VERTEX_POINT('',#16121);
#4896=VERTEX_POINT('',#16125);
#4897=VERTEX_POINT('',#16127);
#4898=VERTEX_POINT('',#16131);
#4899=VERTEX_POINT('',#16135);
#4900=VERTEX_POINT('',#16139);
#4901=VERTEX_POINT('',#16143);
#4902=VERTEX_POINT('',#16151);
#4903=VERTEX_POINT('',#16152);
#4904=VERTEX_POINT('',#16154);
#4905=VERTEX_POINT('',#16156);
#4906=VERTEX_POINT('',#16161);
#4907=VERTEX_POINT('',#16162);
#4908=VERTEX_POINT('',#16166);
#4909=VERTEX_POINT('',#16171);
#4910=VERTEX_POINT('',#16178);
#4911=VERTEX_POINT('',#16192);
#4912=VERTEX_POINT('',#16194);
#4913=VERTEX_POINT('',#16196);
#4914=VERTEX_POINT('',#16198);
#4915=VERTEX_POINT('',#16200);
#4916=VERTEX_POINT('',#16226);
#4917=VERTEX_POINT('',#16230);
#4918=VERTEX_POINT('',#16236);
#4919=VERTEX_POINT('',#16237);
#4920=VERTEX_POINT('',#16239);
#4921=VERTEX_POINT('',#16241);
#4922=VERTEX_POINT('',#16245);
#4923=VERTEX_POINT('',#16247);
#4924=VERTEX_POINT('',#16254);
#4925=VERTEX_POINT('',#16260);
#4926=VERTEX_POINT('',#16273);
#4927=VERTEX_POINT('',#16275);
#4928=VERTEX_POINT('',#16279);
#4929=VERTEX_POINT('',#16281);
#4930=VERTEX_POINT('',#16285);
#4931=VERTEX_POINT('',#16286);
#4932=VERTEX_POINT('',#16288);
#4933=VERTEX_POINT('',#16290);
#4934=VERTEX_POINT('',#16294);
#4935=VERTEX_POINT('',#16296);
#4936=VERTEX_POINT('',#16300);
#4937=VERTEX_POINT('',#16302);
#4938=VERTEX_POINT('',#16306);
#4939=VERTEX_POINT('',#16307);
#4940=VERTEX_POINT('',#16312);
#4941=VERTEX_POINT('',#16314);
#4942=VERTEX_POINT('',#16318);
#4943=VERTEX_POINT('',#16319);
#4944=VERTEX_POINT('',#16321);
#4945=VERTEX_POINT('',#16323);
#4946=VERTEX_POINT('',#16327);
#4947=VERTEX_POINT('',#16328);
#4948=VERTEX_POINT('',#16333);
#4949=VERTEX_POINT('',#16334);
#4950=VERTEX_POINT('',#16339);
#4951=VERTEX_POINT('',#16340);
#4952=VERTEX_POINT('',#16345);
#4953=VERTEX_POINT('',#16347);
#4954=VERTEX_POINT('',#16351);
#4955=VERTEX_POINT('',#16352);
#4956=VERTEX_POINT('',#16357);
#4957=VERTEX_POINT('',#16359);
#4958=VERTEX_POINT('',#16363);
#4959=VERTEX_POINT('',#16364);
#4960=VERTEX_POINT('',#16366);
#4961=VERTEX_POINT('',#16368);
#4962=VERTEX_POINT('',#16372);
#4963=VERTEX_POINT('',#16373);
#4964=VERTEX_POINT('',#16378);
#4965=VERTEX_POINT('',#16379);
#4966=VERTEX_POINT('',#16381);
#4967=VERTEX_POINT('',#16383);
#4968=VERTEX_POINT('',#16387);
#4969=VERTEX_POINT('',#16388);
#4970=VERTEX_POINT('',#16393);
#4971=VERTEX_POINT('',#16394);
#4972=VERTEX_POINT('',#16399);
#4973=VERTEX_POINT('',#16401);
#4974=VERTEX_POINT('',#16406);
#4975=VERTEX_POINT('',#16409);
#4976=VERTEX_POINT('',#16413);
#4977=VERTEX_POINT('',#16415);
#4978=VERTEX_POINT('',#16419);
#4979=VERTEX_POINT('',#16420);
#4980=VERTEX_POINT('',#16422);
#4981=VERTEX_POINT('',#16424);
#4982=VERTEX_POINT('',#16428);
#4983=VERTEX_POINT('',#16430);
#4984=VERTEX_POINT('',#16434);
#4985=VERTEX_POINT('',#16436);
#4986=VERTEX_POINT('',#16440);
#4987=VERTEX_POINT('',#16442);
#4988=VERTEX_POINT('',#16446);
#4989=VERTEX_POINT('',#16448);
#4990=VERTEX_POINT('',#16452);
#4991=VERTEX_POINT('',#16454);
#4992=VERTEX_POINT('',#16458);
#4993=VERTEX_POINT('',#16460);
#4994=VERTEX_POINT('',#16464);
#4995=VERTEX_POINT('',#16466);
#4996=VERTEX_POINT('',#16470);
#4997=VERTEX_POINT('',#16472);
#4998=VERTEX_POINT('',#16476);
#4999=VERTEX_POINT('',#16478);
#5000=VERTEX_POINT('',#16482);
#5001=VERTEX_POINT('',#16486);
#5002=VERTEX_POINT('',#16492);
#5003=VERTEX_POINT('',#16494);
#5004=VERTEX_POINT('',#16499);
#5005=VERTEX_POINT('',#16502);
#5006=VERTEX_POINT('',#16506);
#5007=VERTEX_POINT('',#16508);
#5008=VERTEX_POINT('',#16511);
#5009=VERTEX_POINT('',#16513);
#5010=VERTEX_POINT('',#16515);
#5011=VERTEX_POINT('',#16519);
#5012=VERTEX_POINT('',#16523);
#5013=VERTEX_POINT('',#16524);
#5014=VERTEX_POINT('',#16526);
#5015=VERTEX_POINT('',#16528);
#5016=VERTEX_POINT('',#16530);
#5017=VERTEX_POINT('',#16532);
#5018=VERTEX_POINT('',#16534);
#5019=VERTEX_POINT('',#16538);
#5020=VERTEX_POINT('',#16540);
#5021=VERTEX_POINT('',#16544);
#5022=VERTEX_POINT('',#16548);
#5023=VERTEX_POINT('',#16552);
#5024=VERTEX_POINT('',#16556);
#5025=VERTEX_POINT('',#16560);
#5026=VERTEX_POINT('',#16566);
#5027=VERTEX_POINT('',#16567);
#5028=VERTEX_POINT('',#16569);
#5029=VERTEX_POINT('',#16571);
#5030=VERTEX_POINT('',#16575);
#5031=VERTEX_POINT('',#16577);
#5032=VERTEX_POINT('',#16581);
#5033=VERTEX_POINT('',#16585);
#5034=VERTEX_POINT('',#16591);
#5035=VERTEX_POINT('',#16592);
#5036=VERTEX_POINT('',#16594);
#5037=VERTEX_POINT('',#16596);
#5038=VERTEX_POINT('',#16600);
#5039=VERTEX_POINT('',#16602);
#5040=VERTEX_POINT('',#16608);
#5041=VERTEX_POINT('',#16611);
#5042=VERTEX_POINT('',#16613);
#5043=VERTEX_POINT('',#16617);
#5044=VERTEX_POINT('',#16621);
#5045=VERTEX_POINT('',#16623);
#5046=VERTEX_POINT('',#16626);
#5047=VERTEX_POINT('',#16634);
#5048=VERTEX_POINT('',#16638);
#5049=VERTEX_POINT('',#16639);
#5050=VERTEX_POINT('',#16641);
#5051=VERTEX_POINT('',#16643);
#5052=VERTEX_POINT('',#16647);
#5053=VERTEX_POINT('',#16649);
#5054=VERTEX_POINT('',#16664);
#5055=VERTEX_POINT('',#16665);
#5056=VERTEX_POINT('',#16667);
#5057=VERTEX_POINT('',#16669);
#5058=VERTEX_POINT('',#16673);
#5059=VERTEX_POINT('',#16675);
#5060=VERTEX_POINT('',#16679);
#5061=VERTEX_POINT('',#16683);
#5062=VERTEX_POINT('',#16689);
#5063=VERTEX_POINT('',#16690);
#5064=VERTEX_POINT('',#16692);
#5065=VERTEX_POINT('',#16694);
#5066=VERTEX_POINT('',#16696);
#5067=VERTEX_POINT('',#16698);
#5068=VERTEX_POINT('',#16700);
#5069=VERTEX_POINT('',#16702);
#5070=VERTEX_POINT('',#16704);
#5071=VERTEX_POINT('',#16706);
#5072=VERTEX_POINT('',#16708);
#5073=VERTEX_POINT('',#16710);
#5074=VERTEX_POINT('',#16714);
#5075=VERTEX_POINT('',#16716);
#5076=VERTEX_POINT('',#16720);
#5077=VERTEX_POINT('',#16724);
#5078=VERTEX_POINT('',#16728);
#5079=VERTEX_POINT('',#16732);
#5080=VERTEX_POINT('',#16736);
#5081=VERTEX_POINT('',#16740);
#5082=VERTEX_POINT('',#16744);
#5083=VERTEX_POINT('',#16748);
#5084=VERTEX_POINT('',#16752);
#5085=VERTEX_POINT('',#16756);
#5086=VERTEX_POINT('',#16762);
#5087=VERTEX_POINT('',#16764);
#5088=VERTEX_POINT('',#16767);
#5089=VERTEX_POINT('',#16770);
#5090=VERTEX_POINT('',#16774);
#5091=VERTEX_POINT('',#16776);
#5092=VERTEX_POINT('',#16781);
#5093=VERTEX_POINT('',#16785);
#5094=VERTEX_POINT('',#16786);
#5095=VERTEX_POINT('',#16788);
#5096=VERTEX_POINT('',#16790);
#5097=VERTEX_POINT('',#16797);
#5098=VERTEX_POINT('',#16798);
#5099=VERTEX_POINT('',#16800);
#5100=VERTEX_POINT('',#16802);
#5101=VERTEX_POINT('',#16806);
#5102=VERTEX_POINT('',#16808);
#5103=VERTEX_POINT('',#16812);
#5104=VERTEX_POINT('',#16813);
#5105=VERTEX_POINT('',#16818);
#5106=VERTEX_POINT('',#16820);
#5107=VERTEX_POINT('',#16824);
#5108=VERTEX_POINT('',#16826);
#5109=VERTEX_POINT('',#16830);
#5110=VERTEX_POINT('',#16832);
#5111=VERTEX_POINT('',#16836);
#5112=VERTEX_POINT('',#16838);
#5113=VERTEX_POINT('',#16842);
#5114=VERTEX_POINT('',#16844);
#5115=VERTEX_POINT('',#16846);
#5116=VERTEX_POINT('',#16848);
#5117=VERTEX_POINT('',#16852);
#5118=VERTEX_POINT('',#16854);
#5119=VERTEX_POINT('',#16858);
#5120=VERTEX_POINT('',#16862);
#5121=VERTEX_POINT('',#16870);
#5122=VERTEX_POINT('',#16871);
#5123=VERTEX_POINT('',#16873);
#5124=VERTEX_POINT('',#16875);
#5125=VERTEX_POINT('',#16879);
#5126=VERTEX_POINT('',#16881);
#5127=VERTEX_POINT('',#16885);
#5128=VERTEX_POINT('',#16889);
#5129=VERTEX_POINT('',#16895);
#5130=VERTEX_POINT('',#16896);
#5131=VERTEX_POINT('',#16898);
#5132=VERTEX_POINT('',#16900);
#5133=VERTEX_POINT('',#16904);
#5134=VERTEX_POINT('',#16905);
#5135=VERTEX_POINT('',#16910);
#5136=VERTEX_POINT('',#16911);
#5137=VERTEX_POINT('',#16916);
#5138=VERTEX_POINT('',#16917);
#5139=VERTEX_POINT('',#16922);
#5140=VERTEX_POINT('',#16923);
#5141=VERTEX_POINT('',#16928);
#5142=VERTEX_POINT('',#16930);
#5143=VERTEX_POINT('',#16934);
#5144=VERTEX_POINT('',#16936);
#5145=VERTEX_POINT('',#16938);
#5146=VERTEX_POINT('',#16940);
#5147=VERTEX_POINT('',#16942);
#5148=VERTEX_POINT('',#16946);
#5149=VERTEX_POINT('',#16948);
#5150=VERTEX_POINT('',#16952);
#5151=VERTEX_POINT('',#16956);
#5152=VERTEX_POINT('',#16960);
#5153=VERTEX_POINT('',#16969);
#5154=EDGE_CURVE('',#4225,#4226,#1683,.T.);
#5155=EDGE_CURVE('',#4226,#4227,#1548,.T.);
#5156=EDGE_CURVE('',#4227,#4228,#1684,.T.);
#5157=EDGE_CURVE('',#4229,#4228,#1549,.T.);
#5158=EDGE_CURVE('',#4230,#4229,#1685,.T.);
#5159=EDGE_CURVE('',#4225,#4230,#1550,.T.);
#5160=EDGE_CURVE('',#4231,#4232,#1686,.T.);
#5161=EDGE_CURVE('',#4232,#4233,#1551,.T.);
#5162=EDGE_CURVE('',#4234,#4233,#1687,.T.);
#5163=EDGE_CURVE('',#4234,#4235,#1552,.T.);
#5164=EDGE_CURVE('',#4235,#4236,#1688,.T.);
#5165=EDGE_CURVE('',#4231,#4236,#1553,.T.);
#5166=EDGE_CURVE('',#4225,#4237,#1689,.T.);
#5167=EDGE_CURVE('',#4238,#4237,#1690,.T.);
#5168=EDGE_CURVE('',#4238,#4239,#486,.T.);
#5169=EDGE_CURVE('',#4239,#4240,#1691,.T.);
#5170=EDGE_CURVE('',#4228,#4240,#1692,.T.);
#5171=EDGE_CURVE('',#4227,#4226,#1554,.T.);
#5172=EDGE_CURVE('',#4241,#4242,#1693,.T.);
#5173=EDGE_CURVE('',#4241,#4232,#1694,.T.);
#5174=EDGE_CURVE('',#4236,#4231,#1555,.T.);
#5175=EDGE_CURVE('',#4243,#4235,#1695,.T.);
#5176=EDGE_CURVE('',#4243,#4244,#1696,.T.);
#5177=EDGE_CURVE('',#4244,#4242,#487,.T.);
#5178=EDGE_CURVE('',#4245,#4246,#1697,.T.);
#5179=EDGE_CURVE('',#4245,#4247,#1698,.T.);
#5180=EDGE_CURVE('',#4247,#4248,#1699,.T.);
#5181=EDGE_CURVE('',#4248,#4246,#1700,.T.);
#5182=EDGE_CURVE('',#4249,#4250,#1701,.T.);
#5183=EDGE_CURVE('',#4250,#4251,#1702,.T.);
#5184=EDGE_CURVE('',#4252,#4251,#1703,.T.);
#5185=EDGE_CURVE('',#4252,#4249,#1704,.T.);
#5186=EDGE_CURVE('',#4253,#4254,#1705,.T.);
#5187=EDGE_CURVE('',#4254,#4255,#1706,.T.);
#5188=EDGE_CURVE('',#4256,#4255,#1707,.T.);
#5189=EDGE_CURVE('',#4253,#4256,#1708,.T.);
#5190=EDGE_CURVE('',#4257,#4258,#1709,.T.);
#5191=EDGE_CURVE('',#4257,#4259,#1556,.T.);
#5192=EDGE_CURVE('',#4260,#4259,#1710,.T.);
#5193=EDGE_CURVE('',#4258,#4260,#1557,.T.);
#5194=EDGE_CURVE('',#4259,#4261,#1711,.T.);
#5195=EDGE_CURVE('',#4261,#4262,#1712,.T.);
#5196=EDGE_CURVE('',#4263,#4262,#1713,.T.);
#5197=EDGE_CURVE('',#4263,#4264,#1714,.T.);
#5198=EDGE_CURVE('',#4264,#4257,#1715,.T.);
#5199=EDGE_CURVE('',#4258,#4265,#488,.T.);
#5200=EDGE_CURVE('',#4266,#4265,#1716,.T.);
#5201=EDGE_CURVE('',#4266,#4260,#489,.T.);
#5202=EDGE_CURVE('',#4267,#4268,#1717,.T.);
#5203=EDGE_CURVE('',#4269,#4268,#1718,.T.);
#5204=EDGE_CURVE('',#4270,#4269,#1558,.T.);
#5205=EDGE_CURVE('',#4270,#4271,#1719,.T.);
#5206=EDGE_CURVE('',#4272,#4271,#1720,.T.);
#5207=EDGE_CURVE('',#4273,#4272,#1721,.T.);
#5208=EDGE_CURVE('',#4274,#4273,#490,.T.);
#5209=EDGE_CURVE('',#4275,#4274,#1722,.T.);
#5210=EDGE_CURVE('',#4275,#4267,#491,.T.);
#5211=EDGE_CURVE('',#4270,#4262,#492,.T.);
#5212=EDGE_CURVE('',#4271,#4261,#1559,.T.);
#5213=EDGE_CURVE('',#4276,#4277,#1723,.T.);
#5214=EDGE_CURVE('',#4278,#4277,#493,.T.);
#5215=EDGE_CURVE('',#4278,#4279,#1724,.T.);
#5216=EDGE_CURVE('',#4280,#4279,#1725,.T.);
#5217=EDGE_CURVE('',#4280,#4281,#1726,.T.);
#5218=EDGE_CURVE('',#4281,#4282,#1560,.T.);
#5219=EDGE_CURVE('',#4282,#4283,#1727,.T.);
#5220=EDGE_CURVE('',#4284,#4283,#1728,.T.);
#5221=EDGE_CURVE('',#4284,#4276,#494,.T.);
#5222=EDGE_CURVE('',#4279,#4272,#1561,.T.);
#5223=EDGE_CURVE('',#4278,#4273,#1562,.T.);
#5224=EDGE_CURVE('',#4264,#4280,#1563,.T.);
#5225=EDGE_CURVE('',#4263,#4281,#495,.T.);
#5226=EDGE_CURVE('',#4282,#4269,#1729,.T.);
#5227=EDGE_CURVE('',#4277,#4274,#1564,.T.);
#5228=EDGE_CURVE('',#4276,#4275,#496,.T.);
#5229=EDGE_CURVE('',#4268,#4283,#1730,.T.);
#5230=EDGE_CURVE('',#4267,#4284,#497,.T.);
#5231=EDGE_CURVE('',#4265,#4266,#1565,.T.);
#5232=EDGE_CURVE('',#4285,#4286,#1731,.T.);
#5233=EDGE_CURVE('',#4286,#4287,#1732,.T.);
#5234=EDGE_CURVE('',#4288,#4287,#1733,.T.);
#5235=EDGE_CURVE('',#4288,#4285,#498,.T.);
#5236=EDGE_CURVE('',#4289,#4290,#1734,.T.);
#5237=EDGE_CURVE('',#4290,#4289,#1566,.T.);
#5238=EDGE_CURVE('',#4291,#4288,#499,.T.);
#5239=EDGE_CURVE('',#4292,#4291,#500,.T.);
#5240=EDGE_CURVE('',#4285,#4292,#501,.T.);
#5241=EDGE_CURVE('',#4293,#4292,#1735,.T.);
#5242=EDGE_CURVE('',#4293,#4294,#502,.T.);
#5243=EDGE_CURVE('',#4295,#4294,#1736,.T.);
#5244=EDGE_CURVE('',#4295,#4296,#1737,.T.);
#5245=EDGE_CURVE('',#4296,#4297,#1738,.T.);
#5246=EDGE_CURVE('',#4297,#4298,#1567,.T.);
#5247=EDGE_CURVE('',#4298,#4286,#1739,.T.);
#5248=EDGE_CURVE('',#4298,#4299,#1740,.T.);
#5249=EDGE_CURVE('',#4299,#4287,#1741,.T.);
#5250=EDGE_CURVE('',#4300,#4299,#1568,.T.);
#5251=EDGE_CURVE('',#4301,#4300,#1742,.T.);
#5252=EDGE_CURVE('',#4301,#4302,#1743,.T.);
#5253=EDGE_CURVE('',#4302,#4303,#1744,.T.);
#5254=EDGE_CURVE('',#4303,#4304,#503,.T.);
#5255=EDGE_CURVE('',#4304,#4291,#1745,.T.);
#5256=EDGE_CURVE('',#4293,#4304,#1569,.T.);
#5257=EDGE_CURVE('',#4294,#4303,#1570,.T.);
#5258=EDGE_CURVE('',#4300,#4305,#504,.T.);
#5259=EDGE_CURVE('',#4306,#4305,#1746,.T.);
#5260=EDGE_CURVE('',#4301,#4306,#1571,.T.);
#5261=EDGE_CURVE('',#4295,#4302,#1572,.T.);
#5262=EDGE_CURVE('',#4307,#4296,#1573,.T.);
#5263=EDGE_CURVE('',#4308,#4307,#1747,.T.);
#5264=EDGE_CURVE('',#4308,#4297,#505,.T.);
#5265=EDGE_CURVE('',#4309,#4310,#1748,.T.);
#5266=EDGE_CURVE('',#4310,#4306,#1749,.T.);
#5267=EDGE_CURVE('',#4308,#4305,#1750,.T.);
#5268=EDGE_CURVE('',#4307,#4311,#1751,.T.);
#5269=EDGE_CURVE('',#4311,#4312,#1752,.T.);
#5270=EDGE_CURVE('',#4312,#4290,#506,.T.);
#5271=EDGE_CURVE('',#4289,#4309,#507,.T.);
#5272=EDGE_CURVE('',#4312,#4309,#1574,.T.);
#5273=EDGE_CURVE('',#4311,#4310,#1575,.T.);
#5274=EDGE_CURVE('',#4313,#4314,#1753,.T.);
#5275=EDGE_CURVE('',#4315,#4313,#1754,.T.);
#5276=EDGE_CURVE('',#4315,#4316,#1576,.T.);
#5277=EDGE_CURVE('',#4317,#4316,#1755,.T.);
#5278=EDGE_CURVE('',#4317,#4318,#1577,.T.);
#5279=EDGE_CURVE('',#4319,#4318,#1756,.T.);
#5280=EDGE_CURVE('',#4320,#4319,#1757,.T.);
#5281=EDGE_CURVE('',#4320,#4314,#1758,.T.);
#5282=EDGE_CURVE('',#4321,#4322,#1759,.T.);
#5283=EDGE_CURVE('',#4323,#4321,#1760,.T.);
#5284=EDGE_CURVE('',#4324,#4323,#1761,.T.);
#5285=EDGE_CURVE('',#4322,#4324,#1762,.T.);
#5286=EDGE_CURVE('',#4325,#4325,#1578,.T.);
#5287=EDGE_CURVE('',#4326,#4327,#1763,.T.);
#5288=EDGE_CURVE('',#4326,#4328,#1764,.T.);
#5289=EDGE_CURVE('',#4329,#4328,#1765,.T.);
#5290=EDGE_CURVE('',#4329,#4327,#1766,.T.);
#5291=EDGE_CURVE('',#4324,#4330,#1767,.T.);
#5292=EDGE_CURVE('',#4331,#4330,#1768,.T.);
#5293=EDGE_CURVE('',#4322,#4331,#1769,.T.);
#5294=EDGE_CURVE('',#4332,#4331,#1770,.T.);
#5295=EDGE_CURVE('',#4321,#4332,#1771,.T.);
#5296=EDGE_CURVE('',#4333,#4332,#1772,.T.);
#5297=EDGE_CURVE('',#4323,#4333,#1773,.T.);
#5298=EDGE_CURVE('',#4330,#4333,#1774,.T.);
#5299=EDGE_CURVE('',#4334,#4334,#1579,.T.);
#5300=EDGE_CURVE('',#4334,#4325,#1775,.T.);
#5301=EDGE_CURVE('',#4335,#4335,#1580,.T.);
#5302=EDGE_CURVE('',#4335,#4334,#1776,.T.);
#5303=EDGE_CURVE('',#4336,#4337,#1777,.T.);
#5304=EDGE_CURVE('',#4337,#4338,#1778,.T.);
#5305=EDGE_CURVE('',#4338,#4339,#1779,.T.);
#5306=EDGE_CURVE('',#4339,#4336,#1780,.T.);
#5307=EDGE_CURVE('',#4340,#4339,#1581,.T.);
#5308=EDGE_CURVE('',#4340,#4341,#1781,.T.);
#5309=EDGE_CURVE('',#4336,#4341,#1582,.T.);
#5310=EDGE_CURVE('',#4336,#4342,#1583,.T.);
#5311=EDGE_CURVE('',#4342,#4341,#1584,.T.);
#5312=EDGE_CURVE('',#4342,#4317,#1782,.T.);
#5313=EDGE_CURVE('',#4341,#4343,#1783,.T.);
#5314=EDGE_CURVE('',#4318,#4343,#1784,.T.);
#5315=EDGE_CURVE('',#4344,#4343,#1785,.T.);
#5316=EDGE_CURVE('',#4319,#4344,#1786,.T.);
#5317=EDGE_CURVE('',#4345,#4346,#1787,.T.);
#5318=EDGE_CURVE('',#4347,#4346,#1788,.T.);
#5319=EDGE_CURVE('',#4320,#4347,#1789,.T.);
#5320=EDGE_CURVE('',#4344,#4348,#1790,.T.);
#5321=EDGE_CURVE('',#4349,#4348,#1791,.T.);
#5322=EDGE_CURVE('',#4349,#4350,#1792,.T.);
#5323=EDGE_CURVE('',#4350,#4345,#1793,.T.);
#5324=EDGE_CURVE('',#4345,#4351,#1794,.T.);
#5325=EDGE_CURVE('',#4350,#4352,#1795,.T.);
#5326=EDGE_CURVE('',#4353,#4352,#1796,.T.);
#5327=EDGE_CURVE('',#4354,#4353,#1797,.T.);
#5328=EDGE_CURVE('',#4355,#4354,#1798,.T.);
#5329=EDGE_CURVE('',#4356,#4355,#1799,.T.);
#5330=EDGE_CURVE('',#4351,#4356,#1800,.T.);
#5331=EDGE_CURVE('',#4351,#4357,#1801,.T.);
#5332=EDGE_CURVE('',#4356,#4358,#1802,.T.);
#5333=EDGE_CURVE('',#4357,#4358,#1803,.T.);
#5334=EDGE_CURVE('',#4359,#4353,#1804,.T.);
#5335=EDGE_CURVE('',#4352,#4360,#1805,.T.);
#5336=EDGE_CURVE('',#4359,#4360,#1806,.T.);
#5337=EDGE_CURVE('',#4361,#4362,#1807,.T.);
#5338=EDGE_CURVE('',#4362,#4357,#1808,.T.);
#5339=EDGE_CURVE('',#4358,#4361,#1809,.T.);
#5340=EDGE_CURVE('',#4363,#4360,#1810,.T.);
#5341=EDGE_CURVE('',#4363,#4364,#1811,.T.);
#5342=EDGE_CURVE('',#4364,#4359,#1812,.T.);
#5343=EDGE_CURVE('',#4355,#4365,#1813,.T.);
#5344=EDGE_CURVE('',#4366,#4365,#1814,.T.);
#5345=EDGE_CURVE('',#4367,#4366,#1815,.T.);
#5346=EDGE_CURVE('',#4368,#4367,#1816,.T.);
#5347=EDGE_CURVE('',#4369,#4368,#1817,.T.);
#5348=EDGE_CURVE('',#4369,#4370,#1818,.T.);
#5349=EDGE_CURVE('',#4370,#4371,#1819,.T.);
#5350=EDGE_CURVE('',#4372,#4371,#1820,.T.);
#5351=EDGE_CURVE('',#4373,#4372,#1821,.T.);
#5352=EDGE_CURVE('',#4373,#4361,#1822,.T.);
#5353=EDGE_CURVE('',#4374,#4375,#1823,.T.);
#5354=EDGE_CURVE('',#4376,#4374,#1824,.T.);
#5355=EDGE_CURVE('',#4377,#4376,#1825,.T.);
#5356=EDGE_CURVE('',#4378,#4377,#1826,.T.);
#5357=EDGE_CURVE('',#4379,#4378,#1827,.T.);
#5358=EDGE_CURVE('',#4379,#4380,#1828,.T.);
#5359=EDGE_CURVE('',#4381,#4380,#1829,.T.);
#5360=EDGE_CURVE('',#4382,#4381,#1830,.T.);
#5361=EDGE_CURVE('',#4382,#4383,#1831,.T.);
#5362=EDGE_CURVE('',#4384,#4383,#1832,.T.);
#5363=EDGE_CURVE('',#4385,#4384,#1833,.T.);
#5364=EDGE_CURVE('',#4385,#4386,#1834,.T.);
#5365=EDGE_CURVE('',#4375,#4386,#1835,.T.);
#5366=EDGE_CURVE('',#4387,#4364,#1836,.T.);
#5367=EDGE_CURVE('',#4361,#4364,#1837,.T.);
#5368=EDGE_CURVE('',#4373,#4387,#1838,.T.);
#5369=EDGE_CURVE('',#4388,#4372,#1839,.T.);
#5370=EDGE_CURVE('',#4388,#4387,#1840,.T.);
#5371=EDGE_CURVE('',#4389,#4388,#1841,.T.);
#5372=EDGE_CURVE('',#4390,#4389,#1842,.T.);
#5373=EDGE_CURVE('',#4391,#4390,#1843,.T.);
#5374=EDGE_CURVE('',#4391,#4392,#1844,.T.);
#5375=EDGE_CURVE('',#4393,#4392,#1845,.T.);
#5376=EDGE_CURVE('',#4393,#4394,#1846,.T.);
#5377=EDGE_CURVE('',#4395,#4394,#1847,.T.);
#5378=EDGE_CURVE('',#4354,#4395,#1848,.T.);
#5379=EDGE_CURVE('',#4396,#4397,#1849,.T.);
#5380=EDGE_CURVE('',#4396,#4398,#1850,.T.);
#5381=EDGE_CURVE('',#4398,#4399,#1851,.T.);
#5382=EDGE_CURVE('',#4400,#4399,#1852,.T.);
#5383=EDGE_CURVE('',#4401,#4400,#1853,.T.);
#5384=EDGE_CURVE('',#4402,#4401,#1854,.T.);
#5385=EDGE_CURVE('',#4402,#4403,#1855,.T.);
#5386=EDGE_CURVE('',#4404,#4403,#1856,.T.);
#5387=EDGE_CURVE('',#4404,#4405,#1857,.T.);
#5388=EDGE_CURVE('',#4406,#4405,#1858,.T.);
#5389=EDGE_CURVE('',#4407,#4406,#1859,.T.);
#5390=EDGE_CURVE('',#4408,#4407,#1860,.T.);
#5391=EDGE_CURVE('',#4397,#4408,#1861,.T.);
#5392=EDGE_CURVE('',#4365,#4395,#1862,.T.);
#5393=EDGE_CURVE('',#4399,#4381,#1863,.T.);
#5394=EDGE_CURVE('',#4380,#4409,#1864,.T.);
#5395=EDGE_CURVE('',#4410,#4409,#1865,.T.);
#5396=EDGE_CURVE('',#4411,#4410,#1866,.T.);
#5397=EDGE_CURVE('',#4411,#4412,#1867,.T.);
#5398=EDGE_CURVE('',#4412,#4400,#1868,.T.);
#5399=EDGE_CURVE('',#4413,#4394,#1869,.T.);
#5400=EDGE_CURVE('',#4413,#4414,#1870,.T.);
#5401=EDGE_CURVE('',#4414,#4415,#1871,.T.);
#5402=EDGE_CURVE('',#4416,#4415,#1872,.T.);
#5403=EDGE_CURVE('',#4366,#4416,#1873,.T.);
#5404=EDGE_CURVE('',#4326,#4417,#1874,.T.);
#5405=EDGE_CURVE('',#4327,#4418,#1875,.T.);
#5406=EDGE_CURVE('',#4419,#4418,#1876,.T.);
#5407=EDGE_CURVE('',#4419,#4420,#1877,.T.);
#5408=EDGE_CURVE('',#4421,#4420,#1878,.T.);
#5409=EDGE_CURVE('',#4422,#4421,#1879,.T.);
#5410=EDGE_CURVE('',#4401,#4422,#1880,.T.);
#5411=EDGE_CURVE('',#4412,#4423,#1881,.T.);
#5412=EDGE_CURVE('',#4423,#4424,#1882,.T.);
#5413=EDGE_CURVE('',#4409,#4424,#1883,.T.);
#5414=EDGE_CURVE('',#4425,#4379,#1884,.T.);
#5415=EDGE_CURVE('',#4425,#4426,#1885,.T.);
#5416=EDGE_CURVE('',#4427,#4426,#1886,.T.);
#5417=EDGE_CURVE('',#4428,#4427,#1887,.T.);
#5418=EDGE_CURVE('',#4417,#4428,#1888,.T.);
#5419=EDGE_CURVE('',#4422,#4429,#1889,.T.);
#5420=EDGE_CURVE('',#4430,#4429,#1890,.T.);
#5421=EDGE_CURVE('',#4419,#4430,#1891,.T.);
#5422=EDGE_CURVE('',#4418,#4431,#1892,.T.);
#5423=EDGE_CURVE('',#4431,#4432,#1893,.T.);
#5424=EDGE_CURVE('',#4433,#4432,#1894,.T.);
#5425=EDGE_CURVE('',#4433,#4434,#1895,.T.);
#5426=EDGE_CURVE('',#4434,#4435,#1896,.T.);
#5427=EDGE_CURVE('',#4436,#4435,#1897,.T.);
#5428=EDGE_CURVE('',#4417,#4436,#1898,.T.);
#5429=EDGE_CURVE('',#4428,#4437,#1899,.T.);
#5430=EDGE_CURVE('',#4438,#4437,#1900,.T.);
#5431=EDGE_CURVE('',#4425,#4438,#1901,.T.);
#5432=EDGE_CURVE('',#4402,#4378,#1902,.T.);
#5433=EDGE_CURVE('',#4403,#4377,#1903,.T.);
#5434=EDGE_CURVE('',#4404,#4376,#1904,.T.);
#5435=EDGE_CURVE('',#4405,#4374,#1905,.T.);
#5436=EDGE_CURVE('',#4406,#4375,#1906,.T.);
#5437=EDGE_CURVE('',#4386,#4407,#1907,.T.);
#5438=EDGE_CURVE('',#4385,#4408,#1908,.T.);
#5439=EDGE_CURVE('',#4439,#4440,#1909,.T.);
#5440=EDGE_CURVE('',#4440,#4441,#1910,.T.);
#5441=EDGE_CURVE('',#4441,#4442,#1911,.T.);
#5442=EDGE_CURVE('',#4442,#4443,#1912,.T.);
#5443=EDGE_CURVE('',#4444,#4443,#1913,.T.);
#5444=EDGE_CURVE('',#4439,#4444,#1914,.T.);
#5445=EDGE_CURVE('',#4445,#4446,#1915,.T.);
#5446=EDGE_CURVE('',#4446,#4447,#1916,.T.);
#5447=EDGE_CURVE('',#4447,#4448,#1917,.T.);
#5448=EDGE_CURVE('',#4448,#4449,#1918,.T.);
#5449=EDGE_CURVE('',#4450,#4449,#1919,.T.);
#5450=EDGE_CURVE('',#4445,#4450,#1920,.T.);
#5451=EDGE_CURVE('',#4451,#4363,#1921,.T.);
#5452=EDGE_CURVE('',#4451,#4452,#1922,.T.);
#5453=EDGE_CURVE('',#4452,#4453,#1923,.T.);
#5454=EDGE_CURVE('',#4453,#4454,#1924,.T.);
#5455=EDGE_CURVE('',#4454,#4455,#1925,.T.);
#5456=EDGE_CURVE('',#4362,#4455,#1926,.T.);
#5457=EDGE_CURVE('',#4385,#4456,#1927,.T.);
#5458=EDGE_CURVE('',#4457,#4456,#1928,.T.);
#5459=EDGE_CURVE('',#4457,#4458,#1929,.T.);
#5460=EDGE_CURVE('',#4458,#4459,#1930,.T.);
#5461=EDGE_CURVE('',#4459,#4460,#1931,.T.);
#5462=EDGE_CURVE('',#4461,#4460,#1932,.T.);
#5463=EDGE_CURVE('',#4462,#4461,#1933,.T.);
#5464=EDGE_CURVE('',#4462,#4408,#1934,.T.);
#5465=EDGE_CURVE('',#4444,#4463,#1935,.T.);
#5466=EDGE_CURVE('',#4464,#4463,#1936,.T.);
#5467=EDGE_CURVE('',#4464,#4439,#1937,.T.);
#5468=EDGE_CURVE('',#4464,#4465,#1938,.T.);
#5469=EDGE_CURVE('',#4465,#4440,#1939,.T.);
#5470=EDGE_CURVE('',#4466,#4441,#1940,.T.);
#5471=EDGE_CURVE('',#4466,#4465,#1941,.T.);
#5472=EDGE_CURVE('',#4467,#4468,#1942,.T.);
#5473=EDGE_CURVE('',#4468,#4469,#1943,.T.);
#5474=EDGE_CURVE('',#4470,#4469,#1944,.T.);
#5475=EDGE_CURVE('',#4470,#4471,#1945,.T.);
#5476=EDGE_CURVE('',#4471,#4472,#1946,.T.);
#5477=EDGE_CURVE('',#4473,#4472,#1947,.T.);
#5478=EDGE_CURVE('',#4473,#4474,#1948,.T.);
#5479=EDGE_CURVE('',#4474,#4475,#1949,.T.);
#5480=EDGE_CURVE('',#4475,#4476,#1950,.T.);
#5481=EDGE_CURVE('',#4477,#4476,#1951,.T.);
#5482=EDGE_CURVE('',#4477,#4478,#1952,.T.);
#5483=EDGE_CURVE('',#4478,#4479,#1953,.T.);
#5484=EDGE_CURVE('',#4479,#4480,#1954,.T.);
#5485=EDGE_CURVE('',#4480,#4481,#1955,.T.);
#5486=EDGE_CURVE('',#4482,#4481,#1956,.T.);
#5487=EDGE_CURVE('',#4483,#4482,#1957,.T.);
#5488=EDGE_CURVE('',#4483,#4466,#1958,.T.);
#5489=EDGE_CURVE('',#4463,#4484,#1959,.T.);
#5490=EDGE_CURVE('',#4467,#4484,#1960,.T.);
#5491=EDGE_CURVE('',#4467,#4442,#1961,.T.);
#5492=EDGE_CURVE('',#4484,#4443,#1962,.T.);
#5493=EDGE_CURVE('',#4485,#4486,#1963,.T.);
#5494=EDGE_CURVE('',#4455,#4486,#1964,.T.);
#5495=EDGE_CURVE('',#4468,#4454,#1965,.T.);
#5496=EDGE_CURVE('',#4483,#4447,#1966,.T.);
#5497=EDGE_CURVE('',#4478,#4446,#1967,.T.);
#5498=EDGE_CURVE('',#4477,#4458,#1968,.T.);
#5499=EDGE_CURVE('',#4485,#4457,#1969,.T.);
#5500=EDGE_CURVE('',#4457,#4487,#1970,.T.);
#5501=EDGE_CURVE('',#4488,#4487,#1971,.T.);
#5502=EDGE_CURVE('',#4488,#4489,#1972,.T.);
#5503=EDGE_CURVE('',#4489,#4485,#1973,.T.);
#5504=EDGE_CURVE('',#4490,#4486,#1974,.T.);
#5505=EDGE_CURVE('',#4489,#4490,#1975,.T.);
#5506=EDGE_CURVE('',#4490,#4491,#1976,.T.);
#5507=EDGE_CURVE('',#4491,#4492,#1977,.T.);
#5508=EDGE_CURVE('',#4492,#4455,#1978,.T.);
#5509=EDGE_CURVE('',#4493,#4494,#1979,.T.);
#5510=EDGE_CURVE('',#4495,#4494,#1980,.T.);
#5511=EDGE_CURVE('',#4495,#4487,#1981,.T.);
#5512=EDGE_CURVE('',#4496,#4456,#1982,.T.);
#5513=EDGE_CURVE('',#4493,#4496,#1983,.T.);
#5514=EDGE_CURVE('',#4492,#4346,#1984,.T.);
#5515=EDGE_CURVE('',#4497,#4498,#1985,.T.);
#5516=EDGE_CURVE('',#4396,#4497,#1986,.T.);
#5517=EDGE_CURVE('',#4498,#4397,#1987,.T.);
#5518=EDGE_CURVE('',#4493,#4383,#1988,.T.);
#5519=EDGE_CURVE('',#4384,#4496,#1989,.T.);
#5520=EDGE_CURVE('',#4498,#4462,#1990,.T.);
#5521=EDGE_CURVE('',#4499,#4349,#1991,.T.);
#5522=EDGE_CURVE('',#4500,#4499,#1992,.T.);
#5523=EDGE_CURVE('',#4497,#4500,#1993,.T.);
#5524=EDGE_CURVE('',#4461,#4501,#1994,.T.);
#5525=EDGE_CURVE('',#4502,#4501,#1995,.T.);
#5526=EDGE_CURVE('',#4451,#4502,#1996,.T.);
#5527=EDGE_CURVE('',#4503,#4502,#1997,.T.);
#5528=EDGE_CURVE('',#4503,#4471,#1998,.T.);
#5529=EDGE_CURVE('',#4470,#4452,#1999,.T.);
#5530=EDGE_CURVE('',#4469,#4453,#2000,.T.);
#5531=EDGE_CURVE('',#4504,#4505,#2001,.T.);
#5532=EDGE_CURVE('',#4504,#4474,#2002,.T.);
#5533=EDGE_CURVE('',#4505,#4473,#2003,.T.);
#5534=EDGE_CURVE('',#4506,#4503,#2004,.T.);
#5535=EDGE_CURVE('',#4506,#4472,#2005,.T.);
#5536=EDGE_CURVE('',#4473,#4507,#2006,.T.);
#5537=EDGE_CURVE('',#4508,#4507,#2007,.T.);
#5538=EDGE_CURVE('',#4509,#4508,#2008,.T.);
#5539=EDGE_CURVE('',#4509,#4505,#2009,.T.);
#5540=EDGE_CURVE('',#4510,#4509,#2010,.T.);
#5541=EDGE_CURVE('',#4511,#4510,#2011,.T.);
#5542=EDGE_CURVE('',#4512,#4511,#2012,.T.);
#5543=EDGE_CURVE('',#4513,#4512,#2013,.T.);
#5544=EDGE_CURVE('',#4514,#4513,#2014,.T.);
#5545=EDGE_CURVE('',#4515,#4514,#2015,.T.);
#5546=EDGE_CURVE('',#4516,#4515,#2016,.T.);
#5547=EDGE_CURVE('',#4517,#4516,#2017,.T.);
#5548=EDGE_CURVE('',#4518,#4517,#2018,.T.);
#5549=EDGE_CURVE('',#4506,#4518,#2019,.T.);
#5550=EDGE_CURVE('',#4501,#4504,#2020,.T.);
#5551=EDGE_CURVE('',#4475,#4460,#2021,.T.);
#5552=EDGE_CURVE('',#4476,#4459,#2022,.T.);
#5553=EDGE_CURVE('',#4518,#4519,#2023,.T.);
#5554=EDGE_CURVE('',#4520,#4519,#2024,.T.);
#5555=EDGE_CURVE('',#4472,#4520,#2025,.T.);
#5556=EDGE_CURVE('',#4521,#4520,#2026,.T.);
#5557=EDGE_CURVE('',#4521,#4248,#2027,.T.);
#5558=EDGE_CURVE('',#4522,#4247,#2028,.T.);
#5559=EDGE_CURVE('',#4507,#4522,#2029,.T.);
#5560=EDGE_CURVE('',#4519,#4523,#2030,.T.);
#5561=EDGE_CURVE('',#4523,#4524,#2031,.T.);
#5562=EDGE_CURVE('',#4524,#4525,#2032,.T.);
#5563=EDGE_CURVE('',#4525,#4526,#2033,.T.);
#5564=EDGE_CURVE('',#4526,#4527,#2034,.T.);
#5565=EDGE_CURVE('',#4521,#4527,#2035,.T.);
#5566=EDGE_CURVE('',#4528,#4529,#2036,.T.);
#5567=EDGE_CURVE('',#4529,#4530,#2037,.T.);
#5568=EDGE_CURVE('',#4530,#4531,#2038,.T.);
#5569=EDGE_CURVE('',#4531,#4532,#2039,.T.);
#5570=EDGE_CURVE('',#4532,#4508,#2040,.T.);
#5571=EDGE_CURVE('',#4522,#4528,#2041,.T.);
#5572=EDGE_CURVE('',#4527,#4251,#2042,.T.);
#5573=EDGE_CURVE('',#4246,#4250,#2043,.T.);
#5574=EDGE_CURVE('',#4533,#4534,#1585,.T.);
#5575=EDGE_CURVE('',#4533,#4535,#2044,.T.);
#5576=EDGE_CURVE('',#4536,#4535,#1586,.T.);
#5577=EDGE_CURVE('',#4537,#4536,#2045,.T.);
#5578=EDGE_CURVE('',#4534,#4537,#1587,.T.);
#5579=EDGE_CURVE('',#4534,#4538,#2046,.T.);
#5580=EDGE_CURVE('',#4538,#4538,#1588,.T.);
#5581=EDGE_CURVE('',#4539,#4537,#508,.T.);
#5582=EDGE_CURVE('',#4540,#4539,#1589,.T.);
#5583=EDGE_CURVE('',#4541,#4540,#18,.T.);
#5584=EDGE_CURVE('',#4542,#4541,#1590,.T.);
#5585=EDGE_CURVE('',#4542,#4533,#509,.T.);
#5586=EDGE_CURVE('',#4543,#4544,#2047,.T.);
#5587=EDGE_CURVE('',#4544,#4542,#2048,.T.);
#5588=EDGE_CURVE('',#4543,#4541,#2049,.T.);
#5589=EDGE_CURVE('',#4539,#4545,#2050,.T.);
#5590=EDGE_CURVE('',#4546,#4545,#2051,.T.);
#5591=EDGE_CURVE('',#4540,#4546,#2052,.T.);
#5592=EDGE_CURVE('',#4547,#4546,#2053,.T.);
#5593=EDGE_CURVE('',#4548,#4547,#2054,.T.);
#5594=EDGE_CURVE('',#4548,#4543,#2055,.T.);
#5595=EDGE_CURVE('',#4549,#4536,#2056,.T.);
#5596=EDGE_CURVE('',#4545,#4549,#2057,.T.);
#5597=EDGE_CURVE('',#4544,#4550,#2058,.T.);
#5598=EDGE_CURVE('',#4535,#4550,#2059,.T.);
#5599=EDGE_CURVE('',#4551,#4552,#2060,.T.);
#5600=EDGE_CURVE('',#4551,#4553,#2061,.T.);
#5601=EDGE_CURVE('',#4554,#4553,#2062,.T.);
#5602=EDGE_CURVE('',#4555,#4554,#2063,.T.);
#5603=EDGE_CURVE('',#4435,#4555,#2064,.T.);
#5604=EDGE_CURVE('',#4434,#4556,#2065,.T.);
#5605=EDGE_CURVE('',#4556,#4547,#2066,.T.);
#5606=EDGE_CURVE('',#4549,#4557,#2067,.T.);
#5607=EDGE_CURVE('',#4557,#4558,#2068,.T.);
#5608=EDGE_CURVE('',#4559,#4558,#2069,.T.);
#5609=EDGE_CURVE('',#4560,#4559,#2070,.T.);
#5610=EDGE_CURVE('',#4560,#4561,#1591,.T.);
#5611=EDGE_CURVE('',#4552,#4561,#2071,.T.);
#5612=EDGE_CURVE('',#4562,#4563,#2072,.T.);
#5613=EDGE_CURVE('',#4562,#4564,#2073,.T.);
#5614=EDGE_CURVE('',#4564,#4565,#2074,.T.);
#5615=EDGE_CURVE('',#4566,#4565,#2075,.T.);
#5616=EDGE_CURVE('',#4566,#4552,#2076,.T.);
#5617=EDGE_CURVE('',#4561,#4563,#2077,.T.);
#5618=EDGE_CURVE('',#4560,#4567,#2078,.T.);
#5619=EDGE_CURVE('',#4563,#4567,#1592,.T.);
#5620=EDGE_CURVE('',#4568,#4567,#2079,.T.);
#5621=EDGE_CURVE('',#4569,#4568,#2080,.T.);
#5622=EDGE_CURVE('',#4328,#4569,#2081,.T.);
#5623=EDGE_CURVE('',#4436,#4570,#2082,.T.);
#5624=EDGE_CURVE('',#4570,#4571,#2083,.T.);
#5625=EDGE_CURVE('',#4572,#4571,#2084,.T.);
#5626=EDGE_CURVE('',#4562,#4572,#2085,.T.);
#5627=EDGE_CURVE('',#4573,#4574,#2086,.T.);
#5628=EDGE_CURVE('',#4574,#4256,#2087,.T.);
#5629=EDGE_CURVE('',#4573,#4255,#2088,.T.);
#5630=EDGE_CURVE('',#4575,#4564,#2089,.T.);
#5631=EDGE_CURVE('',#4572,#4575,#2090,.T.);
#5632=EDGE_CURVE('',#4576,#4577,#2091,.T.);
#5633=EDGE_CURVE('',#4578,#4576,#2092,.T.);
#5634=EDGE_CURVE('',#4573,#4578,#2093,.T.);
#5635=EDGE_CURVE('',#4255,#4577,#2094,.T.);
#5636=EDGE_CURVE('',#4579,#4577,#2095,.T.);
#5637=EDGE_CURVE('',#4580,#4254,#2096,.T.);
#5638=EDGE_CURVE('',#4580,#4579,#2097,.T.);
#5639=EDGE_CURVE('',#4581,#4582,#2098,.T.);
#5640=EDGE_CURVE('',#4579,#4582,#2099,.T.);
#5641=EDGE_CURVE('',#4581,#4580,#2100,.T.);
#5642=EDGE_CURVE('',#4582,#4583,#2101,.T.);
#5643=EDGE_CURVE('',#4253,#4581,#2102,.T.);
#5644=EDGE_CURVE('',#4574,#4584,#2103,.T.);
#5645=EDGE_CURVE('',#4584,#4583,#2104,.T.);
#5646=EDGE_CURVE('',#4583,#4585,#1593,.T.);
#5647=EDGE_CURVE('',#4586,#4584,#1594,.T.);
#5648=EDGE_CURVE('',#4586,#4585,#2105,.T.);
#5649=EDGE_CURVE('',#4587,#4586,#2106,.T.);
#5650=EDGE_CURVE('',#4587,#4588,#2107,.T.);
#5651=EDGE_CURVE('',#4585,#4588,#2108,.T.);
#5652=EDGE_CURVE('',#4588,#4589,#2109,.T.);
#5653=EDGE_CURVE('',#4590,#4589,#2110,.T.);
#5654=EDGE_CURVE('',#4550,#4590,#2111,.T.);
#5655=EDGE_CURVE('',#4591,#4548,#2112,.T.);
#5656=EDGE_CURVE('',#4433,#4591,#2113,.T.);
#5657=EDGE_CURVE('',#4432,#4592,#2114,.T.);
#5658=EDGE_CURVE('',#4592,#4576,#2115,.T.);
#5659=EDGE_CURVE('',#4593,#4592,#2116,.T.);
#5660=EDGE_CURVE('',#4593,#4578,#2117,.T.);
#5661=EDGE_CURVE('',#4431,#4593,#2118,.T.);
#5662=EDGE_CURVE('',#4329,#4594,#2119,.T.);
#5663=EDGE_CURVE('',#4594,#4587,#2120,.T.);
#5664=EDGE_CURVE('',#4568,#4559,#2121,.T.);
#5665=EDGE_CURVE('',#4558,#4368,#2122,.T.);
#5666=EDGE_CURVE('',#4367,#4569,#2123,.T.);
#5667=EDGE_CURVE('',#4594,#4393,#2124,.T.);
#5668=EDGE_CURVE('',#4392,#4589,#2125,.T.);
#5669=EDGE_CURVE('',#4416,#4595,#2126,.T.);
#5670=EDGE_CURVE('',#4596,#4595,#2127,.T.);
#5671=EDGE_CURVE('',#4413,#4596,#2128,.T.);
#5672=EDGE_CURVE('',#4597,#4411,#2129,.T.);
#5673=EDGE_CURVE('',#4423,#4597,#2130,.T.);
#5674=EDGE_CURVE('',#4598,#4596,#2131,.T.);
#5675=EDGE_CURVE('',#4414,#4598,#2132,.T.);
#5676=EDGE_CURVE('',#4597,#4599,#2133,.T.);
#5677=EDGE_CURVE('',#4424,#4599,#2134,.T.);
#5678=EDGE_CURVE('',#4599,#4410,#2135,.T.);
#5679=EDGE_CURVE('',#4415,#4600,#2136,.T.);
#5680=EDGE_CURVE('',#4600,#4595,#2137,.T.);
#5681=EDGE_CURVE('',#4598,#4600,#2138,.T.);
#5682=EDGE_CURVE('',#4557,#4369,#2139,.T.);
#5683=EDGE_CURVE('',#4590,#4391,#2140,.T.);
#5684=EDGE_CURVE('',#4370,#4390,#2141,.T.);
#5685=EDGE_CURVE('',#4371,#4389,#2142,.T.);
#5686=EDGE_CURVE('',#4591,#4556,#2143,.T.);
#5687=EDGE_CURVE('',#4571,#4554,#2144,.T.);
#5688=EDGE_CURVE('',#4575,#4553,#2145,.T.);
#5689=EDGE_CURVE('',#4601,#4602,#2146,.T.);
#5690=EDGE_CURVE('',#4601,#4575,#2147,.T.);
#5691=EDGE_CURVE('',#4602,#4551,#2148,.T.);
#5692=EDGE_CURVE('',#4602,#4566,#2149,.T.);
#5693=EDGE_CURVE('',#4565,#4601,#2150,.T.);
#5694=EDGE_CURVE('',#4570,#4555,#2151,.T.);
#5695=EDGE_CURVE('',#4249,#4245,#2152,.T.);
#5696=EDGE_CURVE('',#4528,#4252,#2153,.T.);
#5697=EDGE_CURVE('',#4513,#4529,#2154,.T.);
#5698=EDGE_CURVE('',#4514,#4526,#2155,.T.);
#5699=EDGE_CURVE('',#4515,#4525,#2156,.T.);
#5700=EDGE_CURVE('',#4516,#4524,#2157,.T.);
#5701=EDGE_CURVE('',#4517,#4523,#2158,.T.);
#5702=EDGE_CURVE('',#4512,#4530,#2159,.T.);
#5703=EDGE_CURVE('',#4511,#4531,#2160,.T.);
#5704=EDGE_CURVE('',#4510,#4532,#2161,.T.);
#5705=EDGE_CURVE('',#4398,#4382,#2162,.T.);
#5706=EDGE_CURVE('',#4500,#4494,#2163,.T.);
#5707=EDGE_CURVE('',#4313,#4603,#2164,.T.);
#5708=EDGE_CURVE('',#4314,#4604,#2165,.T.);
#5709=EDGE_CURVE('',#4495,#4604,#2166,.T.);
#5710=EDGE_CURVE('',#4605,#4499,#2167,.T.);
#5711=EDGE_CURVE('',#4605,#4603,#2168,.T.);
#5712=EDGE_CURVE('',#4344,#4606,#2169,.T.);
#5713=EDGE_CURVE('',#4606,#4340,#2170,.T.);
#5714=EDGE_CURVE('',#4338,#4607,#1595,.T.);
#5715=EDGE_CURVE('',#4608,#4607,#2171,.T.);
#5716=EDGE_CURVE('',#4608,#4603,#2172,.T.);
#5717=EDGE_CURVE('',#4348,#4605,#2173,.T.);
#5718=EDGE_CURVE('',#4604,#4488,#2174,.T.);
#5719=EDGE_CURVE('',#4491,#4347,#2175,.T.);
#5720=EDGE_CURVE('',#4606,#4343,#2176,.T.);
#5721=EDGE_CURVE('',#4609,#4608,#2177,.T.);
#5722=EDGE_CURVE('',#4609,#4603,#2178,.T.);
#5723=EDGE_CURVE('',#4315,#4609,#2179,.T.);
#5724=EDGE_CURVE('',#4610,#4609,#2180,.T.);
#5725=EDGE_CURVE('',#4610,#4611,#1596,.T.);
#5726=EDGE_CURVE('',#4611,#4316,#2181,.T.);
#5727=EDGE_CURVE('',#4342,#4611,#2182,.T.);
#5728=EDGE_CURVE('',#4337,#4611,#1597,.T.);
#5729=EDGE_CURVE('',#4337,#4610,#1598,.T.);
#5730=EDGE_CURVE('',#4610,#4607,#2183,.T.);
#5731=EDGE_CURVE('',#4479,#4445,#2184,.T.);
#5732=EDGE_CURVE('',#4450,#4480,#2185,.T.);
#5733=EDGE_CURVE('',#4481,#4449,#2186,.T.);
#5734=EDGE_CURVE('',#4482,#4448,#2187,.T.);
#5735=EDGE_CURVE('',#4438,#4612,#2188,.T.);
#5736=EDGE_CURVE('',#4426,#4612,#2189,.T.);
#5737=EDGE_CURVE('',#4420,#4613,#2190,.T.);
#5738=EDGE_CURVE('',#4613,#4614,#2191,.T.);
#5739=EDGE_CURVE('',#4614,#4421,#2192,.T.);
#5740=EDGE_CURVE('',#4615,#4427,#2193,.T.);
#5741=EDGE_CURVE('',#4612,#4615,#2194,.T.);
#5742=EDGE_CURVE('',#4429,#4614,#2195,.T.);
#5743=EDGE_CURVE('',#4430,#4613,#2196,.T.);
#5744=EDGE_CURVE('',#4437,#4615,#2197,.T.);
#5745=EDGE_CURVE('',#4254,#4616,#2198,.T.);
#5746=EDGE_CURVE('',#4616,#4617,#2199,.T.);
#5747=EDGE_CURVE('',#4617,#4618,#2200,.T.);
#5748=EDGE_CURVE('',#4618,#4619,#2201,.T.);
#5749=EDGE_CURVE('',#4619,#4620,#1599,.T.);
#5750=EDGE_CURVE('',#4620,#4621,#2202,.T.);
#5751=EDGE_CURVE('',#4621,#4253,#2203,.T.);
#5752=EDGE_CURVE('',#4622,#4623,#2204,.T.);
#5753=EDGE_CURVE('',#4624,#4622,#2205,.T.);
#5754=EDGE_CURVE('',#4625,#4624,#2206,.T.);
#5755=EDGE_CURVE('',#4626,#4625,#2207,.T.);
#5756=EDGE_CURVE('',#4626,#4627,#2208,.T.);
#5757=EDGE_CURVE('',#4628,#4627,#2209,.T.);
#5758=EDGE_CURVE('',#4629,#4628,#2210,.T.);
#5759=EDGE_CURVE('',#4623,#4629,#2211,.T.);
#5760=EDGE_CURVE('',#4630,#4631,#1600,.T.);
#5761=EDGE_CURVE('',#4632,#4630,#2212,.T.);
#5762=EDGE_CURVE('',#4633,#4632,#1601,.T.);
#5763=EDGE_CURVE('',#4633,#4634,#2213,.T.);
#5764=EDGE_CURVE('',#4635,#4634,#1602,.T.);
#5765=EDGE_CURVE('',#4636,#4635,#1603,.T.);
#5766=EDGE_CURVE('',#4637,#4636,#2214,.T.);
#5767=EDGE_CURVE('',#4638,#4637,#1604,.T.);
#5768=EDGE_CURVE('',#4639,#4638,#1605,.T.);
#5769=EDGE_CURVE('',#4639,#4631,#2215,.T.);
#5770=EDGE_CURVE('',#4640,#4641,#1606,.T.);
#5771=EDGE_CURVE('',#4640,#4641,#2216,.T.);
#5772=EDGE_CURVE('',#4641,#4244,#2217,.T.);
#5773=EDGE_CURVE('',#4640,#4239,#2218,.T.);
#5774=EDGE_CURVE('',#4242,#4238,#510,.T.);
#5775=EDGE_CURVE('',#4642,#4643,#1607,.T.);
#5776=EDGE_CURVE('',#4643,#4642,#2219,.T.);
#5777=EDGE_CURVE('',#4643,#4644,#2220,.T.);
#5778=EDGE_CURVE('',#4645,#4644,#1608,.T.);
#5779=EDGE_CURVE('',#4642,#4645,#2221,.T.);
#5780=EDGE_CURVE('',#4646,#4647,#2222,.T.);
#5781=EDGE_CURVE('',#4646,#4648,#2223,.T.);
#5782=EDGE_CURVE('',#4649,#4648,#2224,.T.);
#5783=EDGE_CURVE('',#4649,#4644,#2225,.T.);
#5784=EDGE_CURVE('',#4645,#4650,#2226,.T.);
#5785=EDGE_CURVE('',#4651,#4650,#2227,.T.);
#5786=EDGE_CURVE('',#4647,#4651,#2228,.T.);
#5787=EDGE_CURVE('',#4646,#4229,#2229,.T.);
#5788=EDGE_CURVE('',#4652,#4228,#2230,.T.);
#5789=EDGE_CURVE('',#4653,#4652,#2231,.T.);
#5790=EDGE_CURVE('',#4648,#4653,#2232,.T.);
#5791=EDGE_CURVE('',#4235,#4654,#2233,.T.);
#5792=EDGE_CURVE('',#4234,#4655,#2234,.T.);
#5793=EDGE_CURVE('',#4655,#4656,#2235,.T.);
#5794=EDGE_CURVE('',#4657,#4656,#2236,.T.);
#5795=EDGE_CURVE('',#4654,#4657,#2237,.T.);
#5796=EDGE_CURVE('',#4237,#4658,#1609,.T.);
#5797=EDGE_CURVE('',#4659,#4658,#2238,.T.);
#5798=EDGE_CURVE('',#4241,#4659,#1610,.T.);
#5799=EDGE_CURVE('',#4660,#4225,#2239,.T.);
#5800=EDGE_CURVE('',#4230,#4635,#2240,.T.);
#5801=EDGE_CURVE('',#4634,#4660,#2241,.T.);
#5802=EDGE_CURVE('',#4661,#4662,#2242,.T.);
#5803=EDGE_CURVE('',#4662,#4663,#2243,.T.);
#5804=EDGE_CURVE('',#4664,#4663,#2244,.T.);
#5805=EDGE_CURVE('',#4664,#4661,#1611,.T.);
#5806=EDGE_CURVE('',#4665,#4666,#2245,.T.);
#5807=EDGE_CURVE('',#4663,#4666,#2246,.T.);
#5808=EDGE_CURVE('',#4662,#4665,#2247,.T.);
#5809=EDGE_CURVE('',#4666,#4667,#2248,.T.);
#5810=EDGE_CURVE('',#4668,#4665,#2249,.T.);
#5811=EDGE_CURVE('',#4668,#4667,#1612,.T.);
#5812=EDGE_CURVE('',#4627,#4232,#2250,.T.);
#5813=EDGE_CURVE('',#4626,#4668,#1613,.T.);
#5814=EDGE_CURVE('',#4668,#4233,#2251,.T.);
#5815=EDGE_CURVE('',#4628,#4241,#2252,.T.);
#5816=EDGE_CURVE('',#4659,#4661,#2253,.T.);
#5817=EDGE_CURVE('',#4661,#4629,#1614,.T.);
#5818=EDGE_CURVE('',#4623,#4669,#1615,.T.);
#5819=EDGE_CURVE('',#4667,#4664,#2254,.T.);
#5820=EDGE_CURVE('',#4670,#4625,#1616,.T.);
#5821=EDGE_CURVE('',#4669,#4670,#2255,.T.);
#5822=EDGE_CURVE('',#4636,#4671,#2256,.T.);
#5823=EDGE_CURVE('',#4671,#4672,#2257,.T.);
#5824=EDGE_CURVE('',#4672,#4637,#2258,.T.);
#5825=EDGE_CURVE('',#4635,#4673,#2259,.T.);
#5826=EDGE_CURVE('',#4673,#4671,#2260,.T.);
#5827=EDGE_CURVE('',#4674,#4672,#2261,.T.);
#5828=EDGE_CURVE('',#4673,#4674,#2262,.T.);
#5829=EDGE_CURVE('',#4638,#4674,#2263,.T.);
#5830=EDGE_CURVE('',#4631,#4675,#2264,.T.);
#5831=EDGE_CURVE('',#4639,#4676,#2265,.T.);
#5832=EDGE_CURVE('',#4676,#4660,#2266,.T.);
#5833=EDGE_CURVE('',#4677,#4633,#2267,.T.);
#5834=EDGE_CURVE('',#4675,#4677,#2268,.T.);
#5835=EDGE_CURVE('',#4676,#4237,#2269,.T.);
#5836=EDGE_CURVE('',#4638,#4658,#2270,.T.);
#5837=EDGE_CURVE('',#4647,#4655,#2271,.T.);
#5838=EDGE_CURVE('',#4656,#4651,#2272,.T.);
#5839=EDGE_CURVE('',#4653,#4678,#2273,.T.);
#5840=EDGE_CURVE('',#4679,#4652,#2274,.T.);
#5841=EDGE_CURVE('',#4240,#4679,#1617,.T.);
#5842=EDGE_CURVE('',#4680,#4243,#1618,.T.);
#5843=EDGE_CURVE('',#4681,#4680,#2275,.T.);
#5844=EDGE_CURVE('',#4654,#4681,#2276,.T.);
#5845=EDGE_CURVE('',#4682,#4657,#2277,.T.);
#5846=EDGE_CURVE('',#4683,#4682,#2278,.T.);
#5847=EDGE_CURVE('',#4683,#4650,#1619,.T.);
#5848=EDGE_CURVE('',#4649,#4678,#1620,.T.);
#5849=EDGE_CURVE('',#4235,#4236,#2279,.T.);
#5850=EDGE_CURVE('',#4684,#4654,#2280,.T.);
#5851=EDGE_CURVE('',#4684,#4685,#2281,.T.);
#5852=EDGE_CURVE('',#4685,#4686,#2282,.T.);
#5853=EDGE_CURVE('',#4687,#4686,#2283,.T.);
#5854=EDGE_CURVE('',#4688,#4687,#2284,.T.);
#5855=EDGE_CURVE('',#4243,#4688,#1621,.T.);
#5856=EDGE_CURVE('',#4622,#4689,#1622,.T.);
#5857=EDGE_CURVE('',#4689,#4690,#2285,.T.);
#5858=EDGE_CURVE('',#4624,#4690,#1623,.T.);
#5859=EDGE_CURVE('',#4691,#4670,#1624,.T.);
#5860=EDGE_CURVE('',#4692,#4691,#2286,.T.);
#5861=EDGE_CURVE('',#4692,#4669,#1625,.T.);
#5862=EDGE_CURVE('',#4690,#4693,#2287,.T.);
#5863=EDGE_CURVE('',#4693,#4694,#1626,.T.);
#5864=EDGE_CURVE('',#4694,#4695,#2288,.T.);
#5865=EDGE_CURVE('',#4696,#4695,#2289,.T.);
#5866=EDGE_CURVE('',#4696,#4697,#1627,.T.);
#5867=EDGE_CURVE('',#4697,#4691,#2290,.T.);
#5868=EDGE_CURVE('',#4698,#4630,#1628,.T.);
#5869=EDGE_CURVE('',#4699,#4698,#2291,.T.);
#5870=EDGE_CURVE('',#4699,#4632,#1629,.T.);
#5871=EDGE_CURVE('',#4677,#4700,#1630,.T.);
#5872=EDGE_CURVE('',#4700,#4701,#2292,.T.);
#5873=EDGE_CURVE('',#4675,#4701,#1631,.T.);
#5874=EDGE_CURVE('',#4702,#4699,#2293,.T.);
#5875=EDGE_CURVE('',#4702,#4703,#1632,.T.);
#5876=EDGE_CURVE('',#4704,#4703,#2294,.T.);
#5877=EDGE_CURVE('',#4705,#4704,#2295,.T.);
#5878=EDGE_CURVE('',#4706,#4705,#1633,.T.);
#5879=EDGE_CURVE('',#4700,#4706,#2296,.T.);
#5880=EDGE_CURVE('',#4707,#4708,#2297,.T.);
#5881=EDGE_CURVE('',#4709,#4707,#1634,.T.);
#5882=EDGE_CURVE('',#4709,#4710,#2298,.T.);
#5883=EDGE_CURVE('',#4708,#4710,#1635,.T.);
#5884=EDGE_CURVE('',#4710,#4704,#2299,.T.);
#5885=EDGE_CURVE('',#4711,#4709,#2300,.T.);
#5886=EDGE_CURVE('',#4711,#4712,#1636,.T.);
#5887=EDGE_CURVE('',#4704,#4712,#2301,.T.);
#5888=EDGE_CURVE('',#4706,#4713,#2302,.T.);
#5889=EDGE_CURVE('',#4705,#4714,#2303,.T.);
#5890=EDGE_CURVE('',#4714,#4713,#1637,.T.);
#5891=EDGE_CURVE('',#4715,#4694,#2304,.T.);
#5892=EDGE_CURVE('',#4716,#4693,#2305,.T.);
#5893=EDGE_CURVE('',#4715,#4716,#1638,.T.);
#5894=EDGE_CURVE('',#4701,#4713,#2306,.T.);
#5895=EDGE_CURVE('',#4689,#4716,#2307,.T.);
#5896=EDGE_CURVE('',#4697,#4702,#2308,.T.);
#5897=EDGE_CURVE('',#4696,#4703,#2309,.T.);
#5898=EDGE_CURVE('',#4717,#4718,#14,.T.);
#5899=EDGE_CURVE('',#4692,#4718,#2310,.T.);
#5900=EDGE_CURVE('',#4698,#4719,#2311,.T.);
#5901=EDGE_CURVE('',#4719,#4720,#15,.T.);
#5902=EDGE_CURVE('',#4720,#4717,#2312,.T.);
#5903=EDGE_CURVE('',#4721,#4718,#2313,.T.);
#5904=EDGE_CURVE('',#4715,#4721,#2314,.T.);
#5905=EDGE_CURVE('',#4722,#4717,#2315,.T.);
#5906=EDGE_CURVE('',#4721,#4722,#16,.T.);
#5907=EDGE_CURVE('',#4723,#4720,#2316,.T.);
#5908=EDGE_CURVE('',#4723,#4722,#2317,.T.);
#5909=EDGE_CURVE('',#4724,#4719,#2318,.T.);
#5910=EDGE_CURVE('',#4723,#4724,#17,.T.);
#5911=EDGE_CURVE('',#4714,#4724,#2319,.T.);
#5912=EDGE_CURVE('',#4725,#4712,#2320,.T.);
#5913=EDGE_CURVE('',#4695,#4725,#2321,.T.);
#5914=EDGE_CURVE('',#4726,#4711,#2322,.T.);
#5915=EDGE_CURVE('',#4725,#4726,#1639,.T.);
#5916=EDGE_CURVE('',#4727,#4728,#2323,.T.);
#5917=EDGE_CURVE('',#4727,#4695,#2324,.T.);
#5918=EDGE_CURVE('',#4728,#4726,#2325,.T.);
#5919=EDGE_CURVE('',#4729,#4730,#2326,.T.);
#5920=EDGE_CURVE('',#4727,#4729,#1640,.T.);
#5921=EDGE_CURVE('',#4730,#4728,#1641,.T.);
#5922=EDGE_CURVE('',#4731,#4732,#2327,.T.);
#5923=EDGE_CURVE('',#4733,#4731,#2328,.T.);
#5924=EDGE_CURVE('',#4733,#4707,#2329,.T.);
#5925=EDGE_CURVE('',#4732,#4708,#2330,.T.);
#5926=EDGE_CURVE('',#4730,#4734,#2331,.T.);
#5927=EDGE_CURVE('',#4735,#4734,#2332,.T.);
#5928=EDGE_CURVE('',#4736,#4735,#2333,.T.);
#5929=EDGE_CURVE('',#4729,#4736,#2334,.T.);
#5930=EDGE_CURVE('',#4737,#4738,#2335,.T.);
#5931=EDGE_CURVE('',#4735,#4737,#1642,.T.);
#5932=EDGE_CURVE('',#4738,#4734,#1643,.T.);
#5933=EDGE_CURVE('',#4738,#4739,#2336,.T.);
#5934=EDGE_CURVE('',#4739,#4740,#2337,.T.);
#5935=EDGE_CURVE('',#4740,#4741,#2338,.T.);
#5936=EDGE_CURVE('',#4741,#4742,#2339,.T.);
#5937=EDGE_CURVE('',#4742,#4743,#1644,.T.);
#5938=EDGE_CURVE('',#4743,#4744,#2340,.T.);
#5939=EDGE_CURVE('',#4737,#4744,#2341,.T.);
#5940=EDGE_CURVE('',#4743,#4745,#2342,.T.);
#5941=EDGE_CURVE('',#4742,#4746,#2343,.T.);
#5942=EDGE_CURVE('',#4745,#4746,#1645,.T.);
#5943=EDGE_CURVE('',#4747,#4748,#2344,.T.);
#5944=EDGE_CURVE('',#4749,#4748,#1646,.T.);
#5945=EDGE_CURVE('',#4750,#4749,#2345,.T.);
#5946=EDGE_CURVE('',#4750,#4747,#1647,.T.);
#5947=EDGE_CURVE('',#4751,#4741,#2346,.T.);
#5948=EDGE_CURVE('',#4751,#4746,#2347,.T.);
#5949=EDGE_CURVE('',#4752,#4753,#2348,.T.);
#5950=EDGE_CURVE('',#4752,#4748,#2349,.T.);
#5951=EDGE_CURVE('',#4753,#4747,#2350,.T.);
#5952=EDGE_CURVE('',#4754,#4740,#2351,.T.);
#5953=EDGE_CURVE('',#4754,#4751,#2352,.T.);
#5954=EDGE_CURVE('',#4755,#4756,#2353,.T.);
#5955=EDGE_CURVE('',#4755,#4752,#2354,.T.);
#5956=EDGE_CURVE('',#4756,#4753,#2355,.T.);
#5957=EDGE_CURVE('',#4757,#4739,#2356,.T.);
#5958=EDGE_CURVE('',#4757,#4754,#2357,.T.);
#5959=EDGE_CURVE('',#4758,#4759,#2358,.T.);
#5960=EDGE_CURVE('',#4758,#4755,#2359,.T.);
#5961=EDGE_CURVE('',#4759,#4756,#2360,.T.);
#5962=EDGE_CURVE('',#4760,#4761,#1648,.T.);
#5963=EDGE_CURVE('',#4757,#4761,#2361,.T.);
#5964=EDGE_CURVE('',#4733,#4762,#1649,.T.);
#5965=EDGE_CURVE('',#4762,#4758,#2362,.T.);
#5966=EDGE_CURVE('',#4759,#4763,#2363,.T.);
#5967=EDGE_CURVE('',#4763,#4764,#1650,.T.);
#5968=EDGE_CURVE('',#4764,#4760,#2364,.T.);
#5969=EDGE_CURVE('',#4745,#4765,#2365,.T.);
#5970=EDGE_CURVE('',#4765,#4761,#2366,.T.);
#5971=EDGE_CURVE('',#4766,#4760,#2367,.T.);
#5972=EDGE_CURVE('',#4765,#4766,#1651,.T.);
#5973=EDGE_CURVE('',#4767,#4764,#2368,.T.);
#5974=EDGE_CURVE('',#4767,#4766,#2369,.T.);
#5975=EDGE_CURVE('',#4768,#4763,#2370,.T.);
#5976=EDGE_CURVE('',#4767,#4768,#1652,.T.);
#5977=EDGE_CURVE('',#4750,#4768,#2371,.T.);
#5978=EDGE_CURVE('',#4744,#4769,#2372,.T.);
#5979=EDGE_CURVE('',#4749,#4770,#2373,.T.);
#5980=EDGE_CURVE('',#4771,#4770,#2374,.T.);
#5981=EDGE_CURVE('',#4771,#4732,#2375,.T.);
#5982=EDGE_CURVE('',#4769,#4736,#2376,.T.);
#5983=EDGE_CURVE('',#4762,#4772,#2377,.T.);
#5984=EDGE_CURVE('',#4772,#4731,#1653,.T.);
#5985=EDGE_CURVE('',#4770,#4772,#2378,.T.);
#5986=EDGE_CURVE('',#4773,#4774,#2379,.T.);
#5987=EDGE_CURVE('',#4773,#4565,#2380,.T.);
#5988=EDGE_CURVE('',#4601,#4775,#2381,.T.);
#5989=EDGE_CURVE('',#4775,#4776,#2382,.T.);
#5990=EDGE_CURVE('',#4774,#4776,#2383,.T.);
#5991=EDGE_CURVE('',#4777,#4687,#1654,.T.);
#5992=EDGE_CURVE('',#4620,#4777,#2384,.T.);
#5993=EDGE_CURVE('',#4619,#4778,#2385,.T.);
#5994=EDGE_CURVE('',#4778,#4688,#511,.T.);
#5995=EDGE_CURVE('',#4779,#4681,#2386,.T.);
#5996=EDGE_CURVE('',#4780,#4779,#2387,.T.);
#5997=EDGE_CURVE('',#4780,#4684,#2388,.T.);
#5998=EDGE_CURVE('',#4781,#4782,#512,.T.);
#5999=EDGE_CURVE('',#4782,#4783,#1655,.T.);
#6000=EDGE_CURVE('',#4784,#4783,#513,.T.);
#6001=EDGE_CURVE('',#4781,#4784,#1656,.T.);
#6002=EDGE_CURVE('',#4785,#4786,#2389,.T.);
#6003=EDGE_CURVE('',#4782,#4785,#2390,.T.);
#6004=EDGE_CURVE('',#4781,#4786,#2391,.T.);
#6005=EDGE_CURVE('',#4787,#4788,#2392,.T.);
#6006=EDGE_CURVE('',#4789,#4787,#2393,.T.);
#6007=EDGE_CURVE('',#4789,#4790,#2394,.T.);
#6008=EDGE_CURVE('',#4788,#4790,#2395,.T.);
#6009=EDGE_CURVE('',#4791,#4787,#2396,.T.);
#6010=EDGE_CURVE('',#4791,#4792,#2397,.T.);
#6011=EDGE_CURVE('',#4792,#4789,#2398,.T.);
#6012=EDGE_CURVE('',#4793,#4794,#2399,.T.);
#6013=EDGE_CURVE('',#4795,#4794,#2400,.T.);
#6014=EDGE_CURVE('',#4795,#4796,#2401,.T.);
#6015=EDGE_CURVE('',#4793,#4796,#2402,.T.);
#6016=EDGE_CURVE('',#4797,#4798,#2403,.T.);
#6017=EDGE_CURVE('',#4794,#4798,#2404,.T.);
#6018=EDGE_CURVE('',#4793,#4797,#2405,.T.);
#6019=EDGE_CURVE('',#4799,#4800,#2406,.T.);
#6020=EDGE_CURVE('',#4798,#4799,#2407,.T.);
#6021=EDGE_CURVE('',#4797,#4800,#2408,.T.);
#6022=EDGE_CURVE('',#4799,#4795,#2409,.T.);
#6023=EDGE_CURVE('',#4801,#4802,#2410,.T.);
#6024=EDGE_CURVE('',#4802,#4803,#2411,.T.);
#6025=EDGE_CURVE('',#4803,#4804,#2412,.T.);
#6026=EDGE_CURVE('',#4801,#4804,#2413,.T.);
#6027=EDGE_CURVE('',#4805,#4806,#2414,.T.);
#6028=EDGE_CURVE('',#4806,#4807,#2415,.T.);
#6029=EDGE_CURVE('',#4808,#4807,#2416,.T.);
#6030=EDGE_CURVE('',#4805,#4808,#2417,.T.);
#6031=EDGE_CURVE('',#4806,#4744,#2418,.T.);
#6032=EDGE_CURVE('',#4805,#4809,#2419,.T.);
#6033=EDGE_CURVE('',#4736,#4809,#2420,.T.);
#6034=EDGE_CURVE('',#4810,#4811,#2421,.T.);
#6035=EDGE_CURVE('',#4812,#4810,#1657,.T.);
#6036=EDGE_CURVE('',#4812,#4813,#2422,.T.);
#6037=EDGE_CURVE('',#4813,#4811,#1658,.T.);
#6038=EDGE_CURVE('',#4812,#4814,#2423,.T.);
#6039=EDGE_CURVE('',#4814,#4815,#2424,.T.);
#6040=EDGE_CURVE('',#4815,#4813,#2425,.T.);
#6041=EDGE_CURVE('',#4816,#4815,#2426,.T.);
#6042=EDGE_CURVE('',#4816,#4769,#2427,.T.);
#6043=EDGE_CURVE('',#4817,#4809,#2428,.T.);
#6044=EDGE_CURVE('',#4811,#4817,#2429,.T.);
#6045=EDGE_CURVE('',#4818,#4819,#2430,.T.);
#6046=EDGE_CURVE('',#4819,#4820,#2431,.T.);
#6047=EDGE_CURVE('',#4821,#4820,#2432,.T.);
#6048=EDGE_CURVE('',#4818,#4821,#2433,.T.);
#6049=EDGE_CURVE('',#4822,#4823,#2434,.T.);
#6050=EDGE_CURVE('',#4823,#4807,#2435,.T.);
#6051=EDGE_CURVE('',#4816,#4822,#2436,.T.);
#6052=EDGE_CURVE('',#4819,#4824,#2437,.T.);
#6053=EDGE_CURVE('',#4825,#4824,#2438,.T.);
#6054=EDGE_CURVE('',#4825,#4826,#2439,.T.);
#6055=EDGE_CURVE('',#4771,#4826,#2440,.T.);
#6056=EDGE_CURVE('',#4770,#4820,#2441,.T.);
#6057=EDGE_CURVE('',#4732,#4827,#2442,.T.);
#6058=EDGE_CURVE('',#4827,#4821,#2443,.T.);
#6059=EDGE_CURVE('',#4826,#4814,#2444,.T.);
#6060=EDGE_CURVE('',#4810,#4828,#2445,.T.);
#6061=EDGE_CURVE('',#4827,#4828,#2446,.T.);
#6062=EDGE_CURVE('',#4817,#4808,#2447,.T.);
#6063=EDGE_CURVE('',#4818,#4828,#2448,.T.);
#6064=EDGE_CURVE('',#4829,#4823,#2449,.T.);
#6065=EDGE_CURVE('',#4830,#4829,#2450,.T.);
#6066=EDGE_CURVE('',#4830,#4824,#2451,.T.);
#6067=EDGE_CURVE('',#4831,#4830,#2452,.T.);
#6068=EDGE_CURVE('',#4829,#4832,#2453,.T.);
#6069=EDGE_CURVE('',#4832,#4831,#2454,.T.);
#6070=EDGE_CURVE('',#4831,#4833,#1659,.T.);
#6071=EDGE_CURVE('',#4834,#4832,#1660,.T.);
#6072=EDGE_CURVE('',#4834,#4833,#2455,.T.);
#6073=EDGE_CURVE('',#4835,#4834,#2456,.T.);
#6074=EDGE_CURVE('',#4836,#4835,#2457,.T.);
#6075=EDGE_CURVE('',#4801,#4836,#2458,.T.);
#6076=EDGE_CURVE('',#4804,#4837,#2459,.T.);
#6077=EDGE_CURVE('',#4838,#4837,#2460,.T.);
#6078=EDGE_CURVE('',#4838,#4833,#2461,.T.);
#6079=EDGE_CURVE('',#4839,#4802,#2462,.T.);
#6080=EDGE_CURVE('',#4836,#4839,#2463,.T.);
#6081=EDGE_CURVE('',#4840,#4803,#2464,.T.);
#6082=EDGE_CURVE('',#4839,#4840,#2465,.T.);
#6083=EDGE_CURVE('',#4837,#4840,#2466,.T.);
#6084=EDGE_CURVE('',#4835,#4841,#2467,.T.);
#6085=EDGE_CURVE('',#4839,#4841,#2468,.T.);
#6086=EDGE_CURVE('',#4838,#4842,#2469,.T.);
#6087=EDGE_CURVE('',#4842,#4840,#2470,.T.);
#6088=EDGE_CURVE('',#4842,#4843,#2471,.T.);
#6089=EDGE_CURVE('',#4843,#4844,#2472,.T.);
#6090=EDGE_CURVE('',#4845,#4844,#2473,.T.);
#6091=EDGE_CURVE('',#4845,#4846,#1661,.T.);
#6092=EDGE_CURVE('',#4847,#4846,#2474,.T.);
#6093=EDGE_CURVE('',#4847,#4848,#2475,.T.);
#6094=EDGE_CURVE('',#4848,#4849,#2476,.T.);
#6095=EDGE_CURVE('',#4849,#4850,#2477,.T.);
#6096=EDGE_CURVE('',#4851,#4850,#2478,.T.);
#6097=EDGE_CURVE('',#4852,#4851,#2479,.T.);
#6098=EDGE_CURVE('',#4852,#4825,#2480,.T.);
#6099=EDGE_CURVE('',#4853,#4854,#2481,.T.);
#6100=EDGE_CURVE('',#4848,#4853,#2482,.T.);
#6101=EDGE_CURVE('',#4855,#4847,#2483,.T.);
#6102=EDGE_CURVE('',#4855,#4856,#2484,.T.);
#6103=EDGE_CURVE('',#4856,#4854,#2485,.T.);
#6104=EDGE_CURVE('',#4856,#4649,#1662,.T.);
#6105=EDGE_CURVE('',#4857,#4855,#1663,.T.);
#6106=EDGE_CURVE('',#4857,#4858,#2486,.T.);
#6107=EDGE_CURVE('',#4650,#4858,#1664,.T.);
#6108=EDGE_CURVE('',#4859,#4683,#2487,.T.);
#6109=EDGE_CURVE('',#4859,#4860,#1665,.T.);
#6110=EDGE_CURVE('',#4678,#4860,#2488,.T.);
#6111=EDGE_CURVE('',#4861,#4682,#2489,.T.);
#6112=EDGE_CURVE('',#4861,#4859,#2490,.T.);
#6113=EDGE_CURVE('',#4860,#4862,#2491,.T.);
#6114=EDGE_CURVE('',#4862,#4863,#2492,.T.);
#6115=EDGE_CURVE('',#4863,#4653,#2493,.T.);
#6116=EDGE_CURVE('',#4864,#4865,#2494,.T.);
#6117=EDGE_CURVE('',#4861,#4864,#2495,.T.);
#6118=EDGE_CURVE('',#4657,#4865,#2496,.T.);
#6119=EDGE_CURVE('',#4866,#4864,#2497,.T.);
#6120=EDGE_CURVE('',#4867,#4864,#2498,.T.);
#6121=EDGE_CURVE('',#4792,#4867,#2499,.T.);
#6122=EDGE_CURVE('',#4792,#4866,#2500,.T.);
#6123=EDGE_CURVE('',#4868,#4861,#2501,.T.);
#6124=EDGE_CURVE('',#4868,#4866,#2502,.T.);
#6125=EDGE_CURVE('',#4869,#4859,#514,.T.);
#6126=EDGE_CURVE('',#4868,#4869,#2503,.T.);
#6127=EDGE_CURVE('',#4870,#4860,#515,.T.);
#6128=EDGE_CURVE('',#4869,#4870,#1666,.T.);
#6129=EDGE_CURVE('',#4871,#4862,#2504,.T.);
#6130=EDGE_CURVE('',#4870,#4871,#2505,.T.);
#6131=EDGE_CURVE('',#4872,#4873,#2506,.T.);
#6132=EDGE_CURVE('',#4862,#4873,#2507,.T.);
#6133=EDGE_CURVE('',#4871,#4872,#2508,.T.);
#6134=EDGE_CURVE('',#4874,#4875,#2509,.T.);
#6135=EDGE_CURVE('',#4875,#4876,#2510,.T.);
#6136=EDGE_CURVE('',#4877,#4876,#2511,.T.);
#6137=EDGE_CURVE('',#4877,#4874,#2512,.T.);
#6138=EDGE_CURVE('',#4867,#4790,#2513,.T.);
#6139=EDGE_CURVE('',#4875,#4872,#2514,.T.);
#6140=EDGE_CURVE('',#4873,#4874,#2515,.T.);
#6141=EDGE_CURVE('',#4878,#4872,#2516,.T.);
#6142=EDGE_CURVE('',#4876,#4878,#2517,.T.);
#6143=EDGE_CURVE('',#4791,#4879,#2518,.T.);
#6144=EDGE_CURVE('',#4879,#4788,#2519,.T.);
#6145=EDGE_CURVE('',#4878,#4880,#2520,.T.);
#6146=EDGE_CURVE('',#4880,#4877,#2521,.T.);
#6147=EDGE_CURVE('',#4880,#4786,#2522,.T.);
#6148=EDGE_CURVE('',#4878,#4785,#2523,.T.);
#6149=EDGE_CURVE('',#4881,#4618,#2524,.T.);
#6150=EDGE_CURVE('',#4882,#4617,#2525,.T.);
#6151=EDGE_CURVE('',#4882,#4881,#2526,.T.);
#6152=EDGE_CURVE('',#4883,#4884,#2527,.T.);
#6153=EDGE_CURVE('',#4884,#4885,#2528,.T.);
#6154=EDGE_CURVE('',#4886,#4885,#2529,.T.);
#6155=EDGE_CURVE('',#4887,#4886,#2530,.T.);
#6156=EDGE_CURVE('',#4887,#4853,#2531,.T.);
#6157=EDGE_CURVE('',#4863,#4854,#2532,.T.);
#6158=EDGE_CURVE('',#4786,#4888,#2533,.T.);
#6159=EDGE_CURVE('',#4881,#4888,#2534,.T.);
#6160=EDGE_CURVE('',#4889,#4882,#2535,.T.);
#6161=EDGE_CURVE('',#4889,#4883,#2536,.T.);
#6162=EDGE_CURVE('',#4890,#4891,#2537,.T.);
#6163=EDGE_CURVE('',#4891,#4892,#2538,.T.);
#6164=EDGE_CURVE('',#4892,#4893,#2539,.T.);
#6165=EDGE_CURVE('',#4890,#4893,#2540,.T.);
#6166=EDGE_CURVE('',#4885,#4894,#2541,.T.);
#6167=EDGE_CURVE('',#4894,#4895,#2542,.T.);
#6168=EDGE_CURVE('',#4895,#4886,#2543,.T.);
#6169=EDGE_CURVE('',#4896,#4892,#2544,.T.);
#6170=EDGE_CURVE('',#4897,#4891,#2545,.T.);
#6171=EDGE_CURVE('',#4897,#4896,#2546,.T.);
#6172=EDGE_CURVE('',#4898,#4894,#2547,.T.);
#6173=EDGE_CURVE('',#4884,#4898,#2548,.T.);
#6174=EDGE_CURVE('',#4899,#4893,#2549,.T.);
#6175=EDGE_CURVE('',#4896,#4899,#2550,.T.);
#6176=EDGE_CURVE('',#4900,#4895,#2551,.T.);
#6177=EDGE_CURVE('',#4898,#4900,#2552,.T.);
#6178=EDGE_CURVE('',#4901,#4890,#2553,.T.);
#6179=EDGE_CURVE('',#4901,#4897,#2554,.T.);
#6180=EDGE_CURVE('',#4900,#4887,#2555,.T.);
#6181=EDGE_CURVE('',#4883,#4849,#2556,.T.);
#6182=EDGE_CURVE('',#4902,#4903,#2557,.T.);
#6183=EDGE_CURVE('',#4902,#4904,#2558,.T.);
#6184=EDGE_CURVE('',#4904,#4905,#2559,.T.);
#6185=EDGE_CURVE('',#4905,#4899,#2560,.T.);
#6186=EDGE_CURVE('',#4901,#4903,#2561,.T.);
#6187=EDGE_CURVE('',#4906,#4907,#2562,.T.);
#6188=EDGE_CURVE('',#4685,#4906,#2563,.T.);
#6189=EDGE_CURVE('',#4780,#4879,#2564,.T.);
#6190=EDGE_CURVE('',#4908,#4865,#2565,.T.);
#6191=EDGE_CURVE('',#4903,#4908,#2566,.T.);
#6192=EDGE_CURVE('',#4905,#4907,#2567,.T.);
#6193=EDGE_CURVE('',#4906,#4909,#2568,.T.);
#6194=EDGE_CURVE('',#4686,#4909,#2569,.T.);
#6195=EDGE_CURVE('',#4773,#4777,#2570,.T.);
#6196=EDGE_CURVE('',#4909,#4775,#2571,.T.);
#6197=EDGE_CURVE('',#4910,#4907,#2572,.T.);
#6198=EDGE_CURVE('',#4776,#4910,#2573,.T.);
#6199=EDGE_CURVE('',#4889,#4850,#2574,.T.);
#6200=EDGE_CURVE('',#4910,#4904,#2575,.T.);
#6201=EDGE_CURVE('',#4616,#4851,#2576,.T.);
#6202=EDGE_CURVE('',#4621,#4852,#2577,.T.);
#6203=EDGE_CURVE('',#4822,#4774,#2578,.T.);
#6204=EDGE_CURVE('',#4911,#4902,#2579,.T.);
#6205=EDGE_CURVE('',#4912,#4911,#2580,.T.);
#6206=EDGE_CURVE('',#4912,#4913,#1667,.T.);
#6207=EDGE_CURVE('',#4913,#4914,#2581,.T.);
#6208=EDGE_CURVE('',#4915,#4914,#2582,.T.);
#6209=EDGE_CURVE('',#4915,#4841,#2583,.T.);
#6210=EDGE_CURVE('',#4844,#4796,#2584,.T.);
#6211=EDGE_CURVE('',#4800,#4914,#2585,.T.);
#6212=EDGE_CURVE('',#4845,#4913,#2586,.T.);
#6213=EDGE_CURVE('',#4846,#4912,#2587,.T.);
#6214=EDGE_CURVE('',#4911,#4857,#2588,.T.);
#6215=EDGE_CURVE('',#4908,#4858,#2589,.T.);
#6216=EDGE_CURVE('',#4778,#4240,#1668,.T.);
#6217=EDGE_CURVE('',#4652,#4888,#2590,.T.);
#6218=EDGE_CURVE('',#4227,#4228,#2591,.T.);
#6219=EDGE_CURVE('',#4679,#4781,#2592,.T.);
#6220=EDGE_CURVE('',#4784,#4680,#2593,.T.);
#6221=EDGE_CURVE('',#4779,#4784,#2594,.T.);
#6222=EDGE_CURVE('',#4916,#4783,#2595,.T.);
#6223=EDGE_CURVE('',#4779,#4916,#2596,.T.);
#6224=EDGE_CURVE('',#4917,#4780,#2597,.T.);
#6225=EDGE_CURVE('',#4917,#4916,#2598,.T.);
#6226=EDGE_CURVE('',#4917,#4791,#2599,.T.);
#6227=EDGE_CURVE('',#4918,#4919,#2600,.T.);
#6228=EDGE_CURVE('',#4920,#4918,#2601,.T.);
#6229=EDGE_CURVE('',#4920,#4921,#2602,.T.);
#6230=EDGE_CURVE('',#4919,#4921,#2603,.T.);
#6231=EDGE_CURVE('',#4921,#4922,#2604,.T.);
#6232=EDGE_CURVE('',#4920,#4923,#2605,.T.);
#6233=EDGE_CURVE('',#4923,#4922,#2606,.T.);
#6234=EDGE_CURVE('',#4922,#4841,#2607,.T.);
#6235=EDGE_CURVE('',#4923,#4842,#2608,.T.);
#6236=EDGE_CURVE('',#4915,#4924,#2609,.T.);
#6237=EDGE_CURVE('',#4924,#4922,#2610,.T.);
#6238=EDGE_CURVE('',#4919,#4924,#2611,.T.);
#6239=EDGE_CURVE('',#4918,#4925,#2612,.T.);
#6240=EDGE_CURVE('',#4925,#4924,#2613,.T.);
#6241=EDGE_CURVE('',#4923,#4925,#2614,.T.);
#6242=EDGE_CURVE('',#4843,#4925,#2615,.T.);
#6243=EDGE_CURVE('',#4797,#4915,#2616,.T.);
#6244=EDGE_CURVE('',#4843,#4793,#2617,.T.);
#6245=EDGE_CURVE('',#4250,#4926,#2618,.T.);
#6246=EDGE_CURVE('',#4926,#4927,#2619,.T.);
#6247=EDGE_CURVE('',#4246,#4927,#2620,.T.);
#6248=EDGE_CURVE('',#4928,#4245,#2621,.T.);
#6249=EDGE_CURVE('',#4929,#4928,#2622,.T.);
#6250=EDGE_CURVE('',#4929,#4249,#2623,.T.);
#6251=EDGE_CURVE('',#4930,#4931,#2624,.T.);
#6252=EDGE_CURVE('',#4931,#4932,#2625,.T.);
#6253=EDGE_CURVE('',#4933,#4932,#2626,.T.);
#6254=EDGE_CURVE('',#4930,#4933,#2627,.T.);
#6255=EDGE_CURVE('',#4932,#4934,#2628,.T.);
#6256=EDGE_CURVE('',#4935,#4934,#2629,.T.);
#6257=EDGE_CURVE('',#4933,#4935,#2630,.T.);
#6258=EDGE_CURVE('',#4936,#4935,#2631,.T.);
#6259=EDGE_CURVE('',#4937,#4934,#2632,.T.);
#6260=EDGE_CURVE('',#4936,#4937,#2633,.T.);
#6261=EDGE_CURVE('',#4938,#4939,#2634,.T.);
#6262=EDGE_CURVE('',#4936,#4938,#2635,.T.);
#6263=EDGE_CURVE('',#4939,#4937,#2636,.T.);
#6264=EDGE_CURVE('',#4938,#4940,#2637,.T.);
#6265=EDGE_CURVE('',#4939,#4941,#2638,.T.);
#6266=EDGE_CURVE('',#4941,#4940,#2639,.T.);
#6267=EDGE_CURVE('',#4942,#4943,#2640,.T.);
#6268=EDGE_CURVE('',#4944,#4943,#2641,.T.);
#6269=EDGE_CURVE('',#4945,#4944,#2642,.T.);
#6270=EDGE_CURVE('',#4945,#4942,#2643,.T.);
#6271=EDGE_CURVE('',#4946,#4947,#2644,.T.);
#6272=EDGE_CURVE('',#4947,#4944,#2645,.T.);
#6273=EDGE_CURVE('',#4946,#4943,#2646,.T.);
#6274=EDGE_CURVE('',#4948,#4949,#2647,.T.);
#6275=EDGE_CURVE('',#4949,#4947,#2648,.T.);
#6276=EDGE_CURVE('',#4948,#4946,#2649,.T.);
#6277=EDGE_CURVE('',#4950,#4951,#2650,.T.);
#6278=EDGE_CURVE('',#4951,#4949,#2651,.T.);
#6279=EDGE_CURVE('',#4950,#4948,#2652,.T.);
#6280=EDGE_CURVE('',#4952,#4951,#2653,.T.);
#6281=EDGE_CURVE('',#4953,#4950,#2654,.T.);
#6282=EDGE_CURVE('',#4953,#4952,#2655,.T.);
#6283=EDGE_CURVE('',#4954,#4955,#2656,.T.);
#6284=EDGE_CURVE('',#4952,#4955,#2657,.T.);
#6285=EDGE_CURVE('',#4954,#4953,#2658,.T.);
#6286=EDGE_CURVE('',#4956,#4955,#2659,.T.);
#6287=EDGE_CURVE('',#4957,#4954,#2660,.T.);
#6288=EDGE_CURVE('',#4956,#4957,#2661,.T.);
#6289=EDGE_CURVE('',#4958,#4959,#2662,.T.);
#6290=EDGE_CURVE('',#4960,#4959,#2663,.T.);
#6291=EDGE_CURVE('',#4961,#4960,#2664,.T.);
#6292=EDGE_CURVE('',#4961,#4958,#2665,.T.);
#6293=EDGE_CURVE('',#4962,#4963,#2666,.T.);
#6294=EDGE_CURVE('',#4959,#4962,#2667,.T.);
#6295=EDGE_CURVE('',#4963,#4958,#2668,.T.);
#6296=EDGE_CURVE('',#4964,#4965,#2669,.T.);
#6297=EDGE_CURVE('',#4966,#4964,#2670,.T.);
#6298=EDGE_CURVE('',#4966,#4967,#2671,.T.);
#6299=EDGE_CURVE('',#4965,#4967,#2672,.T.);
#6300=EDGE_CURVE('',#4968,#4969,#2673,.T.);
#6301=EDGE_CURVE('',#4967,#4969,#2674,.T.);
#6302=EDGE_CURVE('',#4966,#4968,#2675,.T.);
#6303=EDGE_CURVE('',#4970,#4971,#2676,.T.);
#6304=EDGE_CURVE('',#4969,#4970,#2677,.T.);
#6305=EDGE_CURVE('',#4971,#4968,#2678,.T.);
#6306=EDGE_CURVE('',#4972,#4972,#1669,.T.);
#6307=EDGE_CURVE('',#4972,#4973,#2679,.T.);
#6308=EDGE_CURVE('',#4973,#4973,#1670,.T.);
#6309=EDGE_CURVE('',#4974,#4974,#1671,.T.);
#6310=EDGE_CURVE('',#4974,#4975,#2680,.T.);
#6311=EDGE_CURVE('',#4975,#4975,#1672,.T.);
#6312=EDGE_CURVE('',#4976,#4976,#1673,.T.);
#6313=EDGE_CURVE('',#4976,#4977,#2681,.T.);
#6314=EDGE_CURVE('',#4977,#4977,#1674,.T.);
#6315=EDGE_CURVE('',#4978,#4979,#2682,.T.);
#6316=EDGE_CURVE('',#4980,#4979,#2683,.T.);
#6317=EDGE_CURVE('',#4981,#4980,#2684,.T.);
#6318=EDGE_CURVE('',#4981,#4978,#2685,.T.);
#6319=EDGE_CURVE('',#4982,#4980,#2686,.T.);
#6320=EDGE_CURVE('',#4983,#4982,#2687,.T.);
#6321=EDGE_CURVE('',#4983,#4981,#2688,.T.);
#6322=EDGE_CURVE('',#4984,#4982,#2689,.T.);
#6323=EDGE_CURVE('',#4985,#4984,#2690,.T.);
#6324=EDGE_CURVE('',#4985,#4983,#2691,.T.);
#6325=EDGE_CURVE('',#4986,#4984,#2692,.T.);
#6326=EDGE_CURVE('',#4987,#4986,#2693,.T.);
#6327=EDGE_CURVE('',#4987,#4985,#2694,.T.);
#6328=EDGE_CURVE('',#4988,#4986,#2695,.T.);
#6329=EDGE_CURVE('',#4989,#4988,#2696,.T.);
#6330=EDGE_CURVE('',#4989,#4987,#2697,.T.);
#6331=EDGE_CURVE('',#4990,#4988,#2698,.T.);
#6332=EDGE_CURVE('',#4991,#4990,#2699,.T.);
#6333=EDGE_CURVE('',#4991,#4989,#2700,.T.);
#6334=EDGE_CURVE('',#4992,#4990,#2701,.T.);
#6335=EDGE_CURVE('',#4993,#4992,#2702,.T.);
#6336=EDGE_CURVE('',#4993,#4991,#2703,.T.);
#6337=EDGE_CURVE('',#4994,#4992,#2704,.T.);
#6338=EDGE_CURVE('',#4995,#4994,#2705,.T.);
#6339=EDGE_CURVE('',#4995,#4993,#2706,.T.);
#6340=EDGE_CURVE('',#4996,#4994,#2707,.T.);
#6341=EDGE_CURVE('',#4997,#4996,#2708,.T.);
#6342=EDGE_CURVE('',#4997,#4995,#2709,.T.);
#6343=EDGE_CURVE('',#4996,#4998,#2710,.T.);
#6344=EDGE_CURVE('',#4999,#4998,#2711,.T.);
#6345=EDGE_CURVE('',#4997,#4999,#2712,.T.);
#6346=EDGE_CURVE('',#5000,#4979,#2713,.T.);
#6347=EDGE_CURVE('',#5000,#4998,#2714,.T.);
#6348=EDGE_CURVE('',#5001,#4978,#2715,.T.);
#6349=EDGE_CURVE('',#5001,#5000,#2716,.T.);
#6350=EDGE_CURVE('',#5001,#4999,#2717,.T.);
#6351=EDGE_CURVE('',#5002,#5002,#1675,.T.);
#6352=EDGE_CURVE('',#5002,#5003,#2718,.T.);
#6353=EDGE_CURVE('',#5003,#5003,#1676,.T.);
#6354=EDGE_CURVE('',#5004,#5004,#1677,.T.);
#6355=EDGE_CURVE('',#5004,#5005,#2719,.T.);
#6356=EDGE_CURVE('',#5005,#5005,#1678,.T.);
#6357=EDGE_CURVE('',#5006,#4962,#2720,.T.);
#6358=EDGE_CURVE('',#5007,#5006,#2721,.T.);
#6359=EDGE_CURVE('',#4965,#5007,#2722,.T.);
#6360=EDGE_CURVE('',#5008,#4970,#2723,.T.);
#6361=EDGE_CURVE('',#5009,#5008,#2724,.T.);
#6362=EDGE_CURVE('',#5010,#5009,#2725,.T.);
#6363=EDGE_CURVE('',#5010,#4960,#2726,.T.);
#6364=EDGE_CURVE('',#5011,#5010,#2727,.T.);
#6365=EDGE_CURVE('',#4961,#5011,#2728,.T.);
#6366=EDGE_CURVE('',#5012,#5013,#2729,.T.);
#6367=EDGE_CURVE('',#5013,#5014,#2730,.T.);
#6368=EDGE_CURVE('',#5014,#5015,#2731,.T.);
#6369=EDGE_CURVE('',#5015,#5016,#2732,.T.);
#6370=EDGE_CURVE('',#5016,#5017,#2733,.T.);
#6371=EDGE_CURVE('',#5017,#5018,#2734,.T.);
#6372=EDGE_CURVE('',#5018,#5012,#2735,.T.);
#6373=EDGE_CURVE('',#5019,#5013,#2736,.T.);
#6374=EDGE_CURVE('',#5020,#5012,#2737,.T.);
#6375=EDGE_CURVE('',#5020,#5019,#2738,.T.);
#6376=EDGE_CURVE('',#5021,#5014,#2739,.T.);
#6377=EDGE_CURVE('',#5019,#5021,#2740,.T.);
#6378=EDGE_CURVE('',#5022,#5015,#2741,.T.);
#6379=EDGE_CURVE('',#5021,#5022,#2742,.T.);
#6380=EDGE_CURVE('',#5023,#5016,#2743,.T.);
#6381=EDGE_CURVE('',#5022,#5023,#2744,.T.);
#6382=EDGE_CURVE('',#5024,#5017,#2745,.T.);
#6383=EDGE_CURVE('',#5023,#5024,#2746,.T.);
#6384=EDGE_CURVE('',#5025,#5018,#2747,.T.);
#6385=EDGE_CURVE('',#5024,#5025,#2748,.T.);
#6386=EDGE_CURVE('',#5025,#5020,#2749,.T.);
#6387=EDGE_CURVE('',#5026,#5027,#2750,.T.);
#6388=EDGE_CURVE('',#5027,#5028,#2751,.T.);
#6389=EDGE_CURVE('',#5028,#5029,#2752,.T.);
#6390=EDGE_CURVE('',#5029,#5026,#2753,.T.);
#6391=EDGE_CURVE('',#5030,#5027,#2754,.T.);
#6392=EDGE_CURVE('',#5031,#5026,#2755,.T.);
#6393=EDGE_CURVE('',#5031,#5030,#2756,.T.);
#6394=EDGE_CURVE('',#5032,#5028,#2757,.T.);
#6395=EDGE_CURVE('',#5030,#5032,#2758,.T.);
#6396=EDGE_CURVE('',#5033,#5029,#2759,.T.);
#6397=EDGE_CURVE('',#5032,#5033,#2760,.T.);
#6398=EDGE_CURVE('',#5033,#5031,#2761,.T.);
#6399=EDGE_CURVE('',#5034,#5035,#2762,.T.);
#6400=EDGE_CURVE('',#5035,#5036,#2763,.T.);
#6401=EDGE_CURVE('',#5037,#5036,#2764,.T.);
#6402=EDGE_CURVE('',#5034,#5037,#2765,.T.);
#6403=EDGE_CURVE('',#5036,#5038,#2766,.T.);
#6404=EDGE_CURVE('',#5039,#5038,#2767,.T.);
#6405=EDGE_CURVE('',#5037,#5039,#2768,.T.);
#6406=EDGE_CURVE('',#4964,#4971,#2769,.T.);
#6407=EDGE_CURVE('',#4963,#5011,#2770,.T.);
#6408=EDGE_CURVE('',#5040,#5008,#2771,.T.);
#6409=EDGE_CURVE('',#5040,#5034,#2772,.T.);
#6410=EDGE_CURVE('',#5039,#5041,#2773,.T.);
#6411=EDGE_CURVE('',#5041,#5042,#2774,.T.);
#6412=EDGE_CURVE('',#5042,#5009,#2775,.T.);
#6413=EDGE_CURVE('',#5038,#5043,#2776,.T.);
#6414=EDGE_CURVE('',#5041,#5043,#2777,.T.);
#6415=EDGE_CURVE('',#4956,#5044,#2778,.T.);
#6416=EDGE_CURVE('',#4957,#5045,#2779,.T.);
#6417=EDGE_CURVE('',#5045,#5042,#2780,.T.);
#6418=EDGE_CURVE('',#5043,#5046,#2781,.T.);
#6419=EDGE_CURVE('',#5046,#5044,#2782,.T.);
#6420=EDGE_CURVE('',#5044,#4945,#2783,.T.);
#6421=EDGE_CURVE('',#5006,#5046,#2784,.T.);
#6422=EDGE_CURVE('',#5045,#4942,#2785,.T.);
#6423=EDGE_CURVE('',#5047,#5035,#2786,.T.);
#6424=EDGE_CURVE('',#5007,#5047,#2787,.T.);
#6425=EDGE_CURVE('',#5048,#5049,#2788,.T.);
#6426=EDGE_CURVE('',#5049,#5050,#2789,.T.);
#6427=EDGE_CURVE('',#5051,#5050,#2790,.T.);
#6428=EDGE_CURVE('',#5048,#5051,#2791,.T.);
#6429=EDGE_CURVE('',#5052,#5040,#2792,.T.);
#6430=EDGE_CURVE('',#5047,#5053,#2793,.T.);
#6431=EDGE_CURVE('',#5053,#5048,#2794,.T.);
#6432=EDGE_CURVE('',#5052,#5051,#2795,.T.);
#6433=EDGE_CURVE('',#4940,#5052,#2796,.T.);
#6434=EDGE_CURVE('',#4941,#5053,#2797,.T.);
#6435=EDGE_CURVE('',#5049,#4931,#2798,.T.);
#6436=EDGE_CURVE('',#5050,#4930,#2799,.T.);
#6437=EDGE_CURVE('',#5054,#5055,#2800,.T.);
#6438=EDGE_CURVE('',#5056,#5054,#2801,.T.);
#6439=EDGE_CURVE('',#5056,#5057,#2802,.T.);
#6440=EDGE_CURVE('',#5057,#5055,#2803,.T.);
#6441=EDGE_CURVE('',#5058,#5056,#2804,.T.);
#6442=EDGE_CURVE('',#5059,#5054,#2805,.T.);
#6443=EDGE_CURVE('',#5058,#5059,#2806,.T.);
#6444=EDGE_CURVE('',#5060,#5057,#2807,.T.);
#6445=EDGE_CURVE('',#5058,#5060,#2808,.T.);
#6446=EDGE_CURVE('',#5060,#5061,#2809,.T.);
#6447=EDGE_CURVE('',#5055,#5061,#2810,.T.);
#6448=EDGE_CURVE('',#5059,#5061,#2811,.T.);
#6449=EDGE_CURVE('',#5062,#5063,#2812,.T.);
#6450=EDGE_CURVE('',#5064,#5062,#2813,.T.);
#6451=EDGE_CURVE('',#5064,#5065,#2814,.T.);
#6452=EDGE_CURVE('',#5065,#5066,#2815,.T.);
#6453=EDGE_CURVE('',#5067,#5066,#2816,.T.);
#6454=EDGE_CURVE('',#5067,#5068,#2817,.T.);
#6455=EDGE_CURVE('',#5068,#5069,#2818,.T.);
#6456=EDGE_CURVE('',#5070,#5069,#2819,.T.);
#6457=EDGE_CURVE('',#5070,#5071,#2820,.T.);
#6458=EDGE_CURVE('',#5071,#5072,#2821,.T.);
#6459=EDGE_CURVE('',#5072,#5073,#2822,.T.);
#6460=EDGE_CURVE('',#5073,#5063,#2823,.T.);
#6461=EDGE_CURVE('',#5074,#5064,#2824,.T.);
#6462=EDGE_CURVE('',#5075,#5062,#2825,.T.);
#6463=EDGE_CURVE('',#5074,#5075,#2826,.T.);
#6464=EDGE_CURVE('',#5074,#5076,#2827,.T.);
#6465=EDGE_CURVE('',#5065,#5076,#2828,.T.);
#6466=EDGE_CURVE('',#5077,#5076,#2829,.T.);
#6467=EDGE_CURVE('',#5066,#5077,#2830,.T.);
#6468=EDGE_CURVE('',#5078,#5077,#2831,.T.);
#6469=EDGE_CURVE('',#5078,#5067,#2832,.T.);
#6470=EDGE_CURVE('',#5068,#5079,#2833,.T.);
#6471=EDGE_CURVE('',#5078,#5079,#2834,.T.);
#6472=EDGE_CURVE('',#5079,#5080,#2835,.T.);
#6473=EDGE_CURVE('',#5069,#5080,#2836,.T.);
#6474=EDGE_CURVE('',#5081,#5070,#2837,.T.);
#6475=EDGE_CURVE('',#5081,#5080,#2838,.T.);
#6476=EDGE_CURVE('',#5082,#5071,#2839,.T.);
#6477=EDGE_CURVE('',#5081,#5082,#2840,.T.);
#6478=EDGE_CURVE('',#5083,#5072,#2841,.T.);
#6479=EDGE_CURVE('',#5082,#5083,#2842,.T.);
#6480=EDGE_CURVE('',#5084,#5073,#2843,.T.);
#6481=EDGE_CURVE('',#5083,#5084,#2844,.T.);
#6482=EDGE_CURVE('',#5084,#5085,#2845,.T.);
#6483=EDGE_CURVE('',#5063,#5085,#2846,.T.);
#6484=EDGE_CURVE('',#5075,#5085,#2847,.T.);
#6485=EDGE_CURVE('',#5086,#5086,#1679,.T.);
#6486=EDGE_CURVE('',#5087,#5086,#1680,.T.);
#6487=EDGE_CURVE('',#5088,#5088,#1681,.T.);
#6488=EDGE_CURVE('',#5088,#5089,#2848,.T.);
#6489=EDGE_CURVE('',#5089,#5089,#1682,.T.);
#6490=EDGE_CURVE('',#5090,#4929,#2849,.T.);
#6491=EDGE_CURVE('',#5090,#5091,#2850,.T.);
#6492=EDGE_CURVE('',#5091,#4926,#2851,.T.);
#6493=EDGE_CURVE('',#5092,#5090,#2852,.T.);
#6494=EDGE_CURVE('',#4928,#5092,#2853,.T.);
#6495=EDGE_CURVE('',#5093,#5094,#2854,.T.);
#6496=EDGE_CURVE('',#5095,#5093,#2855,.T.);
#6497=EDGE_CURVE('',#5095,#5096,#2856,.T.);
#6498=EDGE_CURVE('',#5096,#5094,#2857,.T.);
#6499=EDGE_CURVE('',#5092,#5095,#2858,.T.);
#6500=EDGE_CURVE('',#5090,#5093,#2859,.T.);
#6501=EDGE_CURVE('',#5097,#5098,#2860,.T.);
#6502=EDGE_CURVE('',#5099,#5097,#2861,.T.);
#6503=EDGE_CURVE('',#5100,#5099,#2862,.T.);
#6504=EDGE_CURVE('',#5100,#5098,#2863,.T.);
#6505=EDGE_CURVE('',#5098,#5101,#2864,.T.);
#6506=EDGE_CURVE('',#5102,#5101,#2865,.T.);
#6507=EDGE_CURVE('',#5097,#5102,#2866,.T.);
#6508=EDGE_CURVE('',#5103,#5104,#2867,.T.);
#6509=EDGE_CURVE('',#5104,#5102,#2868,.T.);
#6510=EDGE_CURVE('',#5103,#5101,#2869,.T.);
#6511=EDGE_CURVE('',#5104,#5105,#2870,.T.);
#6512=EDGE_CURVE('',#5103,#5106,#2871,.T.);
#6513=EDGE_CURVE('',#5105,#5106,#2872,.T.);
#6514=EDGE_CURVE('',#5107,#5105,#2873,.T.);
#6515=EDGE_CURVE('',#5106,#5108,#2874,.T.);
#6516=EDGE_CURVE('',#5107,#5108,#2875,.T.);
#6517=EDGE_CURVE('',#5109,#5108,#2876,.T.);
#6518=EDGE_CURVE('',#5109,#5110,#2877,.T.);
#6519=EDGE_CURVE('',#5110,#5107,#2878,.T.);
#6520=EDGE_CURVE('',#5110,#5111,#2879,.T.);
#6521=EDGE_CURVE('',#5109,#5112,#2880,.T.);
#6522=EDGE_CURVE('',#5111,#5112,#2881,.T.);
#6523=EDGE_CURVE('',#5113,#5111,#2882,.T.);
#6524=EDGE_CURVE('',#5114,#5113,#2883,.T.);
#6525=EDGE_CURVE('',#5114,#5115,#2884,.T.);
#6526=EDGE_CURVE('',#5115,#5116,#2885,.T.);
#6527=EDGE_CURVE('',#5116,#5099,#2886,.T.);
#6528=EDGE_CURVE('',#5117,#5114,#2887,.T.);
#6529=EDGE_CURVE('',#5118,#5113,#2888,.T.);
#6530=EDGE_CURVE('',#5117,#5118,#2889,.T.);
#6531=EDGE_CURVE('',#5119,#5115,#2890,.T.);
#6532=EDGE_CURVE('',#5117,#5119,#2891,.T.);
#6533=EDGE_CURVE('',#5120,#5116,#2892,.T.);
#6534=EDGE_CURVE('',#5119,#5120,#2893,.T.);
#6535=EDGE_CURVE('',#5120,#5100,#2894,.T.);
#6536=EDGE_CURVE('',#5118,#5112,#2895,.T.);
#6537=EDGE_CURVE('',#5121,#5122,#2896,.T.);
#6538=EDGE_CURVE('',#5123,#5121,#2897,.T.);
#6539=EDGE_CURVE('',#5123,#5124,#2898,.T.);
#6540=EDGE_CURVE('',#5124,#5122,#2899,.T.);
#6541=EDGE_CURVE('',#5125,#5123,#2900,.T.);
#6542=EDGE_CURVE('',#5126,#5121,#2901,.T.);
#6543=EDGE_CURVE('',#5125,#5126,#2902,.T.);
#6544=EDGE_CURVE('',#5127,#5124,#2903,.T.);
#6545=EDGE_CURVE('',#5125,#5127,#2904,.T.);
#6546=EDGE_CURVE('',#5127,#5128,#2905,.T.);
#6547=EDGE_CURVE('',#5122,#5128,#2906,.T.);
#6548=EDGE_CURVE('',#5126,#5128,#2907,.T.);
#6549=EDGE_CURVE('',#5129,#5130,#2908,.T.);
#6550=EDGE_CURVE('',#5131,#5130,#2909,.T.);
#6551=EDGE_CURVE('',#5132,#5131,#2910,.T.);
#6552=EDGE_CURVE('',#5132,#5129,#2911,.T.);
#6553=EDGE_CURVE('',#5133,#5134,#2912,.T.);
#6554=EDGE_CURVE('',#5134,#5131,#2913,.T.);
#6555=EDGE_CURVE('',#5133,#5130,#2914,.T.);
#6556=EDGE_CURVE('',#5135,#5136,#2915,.T.);
#6557=EDGE_CURVE('',#5134,#5136,#2916,.T.);
#6558=EDGE_CURVE('',#5133,#5135,#2917,.T.);
#6559=EDGE_CURVE('',#5137,#5138,#2918,.T.);
#6560=EDGE_CURVE('',#5136,#5138,#2919,.T.);
#6561=EDGE_CURVE('',#5135,#5137,#2920,.T.);
#6562=EDGE_CURVE('',#5139,#5140,#2921,.T.);
#6563=EDGE_CURVE('',#5138,#5140,#2922,.T.);
#6564=EDGE_CURVE('',#5137,#5139,#2923,.T.);
#6565=EDGE_CURVE('',#5140,#5141,#2924,.T.);
#6566=EDGE_CURVE('',#5139,#5142,#2925,.T.);
#6567=EDGE_CURVE('',#5141,#5142,#2926,.T.);
#6568=EDGE_CURVE('',#5143,#5141,#2927,.T.);
#6569=EDGE_CURVE('',#5144,#5143,#2928,.T.);
#6570=EDGE_CURVE('',#5144,#5145,#2929,.T.);
#6571=EDGE_CURVE('',#5145,#5146,#2930,.T.);
#6572=EDGE_CURVE('',#5146,#5147,#2931,.T.);
#6573=EDGE_CURVE('',#5147,#5132,#2932,.T.);
#6574=EDGE_CURVE('',#5148,#5144,#2933,.T.);
#6575=EDGE_CURVE('',#5149,#5143,#2934,.T.);
#6576=EDGE_CURVE('',#5148,#5149,#2935,.T.);
#6577=EDGE_CURVE('',#5150,#5145,#2936,.T.);
#6578=EDGE_CURVE('',#5148,#5150,#2937,.T.);
#6579=EDGE_CURVE('',#5151,#5146,#2938,.T.);
#6580=EDGE_CURVE('',#5150,#5151,#2939,.T.);
#6581=EDGE_CURVE('',#5152,#5147,#2940,.T.);
#6582=EDGE_CURVE('',#5151,#5152,#2941,.T.);
#6583=EDGE_CURVE('',#5152,#5129,#2942,.T.);
#6584=EDGE_CURVE('',#5149,#5142,#2943,.T.);
#6585=EDGE_CURVE('',#5059,#5085,#2944,.T.);
#6586=EDGE_CURVE('',#5075,#5153,#2945,.T.);
#6587=EDGE_CURVE('',#5096,#5153,#2946,.T.);
#6588=EDGE_CURVE('',#5092,#5112,#2947,.T.);
#6589=EDGE_CURVE('',#5118,#5128,#2948,.T.);
#6590=EDGE_CURVE('',#5126,#5142,#2949,.T.);
#6591=EDGE_CURVE('',#5149,#5061,#2950,.T.);
#6592=EDGE_CURVE('',#4927,#5153,#2951,.T.);
#6593=EDGE_CURVE('',#5153,#5091,#2952,.T.);
#6594=EDGE_CURVE('',#5094,#5091,#2953,.T.);
#6595=ORIENTED_EDGE('',*,*,#5154,.T.);
#6596=ORIENTED_EDGE('',*,*,#5155,.T.);
#6597=ORIENTED_EDGE('',*,*,#5156,.T.);
#6598=ORIENTED_EDGE('',*,*,#5157,.F.);
#6599=ORIENTED_EDGE('',*,*,#5158,.F.);
#6600=ORIENTED_EDGE('',*,*,#5159,.F.);
#6601=ORIENTED_EDGE('',*,*,#5160,.T.);
#6602=ORIENTED_EDGE('',*,*,#5161,.T.);
#6603=ORIENTED_EDGE('',*,*,#5162,.F.);
#6604=ORIENTED_EDGE('',*,*,#5163,.T.);
#6605=ORIENTED_EDGE('',*,*,#5164,.T.);
#6606=ORIENTED_EDGE('',*,*,#5165,.F.);
#6607=ORIENTED_EDGE('',*,*,#5154,.F.);
#6608=ORIENTED_EDGE('',*,*,#5166,.T.);
#6609=ORIENTED_EDGE('',*,*,#5167,.F.);
#6610=ORIENTED_EDGE('',*,*,#5168,.T.);
#6611=ORIENTED_EDGE('',*,*,#5169,.T.);
#6612=ORIENTED_EDGE('',*,*,#5170,.F.);
#6613=ORIENTED_EDGE('',*,*,#5156,.F.);
#6614=ORIENTED_EDGE('',*,*,#5171,.T.);
#6615=ORIENTED_EDGE('',*,*,#5172,.F.);
#6616=ORIENTED_EDGE('',*,*,#5173,.T.);
#6617=ORIENTED_EDGE('',*,*,#5160,.F.);
#6618=ORIENTED_EDGE('',*,*,#5174,.F.);
#6619=ORIENTED_EDGE('',*,*,#5164,.F.);
#6620=ORIENTED_EDGE('',*,*,#5175,.F.);
#6621=ORIENTED_EDGE('',*,*,#5176,.T.);
#6622=ORIENTED_EDGE('',*,*,#5177,.T.);
#6623=ORIENTED_EDGE('',*,*,#5178,.F.);
#6624=ORIENTED_EDGE('',*,*,#5179,.T.);
#6625=ORIENTED_EDGE('',*,*,#5180,.T.);
#6626=ORIENTED_EDGE('',*,*,#5181,.T.);
#6627=ORIENTED_EDGE('',*,*,#5182,.T.);
#6628=ORIENTED_EDGE('',*,*,#5183,.T.);
#6629=ORIENTED_EDGE('',*,*,#5184,.F.);
#6630=ORIENTED_EDGE('',*,*,#5185,.T.);
#6631=ORIENTED_EDGE('',*,*,#5186,.T.);
#6632=ORIENTED_EDGE('',*,*,#5187,.T.);
#6633=ORIENTED_EDGE('',*,*,#5188,.F.);
#6634=ORIENTED_EDGE('',*,*,#5189,.F.);
#6635=ORIENTED_EDGE('',*,*,#5190,.F.);
#6636=ORIENTED_EDGE('',*,*,#5191,.T.);
#6637=ORIENTED_EDGE('',*,*,#5192,.F.);
#6638=ORIENTED_EDGE('',*,*,#5193,.F.);
#6639=ORIENTED_EDGE('',*,*,#5192,.T.);
#6640=ORIENTED_EDGE('',*,*,#5194,.T.);
#6641=ORIENTED_EDGE('',*,*,#5195,.T.);
#6642=ORIENTED_EDGE('',*,*,#5196,.F.);
#6643=ORIENTED_EDGE('',*,*,#5197,.T.);
#6644=ORIENTED_EDGE('',*,*,#5198,.T.);
#6645=ORIENTED_EDGE('',*,*,#5190,.T.);
#6646=ORIENTED_EDGE('',*,*,#5199,.T.);
#6647=ORIENTED_EDGE('',*,*,#5200,.F.);
#6648=ORIENTED_EDGE('',*,*,#5201,.T.);
#6649=ORIENTED_EDGE('',*,*,#5202,.T.);
#6650=ORIENTED_EDGE('',*,*,#5203,.F.);
#6651=ORIENTED_EDGE('',*,*,#5204,.F.);
#6652=ORIENTED_EDGE('',*,*,#5205,.T.);
#6653=ORIENTED_EDGE('',*,*,#5206,.F.);
#6654=ORIENTED_EDGE('',*,*,#5207,.F.);
#6655=ORIENTED_EDGE('',*,*,#5208,.F.);
#6656=ORIENTED_EDGE('',*,*,#5209,.F.);
#6657=ORIENTED_EDGE('',*,*,#5210,.T.);
#6658=ORIENTED_EDGE('',*,*,#5205,.F.);
#6659=ORIENTED_EDGE('',*,*,#5211,.T.);
#6660=ORIENTED_EDGE('',*,*,#5195,.F.);
#6661=ORIENTED_EDGE('',*,*,#5212,.F.);
#6662=ORIENTED_EDGE('',*,*,#5213,.T.);
#6663=ORIENTED_EDGE('',*,*,#5214,.F.);
#6664=ORIENTED_EDGE('',*,*,#5215,.T.);
#6665=ORIENTED_EDGE('',*,*,#5216,.F.);
#6666=ORIENTED_EDGE('',*,*,#5217,.T.);
#6667=ORIENTED_EDGE('',*,*,#5218,.T.);
#6668=ORIENTED_EDGE('',*,*,#5219,.T.);
#6669=ORIENTED_EDGE('',*,*,#5220,.F.);
#6670=ORIENTED_EDGE('',*,*,#5221,.T.);
#6671=ORIENTED_EDGE('',*,*,#5222,.F.);
#6672=ORIENTED_EDGE('',*,*,#5215,.F.);
#6673=ORIENTED_EDGE('',*,*,#5223,.T.);
#6674=ORIENTED_EDGE('',*,*,#5207,.T.);
#6675=ORIENTED_EDGE('',*,*,#5224,.F.);
#6676=ORIENTED_EDGE('',*,*,#5197,.F.);
#6677=ORIENTED_EDGE('',*,*,#5225,.T.);
#6678=ORIENTED_EDGE('',*,*,#5217,.F.);
#6679=ORIENTED_EDGE('',*,*,#5225,.F.);
#6680=ORIENTED_EDGE('',*,*,#5196,.T.);
#6681=ORIENTED_EDGE('',*,*,#5211,.F.);
#6682=ORIENTED_EDGE('',*,*,#5204,.T.);
#6683=ORIENTED_EDGE('',*,*,#5226,.F.);
#6684=ORIENTED_EDGE('',*,*,#5218,.F.);
#6685=ORIENTED_EDGE('',*,*,#5227,.T.);
#6686=ORIENTED_EDGE('',*,*,#5208,.T.);
#6687=ORIENTED_EDGE('',*,*,#5223,.F.);
#6688=ORIENTED_EDGE('',*,*,#5214,.T.);
#6689=ORIENTED_EDGE('',*,*,#5209,.T.);
#6690=ORIENTED_EDGE('',*,*,#5227,.F.);
#6691=ORIENTED_EDGE('',*,*,#5213,.F.);
#6692=ORIENTED_EDGE('',*,*,#5228,.T.);
#6693=ORIENTED_EDGE('',*,*,#5226,.T.);
#6694=ORIENTED_EDGE('',*,*,#5203,.T.);
#6695=ORIENTED_EDGE('',*,*,#5229,.T.);
#6696=ORIENTED_EDGE('',*,*,#5219,.F.);
#6697=ORIENTED_EDGE('',*,*,#5220,.T.);
#6698=ORIENTED_EDGE('',*,*,#5229,.F.);
#6699=ORIENTED_EDGE('',*,*,#5202,.F.);
#6700=ORIENTED_EDGE('',*,*,#5230,.T.);
#6701=ORIENTED_EDGE('',*,*,#5210,.F.);
#6702=ORIENTED_EDGE('',*,*,#5228,.F.);
#6703=ORIENTED_EDGE('',*,*,#5221,.F.);
#6704=ORIENTED_EDGE('',*,*,#5230,.F.);
#6705=ORIENTED_EDGE('',*,*,#5231,.F.);
#6706=ORIENTED_EDGE('',*,*,#5199,.F.);
#6707=ORIENTED_EDGE('',*,*,#5193,.T.);
#6708=ORIENTED_EDGE('',*,*,#5201,.F.);
#6709=ORIENTED_EDGE('',*,*,#5200,.T.);
#6710=ORIENTED_EDGE('',*,*,#5231,.T.);
#6711=ORIENTED_EDGE('',*,*,#5232,.T.);
#6712=ORIENTED_EDGE('',*,*,#5233,.T.);
#6713=ORIENTED_EDGE('',*,*,#5234,.F.);
#6714=ORIENTED_EDGE('',*,*,#5235,.T.);
#6715=ORIENTED_EDGE('',*,*,#5236,.T.);
#6716=ORIENTED_EDGE('',*,*,#5237,.T.);
#6717=ORIENTED_EDGE('',*,*,#5238,.F.);
#6718=ORIENTED_EDGE('',*,*,#5239,.F.);
#6719=ORIENTED_EDGE('',*,*,#5240,.F.);
#6720=ORIENTED_EDGE('',*,*,#5235,.F.);
#6721=ORIENTED_EDGE('',*,*,#5241,.F.);
#6722=ORIENTED_EDGE('',*,*,#5242,.T.);
#6723=ORIENTED_EDGE('',*,*,#5243,.F.);
#6724=ORIENTED_EDGE('',*,*,#5244,.T.);
#6725=ORIENTED_EDGE('',*,*,#5245,.T.);
#6726=ORIENTED_EDGE('',*,*,#5246,.T.);
#6727=ORIENTED_EDGE('',*,*,#5247,.T.);
#6728=ORIENTED_EDGE('',*,*,#5232,.F.);
#6729=ORIENTED_EDGE('',*,*,#5240,.T.);
#6730=ORIENTED_EDGE('',*,*,#5233,.F.);
#6731=ORIENTED_EDGE('',*,*,#5247,.F.);
#6732=ORIENTED_EDGE('',*,*,#5248,.T.);
#6733=ORIENTED_EDGE('',*,*,#5249,.T.);
#6734=ORIENTED_EDGE('',*,*,#5234,.T.);
#6735=ORIENTED_EDGE('',*,*,#5249,.F.);
#6736=ORIENTED_EDGE('',*,*,#5250,.F.);
#6737=ORIENTED_EDGE('',*,*,#5251,.F.);
#6738=ORIENTED_EDGE('',*,*,#5252,.T.);
#6739=ORIENTED_EDGE('',*,*,#5253,.T.);
#6740=ORIENTED_EDGE('',*,*,#5254,.T.);
#6741=ORIENTED_EDGE('',*,*,#5255,.T.);
#6742=ORIENTED_EDGE('',*,*,#5238,.T.);
#6743=ORIENTED_EDGE('',*,*,#5255,.F.);
#6744=ORIENTED_EDGE('',*,*,#5256,.F.);
#6745=ORIENTED_EDGE('',*,*,#5241,.T.);
#6746=ORIENTED_EDGE('',*,*,#5239,.T.);
#6747=ORIENTED_EDGE('',*,*,#5257,.F.);
#6748=ORIENTED_EDGE('',*,*,#5242,.F.);
#6749=ORIENTED_EDGE('',*,*,#5256,.T.);
#6750=ORIENTED_EDGE('',*,*,#5254,.F.);
#6751=ORIENTED_EDGE('',*,*,#5258,.T.);
#6752=ORIENTED_EDGE('',*,*,#5259,.F.);
#6753=ORIENTED_EDGE('',*,*,#5260,.F.);
#6754=ORIENTED_EDGE('',*,*,#5251,.T.);
#6755=ORIENTED_EDGE('',*,*,#5261,.F.);
#6756=ORIENTED_EDGE('',*,*,#5243,.T.);
#6757=ORIENTED_EDGE('',*,*,#5257,.T.);
#6758=ORIENTED_EDGE('',*,*,#5253,.F.);
#6759=ORIENTED_EDGE('',*,*,#5262,.F.);
#6760=ORIENTED_EDGE('',*,*,#5263,.F.);
#6761=ORIENTED_EDGE('',*,*,#5264,.T.);
#6762=ORIENTED_EDGE('',*,*,#5245,.F.);
#6763=ORIENTED_EDGE('',*,*,#5265,.T.);
#6764=ORIENTED_EDGE('',*,*,#5266,.T.);
#6765=ORIENTED_EDGE('',*,*,#5259,.T.);
#6766=ORIENTED_EDGE('',*,*,#5267,.F.);
#6767=ORIENTED_EDGE('',*,*,#5263,.T.);
#6768=ORIENTED_EDGE('',*,*,#5268,.T.);
#6769=ORIENTED_EDGE('',*,*,#5269,.T.);
#6770=ORIENTED_EDGE('',*,*,#5270,.T.);
#6771=ORIENTED_EDGE('',*,*,#5236,.F.);
#6772=ORIENTED_EDGE('',*,*,#5271,.T.);
#6773=ORIENTED_EDGE('',*,*,#5237,.F.);
#6774=ORIENTED_EDGE('',*,*,#5270,.F.);
#6775=ORIENTED_EDGE('',*,*,#5272,.T.);
#6776=ORIENTED_EDGE('',*,*,#5271,.F.);
#6777=ORIENTED_EDGE('',*,*,#5269,.F.);
#6778=ORIENTED_EDGE('',*,*,#5273,.T.);
#6779=ORIENTED_EDGE('',*,*,#5265,.F.);
#6780=ORIENTED_EDGE('',*,*,#5272,.F.);
#6781=ORIENTED_EDGE('',*,*,#5248,.F.);
#6782=ORIENTED_EDGE('',*,*,#5246,.F.);
#6783=ORIENTED_EDGE('',*,*,#5264,.F.);
#6784=ORIENTED_EDGE('',*,*,#5267,.T.);
#6785=ORIENTED_EDGE('',*,*,#5258,.F.);
#6786=ORIENTED_EDGE('',*,*,#5250,.T.);
#6787=ORIENTED_EDGE('',*,*,#5274,.F.);
#6788=ORIENTED_EDGE('',*,*,#5275,.F.);
#6789=ORIENTED_EDGE('',*,*,#5276,.T.);
#6790=ORIENTED_EDGE('',*,*,#5277,.F.);
#6791=ORIENTED_EDGE('',*,*,#5278,.T.);
#6792=ORIENTED_EDGE('',*,*,#5279,.F.);
#6793=ORIENTED_EDGE('',*,*,#5280,.F.);
#6794=ORIENTED_EDGE('',*,*,#5281,.T.);
#6795=ORIENTED_EDGE('',*,*,#5282,.F.);
#6796=ORIENTED_EDGE('',*,*,#5283,.F.);
#6797=ORIENTED_EDGE('',*,*,#5284,.F.);
#6798=ORIENTED_EDGE('',*,*,#5285,.F.);
#6799=ORIENTED_EDGE('',*,*,#5286,.F.);
#6800=ORIENTED_EDGE('',*,*,#5287,.F.);
#6801=ORIENTED_EDGE('',*,*,#5288,.T.);
#6802=ORIENTED_EDGE('',*,*,#5289,.F.);
#6803=ORIENTED_EDGE('',*,*,#5290,.T.);
#6804=ORIENTED_EDGE('',*,*,#5291,.T.);
#6805=ORIENTED_EDGE('',*,*,#5292,.F.);
#6806=ORIENTED_EDGE('',*,*,#5293,.F.);
#6807=ORIENTED_EDGE('',*,*,#5285,.T.);
#6808=ORIENTED_EDGE('',*,*,#5293,.T.);
#6809=ORIENTED_EDGE('',*,*,#5294,.F.);
#6810=ORIENTED_EDGE('',*,*,#5295,.F.);
#6811=ORIENTED_EDGE('',*,*,#5282,.T.);
#6812=ORIENTED_EDGE('',*,*,#5295,.T.);
#6813=ORIENTED_EDGE('',*,*,#5296,.F.);
#6814=ORIENTED_EDGE('',*,*,#5297,.F.);
#6815=ORIENTED_EDGE('',*,*,#5283,.T.);
#6816=ORIENTED_EDGE('',*,*,#5297,.T.);
#6817=ORIENTED_EDGE('',*,*,#5298,.F.);
#6818=ORIENTED_EDGE('',*,*,#5291,.F.);
#6819=ORIENTED_EDGE('',*,*,#5284,.T.);
#6820=ORIENTED_EDGE('',*,*,#5298,.T.);
#6821=ORIENTED_EDGE('',*,*,#5296,.T.);
#6822=ORIENTED_EDGE('',*,*,#5294,.T.);
#6823=ORIENTED_EDGE('',*,*,#5292,.T.);
#6824=ORIENTED_EDGE('',*,*,#5299,.F.);
#6825=ORIENTED_EDGE('',*,*,#5300,.T.);
#6826=ORIENTED_EDGE('',*,*,#5286,.T.);
#6827=ORIENTED_EDGE('',*,*,#5300,.F.);
#6828=ORIENTED_EDGE('',*,*,#5301,.F.);
#6829=ORIENTED_EDGE('',*,*,#5302,.T.);
#6830=ORIENTED_EDGE('',*,*,#5299,.T.);
#6831=ORIENTED_EDGE('',*,*,#5302,.F.);
#6832=ORIENTED_EDGE('',*,*,#5303,.T.);
#6833=ORIENTED_EDGE('',*,*,#5304,.T.);
#6834=ORIENTED_EDGE('',*,*,#5305,.T.);
#6835=ORIENTED_EDGE('',*,*,#5306,.T.);
#6836=ORIENTED_EDGE('',*,*,#5301,.T.);
#6837=ORIENTED_EDGE('',*,*,#5307,.F.);
#6838=ORIENTED_EDGE('',*,*,#5308,.T.);
#6839=ORIENTED_EDGE('',*,*,#5309,.F.);
#6840=ORIENTED_EDGE('',*,*,#5306,.F.);
#6841=ORIENTED_EDGE('',*,*,#5310,.F.);
#6842=ORIENTED_EDGE('',*,*,#5309,.T.);
#6843=ORIENTED_EDGE('',*,*,#5311,.F.);
#6844=ORIENTED_EDGE('',*,*,#5278,.F.);
#6845=ORIENTED_EDGE('',*,*,#5312,.F.);
#6846=ORIENTED_EDGE('',*,*,#5311,.T.);
#6847=ORIENTED_EDGE('',*,*,#5313,.T.);
#6848=ORIENTED_EDGE('',*,*,#5314,.F.);
#6849=ORIENTED_EDGE('',*,*,#5279,.T.);
#6850=ORIENTED_EDGE('',*,*,#5314,.T.);
#6851=ORIENTED_EDGE('',*,*,#5315,.F.);
#6852=ORIENTED_EDGE('',*,*,#5316,.F.);
#6853=ORIENTED_EDGE('',*,*,#5317,.T.);
#6854=ORIENTED_EDGE('',*,*,#5318,.F.);
#6855=ORIENTED_EDGE('',*,*,#5319,.F.);
#6856=ORIENTED_EDGE('',*,*,#5280,.T.);
#6857=ORIENTED_EDGE('',*,*,#5316,.T.);
#6858=ORIENTED_EDGE('',*,*,#5320,.T.);
#6859=ORIENTED_EDGE('',*,*,#5321,.F.);
#6860=ORIENTED_EDGE('',*,*,#5322,.T.);
#6861=ORIENTED_EDGE('',*,*,#5323,.T.);
#6862=ORIENTED_EDGE('',*,*,#5324,.F.);
#6863=ORIENTED_EDGE('',*,*,#5323,.F.);
#6864=ORIENTED_EDGE('',*,*,#5325,.T.);
#6865=ORIENTED_EDGE('',*,*,#5326,.F.);
#6866=ORIENTED_EDGE('',*,*,#5327,.F.);
#6867=ORIENTED_EDGE('',*,*,#5328,.F.);
#6868=ORIENTED_EDGE('',*,*,#5329,.F.);
#6869=ORIENTED_EDGE('',*,*,#5330,.F.);
#6870=ORIENTED_EDGE('',*,*,#5331,.F.);
#6871=ORIENTED_EDGE('',*,*,#5330,.T.);
#6872=ORIENTED_EDGE('',*,*,#5332,.T.);
#6873=ORIENTED_EDGE('',*,*,#5333,.F.);
#6874=ORIENTED_EDGE('',*,*,#5334,.T.);
#6875=ORIENTED_EDGE('',*,*,#5326,.T.);
#6876=ORIENTED_EDGE('',*,*,#5335,.T.);
#6877=ORIENTED_EDGE('',*,*,#5336,.F.);
#6878=ORIENTED_EDGE('',*,*,#5337,.T.);
#6879=ORIENTED_EDGE('',*,*,#5338,.T.);
#6880=ORIENTED_EDGE('',*,*,#5333,.T.);
#6881=ORIENTED_EDGE('',*,*,#5339,.T.);
#6882=ORIENTED_EDGE('',*,*,#5336,.T.);
#6883=ORIENTED_EDGE('',*,*,#5340,.F.);
#6884=ORIENTED_EDGE('',*,*,#5341,.T.);
#6885=ORIENTED_EDGE('',*,*,#5342,.T.);
#6886=ORIENTED_EDGE('',*,*,#5339,.F.);
#6887=ORIENTED_EDGE('',*,*,#5332,.F.);
#6888=ORIENTED_EDGE('',*,*,#5329,.T.);
#6889=ORIENTED_EDGE('',*,*,#5343,.T.);
#6890=ORIENTED_EDGE('',*,*,#5344,.F.);
#6891=ORIENTED_EDGE('',*,*,#5345,.F.);
#6892=ORIENTED_EDGE('',*,*,#5346,.F.);
#6893=ORIENTED_EDGE('',*,*,#5347,.F.);
#6894=ORIENTED_EDGE('',*,*,#5348,.T.);
#6895=ORIENTED_EDGE('',*,*,#5349,.T.);
#6896=ORIENTED_EDGE('',*,*,#5350,.F.);
#6897=ORIENTED_EDGE('',*,*,#5351,.F.);
#6898=ORIENTED_EDGE('',*,*,#5352,.T.);
#6899=ORIENTED_EDGE('',*,*,#5353,.F.);
#6900=ORIENTED_EDGE('',*,*,#5354,.F.);
#6901=ORIENTED_EDGE('',*,*,#5355,.F.);
#6902=ORIENTED_EDGE('',*,*,#5356,.F.);
#6903=ORIENTED_EDGE('',*,*,#5357,.F.);
#6904=ORIENTED_EDGE('',*,*,#5358,.T.);
#6905=ORIENTED_EDGE('',*,*,#5359,.F.);
#6906=ORIENTED_EDGE('',*,*,#5360,.F.);
#6907=ORIENTED_EDGE('',*,*,#5361,.T.);
#6908=ORIENTED_EDGE('',*,*,#5362,.F.);
#6909=ORIENTED_EDGE('',*,*,#5363,.F.);
#6910=ORIENTED_EDGE('',*,*,#5364,.T.);
#6911=ORIENTED_EDGE('',*,*,#5365,.F.);
#6912=ORIENTED_EDGE('',*,*,#5366,.T.);
#6913=ORIENTED_EDGE('',*,*,#5367,.F.);
#6914=ORIENTED_EDGE('',*,*,#5352,.F.);
#6915=ORIENTED_EDGE('',*,*,#5368,.T.);
#6916=ORIENTED_EDGE('',*,*,#5351,.T.);
#6917=ORIENTED_EDGE('',*,*,#5369,.F.);
#6918=ORIENTED_EDGE('',*,*,#5370,.T.);
#6919=ORIENTED_EDGE('',*,*,#5368,.F.);
#6920=ORIENTED_EDGE('',*,*,#5366,.F.);
#6921=ORIENTED_EDGE('',*,*,#5370,.F.);
#6922=ORIENTED_EDGE('',*,*,#5371,.F.);
#6923=ORIENTED_EDGE('',*,*,#5372,.F.);
#6924=ORIENTED_EDGE('',*,*,#5373,.F.);
#6925=ORIENTED_EDGE('',*,*,#5374,.T.);
#6926=ORIENTED_EDGE('',*,*,#5375,.F.);
#6927=ORIENTED_EDGE('',*,*,#5376,.T.);
#6928=ORIENTED_EDGE('',*,*,#5377,.F.);
#6929=ORIENTED_EDGE('',*,*,#5378,.F.);
#6930=ORIENTED_EDGE('',*,*,#5327,.T.);
#6931=ORIENTED_EDGE('',*,*,#5334,.F.);
#6932=ORIENTED_EDGE('',*,*,#5342,.F.);
#6933=ORIENTED_EDGE('',*,*,#5379,.F.);
#6934=ORIENTED_EDGE('',*,*,#5380,.T.);
#6935=ORIENTED_EDGE('',*,*,#5381,.T.);
#6936=ORIENTED_EDGE('',*,*,#5382,.F.);
#6937=ORIENTED_EDGE('',*,*,#5383,.F.);
#6938=ORIENTED_EDGE('',*,*,#5384,.F.);
#6939=ORIENTED_EDGE('',*,*,#5385,.T.);
#6940=ORIENTED_EDGE('',*,*,#5386,.F.);
#6941=ORIENTED_EDGE('',*,*,#5387,.T.);
#6942=ORIENTED_EDGE('',*,*,#5388,.F.);
#6943=ORIENTED_EDGE('',*,*,#5389,.F.);
#6944=ORIENTED_EDGE('',*,*,#5390,.F.);
#6945=ORIENTED_EDGE('',*,*,#5391,.F.);
#6946=ORIENTED_EDGE('',*,*,#5378,.T.);
#6947=ORIENTED_EDGE('',*,*,#5392,.F.);
#6948=ORIENTED_EDGE('',*,*,#5343,.F.);
#6949=ORIENTED_EDGE('',*,*,#5328,.T.);
#6950=ORIENTED_EDGE('',*,*,#5382,.T.);
#6951=ORIENTED_EDGE('',*,*,#5393,.T.);
#6952=ORIENTED_EDGE('',*,*,#5359,.T.);
#6953=ORIENTED_EDGE('',*,*,#5394,.T.);
#6954=ORIENTED_EDGE('',*,*,#5395,.F.);
#6955=ORIENTED_EDGE('',*,*,#5396,.F.);
#6956=ORIENTED_EDGE('',*,*,#5397,.T.);
#6957=ORIENTED_EDGE('',*,*,#5398,.T.);
#6958=ORIENTED_EDGE('',*,*,#5344,.T.);
#6959=ORIENTED_EDGE('',*,*,#5392,.T.);
#6960=ORIENTED_EDGE('',*,*,#5377,.T.);
#6961=ORIENTED_EDGE('',*,*,#5399,.F.);
#6962=ORIENTED_EDGE('',*,*,#5400,.T.);
#6963=ORIENTED_EDGE('',*,*,#5401,.T.);
#6964=ORIENTED_EDGE('',*,*,#5402,.F.);
#6965=ORIENTED_EDGE('',*,*,#5403,.F.);
#6966=ORIENTED_EDGE('',*,*,#5404,.F.);
#6967=ORIENTED_EDGE('',*,*,#5287,.T.);
#6968=ORIENTED_EDGE('',*,*,#5405,.T.);
#6969=ORIENTED_EDGE('',*,*,#5406,.F.);
#6970=ORIENTED_EDGE('',*,*,#5407,.T.);
#6971=ORIENTED_EDGE('',*,*,#5408,.F.);
#6972=ORIENTED_EDGE('',*,*,#5409,.F.);
#6973=ORIENTED_EDGE('',*,*,#5410,.F.);
#6974=ORIENTED_EDGE('',*,*,#5383,.T.);
#6975=ORIENTED_EDGE('',*,*,#5398,.F.);
#6976=ORIENTED_EDGE('',*,*,#5411,.T.);
#6977=ORIENTED_EDGE('',*,*,#5412,.T.);
#6978=ORIENTED_EDGE('',*,*,#5413,.F.);
#6979=ORIENTED_EDGE('',*,*,#5394,.F.);
#6980=ORIENTED_EDGE('',*,*,#5358,.F.);
#6981=ORIENTED_EDGE('',*,*,#5414,.F.);
#6982=ORIENTED_EDGE('',*,*,#5415,.T.);
#6983=ORIENTED_EDGE('',*,*,#5416,.F.);
#6984=ORIENTED_EDGE('',*,*,#5417,.F.);
#6985=ORIENTED_EDGE('',*,*,#5418,.F.);
#6986=ORIENTED_EDGE('',*,*,#5410,.T.);
#6987=ORIENTED_EDGE('',*,*,#5419,.T.);
#6988=ORIENTED_EDGE('',*,*,#5420,.F.);
#6989=ORIENTED_EDGE('',*,*,#5421,.F.);
#6990=ORIENTED_EDGE('',*,*,#5406,.T.);
#6991=ORIENTED_EDGE('',*,*,#5422,.T.);
#6992=ORIENTED_EDGE('',*,*,#5423,.T.);
#6993=ORIENTED_EDGE('',*,*,#5424,.F.);
#6994=ORIENTED_EDGE('',*,*,#5425,.T.);
#6995=ORIENTED_EDGE('',*,*,#5426,.T.);
#6996=ORIENTED_EDGE('',*,*,#5427,.F.);
#6997=ORIENTED_EDGE('',*,*,#5428,.F.);
#6998=ORIENTED_EDGE('',*,*,#5418,.T.);
#6999=ORIENTED_EDGE('',*,*,#5429,.T.);
#7000=ORIENTED_EDGE('',*,*,#5430,.F.);
#7001=ORIENTED_EDGE('',*,*,#5431,.F.);
#7002=ORIENTED_EDGE('',*,*,#5414,.T.);
#7003=ORIENTED_EDGE('',*,*,#5357,.T.);
#7004=ORIENTED_EDGE('',*,*,#5432,.F.);
#7005=ORIENTED_EDGE('',*,*,#5384,.T.);
#7006=ORIENTED_EDGE('',*,*,#5356,.T.);
#7007=ORIENTED_EDGE('',*,*,#5433,.F.);
#7008=ORIENTED_EDGE('',*,*,#5385,.F.);
#7009=ORIENTED_EDGE('',*,*,#5432,.T.);
#7010=ORIENTED_EDGE('',*,*,#5386,.T.);
#7011=ORIENTED_EDGE('',*,*,#5433,.T.);
#7012=ORIENTED_EDGE('',*,*,#5355,.T.);
#7013=ORIENTED_EDGE('',*,*,#5434,.F.);
#7014=ORIENTED_EDGE('',*,*,#5354,.T.);
#7015=ORIENTED_EDGE('',*,*,#5435,.F.);
#7016=ORIENTED_EDGE('',*,*,#5387,.F.);
#7017=ORIENTED_EDGE('',*,*,#5434,.T.);
#7018=ORIENTED_EDGE('',*,*,#5436,.F.);
#7019=ORIENTED_EDGE('',*,*,#5388,.T.);
#7020=ORIENTED_EDGE('',*,*,#5435,.T.);
#7021=ORIENTED_EDGE('',*,*,#5353,.T.);
#7022=ORIENTED_EDGE('',*,*,#5389,.T.);
#7023=ORIENTED_EDGE('',*,*,#5436,.T.);
#7024=ORIENTED_EDGE('',*,*,#5365,.T.);
#7025=ORIENTED_EDGE('',*,*,#5437,.T.);
#7026=ORIENTED_EDGE('',*,*,#5364,.F.);
#7027=ORIENTED_EDGE('',*,*,#5438,.T.);
#7028=ORIENTED_EDGE('',*,*,#5390,.T.);
#7029=ORIENTED_EDGE('',*,*,#5437,.F.);
#7030=ORIENTED_EDGE('',*,*,#5439,.T.);
#7031=ORIENTED_EDGE('',*,*,#5440,.T.);
#7032=ORIENTED_EDGE('',*,*,#5441,.T.);
#7033=ORIENTED_EDGE('',*,*,#5442,.T.);
#7034=ORIENTED_EDGE('',*,*,#5443,.F.);
#7035=ORIENTED_EDGE('',*,*,#5444,.F.);
#7036=ORIENTED_EDGE('',*,*,#5445,.T.);
#7037=ORIENTED_EDGE('',*,*,#5446,.T.);
#7038=ORIENTED_EDGE('',*,*,#5447,.T.);
#7039=ORIENTED_EDGE('',*,*,#5448,.T.);
#7040=ORIENTED_EDGE('',*,*,#5449,.F.);
#7041=ORIENTED_EDGE('',*,*,#5450,.F.);
#7042=ORIENTED_EDGE('',*,*,#5367,.T.);
#7043=ORIENTED_EDGE('',*,*,#5341,.F.);
#7044=ORIENTED_EDGE('',*,*,#5451,.F.);
#7045=ORIENTED_EDGE('',*,*,#5452,.T.);
#7046=ORIENTED_EDGE('',*,*,#5453,.T.);
#7047=ORIENTED_EDGE('',*,*,#5454,.T.);
#7048=ORIENTED_EDGE('',*,*,#5455,.T.);
#7049=ORIENTED_EDGE('',*,*,#5456,.F.);
#7050=ORIENTED_EDGE('',*,*,#5337,.F.);
#7051=ORIENTED_EDGE('',*,*,#5438,.F.);
#7052=ORIENTED_EDGE('',*,*,#5457,.T.);
#7053=ORIENTED_EDGE('',*,*,#5458,.F.);
#7054=ORIENTED_EDGE('',*,*,#5459,.T.);
#7055=ORIENTED_EDGE('',*,*,#5460,.T.);
#7056=ORIENTED_EDGE('',*,*,#5461,.T.);
#7057=ORIENTED_EDGE('',*,*,#5462,.F.);
#7058=ORIENTED_EDGE('',*,*,#5463,.F.);
#7059=ORIENTED_EDGE('',*,*,#5464,.T.);
#7060=ORIENTED_EDGE('',*,*,#5444,.T.);
#7061=ORIENTED_EDGE('',*,*,#5465,.T.);
#7062=ORIENTED_EDGE('',*,*,#5466,.F.);
#7063=ORIENTED_EDGE('',*,*,#5467,.T.);
#7064=ORIENTED_EDGE('',*,*,#5468,.T.);
#7065=ORIENTED_EDGE('',*,*,#5469,.T.);
#7066=ORIENTED_EDGE('',*,*,#5439,.F.);
#7067=ORIENTED_EDGE('',*,*,#5467,.F.);
#7068=ORIENTED_EDGE('',*,*,#5470,.T.);
#7069=ORIENTED_EDGE('',*,*,#5440,.F.);
#7070=ORIENTED_EDGE('',*,*,#5469,.F.);
#7071=ORIENTED_EDGE('',*,*,#5471,.F.);
#7072=ORIENTED_EDGE('',*,*,#5472,.T.);
#7073=ORIENTED_EDGE('',*,*,#5473,.T.);
#7074=ORIENTED_EDGE('',*,*,#5474,.F.);
#7075=ORIENTED_EDGE('',*,*,#5475,.T.);
#7076=ORIENTED_EDGE('',*,*,#5476,.T.);
#7077=ORIENTED_EDGE('',*,*,#5477,.F.);
#7078=ORIENTED_EDGE('',*,*,#5478,.T.);
#7079=ORIENTED_EDGE('',*,*,#5479,.T.);
#7080=ORIENTED_EDGE('',*,*,#5480,.T.);
#7081=ORIENTED_EDGE('',*,*,#5481,.F.);
#7082=ORIENTED_EDGE('',*,*,#5482,.T.);
#7083=ORIENTED_EDGE('',*,*,#5483,.T.);
#7084=ORIENTED_EDGE('',*,*,#5484,.T.);
#7085=ORIENTED_EDGE('',*,*,#5485,.T.);
#7086=ORIENTED_EDGE('',*,*,#5486,.F.);
#7087=ORIENTED_EDGE('',*,*,#5487,.F.);
#7088=ORIENTED_EDGE('',*,*,#5488,.T.);
#7089=ORIENTED_EDGE('',*,*,#5471,.T.);
#7090=ORIENTED_EDGE('',*,*,#5468,.F.);
#7091=ORIENTED_EDGE('',*,*,#5466,.T.);
#7092=ORIENTED_EDGE('',*,*,#5489,.T.);
#7093=ORIENTED_EDGE('',*,*,#5490,.F.);
#7094=ORIENTED_EDGE('',*,*,#5442,.F.);
#7095=ORIENTED_EDGE('',*,*,#5491,.F.);
#7096=ORIENTED_EDGE('',*,*,#5490,.T.);
#7097=ORIENTED_EDGE('',*,*,#5492,.T.);
#7098=ORIENTED_EDGE('',*,*,#5489,.F.);
#7099=ORIENTED_EDGE('',*,*,#5465,.F.);
#7100=ORIENTED_EDGE('',*,*,#5443,.T.);
#7101=ORIENTED_EDGE('',*,*,#5492,.F.);
#7102=ORIENTED_EDGE('',*,*,#5493,.T.);
#7103=ORIENTED_EDGE('',*,*,#5494,.F.);
#7104=ORIENTED_EDGE('',*,*,#5455,.F.);
#7105=ORIENTED_EDGE('',*,*,#5495,.F.);
#7106=ORIENTED_EDGE('',*,*,#5472,.F.);
#7107=ORIENTED_EDGE('',*,*,#5491,.T.);
#7108=ORIENTED_EDGE('',*,*,#5441,.F.);
#7109=ORIENTED_EDGE('',*,*,#5470,.F.);
#7110=ORIENTED_EDGE('',*,*,#5488,.F.);
#7111=ORIENTED_EDGE('',*,*,#5496,.T.);
#7112=ORIENTED_EDGE('',*,*,#5446,.F.);
#7113=ORIENTED_EDGE('',*,*,#5497,.F.);
#7114=ORIENTED_EDGE('',*,*,#5482,.F.);
#7115=ORIENTED_EDGE('',*,*,#5498,.T.);
#7116=ORIENTED_EDGE('',*,*,#5459,.F.);
#7117=ORIENTED_EDGE('',*,*,#5499,.F.);
#7118=ORIENTED_EDGE('',*,*,#5500,.T.);
#7119=ORIENTED_EDGE('',*,*,#5501,.F.);
#7120=ORIENTED_EDGE('',*,*,#5502,.T.);
#7121=ORIENTED_EDGE('',*,*,#5503,.T.);
#7122=ORIENTED_EDGE('',*,*,#5499,.T.);
#7123=ORIENTED_EDGE('',*,*,#5504,.T.);
#7124=ORIENTED_EDGE('',*,*,#5493,.F.);
#7125=ORIENTED_EDGE('',*,*,#5503,.F.);
#7126=ORIENTED_EDGE('',*,*,#5505,.T.);
#7127=ORIENTED_EDGE('',*,*,#5504,.F.);
#7128=ORIENTED_EDGE('',*,*,#5506,.T.);
#7129=ORIENTED_EDGE('',*,*,#5507,.T.);
#7130=ORIENTED_EDGE('',*,*,#5508,.T.);
#7131=ORIENTED_EDGE('',*,*,#5494,.T.);
#7132=ORIENTED_EDGE('',*,*,#5509,.T.);
#7133=ORIENTED_EDGE('',*,*,#5510,.F.);
#7134=ORIENTED_EDGE('',*,*,#5511,.T.);
#7135=ORIENTED_EDGE('',*,*,#5500,.F.);
#7136=ORIENTED_EDGE('',*,*,#5458,.T.);
#7137=ORIENTED_EDGE('',*,*,#5512,.F.);
#7138=ORIENTED_EDGE('',*,*,#5513,.F.);
#7139=ORIENTED_EDGE('',*,*,#5508,.F.);
#7140=ORIENTED_EDGE('',*,*,#5514,.T.);
#7141=ORIENTED_EDGE('',*,*,#5317,.F.);
#7142=ORIENTED_EDGE('',*,*,#5324,.T.);
#7143=ORIENTED_EDGE('',*,*,#5331,.T.);
#7144=ORIENTED_EDGE('',*,*,#5338,.F.);
#7145=ORIENTED_EDGE('',*,*,#5456,.T.);
#7146=ORIENTED_EDGE('',*,*,#5515,.F.);
#7147=ORIENTED_EDGE('',*,*,#5516,.F.);
#7148=ORIENTED_EDGE('',*,*,#5379,.T.);
#7149=ORIENTED_EDGE('',*,*,#5517,.F.);
#7150=ORIENTED_EDGE('',*,*,#5362,.T.);
#7151=ORIENTED_EDGE('',*,*,#5518,.F.);
#7152=ORIENTED_EDGE('',*,*,#5513,.T.);
#7153=ORIENTED_EDGE('',*,*,#5519,.F.);
#7154=ORIENTED_EDGE('',*,*,#5519,.T.);
#7155=ORIENTED_EDGE('',*,*,#5512,.T.);
#7156=ORIENTED_EDGE('',*,*,#5457,.F.);
#7157=ORIENTED_EDGE('',*,*,#5363,.T.);
#7158=ORIENTED_EDGE('',*,*,#5464,.F.);
#7159=ORIENTED_EDGE('',*,*,#5520,.F.);
#7160=ORIENTED_EDGE('',*,*,#5517,.T.);
#7161=ORIENTED_EDGE('',*,*,#5391,.T.);
#7162=ORIENTED_EDGE('',*,*,#5325,.F.);
#7163=ORIENTED_EDGE('',*,*,#5322,.F.);
#7164=ORIENTED_EDGE('',*,*,#5521,.F.);
#7165=ORIENTED_EDGE('',*,*,#5522,.F.);
#7166=ORIENTED_EDGE('',*,*,#5523,.F.);
#7167=ORIENTED_EDGE('',*,*,#5515,.T.);
#7168=ORIENTED_EDGE('',*,*,#5520,.T.);
#7169=ORIENTED_EDGE('',*,*,#5463,.T.);
#7170=ORIENTED_EDGE('',*,*,#5524,.T.);
#7171=ORIENTED_EDGE('',*,*,#5525,.F.);
#7172=ORIENTED_EDGE('',*,*,#5526,.F.);
#7173=ORIENTED_EDGE('',*,*,#5451,.T.);
#7174=ORIENTED_EDGE('',*,*,#5340,.T.);
#7175=ORIENTED_EDGE('',*,*,#5335,.F.);
#7176=ORIENTED_EDGE('',*,*,#5452,.F.);
#7177=ORIENTED_EDGE('',*,*,#5526,.T.);
#7178=ORIENTED_EDGE('',*,*,#5527,.F.);
#7179=ORIENTED_EDGE('',*,*,#5528,.T.);
#7180=ORIENTED_EDGE('',*,*,#5475,.F.);
#7181=ORIENTED_EDGE('',*,*,#5529,.T.);
#7182=ORIENTED_EDGE('',*,*,#5474,.T.);
#7183=ORIENTED_EDGE('',*,*,#5530,.T.);
#7184=ORIENTED_EDGE('',*,*,#5453,.F.);
#7185=ORIENTED_EDGE('',*,*,#5529,.F.);
#7186=ORIENTED_EDGE('',*,*,#5495,.T.);
#7187=ORIENTED_EDGE('',*,*,#5454,.F.);
#7188=ORIENTED_EDGE('',*,*,#5530,.F.);
#7189=ORIENTED_EDGE('',*,*,#5473,.F.);
#7190=ORIENTED_EDGE('',*,*,#5531,.F.);
#7191=ORIENTED_EDGE('',*,*,#5532,.T.);
#7192=ORIENTED_EDGE('',*,*,#5478,.F.);
#7193=ORIENTED_EDGE('',*,*,#5533,.F.);
#7194=ORIENTED_EDGE('',*,*,#5476,.F.);
#7195=ORIENTED_EDGE('',*,*,#5528,.F.);
#7196=ORIENTED_EDGE('',*,*,#5534,.F.);
#7197=ORIENTED_EDGE('',*,*,#5535,.T.);
#7198=ORIENTED_EDGE('',*,*,#5536,.T.);
#7199=ORIENTED_EDGE('',*,*,#5537,.F.);
#7200=ORIENTED_EDGE('',*,*,#5538,.F.);
#7201=ORIENTED_EDGE('',*,*,#5539,.T.);
#7202=ORIENTED_EDGE('',*,*,#5533,.T.);
#7203=ORIENTED_EDGE('',*,*,#5539,.F.);
#7204=ORIENTED_EDGE('',*,*,#5540,.F.);
#7205=ORIENTED_EDGE('',*,*,#5541,.F.);
#7206=ORIENTED_EDGE('',*,*,#5542,.F.);
#7207=ORIENTED_EDGE('',*,*,#5543,.F.);
#7208=ORIENTED_EDGE('',*,*,#5544,.F.);
#7209=ORIENTED_EDGE('',*,*,#5545,.F.);
#7210=ORIENTED_EDGE('',*,*,#5546,.F.);
#7211=ORIENTED_EDGE('',*,*,#5547,.F.);
#7212=ORIENTED_EDGE('',*,*,#5548,.F.);
#7213=ORIENTED_EDGE('',*,*,#5549,.F.);
#7214=ORIENTED_EDGE('',*,*,#5534,.T.);
#7215=ORIENTED_EDGE('',*,*,#5527,.T.);
#7216=ORIENTED_EDGE('',*,*,#5525,.T.);
#7217=ORIENTED_EDGE('',*,*,#5550,.T.);
#7218=ORIENTED_EDGE('',*,*,#5531,.T.);
#7219=ORIENTED_EDGE('',*,*,#5479,.F.);
#7220=ORIENTED_EDGE('',*,*,#5532,.F.);
#7221=ORIENTED_EDGE('',*,*,#5550,.F.);
#7222=ORIENTED_EDGE('',*,*,#5524,.F.);
#7223=ORIENTED_EDGE('',*,*,#5462,.T.);
#7224=ORIENTED_EDGE('',*,*,#5551,.F.);
#7225=ORIENTED_EDGE('',*,*,#5461,.F.);
#7226=ORIENTED_EDGE('',*,*,#5552,.F.);
#7227=ORIENTED_EDGE('',*,*,#5480,.F.);
#7228=ORIENTED_EDGE('',*,*,#5551,.T.);
#7229=ORIENTED_EDGE('',*,*,#5552,.T.);
#7230=ORIENTED_EDGE('',*,*,#5460,.F.);
#7231=ORIENTED_EDGE('',*,*,#5498,.F.);
#7232=ORIENTED_EDGE('',*,*,#5481,.T.);
#7233=ORIENTED_EDGE('',*,*,#5549,.T.);
#7234=ORIENTED_EDGE('',*,*,#5553,.T.);
#7235=ORIENTED_EDGE('',*,*,#5554,.F.);
#7236=ORIENTED_EDGE('',*,*,#5555,.F.);
#7237=ORIENTED_EDGE('',*,*,#5535,.F.);
#7238=ORIENTED_EDGE('',*,*,#5555,.T.);
#7239=ORIENTED_EDGE('',*,*,#5556,.F.);
#7240=ORIENTED_EDGE('',*,*,#5557,.T.);
#7241=ORIENTED_EDGE('',*,*,#5180,.F.);
#7242=ORIENTED_EDGE('',*,*,#5558,.F.);
#7243=ORIENTED_EDGE('',*,*,#5559,.F.);
#7244=ORIENTED_EDGE('',*,*,#5536,.F.);
#7245=ORIENTED_EDGE('',*,*,#5477,.T.);
#7246=ORIENTED_EDGE('',*,*,#5556,.T.);
#7247=ORIENTED_EDGE('',*,*,#5554,.T.);
#7248=ORIENTED_EDGE('',*,*,#5560,.T.);
#7249=ORIENTED_EDGE('',*,*,#5561,.T.);
#7250=ORIENTED_EDGE('',*,*,#5562,.T.);
#7251=ORIENTED_EDGE('',*,*,#5563,.T.);
#7252=ORIENTED_EDGE('',*,*,#5564,.T.);
#7253=ORIENTED_EDGE('',*,*,#5565,.F.);
#7254=ORIENTED_EDGE('',*,*,#5566,.T.);
#7255=ORIENTED_EDGE('',*,*,#5567,.T.);
#7256=ORIENTED_EDGE('',*,*,#5568,.T.);
#7257=ORIENTED_EDGE('',*,*,#5569,.T.);
#7258=ORIENTED_EDGE('',*,*,#5570,.T.);
#7259=ORIENTED_EDGE('',*,*,#5537,.T.);
#7260=ORIENTED_EDGE('',*,*,#5559,.T.);
#7261=ORIENTED_EDGE('',*,*,#5571,.T.);
#7262=ORIENTED_EDGE('',*,*,#5572,.T.);
#7263=ORIENTED_EDGE('',*,*,#5183,.F.);
#7264=ORIENTED_EDGE('',*,*,#5573,.F.);
#7265=ORIENTED_EDGE('',*,*,#5181,.F.);
#7266=ORIENTED_EDGE('',*,*,#5557,.F.);
#7267=ORIENTED_EDGE('',*,*,#5565,.T.);
#7268=ORIENTED_EDGE('',*,*,#5574,.F.);
#7269=ORIENTED_EDGE('',*,*,#5575,.T.);
#7270=ORIENTED_EDGE('',*,*,#5576,.F.);
#7271=ORIENTED_EDGE('',*,*,#5577,.F.);
#7272=ORIENTED_EDGE('',*,*,#5578,.F.);
#7273=ORIENTED_EDGE('',*,*,#5579,.T.);
#7274=ORIENTED_EDGE('',*,*,#5580,.F.);
#7275=ORIENTED_EDGE('',*,*,#5579,.F.);
#7276=ORIENTED_EDGE('',*,*,#5574,.T.);
#7277=ORIENTED_EDGE('',*,*,#5578,.T.);
#7278=ORIENTED_EDGE('',*,*,#5581,.F.);
#7279=ORIENTED_EDGE('',*,*,#5582,.F.);
#7280=ORIENTED_EDGE('',*,*,#5583,.F.);
#7281=ORIENTED_EDGE('',*,*,#5584,.F.);
#7282=ORIENTED_EDGE('',*,*,#5585,.T.);
#7283=ORIENTED_EDGE('',*,*,#5586,.T.);
#7284=ORIENTED_EDGE('',*,*,#5587,.T.);
#7285=ORIENTED_EDGE('',*,*,#5584,.T.);
#7286=ORIENTED_EDGE('',*,*,#5588,.F.);
#7287=ORIENTED_EDGE('',*,*,#5582,.T.);
#7288=ORIENTED_EDGE('',*,*,#5589,.T.);
#7289=ORIENTED_EDGE('',*,*,#5590,.F.);
#7290=ORIENTED_EDGE('',*,*,#5591,.F.);
#7291=ORIENTED_EDGE('',*,*,#5591,.T.);
#7292=ORIENTED_EDGE('',*,*,#5592,.F.);
#7293=ORIENTED_EDGE('',*,*,#5593,.F.);
#7294=ORIENTED_EDGE('',*,*,#5594,.T.);
#7295=ORIENTED_EDGE('',*,*,#5588,.T.);
#7296=ORIENTED_EDGE('',*,*,#5583,.T.);
#7297=ORIENTED_EDGE('',*,*,#5595,.F.);
#7298=ORIENTED_EDGE('',*,*,#5596,.F.);
#7299=ORIENTED_EDGE('',*,*,#5589,.F.);
#7300=ORIENTED_EDGE('',*,*,#5581,.T.);
#7301=ORIENTED_EDGE('',*,*,#5577,.T.);
#7302=ORIENTED_EDGE('',*,*,#5585,.F.);
#7303=ORIENTED_EDGE('',*,*,#5587,.F.);
#7304=ORIENTED_EDGE('',*,*,#5597,.T.);
#7305=ORIENTED_EDGE('',*,*,#5598,.F.);
#7306=ORIENTED_EDGE('',*,*,#5575,.F.);
#7307=ORIENTED_EDGE('',*,*,#5599,.F.);
#7308=ORIENTED_EDGE('',*,*,#5600,.T.);
#7309=ORIENTED_EDGE('',*,*,#5601,.F.);
#7310=ORIENTED_EDGE('',*,*,#5602,.F.);
#7311=ORIENTED_EDGE('',*,*,#5603,.F.);
#7312=ORIENTED_EDGE('',*,*,#5426,.F.);
#7313=ORIENTED_EDGE('',*,*,#5604,.T.);
#7314=ORIENTED_EDGE('',*,*,#5605,.T.);
#7315=ORIENTED_EDGE('',*,*,#5592,.T.);
#7316=ORIENTED_EDGE('',*,*,#5590,.T.);
#7317=ORIENTED_EDGE('',*,*,#5596,.T.);
#7318=ORIENTED_EDGE('',*,*,#5606,.T.);
#7319=ORIENTED_EDGE('',*,*,#5607,.T.);
#7320=ORIENTED_EDGE('',*,*,#5608,.F.);
#7321=ORIENTED_EDGE('',*,*,#5609,.F.);
#7322=ORIENTED_EDGE('',*,*,#5610,.T.);
#7323=ORIENTED_EDGE('',*,*,#5611,.F.);
#7324=ORIENTED_EDGE('',*,*,#5612,.F.);
#7325=ORIENTED_EDGE('',*,*,#5613,.T.);
#7326=ORIENTED_EDGE('',*,*,#5614,.T.);
#7327=ORIENTED_EDGE('',*,*,#5615,.F.);
#7328=ORIENTED_EDGE('',*,*,#5616,.T.);
#7329=ORIENTED_EDGE('',*,*,#5611,.T.);
#7330=ORIENTED_EDGE('',*,*,#5617,.T.);
#7331=ORIENTED_EDGE('',*,*,#5617,.F.);
#7332=ORIENTED_EDGE('',*,*,#5610,.F.);
#7333=ORIENTED_EDGE('',*,*,#5618,.T.);
#7334=ORIENTED_EDGE('',*,*,#5619,.F.);
#7335=ORIENTED_EDGE('',*,*,#5620,.F.);
#7336=ORIENTED_EDGE('',*,*,#5621,.F.);
#7337=ORIENTED_EDGE('',*,*,#5622,.F.);
#7338=ORIENTED_EDGE('',*,*,#5288,.F.);
#7339=ORIENTED_EDGE('',*,*,#5404,.T.);
#7340=ORIENTED_EDGE('',*,*,#5428,.T.);
#7341=ORIENTED_EDGE('',*,*,#5623,.T.);
#7342=ORIENTED_EDGE('',*,*,#5624,.T.);
#7343=ORIENTED_EDGE('',*,*,#5625,.F.);
#7344=ORIENTED_EDGE('',*,*,#5626,.F.);
#7345=ORIENTED_EDGE('',*,*,#5612,.T.);
#7346=ORIENTED_EDGE('',*,*,#5619,.T.);
#7347=ORIENTED_EDGE('',*,*,#5627,.T.);
#7348=ORIENTED_EDGE('',*,*,#5628,.T.);
#7349=ORIENTED_EDGE('',*,*,#5188,.T.);
#7350=ORIENTED_EDGE('',*,*,#5629,.F.);
#7351=ORIENTED_EDGE('',*,*,#5630,.T.);
#7352=ORIENTED_EDGE('',*,*,#5613,.F.);
#7353=ORIENTED_EDGE('',*,*,#5626,.T.);
#7354=ORIENTED_EDGE('',*,*,#5631,.T.);
#7355=ORIENTED_EDGE('',*,*,#5632,.F.);
#7356=ORIENTED_EDGE('',*,*,#5633,.F.);
#7357=ORIENTED_EDGE('',*,*,#5634,.F.);
#7358=ORIENTED_EDGE('',*,*,#5629,.T.);
#7359=ORIENTED_EDGE('',*,*,#5635,.T.);
#7360=ORIENTED_EDGE('',*,*,#5636,.T.);
#7361=ORIENTED_EDGE('',*,*,#5635,.F.);
#7362=ORIENTED_EDGE('',*,*,#5187,.F.);
#7363=ORIENTED_EDGE('',*,*,#5637,.F.);
#7364=ORIENTED_EDGE('',*,*,#5638,.T.);
#7365=ORIENTED_EDGE('',*,*,#5639,.T.);
#7366=ORIENTED_EDGE('',*,*,#5640,.F.);
#7367=ORIENTED_EDGE('',*,*,#5638,.F.);
#7368=ORIENTED_EDGE('',*,*,#5641,.F.);
#7369=ORIENTED_EDGE('',*,*,#5642,.F.);
#7370=ORIENTED_EDGE('',*,*,#5639,.F.);
#7371=ORIENTED_EDGE('',*,*,#5643,.F.);
#7372=ORIENTED_EDGE('',*,*,#5189,.T.);
#7373=ORIENTED_EDGE('',*,*,#5628,.F.);
#7374=ORIENTED_EDGE('',*,*,#5644,.T.);
#7375=ORIENTED_EDGE('',*,*,#5645,.T.);
#7376=ORIENTED_EDGE('',*,*,#5646,.F.);
#7377=ORIENTED_EDGE('',*,*,#5645,.F.);
#7378=ORIENTED_EDGE('',*,*,#5647,.F.);
#7379=ORIENTED_EDGE('',*,*,#5648,.T.);
#7380=ORIENTED_EDGE('',*,*,#5649,.F.);
#7381=ORIENTED_EDGE('',*,*,#5650,.T.);
#7382=ORIENTED_EDGE('',*,*,#5651,.F.);
#7383=ORIENTED_EDGE('',*,*,#5648,.F.);
#7384=ORIENTED_EDGE('',*,*,#5652,.T.);
#7385=ORIENTED_EDGE('',*,*,#5653,.F.);
#7386=ORIENTED_EDGE('',*,*,#5654,.F.);
#7387=ORIENTED_EDGE('',*,*,#5597,.F.);
#7388=ORIENTED_EDGE('',*,*,#5586,.F.);
#7389=ORIENTED_EDGE('',*,*,#5594,.F.);
#7390=ORIENTED_EDGE('',*,*,#5655,.F.);
#7391=ORIENTED_EDGE('',*,*,#5656,.F.);
#7392=ORIENTED_EDGE('',*,*,#5424,.T.);
#7393=ORIENTED_EDGE('',*,*,#5657,.T.);
#7394=ORIENTED_EDGE('',*,*,#5658,.T.);
#7395=ORIENTED_EDGE('',*,*,#5632,.T.);
#7396=ORIENTED_EDGE('',*,*,#5636,.F.);
#7397=ORIENTED_EDGE('',*,*,#5640,.T.);
#7398=ORIENTED_EDGE('',*,*,#5642,.T.);
#7399=ORIENTED_EDGE('',*,*,#5646,.T.);
#7400=ORIENTED_EDGE('',*,*,#5651,.T.);
#7401=ORIENTED_EDGE('',*,*,#5633,.T.);
#7402=ORIENTED_EDGE('',*,*,#5658,.F.);
#7403=ORIENTED_EDGE('',*,*,#5659,.F.);
#7404=ORIENTED_EDGE('',*,*,#5660,.T.);
#7405=ORIENTED_EDGE('',*,*,#5644,.F.);
#7406=ORIENTED_EDGE('',*,*,#5627,.F.);
#7407=ORIENTED_EDGE('',*,*,#5634,.T.);
#7408=ORIENTED_EDGE('',*,*,#5660,.F.);
#7409=ORIENTED_EDGE('',*,*,#5661,.F.);
#7410=ORIENTED_EDGE('',*,*,#5422,.F.);
#7411=ORIENTED_EDGE('',*,*,#5405,.F.);
#7412=ORIENTED_EDGE('',*,*,#5290,.F.);
#7413=ORIENTED_EDGE('',*,*,#5662,.T.);
#7414=ORIENTED_EDGE('',*,*,#5663,.T.);
#7415=ORIENTED_EDGE('',*,*,#5649,.T.);
#7416=ORIENTED_EDGE('',*,*,#5647,.T.);
#7417=ORIENTED_EDGE('',*,*,#5664,.T.);
#7418=ORIENTED_EDGE('',*,*,#5608,.T.);
#7419=ORIENTED_EDGE('',*,*,#5665,.T.);
#7420=ORIENTED_EDGE('',*,*,#5346,.T.);
#7421=ORIENTED_EDGE('',*,*,#5666,.T.);
#7422=ORIENTED_EDGE('',*,*,#5621,.T.);
#7423=ORIENTED_EDGE('',*,*,#5667,.T.);
#7424=ORIENTED_EDGE('',*,*,#5375,.T.);
#7425=ORIENTED_EDGE('',*,*,#5668,.T.);
#7426=ORIENTED_EDGE('',*,*,#5652,.F.);
#7427=ORIENTED_EDGE('',*,*,#5650,.F.);
#7428=ORIENTED_EDGE('',*,*,#5663,.F.);
#7429=ORIENTED_EDGE('',*,*,#5662,.F.);
#7430=ORIENTED_EDGE('',*,*,#5289,.T.);
#7431=ORIENTED_EDGE('',*,*,#5622,.T.);
#7432=ORIENTED_EDGE('',*,*,#5666,.F.);
#7433=ORIENTED_EDGE('',*,*,#5345,.T.);
#7434=ORIENTED_EDGE('',*,*,#5403,.T.);
#7435=ORIENTED_EDGE('',*,*,#5669,.T.);
#7436=ORIENTED_EDGE('',*,*,#5670,.F.);
#7437=ORIENTED_EDGE('',*,*,#5671,.F.);
#7438=ORIENTED_EDGE('',*,*,#5399,.T.);
#7439=ORIENTED_EDGE('',*,*,#5376,.F.);
#7440=ORIENTED_EDGE('',*,*,#5667,.F.);
#7441=ORIENTED_EDGE('',*,*,#5397,.F.);
#7442=ORIENTED_EDGE('',*,*,#5672,.F.);
#7443=ORIENTED_EDGE('',*,*,#5673,.F.);
#7444=ORIENTED_EDGE('',*,*,#5411,.F.);
#7445=ORIENTED_EDGE('',*,*,#5674,.F.);
#7446=ORIENTED_EDGE('',*,*,#5675,.F.);
#7447=ORIENTED_EDGE('',*,*,#5400,.F.);
#7448=ORIENTED_EDGE('',*,*,#5671,.T.);
#7449=ORIENTED_EDGE('',*,*,#5673,.T.);
#7450=ORIENTED_EDGE('',*,*,#5676,.T.);
#7451=ORIENTED_EDGE('',*,*,#5677,.F.);
#7452=ORIENTED_EDGE('',*,*,#5412,.F.);
#7453=ORIENTED_EDGE('',*,*,#5677,.T.);
#7454=ORIENTED_EDGE('',*,*,#5678,.T.);
#7455=ORIENTED_EDGE('',*,*,#5395,.T.);
#7456=ORIENTED_EDGE('',*,*,#5413,.T.);
#7457=ORIENTED_EDGE('',*,*,#5402,.T.);
#7458=ORIENTED_EDGE('',*,*,#5679,.T.);
#7459=ORIENTED_EDGE('',*,*,#5680,.T.);
#7460=ORIENTED_EDGE('',*,*,#5669,.F.);
#7461=ORIENTED_EDGE('',*,*,#5396,.T.);
#7462=ORIENTED_EDGE('',*,*,#5678,.F.);
#7463=ORIENTED_EDGE('',*,*,#5676,.F.);
#7464=ORIENTED_EDGE('',*,*,#5672,.T.);
#7465=ORIENTED_EDGE('',*,*,#5680,.F.);
#7466=ORIENTED_EDGE('',*,*,#5681,.F.);
#7467=ORIENTED_EDGE('',*,*,#5674,.T.);
#7468=ORIENTED_EDGE('',*,*,#5670,.T.);
#7469=ORIENTED_EDGE('',*,*,#5681,.T.);
#7470=ORIENTED_EDGE('',*,*,#5679,.F.);
#7471=ORIENTED_EDGE('',*,*,#5401,.F.);
#7472=ORIENTED_EDGE('',*,*,#5675,.T.);
#7473=ORIENTED_EDGE('',*,*,#5665,.F.);
#7474=ORIENTED_EDGE('',*,*,#5607,.F.);
#7475=ORIENTED_EDGE('',*,*,#5682,.T.);
#7476=ORIENTED_EDGE('',*,*,#5347,.T.);
#7477=ORIENTED_EDGE('',*,*,#5682,.F.);
#7478=ORIENTED_EDGE('',*,*,#5606,.F.);
#7479=ORIENTED_EDGE('',*,*,#5595,.T.);
#7480=ORIENTED_EDGE('',*,*,#5576,.T.);
#7481=ORIENTED_EDGE('',*,*,#5598,.T.);
#7482=ORIENTED_EDGE('',*,*,#5654,.T.);
#7483=ORIENTED_EDGE('',*,*,#5683,.T.);
#7484=ORIENTED_EDGE('',*,*,#5373,.T.);
#7485=ORIENTED_EDGE('',*,*,#5684,.F.);
#7486=ORIENTED_EDGE('',*,*,#5348,.F.);
#7487=ORIENTED_EDGE('',*,*,#5372,.T.);
#7488=ORIENTED_EDGE('',*,*,#5685,.F.);
#7489=ORIENTED_EDGE('',*,*,#5349,.F.);
#7490=ORIENTED_EDGE('',*,*,#5684,.T.);
#7491=ORIENTED_EDGE('',*,*,#5350,.T.);
#7492=ORIENTED_EDGE('',*,*,#5685,.T.);
#7493=ORIENTED_EDGE('',*,*,#5371,.T.);
#7494=ORIENTED_EDGE('',*,*,#5369,.T.);
#7495=ORIENTED_EDGE('',*,*,#5683,.F.);
#7496=ORIENTED_EDGE('',*,*,#5653,.T.);
#7497=ORIENTED_EDGE('',*,*,#5668,.F.);
#7498=ORIENTED_EDGE('',*,*,#5374,.F.);
#7499=ORIENTED_EDGE('',*,*,#5609,.T.);
#7500=ORIENTED_EDGE('',*,*,#5664,.F.);
#7501=ORIENTED_EDGE('',*,*,#5620,.T.);
#7502=ORIENTED_EDGE('',*,*,#5618,.F.);
#7503=ORIENTED_EDGE('',*,*,#5659,.T.);
#7504=ORIENTED_EDGE('',*,*,#5657,.F.);
#7505=ORIENTED_EDGE('',*,*,#5423,.F.);
#7506=ORIENTED_EDGE('',*,*,#5661,.T.);
#7507=ORIENTED_EDGE('',*,*,#5425,.F.);
#7508=ORIENTED_EDGE('',*,*,#5656,.T.);
#7509=ORIENTED_EDGE('',*,*,#5686,.T.);
#7510=ORIENTED_EDGE('',*,*,#5604,.F.);
#7511=ORIENTED_EDGE('',*,*,#5686,.F.);
#7512=ORIENTED_EDGE('',*,*,#5655,.T.);
#7513=ORIENTED_EDGE('',*,*,#5593,.T.);
#7514=ORIENTED_EDGE('',*,*,#5605,.F.);
#7515=ORIENTED_EDGE('',*,*,#5631,.F.);
#7516=ORIENTED_EDGE('',*,*,#5625,.T.);
#7517=ORIENTED_EDGE('',*,*,#5687,.T.);
#7518=ORIENTED_EDGE('',*,*,#5601,.T.);
#7519=ORIENTED_EDGE('',*,*,#5688,.F.);
#7520=ORIENTED_EDGE('',*,*,#5689,.F.);
#7521=ORIENTED_EDGE('',*,*,#5690,.T.);
#7522=ORIENTED_EDGE('',*,*,#5688,.T.);
#7523=ORIENTED_EDGE('',*,*,#5600,.F.);
#7524=ORIENTED_EDGE('',*,*,#5691,.F.);
#7525=ORIENTED_EDGE('',*,*,#5691,.T.);
#7526=ORIENTED_EDGE('',*,*,#5599,.T.);
#7527=ORIENTED_EDGE('',*,*,#5616,.F.);
#7528=ORIENTED_EDGE('',*,*,#5692,.F.);
#7529=ORIENTED_EDGE('',*,*,#5693,.F.);
#7530=ORIENTED_EDGE('',*,*,#5614,.F.);
#7531=ORIENTED_EDGE('',*,*,#5630,.F.);
#7532=ORIENTED_EDGE('',*,*,#5690,.F.);
#7533=ORIENTED_EDGE('',*,*,#5694,.T.);
#7534=ORIENTED_EDGE('',*,*,#5602,.T.);
#7535=ORIENTED_EDGE('',*,*,#5687,.F.);
#7536=ORIENTED_EDGE('',*,*,#5624,.F.);
#7537=ORIENTED_EDGE('',*,*,#5427,.T.);
#7538=ORIENTED_EDGE('',*,*,#5603,.T.);
#7539=ORIENTED_EDGE('',*,*,#5694,.F.);
#7540=ORIENTED_EDGE('',*,*,#5623,.F.);
#7541=ORIENTED_EDGE('',*,*,#5558,.T.);
#7542=ORIENTED_EDGE('',*,*,#5179,.F.);
#7543=ORIENTED_EDGE('',*,*,#5695,.F.);
#7544=ORIENTED_EDGE('',*,*,#5185,.F.);
#7545=ORIENTED_EDGE('',*,*,#5696,.F.);
#7546=ORIENTED_EDGE('',*,*,#5571,.F.);
#7547=ORIENTED_EDGE('',*,*,#5697,.T.);
#7548=ORIENTED_EDGE('',*,*,#5566,.F.);
#7549=ORIENTED_EDGE('',*,*,#5696,.T.);
#7550=ORIENTED_EDGE('',*,*,#5184,.T.);
#7551=ORIENTED_EDGE('',*,*,#5572,.F.);
#7552=ORIENTED_EDGE('',*,*,#5564,.F.);
#7553=ORIENTED_EDGE('',*,*,#5698,.F.);
#7554=ORIENTED_EDGE('',*,*,#5544,.T.);
#7555=ORIENTED_EDGE('',*,*,#5698,.T.);
#7556=ORIENTED_EDGE('',*,*,#5563,.F.);
#7557=ORIENTED_EDGE('',*,*,#5699,.F.);
#7558=ORIENTED_EDGE('',*,*,#5545,.T.);
#7559=ORIENTED_EDGE('',*,*,#5699,.T.);
#7560=ORIENTED_EDGE('',*,*,#5562,.F.);
#7561=ORIENTED_EDGE('',*,*,#5700,.F.);
#7562=ORIENTED_EDGE('',*,*,#5546,.T.);
#7563=ORIENTED_EDGE('',*,*,#5700,.T.);
#7564=ORIENTED_EDGE('',*,*,#5561,.F.);
#7565=ORIENTED_EDGE('',*,*,#5701,.F.);
#7566=ORIENTED_EDGE('',*,*,#5547,.T.);
#7567=ORIENTED_EDGE('',*,*,#5701,.T.);
#7568=ORIENTED_EDGE('',*,*,#5560,.F.);
#7569=ORIENTED_EDGE('',*,*,#5553,.F.);
#7570=ORIENTED_EDGE('',*,*,#5548,.T.);
#7571=ORIENTED_EDGE('',*,*,#5702,.T.);
#7572=ORIENTED_EDGE('',*,*,#5567,.F.);
#7573=ORIENTED_EDGE('',*,*,#5697,.F.);
#7574=ORIENTED_EDGE('',*,*,#5543,.T.);
#7575=ORIENTED_EDGE('',*,*,#5703,.T.);
#7576=ORIENTED_EDGE('',*,*,#5568,.F.);
#7577=ORIENTED_EDGE('',*,*,#5702,.F.);
#7578=ORIENTED_EDGE('',*,*,#5542,.T.);
#7579=ORIENTED_EDGE('',*,*,#5704,.T.);
#7580=ORIENTED_EDGE('',*,*,#5569,.F.);
#7581=ORIENTED_EDGE('',*,*,#5703,.F.);
#7582=ORIENTED_EDGE('',*,*,#5541,.T.);
#7583=ORIENTED_EDGE('',*,*,#5538,.T.);
#7584=ORIENTED_EDGE('',*,*,#5570,.F.);
#7585=ORIENTED_EDGE('',*,*,#5704,.F.);
#7586=ORIENTED_EDGE('',*,*,#5540,.T.);
#7587=ORIENTED_EDGE('',*,*,#5361,.F.);
#7588=ORIENTED_EDGE('',*,*,#5705,.F.);
#7589=ORIENTED_EDGE('',*,*,#5380,.F.);
#7590=ORIENTED_EDGE('',*,*,#5516,.T.);
#7591=ORIENTED_EDGE('',*,*,#5523,.T.);
#7592=ORIENTED_EDGE('',*,*,#5706,.T.);
#7593=ORIENTED_EDGE('',*,*,#5509,.F.);
#7594=ORIENTED_EDGE('',*,*,#5518,.T.);
#7595=ORIENTED_EDGE('',*,*,#5707,.F.);
#7596=ORIENTED_EDGE('',*,*,#5274,.T.);
#7597=ORIENTED_EDGE('',*,*,#5708,.T.);
#7598=ORIENTED_EDGE('',*,*,#5709,.F.);
#7599=ORIENTED_EDGE('',*,*,#5510,.T.);
#7600=ORIENTED_EDGE('',*,*,#5706,.F.);
#7601=ORIENTED_EDGE('',*,*,#5522,.T.);
#7602=ORIENTED_EDGE('',*,*,#5710,.F.);
#7603=ORIENTED_EDGE('',*,*,#5711,.T.);
#7604=ORIENTED_EDGE('',*,*,#5712,.T.);
#7605=ORIENTED_EDGE('',*,*,#5713,.T.);
#7606=ORIENTED_EDGE('',*,*,#5307,.T.);
#7607=ORIENTED_EDGE('',*,*,#5305,.F.);
#7608=ORIENTED_EDGE('',*,*,#5714,.T.);
#7609=ORIENTED_EDGE('',*,*,#5715,.F.);
#7610=ORIENTED_EDGE('',*,*,#5716,.T.);
#7611=ORIENTED_EDGE('',*,*,#5711,.F.);
#7612=ORIENTED_EDGE('',*,*,#5717,.F.);
#7613=ORIENTED_EDGE('',*,*,#5320,.F.);
#7614=ORIENTED_EDGE('',*,*,#5321,.T.);
#7615=ORIENTED_EDGE('',*,*,#5717,.T.);
#7616=ORIENTED_EDGE('',*,*,#5710,.T.);
#7617=ORIENTED_EDGE('',*,*,#5521,.T.);
#7618=ORIENTED_EDGE('',*,*,#5709,.T.);
#7619=ORIENTED_EDGE('',*,*,#5718,.T.);
#7620=ORIENTED_EDGE('',*,*,#5501,.T.);
#7621=ORIENTED_EDGE('',*,*,#5511,.F.);
#7622=ORIENTED_EDGE('',*,*,#5507,.F.);
#7623=ORIENTED_EDGE('',*,*,#5719,.T.);
#7624=ORIENTED_EDGE('',*,*,#5318,.T.);
#7625=ORIENTED_EDGE('',*,*,#5514,.F.);
#7626=ORIENTED_EDGE('',*,*,#5315,.T.);
#7627=ORIENTED_EDGE('',*,*,#5720,.F.);
#7628=ORIENTED_EDGE('',*,*,#5712,.F.);
#7629=ORIENTED_EDGE('',*,*,#5721,.F.);
#7630=ORIENTED_EDGE('',*,*,#5722,.T.);
#7631=ORIENTED_EDGE('',*,*,#5716,.F.);
#7632=ORIENTED_EDGE('',*,*,#5313,.F.);
#7633=ORIENTED_EDGE('',*,*,#5308,.F.);
#7634=ORIENTED_EDGE('',*,*,#5713,.F.);
#7635=ORIENTED_EDGE('',*,*,#5720,.T.);
#7636=ORIENTED_EDGE('',*,*,#5722,.F.);
#7637=ORIENTED_EDGE('',*,*,#5723,.F.);
#7638=ORIENTED_EDGE('',*,*,#5275,.T.);
#7639=ORIENTED_EDGE('',*,*,#5707,.T.);
#7640=ORIENTED_EDGE('',*,*,#5724,.F.);
#7641=ORIENTED_EDGE('',*,*,#5725,.T.);
#7642=ORIENTED_EDGE('',*,*,#5726,.T.);
#7643=ORIENTED_EDGE('',*,*,#5276,.F.);
#7644=ORIENTED_EDGE('',*,*,#5723,.T.);
#7645=ORIENTED_EDGE('',*,*,#5727,.F.);
#7646=ORIENTED_EDGE('',*,*,#5312,.T.);
#7647=ORIENTED_EDGE('',*,*,#5277,.T.);
#7648=ORIENTED_EDGE('',*,*,#5726,.F.);
#7649=ORIENTED_EDGE('',*,*,#5728,.F.);
#7650=ORIENTED_EDGE('',*,*,#5303,.F.);
#7651=ORIENTED_EDGE('',*,*,#5310,.T.);
#7652=ORIENTED_EDGE('',*,*,#5727,.T.);
#7653=ORIENTED_EDGE('',*,*,#5725,.F.);
#7654=ORIENTED_EDGE('',*,*,#5729,.F.);
#7655=ORIENTED_EDGE('',*,*,#5728,.T.);
#7656=ORIENTED_EDGE('',*,*,#5714,.F.);
#7657=ORIENTED_EDGE('',*,*,#5304,.F.);
#7658=ORIENTED_EDGE('',*,*,#5729,.T.);
#7659=ORIENTED_EDGE('',*,*,#5730,.T.);
#7660=ORIENTED_EDGE('',*,*,#5715,.T.);
#7661=ORIENTED_EDGE('',*,*,#5730,.F.);
#7662=ORIENTED_EDGE('',*,*,#5724,.T.);
#7663=ORIENTED_EDGE('',*,*,#5721,.T.);
#7664=ORIENTED_EDGE('',*,*,#5360,.T.);
#7665=ORIENTED_EDGE('',*,*,#5393,.F.);
#7666=ORIENTED_EDGE('',*,*,#5381,.F.);
#7667=ORIENTED_EDGE('',*,*,#5705,.T.);
#7668=ORIENTED_EDGE('',*,*,#5483,.F.);
#7669=ORIENTED_EDGE('',*,*,#5497,.T.);
#7670=ORIENTED_EDGE('',*,*,#5445,.F.);
#7671=ORIENTED_EDGE('',*,*,#5731,.F.);
#7672=ORIENTED_EDGE('',*,*,#5450,.T.);
#7673=ORIENTED_EDGE('',*,*,#5732,.T.);
#7674=ORIENTED_EDGE('',*,*,#5484,.F.);
#7675=ORIENTED_EDGE('',*,*,#5731,.T.);
#7676=ORIENTED_EDGE('',*,*,#5485,.F.);
#7677=ORIENTED_EDGE('',*,*,#5732,.F.);
#7678=ORIENTED_EDGE('',*,*,#5449,.T.);
#7679=ORIENTED_EDGE('',*,*,#5733,.F.);
#7680=ORIENTED_EDGE('',*,*,#5448,.F.);
#7681=ORIENTED_EDGE('',*,*,#5734,.F.);
#7682=ORIENTED_EDGE('',*,*,#5486,.T.);
#7683=ORIENTED_EDGE('',*,*,#5733,.T.);
#7684=ORIENTED_EDGE('',*,*,#5734,.T.);
#7685=ORIENTED_EDGE('',*,*,#5447,.F.);
#7686=ORIENTED_EDGE('',*,*,#5496,.F.);
#7687=ORIENTED_EDGE('',*,*,#5487,.T.);
#7688=ORIENTED_EDGE('',*,*,#5735,.T.);
#7689=ORIENTED_EDGE('',*,*,#5736,.F.);
#7690=ORIENTED_EDGE('',*,*,#5415,.F.);
#7691=ORIENTED_EDGE('',*,*,#5431,.T.);
#7692=ORIENTED_EDGE('',*,*,#5737,.T.);
#7693=ORIENTED_EDGE('',*,*,#5738,.T.);
#7694=ORIENTED_EDGE('',*,*,#5739,.T.);
#7695=ORIENTED_EDGE('',*,*,#5408,.T.);
#7696=ORIENTED_EDGE('',*,*,#5740,.T.);
#7697=ORIENTED_EDGE('',*,*,#5416,.T.);
#7698=ORIENTED_EDGE('',*,*,#5736,.T.);
#7699=ORIENTED_EDGE('',*,*,#5741,.T.);
#7700=ORIENTED_EDGE('',*,*,#5409,.T.);
#7701=ORIENTED_EDGE('',*,*,#5739,.F.);
#7702=ORIENTED_EDGE('',*,*,#5742,.F.);
#7703=ORIENTED_EDGE('',*,*,#5419,.F.);
#7704=ORIENTED_EDGE('',*,*,#5742,.T.);
#7705=ORIENTED_EDGE('',*,*,#5738,.F.);
#7706=ORIENTED_EDGE('',*,*,#5743,.F.);
#7707=ORIENTED_EDGE('',*,*,#5420,.T.);
#7708=ORIENTED_EDGE('',*,*,#5743,.T.);
#7709=ORIENTED_EDGE('',*,*,#5737,.F.);
#7710=ORIENTED_EDGE('',*,*,#5407,.F.);
#7711=ORIENTED_EDGE('',*,*,#5421,.T.);
#7712=ORIENTED_EDGE('',*,*,#5744,.T.);
#7713=ORIENTED_EDGE('',*,*,#5741,.F.);
#7714=ORIENTED_EDGE('',*,*,#5735,.F.);
#7715=ORIENTED_EDGE('',*,*,#5430,.T.);
#7716=ORIENTED_EDGE('',*,*,#5417,.T.);
#7717=ORIENTED_EDGE('',*,*,#5740,.F.);
#7718=ORIENTED_EDGE('',*,*,#5744,.F.);
#7719=ORIENTED_EDGE('',*,*,#5429,.F.);
#7720=ORIENTED_EDGE('',*,*,#5718,.F.);
#7721=ORIENTED_EDGE('',*,*,#5708,.F.);
#7722=ORIENTED_EDGE('',*,*,#5281,.F.);
#7723=ORIENTED_EDGE('',*,*,#5319,.T.);
#7724=ORIENTED_EDGE('',*,*,#5719,.F.);
#7725=ORIENTED_EDGE('',*,*,#5506,.F.);
#7726=ORIENTED_EDGE('',*,*,#5505,.F.);
#7727=ORIENTED_EDGE('',*,*,#5502,.F.);
#7728=ORIENTED_EDGE('',*,*,#5222,.T.);
#7729=ORIENTED_EDGE('',*,*,#5206,.T.);
#7730=ORIENTED_EDGE('',*,*,#5212,.T.);
#7731=ORIENTED_EDGE('',*,*,#5194,.F.);
#7732=ORIENTED_EDGE('',*,*,#5191,.F.);
#7733=ORIENTED_EDGE('',*,*,#5198,.F.);
#7734=ORIENTED_EDGE('',*,*,#5224,.T.);
#7735=ORIENTED_EDGE('',*,*,#5216,.T.);
#7736=ORIENTED_EDGE('',*,*,#5252,.F.);
#7737=ORIENTED_EDGE('',*,*,#5260,.T.);
#7738=ORIENTED_EDGE('',*,*,#5266,.F.);
#7739=ORIENTED_EDGE('',*,*,#5273,.F.);
#7740=ORIENTED_EDGE('',*,*,#5268,.F.);
#7741=ORIENTED_EDGE('',*,*,#5262,.T.);
#7742=ORIENTED_EDGE('',*,*,#5244,.F.);
#7743=ORIENTED_EDGE('',*,*,#5261,.T.);
#7744=ORIENTED_EDGE('',*,*,#5643,.T.);
#7745=ORIENTED_EDGE('',*,*,#5641,.T.);
#7746=ORIENTED_EDGE('',*,*,#5637,.T.);
#7747=ORIENTED_EDGE('',*,*,#5745,.T.);
#7748=ORIENTED_EDGE('',*,*,#5746,.T.);
#7749=ORIENTED_EDGE('',*,*,#5747,.T.);
#7750=ORIENTED_EDGE('',*,*,#5748,.T.);
#7751=ORIENTED_EDGE('',*,*,#5749,.T.);
#7752=ORIENTED_EDGE('',*,*,#5750,.T.);
#7753=ORIENTED_EDGE('',*,*,#5751,.T.);
#7754=ORIENTED_EDGE('',*,*,#5752,.F.);
#7755=ORIENTED_EDGE('',*,*,#5753,.F.);
#7756=ORIENTED_EDGE('',*,*,#5754,.F.);
#7757=ORIENTED_EDGE('',*,*,#5755,.F.);
#7758=ORIENTED_EDGE('',*,*,#5756,.T.);
#7759=ORIENTED_EDGE('',*,*,#5757,.F.);
#7760=ORIENTED_EDGE('',*,*,#5758,.F.);
#7761=ORIENTED_EDGE('',*,*,#5759,.F.);
#7762=ORIENTED_EDGE('',*,*,#5760,.F.);
#7763=ORIENTED_EDGE('',*,*,#5761,.F.);
#7764=ORIENTED_EDGE('',*,*,#5762,.F.);
#7765=ORIENTED_EDGE('',*,*,#5763,.T.);
#7766=ORIENTED_EDGE('',*,*,#5764,.F.);
#7767=ORIENTED_EDGE('',*,*,#5765,.F.);
#7768=ORIENTED_EDGE('',*,*,#5766,.F.);
#7769=ORIENTED_EDGE('',*,*,#5767,.F.);
#7770=ORIENTED_EDGE('',*,*,#5768,.F.);
#7771=ORIENTED_EDGE('',*,*,#5769,.T.);
#7772=ORIENTED_EDGE('',*,*,#5770,.T.);
#7773=ORIENTED_EDGE('',*,*,#5771,.F.);
#7774=ORIENTED_EDGE('',*,*,#5177,.F.);
#7775=ORIENTED_EDGE('',*,*,#5772,.F.);
#7776=ORIENTED_EDGE('',*,*,#5770,.F.);
#7777=ORIENTED_EDGE('',*,*,#5773,.T.);
#7778=ORIENTED_EDGE('',*,*,#5168,.F.);
#7779=ORIENTED_EDGE('',*,*,#5774,.F.);
#7780=ORIENTED_EDGE('',*,*,#5171,.F.);
#7781=ORIENTED_EDGE('',*,*,#5155,.F.);
#7782=ORIENTED_EDGE('',*,*,#5775,.F.);
#7783=ORIENTED_EDGE('',*,*,#5776,.F.);
#7784=ORIENTED_EDGE('',*,*,#5775,.T.);
#7785=ORIENTED_EDGE('',*,*,#5777,.T.);
#7786=ORIENTED_EDGE('',*,*,#5778,.F.);
#7787=ORIENTED_EDGE('',*,*,#5779,.F.);
#7788=ORIENTED_EDGE('',*,*,#5780,.F.);
#7789=ORIENTED_EDGE('',*,*,#5781,.T.);
#7790=ORIENTED_EDGE('',*,*,#5782,.F.);
#7791=ORIENTED_EDGE('',*,*,#5783,.T.);
#7792=ORIENTED_EDGE('',*,*,#5777,.F.);
#7793=ORIENTED_EDGE('',*,*,#5776,.T.);
#7794=ORIENTED_EDGE('',*,*,#5779,.T.);
#7795=ORIENTED_EDGE('',*,*,#5784,.T.);
#7796=ORIENTED_EDGE('',*,*,#5785,.F.);
#7797=ORIENTED_EDGE('',*,*,#5786,.F.);
#7798=ORIENTED_EDGE('',*,*,#5787,.T.);
#7799=ORIENTED_EDGE('',*,*,#5157,.T.);
#7800=ORIENTED_EDGE('',*,*,#5788,.F.);
#7801=ORIENTED_EDGE('',*,*,#5789,.F.);
#7802=ORIENTED_EDGE('',*,*,#5790,.F.);
#7803=ORIENTED_EDGE('',*,*,#5781,.F.);
#7804=ORIENTED_EDGE('',*,*,#5791,.F.);
#7805=ORIENTED_EDGE('',*,*,#5163,.F.);
#7806=ORIENTED_EDGE('',*,*,#5792,.T.);
#7807=ORIENTED_EDGE('',*,*,#5793,.T.);
#7808=ORIENTED_EDGE('',*,*,#5794,.F.);
#7809=ORIENTED_EDGE('',*,*,#5795,.F.);
#7810=ORIENTED_EDGE('',*,*,#5174,.T.);
#7811=ORIENTED_EDGE('',*,*,#5165,.T.);
#7812=ORIENTED_EDGE('',*,*,#5172,.T.);
#7813=ORIENTED_EDGE('',*,*,#5774,.T.);
#7814=ORIENTED_EDGE('',*,*,#5167,.T.);
#7815=ORIENTED_EDGE('',*,*,#5796,.T.);
#7816=ORIENTED_EDGE('',*,*,#5797,.F.);
#7817=ORIENTED_EDGE('',*,*,#5798,.F.);
#7818=ORIENTED_EDGE('',*,*,#5799,.T.);
#7819=ORIENTED_EDGE('',*,*,#5159,.T.);
#7820=ORIENTED_EDGE('',*,*,#5800,.T.);
#7821=ORIENTED_EDGE('',*,*,#5764,.T.);
#7822=ORIENTED_EDGE('',*,*,#5801,.T.);
#7823=ORIENTED_EDGE('',*,*,#5802,.T.);
#7824=ORIENTED_EDGE('',*,*,#5803,.T.);
#7825=ORIENTED_EDGE('',*,*,#5804,.F.);
#7826=ORIENTED_EDGE('',*,*,#5805,.T.);
#7827=ORIENTED_EDGE('',*,*,#5806,.T.);
#7828=ORIENTED_EDGE('',*,*,#5807,.F.);
#7829=ORIENTED_EDGE('',*,*,#5803,.F.);
#7830=ORIENTED_EDGE('',*,*,#5808,.T.);
#7831=ORIENTED_EDGE('',*,*,#5809,.F.);
#7832=ORIENTED_EDGE('',*,*,#5806,.F.);
#7833=ORIENTED_EDGE('',*,*,#5810,.F.);
#7834=ORIENTED_EDGE('',*,*,#5811,.T.);
#7835=ORIENTED_EDGE('',*,*,#5812,.F.);
#7836=ORIENTED_EDGE('',*,*,#5756,.F.);
#7837=ORIENTED_EDGE('',*,*,#5813,.T.);
#7838=ORIENTED_EDGE('',*,*,#5814,.T.);
#7839=ORIENTED_EDGE('',*,*,#5161,.F.);
#7840=ORIENTED_EDGE('',*,*,#5815,.F.);
#7841=ORIENTED_EDGE('',*,*,#5757,.T.);
#7842=ORIENTED_EDGE('',*,*,#5812,.T.);
#7843=ORIENTED_EDGE('',*,*,#5173,.F.);
#7844=ORIENTED_EDGE('',*,*,#5815,.T.);
#7845=ORIENTED_EDGE('',*,*,#5798,.T.);
#7846=ORIENTED_EDGE('',*,*,#5816,.T.);
#7847=ORIENTED_EDGE('',*,*,#5817,.T.);
#7848=ORIENTED_EDGE('',*,*,#5758,.T.);
#7849=ORIENTED_EDGE('',*,*,#5818,.F.);
#7850=ORIENTED_EDGE('',*,*,#5759,.T.);
#7851=ORIENTED_EDGE('',*,*,#5817,.F.);
#7852=ORIENTED_EDGE('',*,*,#5805,.F.);
#7853=ORIENTED_EDGE('',*,*,#5819,.F.);
#7854=ORIENTED_EDGE('',*,*,#5811,.F.);
#7855=ORIENTED_EDGE('',*,*,#5813,.F.);
#7856=ORIENTED_EDGE('',*,*,#5755,.T.);
#7857=ORIENTED_EDGE('',*,*,#5820,.F.);
#7858=ORIENTED_EDGE('',*,*,#5821,.F.);
#7859=ORIENTED_EDGE('',*,*,#5804,.T.);
#7860=ORIENTED_EDGE('',*,*,#5807,.T.);
#7861=ORIENTED_EDGE('',*,*,#5809,.T.);
#7862=ORIENTED_EDGE('',*,*,#5819,.T.);
#7863=ORIENTED_EDGE('',*,*,#5822,.T.);
#7864=ORIENTED_EDGE('',*,*,#5823,.T.);
#7865=ORIENTED_EDGE('',*,*,#5824,.T.);
#7866=ORIENTED_EDGE('',*,*,#5766,.T.);
#7867=ORIENTED_EDGE('',*,*,#5825,.T.);
#7868=ORIENTED_EDGE('',*,*,#5826,.T.);
#7869=ORIENTED_EDGE('',*,*,#5822,.F.);
#7870=ORIENTED_EDGE('',*,*,#5765,.T.);
#7871=ORIENTED_EDGE('',*,*,#5827,.T.);
#7872=ORIENTED_EDGE('',*,*,#5823,.F.);
#7873=ORIENTED_EDGE('',*,*,#5826,.F.);
#7874=ORIENTED_EDGE('',*,*,#5828,.T.);
#7875=ORIENTED_EDGE('',*,*,#5824,.F.);
#7876=ORIENTED_EDGE('',*,*,#5827,.F.);
#7877=ORIENTED_EDGE('',*,*,#5829,.F.);
#7878=ORIENTED_EDGE('',*,*,#5767,.T.);
#7879=ORIENTED_EDGE('',*,*,#5830,.F.);
#7880=ORIENTED_EDGE('',*,*,#5769,.F.);
#7881=ORIENTED_EDGE('',*,*,#5831,.T.);
#7882=ORIENTED_EDGE('',*,*,#5832,.T.);
#7883=ORIENTED_EDGE('',*,*,#5801,.F.);
#7884=ORIENTED_EDGE('',*,*,#5763,.F.);
#7885=ORIENTED_EDGE('',*,*,#5833,.F.);
#7886=ORIENTED_EDGE('',*,*,#5834,.F.);
#7887=ORIENTED_EDGE('',*,*,#5799,.F.);
#7888=ORIENTED_EDGE('',*,*,#5832,.F.);
#7889=ORIENTED_EDGE('',*,*,#5835,.T.);
#7890=ORIENTED_EDGE('',*,*,#5166,.F.);
#7891=ORIENTED_EDGE('',*,*,#5835,.F.);
#7892=ORIENTED_EDGE('',*,*,#5831,.F.);
#7893=ORIENTED_EDGE('',*,*,#5768,.T.);
#7894=ORIENTED_EDGE('',*,*,#5836,.T.);
#7895=ORIENTED_EDGE('',*,*,#5796,.F.);
#7896=ORIENTED_EDGE('',*,*,#5829,.T.);
#7897=ORIENTED_EDGE('',*,*,#5828,.F.);
#7898=ORIENTED_EDGE('',*,*,#5825,.F.);
#7899=ORIENTED_EDGE('',*,*,#5800,.F.);
#7900=ORIENTED_EDGE('',*,*,#5158,.T.);
#7901=ORIENTED_EDGE('',*,*,#5787,.F.);
#7902=ORIENTED_EDGE('',*,*,#5780,.T.);
#7903=ORIENTED_EDGE('',*,*,#5837,.T.);
#7904=ORIENTED_EDGE('',*,*,#5792,.F.);
#7905=ORIENTED_EDGE('',*,*,#5162,.T.);
#7906=ORIENTED_EDGE('',*,*,#5814,.F.);
#7907=ORIENTED_EDGE('',*,*,#5810,.T.);
#7908=ORIENTED_EDGE('',*,*,#5808,.F.);
#7909=ORIENTED_EDGE('',*,*,#5802,.F.);
#7910=ORIENTED_EDGE('',*,*,#5816,.F.);
#7911=ORIENTED_EDGE('',*,*,#5797,.T.);
#7912=ORIENTED_EDGE('',*,*,#5836,.F.);
#7913=ORIENTED_EDGE('',*,*,#5786,.T.);
#7914=ORIENTED_EDGE('',*,*,#5838,.F.);
#7915=ORIENTED_EDGE('',*,*,#5793,.F.);
#7916=ORIENTED_EDGE('',*,*,#5837,.F.);
#7917=ORIENTED_EDGE('',*,*,#5839,.F.);
#7918=ORIENTED_EDGE('',*,*,#5789,.T.);
#7919=ORIENTED_EDGE('',*,*,#5840,.F.);
#7920=ORIENTED_EDGE('',*,*,#5841,.F.);
#7921=ORIENTED_EDGE('',*,*,#5169,.F.);
#7922=ORIENTED_EDGE('',*,*,#5773,.F.);
#7923=ORIENTED_EDGE('',*,*,#5771,.T.);
#7924=ORIENTED_EDGE('',*,*,#5772,.T.);
#7925=ORIENTED_EDGE('',*,*,#5176,.F.);
#7926=ORIENTED_EDGE('',*,*,#5842,.F.);
#7927=ORIENTED_EDGE('',*,*,#5843,.F.);
#7928=ORIENTED_EDGE('',*,*,#5844,.F.);
#7929=ORIENTED_EDGE('',*,*,#5795,.T.);
#7930=ORIENTED_EDGE('',*,*,#5845,.F.);
#7931=ORIENTED_EDGE('',*,*,#5846,.F.);
#7932=ORIENTED_EDGE('',*,*,#5847,.T.);
#7933=ORIENTED_EDGE('',*,*,#5784,.F.);
#7934=ORIENTED_EDGE('',*,*,#5778,.T.);
#7935=ORIENTED_EDGE('',*,*,#5783,.F.);
#7936=ORIENTED_EDGE('',*,*,#5848,.T.);
#7937=ORIENTED_EDGE('',*,*,#5175,.T.);
#7938=ORIENTED_EDGE('',*,*,#5849,.T.);
#7939=ORIENTED_EDGE('',*,*,#5849,.F.);
#7940=ORIENTED_EDGE('',*,*,#5791,.T.);
#7941=ORIENTED_EDGE('',*,*,#5850,.F.);
#7942=ORIENTED_EDGE('',*,*,#5851,.T.);
#7943=ORIENTED_EDGE('',*,*,#5852,.T.);
#7944=ORIENTED_EDGE('',*,*,#5853,.F.);
#7945=ORIENTED_EDGE('',*,*,#5854,.F.);
#7946=ORIENTED_EDGE('',*,*,#5855,.F.);
#7947=ORIENTED_EDGE('',*,*,#5753,.T.);
#7948=ORIENTED_EDGE('',*,*,#5856,.T.);
#7949=ORIENTED_EDGE('',*,*,#5857,.T.);
#7950=ORIENTED_EDGE('',*,*,#5858,.F.);
#7951=ORIENTED_EDGE('',*,*,#5821,.T.);
#7952=ORIENTED_EDGE('',*,*,#5859,.F.);
#7953=ORIENTED_EDGE('',*,*,#5860,.F.);
#7954=ORIENTED_EDGE('',*,*,#5861,.T.);
#7955=ORIENTED_EDGE('',*,*,#5820,.T.);
#7956=ORIENTED_EDGE('',*,*,#5754,.T.);
#7957=ORIENTED_EDGE('',*,*,#5858,.T.);
#7958=ORIENTED_EDGE('',*,*,#5862,.T.);
#7959=ORIENTED_EDGE('',*,*,#5863,.T.);
#7960=ORIENTED_EDGE('',*,*,#5864,.T.);
#7961=ORIENTED_EDGE('',*,*,#5865,.F.);
#7962=ORIENTED_EDGE('',*,*,#5866,.T.);
#7963=ORIENTED_EDGE('',*,*,#5867,.T.);
#7964=ORIENTED_EDGE('',*,*,#5859,.T.);
#7965=ORIENTED_EDGE('',*,*,#5761,.T.);
#7966=ORIENTED_EDGE('',*,*,#5868,.F.);
#7967=ORIENTED_EDGE('',*,*,#5869,.F.);
#7968=ORIENTED_EDGE('',*,*,#5870,.T.);
#7969=ORIENTED_EDGE('',*,*,#5834,.T.);
#7970=ORIENTED_EDGE('',*,*,#5871,.T.);
#7971=ORIENTED_EDGE('',*,*,#5872,.T.);
#7972=ORIENTED_EDGE('',*,*,#5873,.F.);
#7973=ORIENTED_EDGE('',*,*,#5833,.T.);
#7974=ORIENTED_EDGE('',*,*,#5762,.T.);
#7975=ORIENTED_EDGE('',*,*,#5870,.F.);
#7976=ORIENTED_EDGE('',*,*,#5874,.F.);
#7977=ORIENTED_EDGE('',*,*,#5875,.T.);
#7978=ORIENTED_EDGE('',*,*,#5876,.F.);
#7979=ORIENTED_EDGE('',*,*,#5877,.F.);
#7980=ORIENTED_EDGE('',*,*,#5878,.F.);
#7981=ORIENTED_EDGE('',*,*,#5879,.F.);
#7982=ORIENTED_EDGE('',*,*,#5871,.F.);
#7983=ORIENTED_EDGE('',*,*,#5880,.F.);
#7984=ORIENTED_EDGE('',*,*,#5881,.F.);
#7985=ORIENTED_EDGE('',*,*,#5882,.T.);
#7986=ORIENTED_EDGE('',*,*,#5883,.F.);
#7987=ORIENTED_EDGE('',*,*,#5884,.F.);
#7988=ORIENTED_EDGE('',*,*,#5882,.F.);
#7989=ORIENTED_EDGE('',*,*,#5885,.F.);
#7990=ORIENTED_EDGE('',*,*,#5886,.T.);
#7991=ORIENTED_EDGE('',*,*,#5887,.F.);
#7992=ORIENTED_EDGE('',*,*,#5888,.F.);
#7993=ORIENTED_EDGE('',*,*,#5878,.T.);
#7994=ORIENTED_EDGE('',*,*,#5889,.T.);
#7995=ORIENTED_EDGE('',*,*,#5890,.T.);
#7996=ORIENTED_EDGE('',*,*,#5891,.T.);
#7997=ORIENTED_EDGE('',*,*,#5863,.F.);
#7998=ORIENTED_EDGE('',*,*,#5892,.F.);
#7999=ORIENTED_EDGE('',*,*,#5893,.F.);
#8000=ORIENTED_EDGE('',*,*,#5872,.F.);
#8001=ORIENTED_EDGE('',*,*,#5879,.T.);
#8002=ORIENTED_EDGE('',*,*,#5888,.T.);
#8003=ORIENTED_EDGE('',*,*,#5894,.F.);
#8004=ORIENTED_EDGE('',*,*,#5892,.T.);
#8005=ORIENTED_EDGE('',*,*,#5862,.F.);
#8006=ORIENTED_EDGE('',*,*,#5857,.F.);
#8007=ORIENTED_EDGE('',*,*,#5895,.T.);
#8008=ORIENTED_EDGE('',*,*,#5875,.F.);
#8009=ORIENTED_EDGE('',*,*,#5896,.F.);
#8010=ORIENTED_EDGE('',*,*,#5866,.F.);
#8011=ORIENTED_EDGE('',*,*,#5897,.T.);
#8012=ORIENTED_EDGE('',*,*,#5898,.T.);
#8013=ORIENTED_EDGE('',*,*,#5899,.F.);
#8014=ORIENTED_EDGE('',*,*,#5860,.T.);
#8015=ORIENTED_EDGE('',*,*,#5867,.F.);
#8016=ORIENTED_EDGE('',*,*,#5896,.T.);
#8017=ORIENTED_EDGE('',*,*,#5874,.T.);
#8018=ORIENTED_EDGE('',*,*,#5869,.T.);
#8019=ORIENTED_EDGE('',*,*,#5900,.T.);
#8020=ORIENTED_EDGE('',*,*,#5901,.T.);
#8021=ORIENTED_EDGE('',*,*,#5902,.T.);
#8022=ORIENTED_EDGE('',*,*,#5818,.T.);
#8023=ORIENTED_EDGE('',*,*,#5861,.F.);
#8024=ORIENTED_EDGE('',*,*,#5899,.T.);
#8025=ORIENTED_EDGE('',*,*,#5903,.F.);
#8026=ORIENTED_EDGE('',*,*,#5904,.F.);
#8027=ORIENTED_EDGE('',*,*,#5893,.T.);
#8028=ORIENTED_EDGE('',*,*,#5895,.F.);
#8029=ORIENTED_EDGE('',*,*,#5856,.F.);
#8030=ORIENTED_EDGE('',*,*,#5752,.T.);
#8031=ORIENTED_EDGE('',*,*,#5898,.F.);
#8032=ORIENTED_EDGE('',*,*,#5905,.F.);
#8033=ORIENTED_EDGE('',*,*,#5906,.F.);
#8034=ORIENTED_EDGE('',*,*,#5903,.T.);
#8035=ORIENTED_EDGE('',*,*,#5902,.F.);
#8036=ORIENTED_EDGE('',*,*,#5907,.F.);
#8037=ORIENTED_EDGE('',*,*,#5908,.T.);
#8038=ORIENTED_EDGE('',*,*,#5905,.T.);
#8039=ORIENTED_EDGE('',*,*,#5901,.F.);
#8040=ORIENTED_EDGE('',*,*,#5909,.F.);
#8041=ORIENTED_EDGE('',*,*,#5910,.F.);
#8042=ORIENTED_EDGE('',*,*,#5907,.T.);
#8043=ORIENTED_EDGE('',*,*,#5830,.T.);
#8044=ORIENTED_EDGE('',*,*,#5873,.T.);
#8045=ORIENTED_EDGE('',*,*,#5894,.T.);
#8046=ORIENTED_EDGE('',*,*,#5890,.F.);
#8047=ORIENTED_EDGE('',*,*,#5911,.T.);
#8048=ORIENTED_EDGE('',*,*,#5909,.T.);
#8049=ORIENTED_EDGE('',*,*,#5900,.F.);
#8050=ORIENTED_EDGE('',*,*,#5868,.T.);
#8051=ORIENTED_EDGE('',*,*,#5760,.T.);
#8052=ORIENTED_EDGE('',*,*,#5889,.F.);
#8053=ORIENTED_EDGE('',*,*,#5877,.T.);
#8054=ORIENTED_EDGE('',*,*,#5887,.T.);
#8055=ORIENTED_EDGE('',*,*,#5912,.F.);
#8056=ORIENTED_EDGE('',*,*,#5913,.F.);
#8057=ORIENTED_EDGE('',*,*,#5864,.F.);
#8058=ORIENTED_EDGE('',*,*,#5891,.F.);
#8059=ORIENTED_EDGE('',*,*,#5904,.T.);
#8060=ORIENTED_EDGE('',*,*,#5906,.T.);
#8061=ORIENTED_EDGE('',*,*,#5908,.F.);
#8062=ORIENTED_EDGE('',*,*,#5910,.T.);
#8063=ORIENTED_EDGE('',*,*,#5911,.F.);
#8064=ORIENTED_EDGE('',*,*,#5886,.F.);
#8065=ORIENTED_EDGE('',*,*,#5914,.F.);
#8066=ORIENTED_EDGE('',*,*,#5915,.F.);
#8067=ORIENTED_EDGE('',*,*,#5912,.T.);
#8068=ORIENTED_EDGE('',*,*,#5916,.F.);
#8069=ORIENTED_EDGE('',*,*,#5917,.T.);
#8070=ORIENTED_EDGE('',*,*,#5913,.T.);
#8071=ORIENTED_EDGE('',*,*,#5915,.T.);
#8072=ORIENTED_EDGE('',*,*,#5918,.F.);
#8073=ORIENTED_EDGE('',*,*,#5919,.F.);
#8074=ORIENTED_EDGE('',*,*,#5920,.F.);
#8075=ORIENTED_EDGE('',*,*,#5916,.T.);
#8076=ORIENTED_EDGE('',*,*,#5921,.F.);
#8077=ORIENTED_EDGE('',*,*,#5922,.F.);
#8078=ORIENTED_EDGE('',*,*,#5923,.F.);
#8079=ORIENTED_EDGE('',*,*,#5924,.T.);
#8080=ORIENTED_EDGE('',*,*,#5880,.T.);
#8081=ORIENTED_EDGE('',*,*,#5925,.F.);
#8082=ORIENTED_EDGE('',*,*,#5926,.T.);
#8083=ORIENTED_EDGE('',*,*,#5927,.F.);
#8084=ORIENTED_EDGE('',*,*,#5928,.F.);
#8085=ORIENTED_EDGE('',*,*,#5929,.F.);
#8086=ORIENTED_EDGE('',*,*,#5919,.T.);
#8087=ORIENTED_EDGE('',*,*,#5930,.F.);
#8088=ORIENTED_EDGE('',*,*,#5931,.F.);
#8089=ORIENTED_EDGE('',*,*,#5927,.T.);
#8090=ORIENTED_EDGE('',*,*,#5932,.F.);
#8091=ORIENTED_EDGE('',*,*,#5933,.T.);
#8092=ORIENTED_EDGE('',*,*,#5934,.T.);
#8093=ORIENTED_EDGE('',*,*,#5935,.T.);
#8094=ORIENTED_EDGE('',*,*,#5936,.T.);
#8095=ORIENTED_EDGE('',*,*,#5937,.T.);
#8096=ORIENTED_EDGE('',*,*,#5938,.T.);
#8097=ORIENTED_EDGE('',*,*,#5939,.F.);
#8098=ORIENTED_EDGE('',*,*,#5930,.T.);
#8099=ORIENTED_EDGE('',*,*,#5940,.F.);
#8100=ORIENTED_EDGE('',*,*,#5937,.F.);
#8101=ORIENTED_EDGE('',*,*,#5941,.T.);
#8102=ORIENTED_EDGE('',*,*,#5942,.F.);
#8103=ORIENTED_EDGE('',*,*,#5943,.T.);
#8104=ORIENTED_EDGE('',*,*,#5944,.F.);
#8105=ORIENTED_EDGE('',*,*,#5945,.F.);
#8106=ORIENTED_EDGE('',*,*,#5946,.T.);
#8107=ORIENTED_EDGE('',*,*,#5941,.F.);
#8108=ORIENTED_EDGE('',*,*,#5936,.F.);
#8109=ORIENTED_EDGE('',*,*,#5947,.F.);
#8110=ORIENTED_EDGE('',*,*,#5948,.T.);
#8111=ORIENTED_EDGE('',*,*,#5949,.F.);
#8112=ORIENTED_EDGE('',*,*,#5950,.T.);
#8113=ORIENTED_EDGE('',*,*,#5943,.F.);
#8114=ORIENTED_EDGE('',*,*,#5951,.F.);
#8115=ORIENTED_EDGE('',*,*,#5947,.T.);
#8116=ORIENTED_EDGE('',*,*,#5935,.F.);
#8117=ORIENTED_EDGE('',*,*,#5952,.F.);
#8118=ORIENTED_EDGE('',*,*,#5953,.T.);
#8119=ORIENTED_EDGE('',*,*,#5954,.F.);
#8120=ORIENTED_EDGE('',*,*,#5955,.T.);
#8121=ORIENTED_EDGE('',*,*,#5949,.T.);
#8122=ORIENTED_EDGE('',*,*,#5956,.F.);
#8123=ORIENTED_EDGE('',*,*,#5952,.T.);
#8124=ORIENTED_EDGE('',*,*,#5934,.F.);
#8125=ORIENTED_EDGE('',*,*,#5957,.F.);
#8126=ORIENTED_EDGE('',*,*,#5958,.T.);
#8127=ORIENTED_EDGE('',*,*,#5959,.F.);
#8128=ORIENTED_EDGE('',*,*,#5960,.T.);
#8129=ORIENTED_EDGE('',*,*,#5954,.T.);
#8130=ORIENTED_EDGE('',*,*,#5961,.F.);
#8131=ORIENTED_EDGE('',*,*,#5962,.T.);
#8132=ORIENTED_EDGE('',*,*,#5963,.F.);
#8133=ORIENTED_EDGE('',*,*,#5957,.T.);
#8134=ORIENTED_EDGE('',*,*,#5933,.F.);
#8135=ORIENTED_EDGE('',*,*,#5932,.T.);
#8136=ORIENTED_EDGE('',*,*,#5926,.F.);
#8137=ORIENTED_EDGE('',*,*,#5921,.T.);
#8138=ORIENTED_EDGE('',*,*,#5918,.T.);
#8139=ORIENTED_EDGE('',*,*,#5914,.T.);
#8140=ORIENTED_EDGE('',*,*,#5885,.T.);
#8141=ORIENTED_EDGE('',*,*,#5881,.T.);
#8142=ORIENTED_EDGE('',*,*,#5924,.F.);
#8143=ORIENTED_EDGE('',*,*,#5964,.T.);
#8144=ORIENTED_EDGE('',*,*,#5965,.T.);
#8145=ORIENTED_EDGE('',*,*,#5959,.T.);
#8146=ORIENTED_EDGE('',*,*,#5966,.T.);
#8147=ORIENTED_EDGE('',*,*,#5967,.T.);
#8148=ORIENTED_EDGE('',*,*,#5968,.T.);
#8149=ORIENTED_EDGE('',*,*,#5969,.F.);
#8150=ORIENTED_EDGE('',*,*,#5942,.T.);
#8151=ORIENTED_EDGE('',*,*,#5948,.F.);
#8152=ORIENTED_EDGE('',*,*,#5953,.F.);
#8153=ORIENTED_EDGE('',*,*,#5958,.F.);
#8154=ORIENTED_EDGE('',*,*,#5963,.T.);
#8155=ORIENTED_EDGE('',*,*,#5970,.F.);
#8156=ORIENTED_EDGE('',*,*,#5962,.F.);
#8157=ORIENTED_EDGE('',*,*,#5971,.F.);
#8158=ORIENTED_EDGE('',*,*,#5972,.F.);
#8159=ORIENTED_EDGE('',*,*,#5970,.T.);
#8160=ORIENTED_EDGE('',*,*,#5968,.F.);
#8161=ORIENTED_EDGE('',*,*,#5973,.F.);
#8162=ORIENTED_EDGE('',*,*,#5974,.T.);
#8163=ORIENTED_EDGE('',*,*,#5971,.T.);
#8164=ORIENTED_EDGE('',*,*,#5967,.F.);
#8165=ORIENTED_EDGE('',*,*,#5975,.F.);
#8166=ORIENTED_EDGE('',*,*,#5976,.F.);
#8167=ORIENTED_EDGE('',*,*,#5973,.T.);
#8168=ORIENTED_EDGE('',*,*,#5966,.F.);
#8169=ORIENTED_EDGE('',*,*,#5961,.T.);
#8170=ORIENTED_EDGE('',*,*,#5956,.T.);
#8171=ORIENTED_EDGE('',*,*,#5951,.T.);
#8172=ORIENTED_EDGE('',*,*,#5946,.F.);
#8173=ORIENTED_EDGE('',*,*,#5977,.T.);
#8174=ORIENTED_EDGE('',*,*,#5975,.T.);
#8175=ORIENTED_EDGE('',*,*,#5978,.F.);
#8176=ORIENTED_EDGE('',*,*,#5938,.F.);
#8177=ORIENTED_EDGE('',*,*,#5940,.T.);
#8178=ORIENTED_EDGE('',*,*,#5969,.T.);
#8179=ORIENTED_EDGE('',*,*,#5972,.T.);
#8180=ORIENTED_EDGE('',*,*,#5974,.F.);
#8181=ORIENTED_EDGE('',*,*,#5976,.T.);
#8182=ORIENTED_EDGE('',*,*,#5977,.F.);
#8183=ORIENTED_EDGE('',*,*,#5945,.T.);
#8184=ORIENTED_EDGE('',*,*,#5979,.T.);
#8185=ORIENTED_EDGE('',*,*,#5980,.F.);
#8186=ORIENTED_EDGE('',*,*,#5981,.T.);
#8187=ORIENTED_EDGE('',*,*,#5925,.T.);
#8188=ORIENTED_EDGE('',*,*,#5883,.T.);
#8189=ORIENTED_EDGE('',*,*,#5884,.T.);
#8190=ORIENTED_EDGE('',*,*,#5876,.T.);
#8191=ORIENTED_EDGE('',*,*,#5897,.F.);
#8192=ORIENTED_EDGE('',*,*,#5865,.T.);
#8193=ORIENTED_EDGE('',*,*,#5917,.F.);
#8194=ORIENTED_EDGE('',*,*,#5920,.T.);
#8195=ORIENTED_EDGE('',*,*,#5929,.T.);
#8196=ORIENTED_EDGE('',*,*,#5982,.F.);
#8197=ORIENTED_EDGE('',*,*,#5983,.F.);
#8198=ORIENTED_EDGE('',*,*,#5964,.F.);
#8199=ORIENTED_EDGE('',*,*,#5923,.T.);
#8200=ORIENTED_EDGE('',*,*,#5984,.F.);
#8201=ORIENTED_EDGE('',*,*,#5979,.F.);
#8202=ORIENTED_EDGE('',*,*,#5944,.T.);
#8203=ORIENTED_EDGE('',*,*,#5950,.F.);
#8204=ORIENTED_EDGE('',*,*,#5955,.F.);
#8205=ORIENTED_EDGE('',*,*,#5960,.F.);
#8206=ORIENTED_EDGE('',*,*,#5965,.F.);
#8207=ORIENTED_EDGE('',*,*,#5983,.T.);
#8208=ORIENTED_EDGE('',*,*,#5985,.F.);
#8209=ORIENTED_EDGE('',*,*,#5986,.F.);
#8210=ORIENTED_EDGE('',*,*,#5987,.T.);
#8211=ORIENTED_EDGE('',*,*,#5693,.T.);
#8212=ORIENTED_EDGE('',*,*,#5988,.T.);
#8213=ORIENTED_EDGE('',*,*,#5989,.T.);
#8214=ORIENTED_EDGE('',*,*,#5990,.F.);
#8215=ORIENTED_EDGE('',*,*,#5991,.F.);
#8216=ORIENTED_EDGE('',*,*,#5992,.F.);
#8217=ORIENTED_EDGE('',*,*,#5749,.F.);
#8218=ORIENTED_EDGE('',*,*,#5993,.T.);
#8219=ORIENTED_EDGE('',*,*,#5994,.T.);
#8220=ORIENTED_EDGE('',*,*,#5854,.T.);
#8221=ORIENTED_EDGE('',*,*,#5850,.T.);
#8222=ORIENTED_EDGE('',*,*,#5844,.T.);
#8223=ORIENTED_EDGE('',*,*,#5995,.F.);
#8224=ORIENTED_EDGE('',*,*,#5996,.F.);
#8225=ORIENTED_EDGE('',*,*,#5997,.T.);
#8226=ORIENTED_EDGE('',*,*,#5998,.T.);
#8227=ORIENTED_EDGE('',*,*,#5999,.T.);
#8228=ORIENTED_EDGE('',*,*,#6000,.F.);
#8229=ORIENTED_EDGE('',*,*,#6001,.F.);
#8230=ORIENTED_EDGE('',*,*,#6002,.F.);
#8231=ORIENTED_EDGE('',*,*,#6003,.F.);
#8232=ORIENTED_EDGE('',*,*,#5998,.F.);
#8233=ORIENTED_EDGE('',*,*,#6004,.T.);
#8234=ORIENTED_EDGE('',*,*,#6005,.F.);
#8235=ORIENTED_EDGE('',*,*,#6006,.F.);
#8236=ORIENTED_EDGE('',*,*,#6007,.T.);
#8237=ORIENTED_EDGE('',*,*,#6008,.F.);
#8238=ORIENTED_EDGE('',*,*,#6006,.T.);
#8239=ORIENTED_EDGE('',*,*,#6009,.F.);
#8240=ORIENTED_EDGE('',*,*,#6010,.T.);
#8241=ORIENTED_EDGE('',*,*,#6011,.T.);
#8242=ORIENTED_EDGE('',*,*,#6012,.T.);
#8243=ORIENTED_EDGE('',*,*,#6013,.F.);
#8244=ORIENTED_EDGE('',*,*,#6014,.T.);
#8245=ORIENTED_EDGE('',*,*,#6015,.F.);
#8246=ORIENTED_EDGE('',*,*,#6016,.T.);
#8247=ORIENTED_EDGE('',*,*,#6017,.F.);
#8248=ORIENTED_EDGE('',*,*,#6012,.F.);
#8249=ORIENTED_EDGE('',*,*,#6018,.T.);
#8250=ORIENTED_EDGE('',*,*,#6019,.F.);
#8251=ORIENTED_EDGE('',*,*,#6020,.F.);
#8252=ORIENTED_EDGE('',*,*,#6016,.F.);
#8253=ORIENTED_EDGE('',*,*,#6021,.T.);
#8254=ORIENTED_EDGE('',*,*,#6013,.T.);
#8255=ORIENTED_EDGE('',*,*,#6017,.T.);
#8256=ORIENTED_EDGE('',*,*,#6020,.T.);
#8257=ORIENTED_EDGE('',*,*,#6022,.T.);
#8258=ORIENTED_EDGE('',*,*,#6023,.T.);
#8259=ORIENTED_EDGE('',*,*,#6024,.T.);
#8260=ORIENTED_EDGE('',*,*,#6025,.T.);
#8261=ORIENTED_EDGE('',*,*,#6026,.F.);
#8262=ORIENTED_EDGE('',*,*,#6027,.T.);
#8263=ORIENTED_EDGE('',*,*,#6028,.T.);
#8264=ORIENTED_EDGE('',*,*,#6029,.F.);
#8265=ORIENTED_EDGE('',*,*,#6030,.F.);
#8266=ORIENTED_EDGE('',*,*,#5939,.T.);
#8267=ORIENTED_EDGE('',*,*,#6031,.F.);
#8268=ORIENTED_EDGE('',*,*,#6027,.F.);
#8269=ORIENTED_EDGE('',*,*,#6032,.T.);
#8270=ORIENTED_EDGE('',*,*,#6033,.F.);
#8271=ORIENTED_EDGE('',*,*,#5928,.T.);
#8272=ORIENTED_EDGE('',*,*,#5931,.T.);
#8273=ORIENTED_EDGE('',*,*,#6034,.F.);
#8274=ORIENTED_EDGE('',*,*,#6035,.F.);
#8275=ORIENTED_EDGE('',*,*,#6036,.T.);
#8276=ORIENTED_EDGE('',*,*,#6037,.T.);
#8277=ORIENTED_EDGE('',*,*,#6036,.F.);
#8278=ORIENTED_EDGE('',*,*,#6038,.T.);
#8279=ORIENTED_EDGE('',*,*,#6039,.T.);
#8280=ORIENTED_EDGE('',*,*,#6040,.T.);
#8281=ORIENTED_EDGE('',*,*,#6041,.F.);
#8282=ORIENTED_EDGE('',*,*,#6042,.T.);
#8283=ORIENTED_EDGE('',*,*,#5982,.T.);
#8284=ORIENTED_EDGE('',*,*,#6033,.T.);
#8285=ORIENTED_EDGE('',*,*,#6043,.F.);
#8286=ORIENTED_EDGE('',*,*,#6044,.F.);
#8287=ORIENTED_EDGE('',*,*,#6037,.F.);
#8288=ORIENTED_EDGE('',*,*,#6040,.F.);
#8289=ORIENTED_EDGE('',*,*,#6045,.T.);
#8290=ORIENTED_EDGE('',*,*,#6046,.T.);
#8291=ORIENTED_EDGE('',*,*,#6047,.F.);
#8292=ORIENTED_EDGE('',*,*,#6048,.F.);
#8293=ORIENTED_EDGE('',*,*,#6049,.T.);
#8294=ORIENTED_EDGE('',*,*,#6050,.T.);
#8295=ORIENTED_EDGE('',*,*,#6028,.F.);
#8296=ORIENTED_EDGE('',*,*,#6031,.T.);
#8297=ORIENTED_EDGE('',*,*,#5978,.T.);
#8298=ORIENTED_EDGE('',*,*,#6042,.F.);
#8299=ORIENTED_EDGE('',*,*,#6051,.T.);
#8300=ORIENTED_EDGE('',*,*,#6046,.F.);
#8301=ORIENTED_EDGE('',*,*,#6052,.T.);
#8302=ORIENTED_EDGE('',*,*,#6053,.F.);
#8303=ORIENTED_EDGE('',*,*,#6054,.T.);
#8304=ORIENTED_EDGE('',*,*,#6055,.F.);
#8305=ORIENTED_EDGE('',*,*,#5980,.T.);
#8306=ORIENTED_EDGE('',*,*,#6056,.T.);
#8307=ORIENTED_EDGE('',*,*,#5922,.T.);
#8308=ORIENTED_EDGE('',*,*,#6057,.T.);
#8309=ORIENTED_EDGE('',*,*,#6058,.T.);
#8310=ORIENTED_EDGE('',*,*,#6047,.T.);
#8311=ORIENTED_EDGE('',*,*,#6056,.F.);
#8312=ORIENTED_EDGE('',*,*,#5985,.T.);
#8313=ORIENTED_EDGE('',*,*,#5984,.T.);
#8314=ORIENTED_EDGE('',*,*,#6055,.T.);
#8315=ORIENTED_EDGE('',*,*,#6059,.T.);
#8316=ORIENTED_EDGE('',*,*,#6038,.F.);
#8317=ORIENTED_EDGE('',*,*,#6035,.T.);
#8318=ORIENTED_EDGE('',*,*,#6060,.T.);
#8319=ORIENTED_EDGE('',*,*,#6061,.F.);
#8320=ORIENTED_EDGE('',*,*,#6057,.F.);
#8321=ORIENTED_EDGE('',*,*,#5981,.F.);
#8322=ORIENTED_EDGE('',*,*,#6043,.T.);
#8323=ORIENTED_EDGE('',*,*,#6032,.F.);
#8324=ORIENTED_EDGE('',*,*,#6030,.T.);
#8325=ORIENTED_EDGE('',*,*,#6062,.F.);
#8326=ORIENTED_EDGE('',*,*,#6048,.T.);
#8327=ORIENTED_EDGE('',*,*,#6058,.F.);
#8328=ORIENTED_EDGE('',*,*,#6061,.T.);
#8329=ORIENTED_EDGE('',*,*,#6063,.F.);
#8330=ORIENTED_EDGE('',*,*,#6060,.F.);
#8331=ORIENTED_EDGE('',*,*,#6034,.T.);
#8332=ORIENTED_EDGE('',*,*,#6044,.T.);
#8333=ORIENTED_EDGE('',*,*,#6062,.T.);
#8334=ORIENTED_EDGE('',*,*,#6029,.T.);
#8335=ORIENTED_EDGE('',*,*,#6050,.F.);
#8336=ORIENTED_EDGE('',*,*,#6064,.F.);
#8337=ORIENTED_EDGE('',*,*,#6065,.F.);
#8338=ORIENTED_EDGE('',*,*,#6066,.T.);
#8339=ORIENTED_EDGE('',*,*,#6052,.F.);
#8340=ORIENTED_EDGE('',*,*,#6045,.F.);
#8341=ORIENTED_EDGE('',*,*,#6063,.T.);
#8342=ORIENTED_EDGE('',*,*,#6067,.T.);
#8343=ORIENTED_EDGE('',*,*,#6065,.T.);
#8344=ORIENTED_EDGE('',*,*,#6068,.T.);
#8345=ORIENTED_EDGE('',*,*,#6069,.T.);
#8346=ORIENTED_EDGE('',*,*,#6070,.F.);
#8347=ORIENTED_EDGE('',*,*,#6069,.F.);
#8348=ORIENTED_EDGE('',*,*,#6071,.F.);
#8349=ORIENTED_EDGE('',*,*,#6072,.T.);
#8350=ORIENTED_EDGE('',*,*,#6073,.F.);
#8351=ORIENTED_EDGE('',*,*,#6074,.F.);
#8352=ORIENTED_EDGE('',*,*,#6075,.F.);
#8353=ORIENTED_EDGE('',*,*,#6026,.T.);
#8354=ORIENTED_EDGE('',*,*,#6076,.T.);
#8355=ORIENTED_EDGE('',*,*,#6077,.F.);
#8356=ORIENTED_EDGE('',*,*,#6078,.T.);
#8357=ORIENTED_EDGE('',*,*,#6072,.F.);
#8358=ORIENTED_EDGE('',*,*,#6079,.T.);
#8359=ORIENTED_EDGE('',*,*,#6023,.F.);
#8360=ORIENTED_EDGE('',*,*,#6075,.T.);
#8361=ORIENTED_EDGE('',*,*,#6080,.T.);
#8362=ORIENTED_EDGE('',*,*,#6081,.T.);
#8363=ORIENTED_EDGE('',*,*,#6024,.F.);
#8364=ORIENTED_EDGE('',*,*,#6079,.F.);
#8365=ORIENTED_EDGE('',*,*,#6082,.T.);
#8366=ORIENTED_EDGE('',*,*,#6076,.F.);
#8367=ORIENTED_EDGE('',*,*,#6025,.F.);
#8368=ORIENTED_EDGE('',*,*,#6081,.F.);
#8369=ORIENTED_EDGE('',*,*,#6083,.F.);
#8370=ORIENTED_EDGE('',*,*,#6080,.F.);
#8371=ORIENTED_EDGE('',*,*,#6074,.T.);
#8372=ORIENTED_EDGE('',*,*,#6084,.T.);
#8373=ORIENTED_EDGE('',*,*,#6085,.F.);
#8374=ORIENTED_EDGE('',*,*,#6086,.F.);
#8375=ORIENTED_EDGE('',*,*,#6077,.T.);
#8376=ORIENTED_EDGE('',*,*,#6083,.T.);
#8377=ORIENTED_EDGE('',*,*,#6087,.F.);
#8378=ORIENTED_EDGE('',*,*,#6053,.T.);
#8379=ORIENTED_EDGE('',*,*,#6066,.F.);
#8380=ORIENTED_EDGE('',*,*,#6067,.F.);
#8381=ORIENTED_EDGE('',*,*,#6070,.T.);
#8382=ORIENTED_EDGE('',*,*,#6078,.F.);
#8383=ORIENTED_EDGE('',*,*,#6086,.T.);
#8384=ORIENTED_EDGE('',*,*,#6088,.T.);
#8385=ORIENTED_EDGE('',*,*,#6089,.T.);
#8386=ORIENTED_EDGE('',*,*,#6090,.F.);
#8387=ORIENTED_EDGE('',*,*,#6091,.T.);
#8388=ORIENTED_EDGE('',*,*,#6092,.F.);
#8389=ORIENTED_EDGE('',*,*,#6093,.T.);
#8390=ORIENTED_EDGE('',*,*,#6094,.T.);
#8391=ORIENTED_EDGE('',*,*,#6095,.T.);
#8392=ORIENTED_EDGE('',*,*,#6096,.F.);
#8393=ORIENTED_EDGE('',*,*,#6097,.F.);
#8394=ORIENTED_EDGE('',*,*,#6098,.T.);
#8395=ORIENTED_EDGE('',*,*,#6099,.F.);
#8396=ORIENTED_EDGE('',*,*,#6100,.F.);
#8397=ORIENTED_EDGE('',*,*,#6093,.F.);
#8398=ORIENTED_EDGE('',*,*,#6101,.F.);
#8399=ORIENTED_EDGE('',*,*,#6102,.T.);
#8400=ORIENTED_EDGE('',*,*,#6103,.T.);
#8401=ORIENTED_EDGE('',*,*,#6104,.F.);
#8402=ORIENTED_EDGE('',*,*,#6102,.F.);
#8403=ORIENTED_EDGE('',*,*,#6105,.F.);
#8404=ORIENTED_EDGE('',*,*,#6106,.T.);
#8405=ORIENTED_EDGE('',*,*,#6107,.F.);
#8406=ORIENTED_EDGE('',*,*,#5847,.F.);
#8407=ORIENTED_EDGE('',*,*,#6108,.F.);
#8408=ORIENTED_EDGE('',*,*,#6109,.T.);
#8409=ORIENTED_EDGE('',*,*,#6110,.F.);
#8410=ORIENTED_EDGE('',*,*,#5848,.F.);
#8411=ORIENTED_EDGE('',*,*,#6111,.F.);
#8412=ORIENTED_EDGE('',*,*,#6112,.T.);
#8413=ORIENTED_EDGE('',*,*,#6108,.T.);
#8414=ORIENTED_EDGE('',*,*,#5846,.T.);
#8415=ORIENTED_EDGE('',*,*,#6110,.T.);
#8416=ORIENTED_EDGE('',*,*,#6113,.T.);
#8417=ORIENTED_EDGE('',*,*,#6114,.T.);
#8418=ORIENTED_EDGE('',*,*,#6115,.T.);
#8419=ORIENTED_EDGE('',*,*,#5839,.T.);
#8420=ORIENTED_EDGE('',*,*,#6116,.F.);
#8421=ORIENTED_EDGE('',*,*,#6117,.F.);
#8422=ORIENTED_EDGE('',*,*,#6111,.T.);
#8423=ORIENTED_EDGE('',*,*,#5845,.T.);
#8424=ORIENTED_EDGE('',*,*,#6118,.T.);
#8425=ORIENTED_EDGE('',*,*,#6119,.T.);
#8426=ORIENTED_EDGE('',*,*,#6120,.F.);
#8427=ORIENTED_EDGE('',*,*,#6121,.F.);
#8428=ORIENTED_EDGE('',*,*,#6122,.T.);
#8429=ORIENTED_EDGE('',*,*,#6123,.T.);
#8430=ORIENTED_EDGE('',*,*,#6117,.T.);
#8431=ORIENTED_EDGE('',*,*,#6119,.F.);
#8432=ORIENTED_EDGE('',*,*,#6124,.F.);
#8433=ORIENTED_EDGE('',*,*,#6125,.T.);
#8434=ORIENTED_EDGE('',*,*,#6112,.F.);
#8435=ORIENTED_EDGE('',*,*,#6123,.F.);
#8436=ORIENTED_EDGE('',*,*,#6126,.T.);
#8437=ORIENTED_EDGE('',*,*,#6127,.T.);
#8438=ORIENTED_EDGE('',*,*,#6109,.F.);
#8439=ORIENTED_EDGE('',*,*,#6125,.F.);
#8440=ORIENTED_EDGE('',*,*,#6128,.T.);
#8441=ORIENTED_EDGE('',*,*,#6129,.T.);
#8442=ORIENTED_EDGE('',*,*,#6113,.F.);
#8443=ORIENTED_EDGE('',*,*,#6127,.F.);
#8444=ORIENTED_EDGE('',*,*,#6130,.T.);
#8445=ORIENTED_EDGE('',*,*,#6131,.T.);
#8446=ORIENTED_EDGE('',*,*,#6132,.F.);
#8447=ORIENTED_EDGE('',*,*,#6129,.F.);
#8448=ORIENTED_EDGE('',*,*,#6133,.T.);
#8449=ORIENTED_EDGE('',*,*,#6134,.T.);
#8450=ORIENTED_EDGE('',*,*,#6135,.T.);
#8451=ORIENTED_EDGE('',*,*,#6136,.F.);
#8452=ORIENTED_EDGE('',*,*,#6137,.T.);
#8453=ORIENTED_EDGE('',*,*,#6007,.F.);
#8454=ORIENTED_EDGE('',*,*,#6011,.F.);
#8455=ORIENTED_EDGE('',*,*,#6121,.T.);
#8456=ORIENTED_EDGE('',*,*,#6138,.T.);
#8457=ORIENTED_EDGE('',*,*,#6131,.F.);
#8458=ORIENTED_EDGE('',*,*,#6139,.F.);
#8459=ORIENTED_EDGE('',*,*,#6134,.F.);
#8460=ORIENTED_EDGE('',*,*,#6140,.F.);
#8461=ORIENTED_EDGE('',*,*,#6141,.F.);
#8462=ORIENTED_EDGE('',*,*,#6142,.F.);
#8463=ORIENTED_EDGE('',*,*,#6135,.F.);
#8464=ORIENTED_EDGE('',*,*,#6139,.T.);
#8465=ORIENTED_EDGE('',*,*,#6143,.F.);
#8466=ORIENTED_EDGE('',*,*,#6009,.T.);
#8467=ORIENTED_EDGE('',*,*,#6005,.T.);
#8468=ORIENTED_EDGE('',*,*,#6144,.F.);
#8469=ORIENTED_EDGE('',*,*,#6136,.T.);
#8470=ORIENTED_EDGE('',*,*,#6142,.T.);
#8471=ORIENTED_EDGE('',*,*,#6145,.T.);
#8472=ORIENTED_EDGE('',*,*,#6146,.T.);
#8473=ORIENTED_EDGE('',*,*,#6002,.T.);
#8474=ORIENTED_EDGE('',*,*,#6147,.F.);
#8475=ORIENTED_EDGE('',*,*,#6145,.F.);
#8476=ORIENTED_EDGE('',*,*,#6148,.T.);
#8477=ORIENTED_EDGE('',*,*,#6149,.T.);
#8478=ORIENTED_EDGE('',*,*,#5747,.F.);
#8479=ORIENTED_EDGE('',*,*,#6150,.F.);
#8480=ORIENTED_EDGE('',*,*,#6151,.T.);
#8481=ORIENTED_EDGE('',*,*,#6152,.T.);
#8482=ORIENTED_EDGE('',*,*,#6153,.T.);
#8483=ORIENTED_EDGE('',*,*,#6154,.F.);
#8484=ORIENTED_EDGE('',*,*,#6155,.F.);
#8485=ORIENTED_EDGE('',*,*,#6156,.T.);
#8486=ORIENTED_EDGE('',*,*,#6099,.T.);
#8487=ORIENTED_EDGE('',*,*,#6157,.F.);
#8488=ORIENTED_EDGE('',*,*,#6114,.F.);
#8489=ORIENTED_EDGE('',*,*,#6132,.T.);
#8490=ORIENTED_EDGE('',*,*,#6140,.T.);
#8491=ORIENTED_EDGE('',*,*,#6137,.F.);
#8492=ORIENTED_EDGE('',*,*,#6146,.F.);
#8493=ORIENTED_EDGE('',*,*,#6147,.T.);
#8494=ORIENTED_EDGE('',*,*,#6158,.T.);
#8495=ORIENTED_EDGE('',*,*,#6159,.F.);
#8496=ORIENTED_EDGE('',*,*,#6151,.F.);
#8497=ORIENTED_EDGE('',*,*,#6160,.F.);
#8498=ORIENTED_EDGE('',*,*,#6161,.T.);
#8499=ORIENTED_EDGE('',*,*,#6162,.T.);
#8500=ORIENTED_EDGE('',*,*,#6163,.T.);
#8501=ORIENTED_EDGE('',*,*,#6164,.T.);
#8502=ORIENTED_EDGE('',*,*,#6165,.F.);
#8503=ORIENTED_EDGE('',*,*,#6166,.T.);
#8504=ORIENTED_EDGE('',*,*,#6167,.T.);
#8505=ORIENTED_EDGE('',*,*,#6168,.T.);
#8506=ORIENTED_EDGE('',*,*,#6154,.T.);
#8507=ORIENTED_EDGE('',*,*,#6169,.T.);
#8508=ORIENTED_EDGE('',*,*,#6163,.F.);
#8509=ORIENTED_EDGE('',*,*,#6170,.F.);
#8510=ORIENTED_EDGE('',*,*,#6171,.T.);
#8511=ORIENTED_EDGE('',*,*,#6172,.T.);
#8512=ORIENTED_EDGE('',*,*,#6166,.F.);
#8513=ORIENTED_EDGE('',*,*,#6153,.F.);
#8514=ORIENTED_EDGE('',*,*,#6173,.T.);
#8515=ORIENTED_EDGE('',*,*,#6174,.T.);
#8516=ORIENTED_EDGE('',*,*,#6164,.F.);
#8517=ORIENTED_EDGE('',*,*,#6169,.F.);
#8518=ORIENTED_EDGE('',*,*,#6175,.T.);
#8519=ORIENTED_EDGE('',*,*,#6176,.T.);
#8520=ORIENTED_EDGE('',*,*,#6167,.F.);
#8521=ORIENTED_EDGE('',*,*,#6172,.F.);
#8522=ORIENTED_EDGE('',*,*,#6177,.T.);
#8523=ORIENTED_EDGE('',*,*,#6170,.T.);
#8524=ORIENTED_EDGE('',*,*,#6162,.F.);
#8525=ORIENTED_EDGE('',*,*,#6178,.F.);
#8526=ORIENTED_EDGE('',*,*,#6179,.T.);
#8527=ORIENTED_EDGE('',*,*,#6155,.T.);
#8528=ORIENTED_EDGE('',*,*,#6168,.F.);
#8529=ORIENTED_EDGE('',*,*,#6176,.F.);
#8530=ORIENTED_EDGE('',*,*,#6180,.T.);
#8531=ORIENTED_EDGE('',*,*,#6180,.F.);
#8532=ORIENTED_EDGE('',*,*,#6177,.F.);
#8533=ORIENTED_EDGE('',*,*,#6173,.F.);
#8534=ORIENTED_EDGE('',*,*,#6152,.F.);
#8535=ORIENTED_EDGE('',*,*,#6181,.T.);
#8536=ORIENTED_EDGE('',*,*,#6094,.F.);
#8537=ORIENTED_EDGE('',*,*,#6100,.T.);
#8538=ORIENTED_EDGE('',*,*,#6156,.F.);
#8539=ORIENTED_EDGE('',*,*,#6182,.F.);
#8540=ORIENTED_EDGE('',*,*,#6183,.T.);
#8541=ORIENTED_EDGE('',*,*,#6184,.T.);
#8542=ORIENTED_EDGE('',*,*,#6185,.T.);
#8543=ORIENTED_EDGE('',*,*,#6175,.F.);
#8544=ORIENTED_EDGE('',*,*,#6171,.F.);
#8545=ORIENTED_EDGE('',*,*,#6179,.F.);
#8546=ORIENTED_EDGE('',*,*,#6186,.T.);
#8547=ORIENTED_EDGE('',*,*,#6187,.F.);
#8548=ORIENTED_EDGE('',*,*,#6188,.F.);
#8549=ORIENTED_EDGE('',*,*,#5851,.F.);
#8550=ORIENTED_EDGE('',*,*,#5997,.F.);
#8551=ORIENTED_EDGE('',*,*,#6189,.T.);
#8552=ORIENTED_EDGE('',*,*,#6144,.T.);
#8553=ORIENTED_EDGE('',*,*,#6008,.T.);
#8554=ORIENTED_EDGE('',*,*,#6138,.F.);
#8555=ORIENTED_EDGE('',*,*,#6120,.T.);
#8556=ORIENTED_EDGE('',*,*,#6116,.T.);
#8557=ORIENTED_EDGE('',*,*,#6190,.F.);
#8558=ORIENTED_EDGE('',*,*,#6191,.F.);
#8559=ORIENTED_EDGE('',*,*,#6186,.F.);
#8560=ORIENTED_EDGE('',*,*,#6178,.T.);
#8561=ORIENTED_EDGE('',*,*,#6165,.T.);
#8562=ORIENTED_EDGE('',*,*,#6174,.F.);
#8563=ORIENTED_EDGE('',*,*,#6185,.F.);
#8564=ORIENTED_EDGE('',*,*,#6192,.T.);
#8565=ORIENTED_EDGE('',*,*,#6193,.T.);
#8566=ORIENTED_EDGE('',*,*,#6194,.F.);
#8567=ORIENTED_EDGE('',*,*,#5852,.F.);
#8568=ORIENTED_EDGE('',*,*,#6188,.T.);
#8569=ORIENTED_EDGE('',*,*,#5615,.T.);
#8570=ORIENTED_EDGE('',*,*,#5987,.F.);
#8571=ORIENTED_EDGE('',*,*,#6195,.T.);
#8572=ORIENTED_EDGE('',*,*,#5991,.T.);
#8573=ORIENTED_EDGE('',*,*,#5853,.T.);
#8574=ORIENTED_EDGE('',*,*,#6194,.T.);
#8575=ORIENTED_EDGE('',*,*,#6196,.T.);
#8576=ORIENTED_EDGE('',*,*,#5988,.F.);
#8577=ORIENTED_EDGE('',*,*,#5689,.T.);
#8578=ORIENTED_EDGE('',*,*,#5692,.T.);
#8579=ORIENTED_EDGE('',*,*,#6193,.F.);
#8580=ORIENTED_EDGE('',*,*,#6187,.T.);
#8581=ORIENTED_EDGE('',*,*,#6197,.F.);
#8582=ORIENTED_EDGE('',*,*,#6198,.F.);
#8583=ORIENTED_EDGE('',*,*,#5989,.F.);
#8584=ORIENTED_EDGE('',*,*,#6196,.F.);
#8585=ORIENTED_EDGE('',*,*,#6181,.F.);
#8586=ORIENTED_EDGE('',*,*,#6161,.F.);
#8587=ORIENTED_EDGE('',*,*,#6199,.T.);
#8588=ORIENTED_EDGE('',*,*,#6095,.F.);
#8589=ORIENTED_EDGE('',*,*,#6192,.F.);
#8590=ORIENTED_EDGE('',*,*,#6184,.F.);
#8591=ORIENTED_EDGE('',*,*,#6200,.F.);
#8592=ORIENTED_EDGE('',*,*,#6197,.T.);
#8593=ORIENTED_EDGE('',*,*,#6160,.T.);
#8594=ORIENTED_EDGE('',*,*,#6150,.T.);
#8595=ORIENTED_EDGE('',*,*,#5746,.F.);
#8596=ORIENTED_EDGE('',*,*,#6201,.T.);
#8597=ORIENTED_EDGE('',*,*,#6096,.T.);
#8598=ORIENTED_EDGE('',*,*,#6199,.F.);
#8599=ORIENTED_EDGE('',*,*,#6097,.T.);
#8600=ORIENTED_EDGE('',*,*,#6201,.F.);
#8601=ORIENTED_EDGE('',*,*,#5745,.F.);
#8602=ORIENTED_EDGE('',*,*,#5186,.F.);
#8603=ORIENTED_EDGE('',*,*,#5751,.F.);
#8604=ORIENTED_EDGE('',*,*,#6202,.T.);
#8605=ORIENTED_EDGE('',*,*,#5992,.T.);
#8606=ORIENTED_EDGE('',*,*,#6195,.F.);
#8607=ORIENTED_EDGE('',*,*,#5986,.T.);
#8608=ORIENTED_EDGE('',*,*,#6203,.F.);
#8609=ORIENTED_EDGE('',*,*,#6051,.F.);
#8610=ORIENTED_EDGE('',*,*,#6041,.T.);
#8611=ORIENTED_EDGE('',*,*,#6039,.F.);
#8612=ORIENTED_EDGE('',*,*,#6059,.F.);
#8613=ORIENTED_EDGE('',*,*,#6054,.F.);
#8614=ORIENTED_EDGE('',*,*,#6098,.F.);
#8615=ORIENTED_EDGE('',*,*,#6202,.F.);
#8616=ORIENTED_EDGE('',*,*,#5750,.F.);
#8617=ORIENTED_EDGE('',*,*,#5990,.T.);
#8618=ORIENTED_EDGE('',*,*,#6198,.T.);
#8619=ORIENTED_EDGE('',*,*,#6200,.T.);
#8620=ORIENTED_EDGE('',*,*,#6183,.F.);
#8621=ORIENTED_EDGE('',*,*,#6204,.F.);
#8622=ORIENTED_EDGE('',*,*,#6205,.F.);
#8623=ORIENTED_EDGE('',*,*,#6206,.T.);
#8624=ORIENTED_EDGE('',*,*,#6207,.T.);
#8625=ORIENTED_EDGE('',*,*,#6208,.F.);
#8626=ORIENTED_EDGE('',*,*,#6209,.T.);
#8627=ORIENTED_EDGE('',*,*,#6084,.F.);
#8628=ORIENTED_EDGE('',*,*,#6073,.T.);
#8629=ORIENTED_EDGE('',*,*,#6071,.T.);
#8630=ORIENTED_EDGE('',*,*,#6068,.F.);
#8631=ORIENTED_EDGE('',*,*,#6064,.T.);
#8632=ORIENTED_EDGE('',*,*,#6049,.F.);
#8633=ORIENTED_EDGE('',*,*,#6203,.T.);
#8634=ORIENTED_EDGE('',*,*,#6090,.T.);
#8635=ORIENTED_EDGE('',*,*,#6210,.T.);
#8636=ORIENTED_EDGE('',*,*,#6014,.F.);
#8637=ORIENTED_EDGE('',*,*,#6022,.F.);
#8638=ORIENTED_EDGE('',*,*,#6019,.T.);
#8639=ORIENTED_EDGE('',*,*,#6211,.T.);
#8640=ORIENTED_EDGE('',*,*,#6207,.F.);
#8641=ORIENTED_EDGE('',*,*,#6212,.F.);
#8642=ORIENTED_EDGE('',*,*,#6206,.F.);
#8643=ORIENTED_EDGE('',*,*,#6213,.F.);
#8644=ORIENTED_EDGE('',*,*,#6091,.F.);
#8645=ORIENTED_EDGE('',*,*,#6212,.T.);
#8646=ORIENTED_EDGE('',*,*,#6205,.T.);
#8647=ORIENTED_EDGE('',*,*,#6214,.T.);
#8648=ORIENTED_EDGE('',*,*,#6105,.T.);
#8649=ORIENTED_EDGE('',*,*,#6101,.T.);
#8650=ORIENTED_EDGE('',*,*,#6092,.T.);
#8651=ORIENTED_EDGE('',*,*,#6213,.T.);
#8652=ORIENTED_EDGE('',*,*,#6204,.T.);
#8653=ORIENTED_EDGE('',*,*,#6182,.T.);
#8654=ORIENTED_EDGE('',*,*,#6191,.T.);
#8655=ORIENTED_EDGE('',*,*,#6215,.T.);
#8656=ORIENTED_EDGE('',*,*,#6106,.F.);
#8657=ORIENTED_EDGE('',*,*,#6214,.F.);
#8658=ORIENTED_EDGE('',*,*,#5170,.T.);
#8659=ORIENTED_EDGE('',*,*,#6216,.F.);
#8660=ORIENTED_EDGE('',*,*,#5993,.F.);
#8661=ORIENTED_EDGE('',*,*,#5748,.F.);
#8662=ORIENTED_EDGE('',*,*,#6149,.F.);
#8663=ORIENTED_EDGE('',*,*,#6159,.T.);
#8664=ORIENTED_EDGE('',*,*,#6217,.F.);
#8665=ORIENTED_EDGE('',*,*,#5788,.T.);
#8666=ORIENTED_EDGE('',*,*,#6218,.F.);
#8667=ORIENTED_EDGE('',*,*,#6218,.T.);
#8668=ORIENTED_EDGE('',*,*,#5790,.T.);
#8669=ORIENTED_EDGE('',*,*,#6115,.F.);
#8670=ORIENTED_EDGE('',*,*,#6157,.T.);
#8671=ORIENTED_EDGE('',*,*,#6103,.F.);
#8672=ORIENTED_EDGE('',*,*,#6104,.T.);
#8673=ORIENTED_EDGE('',*,*,#5782,.T.);
#8674=ORIENTED_EDGE('',*,*,#5785,.T.);
#8675=ORIENTED_EDGE('',*,*,#6107,.T.);
#8676=ORIENTED_EDGE('',*,*,#6215,.F.);
#8677=ORIENTED_EDGE('',*,*,#6190,.T.);
#8678=ORIENTED_EDGE('',*,*,#6118,.F.);
#8679=ORIENTED_EDGE('',*,*,#5794,.T.);
#8680=ORIENTED_EDGE('',*,*,#5838,.T.);
#8681=ORIENTED_EDGE('',*,*,#6219,.T.);
#8682=ORIENTED_EDGE('',*,*,#6001,.T.);
#8683=ORIENTED_EDGE('',*,*,#6220,.T.);
#8684=ORIENTED_EDGE('',*,*,#5842,.T.);
#8685=ORIENTED_EDGE('',*,*,#5855,.T.);
#8686=ORIENTED_EDGE('',*,*,#5994,.F.);
#8687=ORIENTED_EDGE('',*,*,#6216,.T.);
#8688=ORIENTED_EDGE('',*,*,#5841,.T.);
#8689=ORIENTED_EDGE('',*,*,#6221,.F.);
#8690=ORIENTED_EDGE('',*,*,#5995,.T.);
#8691=ORIENTED_EDGE('',*,*,#5843,.T.);
#8692=ORIENTED_EDGE('',*,*,#6220,.F.);
#8693=ORIENTED_EDGE('',*,*,#5840,.T.);
#8694=ORIENTED_EDGE('',*,*,#6217,.T.);
#8695=ORIENTED_EDGE('',*,*,#6158,.F.);
#8696=ORIENTED_EDGE('',*,*,#6004,.F.);
#8697=ORIENTED_EDGE('',*,*,#6219,.F.);
#8698=ORIENTED_EDGE('',*,*,#6000,.T.);
#8699=ORIENTED_EDGE('',*,*,#6222,.F.);
#8700=ORIENTED_EDGE('',*,*,#6223,.F.);
#8701=ORIENTED_EDGE('',*,*,#6221,.T.);
#8702=ORIENTED_EDGE('',*,*,#6224,.T.);
#8703=ORIENTED_EDGE('',*,*,#5996,.T.);
#8704=ORIENTED_EDGE('',*,*,#6223,.T.);
#8705=ORIENTED_EDGE('',*,*,#6225,.F.);
#8706=ORIENTED_EDGE('',*,*,#6143,.T.);
#8707=ORIENTED_EDGE('',*,*,#6189,.F.);
#8708=ORIENTED_EDGE('',*,*,#6224,.F.);
#8709=ORIENTED_EDGE('',*,*,#6226,.T.);
#8710=ORIENTED_EDGE('',*,*,#6227,.F.);
#8711=ORIENTED_EDGE('',*,*,#6228,.F.);
#8712=ORIENTED_EDGE('',*,*,#6229,.T.);
#8713=ORIENTED_EDGE('',*,*,#6230,.F.);
#8714=ORIENTED_EDGE('',*,*,#6225,.T.);
#8715=ORIENTED_EDGE('',*,*,#6222,.T.);
#8716=ORIENTED_EDGE('',*,*,#5999,.F.);
#8717=ORIENTED_EDGE('',*,*,#6003,.T.);
#8718=ORIENTED_EDGE('',*,*,#6148,.F.);
#8719=ORIENTED_EDGE('',*,*,#6141,.T.);
#8720=ORIENTED_EDGE('',*,*,#6133,.F.);
#8721=ORIENTED_EDGE('',*,*,#6130,.F.);
#8722=ORIENTED_EDGE('',*,*,#6128,.F.);
#8723=ORIENTED_EDGE('',*,*,#6126,.F.);
#8724=ORIENTED_EDGE('',*,*,#6124,.T.);
#8725=ORIENTED_EDGE('',*,*,#6122,.F.);
#8726=ORIENTED_EDGE('',*,*,#6010,.F.);
#8727=ORIENTED_EDGE('',*,*,#6226,.F.);
#8728=ORIENTED_EDGE('',*,*,#6231,.F.);
#8729=ORIENTED_EDGE('',*,*,#6229,.F.);
#8730=ORIENTED_EDGE('',*,*,#6232,.T.);
#8731=ORIENTED_EDGE('',*,*,#6233,.T.);
#8732=ORIENTED_EDGE('',*,*,#6087,.T.);
#8733=ORIENTED_EDGE('',*,*,#6082,.F.);
#8734=ORIENTED_EDGE('',*,*,#6085,.T.);
#8735=ORIENTED_EDGE('',*,*,#6234,.F.);
#8736=ORIENTED_EDGE('',*,*,#6233,.F.);
#8737=ORIENTED_EDGE('',*,*,#6235,.T.);
#8738=ORIENTED_EDGE('',*,*,#6209,.F.);
#8739=ORIENTED_EDGE('',*,*,#6236,.T.);
#8740=ORIENTED_EDGE('',*,*,#6237,.T.);
#8741=ORIENTED_EDGE('',*,*,#6234,.T.);
#8742=ORIENTED_EDGE('',*,*,#6238,.F.);
#8743=ORIENTED_EDGE('',*,*,#6230,.T.);
#8744=ORIENTED_EDGE('',*,*,#6231,.T.);
#8745=ORIENTED_EDGE('',*,*,#6237,.F.);
#8746=ORIENTED_EDGE('',*,*,#6239,.F.);
#8747=ORIENTED_EDGE('',*,*,#6227,.T.);
#8748=ORIENTED_EDGE('',*,*,#6238,.T.);
#8749=ORIENTED_EDGE('',*,*,#6240,.F.);
#8750=ORIENTED_EDGE('',*,*,#6232,.F.);
#8751=ORIENTED_EDGE('',*,*,#6228,.T.);
#8752=ORIENTED_EDGE('',*,*,#6239,.T.);
#8753=ORIENTED_EDGE('',*,*,#6241,.F.);
#8754=ORIENTED_EDGE('',*,*,#6088,.F.);
#8755=ORIENTED_EDGE('',*,*,#6235,.F.);
#8756=ORIENTED_EDGE('',*,*,#6241,.T.);
#8757=ORIENTED_EDGE('',*,*,#6242,.F.);
#8758=ORIENTED_EDGE('',*,*,#6240,.T.);
#8759=ORIENTED_EDGE('',*,*,#6236,.F.);
#8760=ORIENTED_EDGE('',*,*,#6243,.F.);
#8761=ORIENTED_EDGE('',*,*,#6018,.F.);
#8762=ORIENTED_EDGE('',*,*,#6244,.F.);
#8763=ORIENTED_EDGE('',*,*,#6242,.T.);
#8764=ORIENTED_EDGE('',*,*,#6208,.T.);
#8765=ORIENTED_EDGE('',*,*,#6211,.F.);
#8766=ORIENTED_EDGE('',*,*,#6021,.F.);
#8767=ORIENTED_EDGE('',*,*,#6243,.T.);
#8768=ORIENTED_EDGE('',*,*,#6015,.T.);
#8769=ORIENTED_EDGE('',*,*,#6210,.F.);
#8770=ORIENTED_EDGE('',*,*,#6089,.F.);
#8771=ORIENTED_EDGE('',*,*,#6244,.T.);
#8772=ORIENTED_EDGE('',*,*,#5573,.T.);
#8773=ORIENTED_EDGE('',*,*,#6245,.T.);
#8774=ORIENTED_EDGE('',*,*,#6246,.T.);
#8775=ORIENTED_EDGE('',*,*,#6247,.F.);
#8776=ORIENTED_EDGE('',*,*,#5695,.T.);
#8777=ORIENTED_EDGE('',*,*,#6248,.F.);
#8778=ORIENTED_EDGE('',*,*,#6249,.F.);
#8779=ORIENTED_EDGE('',*,*,#6250,.T.);
#8780=ORIENTED_EDGE('',*,*,#6251,.T.);
#8781=ORIENTED_EDGE('',*,*,#6252,.T.);
#8782=ORIENTED_EDGE('',*,*,#6253,.F.);
#8783=ORIENTED_EDGE('',*,*,#6254,.F.);
#8784=ORIENTED_EDGE('',*,*,#6253,.T.);
#8785=ORIENTED_EDGE('',*,*,#6255,.T.);
#8786=ORIENTED_EDGE('',*,*,#6256,.F.);
#8787=ORIENTED_EDGE('',*,*,#6257,.F.);
#8788=ORIENTED_EDGE('',*,*,#6258,.T.);
#8789=ORIENTED_EDGE('',*,*,#6256,.T.);
#8790=ORIENTED_EDGE('',*,*,#6259,.F.);
#8791=ORIENTED_EDGE('',*,*,#6260,.F.);
#8792=ORIENTED_EDGE('',*,*,#6261,.F.);
#8793=ORIENTED_EDGE('',*,*,#6262,.F.);
#8794=ORIENTED_EDGE('',*,*,#6260,.T.);
#8795=ORIENTED_EDGE('',*,*,#6263,.F.);
#8796=ORIENTED_EDGE('',*,*,#6264,.F.);
#8797=ORIENTED_EDGE('',*,*,#6261,.T.);
#8798=ORIENTED_EDGE('',*,*,#6265,.T.);
#8799=ORIENTED_EDGE('',*,*,#6266,.T.);
#8800=ORIENTED_EDGE('',*,*,#6267,.T.);
#8801=ORIENTED_EDGE('',*,*,#6268,.F.);
#8802=ORIENTED_EDGE('',*,*,#6269,.F.);
#8803=ORIENTED_EDGE('',*,*,#6270,.T.);
#8804=ORIENTED_EDGE('',*,*,#6271,.T.);
#8805=ORIENTED_EDGE('',*,*,#6272,.T.);
#8806=ORIENTED_EDGE('',*,*,#6268,.T.);
#8807=ORIENTED_EDGE('',*,*,#6273,.F.);
#8808=ORIENTED_EDGE('',*,*,#6274,.T.);
#8809=ORIENTED_EDGE('',*,*,#6275,.T.);
#8810=ORIENTED_EDGE('',*,*,#6271,.F.);
#8811=ORIENTED_EDGE('',*,*,#6276,.F.);
#8812=ORIENTED_EDGE('',*,*,#6277,.T.);
#8813=ORIENTED_EDGE('',*,*,#6278,.T.);
#8814=ORIENTED_EDGE('',*,*,#6274,.F.);
#8815=ORIENTED_EDGE('',*,*,#6279,.F.);
#8816=ORIENTED_EDGE('',*,*,#6280,.T.);
#8817=ORIENTED_EDGE('',*,*,#6277,.F.);
#8818=ORIENTED_EDGE('',*,*,#6281,.F.);
#8819=ORIENTED_EDGE('',*,*,#6282,.T.);
#8820=ORIENTED_EDGE('',*,*,#6283,.T.);
#8821=ORIENTED_EDGE('',*,*,#6284,.F.);
#8822=ORIENTED_EDGE('',*,*,#6282,.F.);
#8823=ORIENTED_EDGE('',*,*,#6285,.F.);
#8824=ORIENTED_EDGE('',*,*,#6286,.T.);
#8825=ORIENTED_EDGE('',*,*,#6283,.F.);
#8826=ORIENTED_EDGE('',*,*,#6287,.F.);
#8827=ORIENTED_EDGE('',*,*,#6288,.F.);
#8828=ORIENTED_EDGE('',*,*,#6289,.T.);
#8829=ORIENTED_EDGE('',*,*,#6290,.F.);
#8830=ORIENTED_EDGE('',*,*,#6291,.F.);
#8831=ORIENTED_EDGE('',*,*,#6292,.T.);
#8832=ORIENTED_EDGE('',*,*,#6293,.F.);
#8833=ORIENTED_EDGE('',*,*,#6294,.F.);
#8834=ORIENTED_EDGE('',*,*,#6289,.F.);
#8835=ORIENTED_EDGE('',*,*,#6295,.F.);
#8836=ORIENTED_EDGE('',*,*,#6296,.F.);
#8837=ORIENTED_EDGE('',*,*,#6297,.F.);
#8838=ORIENTED_EDGE('',*,*,#6298,.T.);
#8839=ORIENTED_EDGE('',*,*,#6299,.F.);
#8840=ORIENTED_EDGE('',*,*,#6300,.T.);
#8841=ORIENTED_EDGE('',*,*,#6301,.F.);
#8842=ORIENTED_EDGE('',*,*,#6298,.F.);
#8843=ORIENTED_EDGE('',*,*,#6302,.T.);
#8844=ORIENTED_EDGE('',*,*,#6303,.F.);
#8845=ORIENTED_EDGE('',*,*,#6304,.F.);
#8846=ORIENTED_EDGE('',*,*,#6300,.F.);
#8847=ORIENTED_EDGE('',*,*,#6305,.F.);
#8848=ORIENTED_EDGE('',*,*,#6306,.F.);
#8849=ORIENTED_EDGE('',*,*,#6307,.T.);
#8850=ORIENTED_EDGE('',*,*,#6308,.T.);
#8851=ORIENTED_EDGE('',*,*,#6307,.F.);
#8852=ORIENTED_EDGE('',*,*,#6306,.T.);
#8853=ORIENTED_EDGE('',*,*,#6309,.T.);
#8854=ORIENTED_EDGE('',*,*,#6309,.F.);
#8855=ORIENTED_EDGE('',*,*,#6310,.T.);
#8856=ORIENTED_EDGE('',*,*,#6311,.T.);
#8857=ORIENTED_EDGE('',*,*,#6310,.F.);
#8858=ORIENTED_EDGE('',*,*,#6312,.F.);
#8859=ORIENTED_EDGE('',*,*,#6313,.T.);
#8860=ORIENTED_EDGE('',*,*,#6314,.T.);
#8861=ORIENTED_EDGE('',*,*,#6313,.F.);
#8862=ORIENTED_EDGE('',*,*,#6315,.T.);
#8863=ORIENTED_EDGE('',*,*,#6316,.F.);
#8864=ORIENTED_EDGE('',*,*,#6317,.F.);
#8865=ORIENTED_EDGE('',*,*,#6318,.T.);
#8866=ORIENTED_EDGE('',*,*,#6317,.T.);
#8867=ORIENTED_EDGE('',*,*,#6319,.F.);
#8868=ORIENTED_EDGE('',*,*,#6320,.F.);
#8869=ORIENTED_EDGE('',*,*,#6321,.T.);
#8870=ORIENTED_EDGE('',*,*,#6320,.T.);
#8871=ORIENTED_EDGE('',*,*,#6322,.F.);
#8872=ORIENTED_EDGE('',*,*,#6323,.F.);
#8873=ORIENTED_EDGE('',*,*,#6324,.T.);
#8874=ORIENTED_EDGE('',*,*,#6323,.T.);
#8875=ORIENTED_EDGE('',*,*,#6325,.F.);
#8876=ORIENTED_EDGE('',*,*,#6326,.F.);
#8877=ORIENTED_EDGE('',*,*,#6327,.T.);
#8878=ORIENTED_EDGE('',*,*,#6326,.T.);
#8879=ORIENTED_EDGE('',*,*,#6328,.F.);
#8880=ORIENTED_EDGE('',*,*,#6329,.F.);
#8881=ORIENTED_EDGE('',*,*,#6330,.T.);
#8882=ORIENTED_EDGE('',*,*,#6329,.T.);
#8883=ORIENTED_EDGE('',*,*,#6331,.F.);
#8884=ORIENTED_EDGE('',*,*,#6332,.F.);
#8885=ORIENTED_EDGE('',*,*,#6333,.T.);
#8886=ORIENTED_EDGE('',*,*,#6332,.T.);
#8887=ORIENTED_EDGE('',*,*,#6334,.F.);
#8888=ORIENTED_EDGE('',*,*,#6335,.F.);
#8889=ORIENTED_EDGE('',*,*,#6336,.T.);
#8890=ORIENTED_EDGE('',*,*,#6335,.T.);
#8891=ORIENTED_EDGE('',*,*,#6337,.F.);
#8892=ORIENTED_EDGE('',*,*,#6338,.F.);
#8893=ORIENTED_EDGE('',*,*,#6339,.T.);
#8894=ORIENTED_EDGE('',*,*,#6338,.T.);
#8895=ORIENTED_EDGE('',*,*,#6340,.F.);
#8896=ORIENTED_EDGE('',*,*,#6341,.F.);
#8897=ORIENTED_EDGE('',*,*,#6342,.T.);
#8898=ORIENTED_EDGE('',*,*,#6341,.T.);
#8899=ORIENTED_EDGE('',*,*,#6343,.T.);
#8900=ORIENTED_EDGE('',*,*,#6344,.F.);
#8901=ORIENTED_EDGE('',*,*,#6345,.F.);
#8902=ORIENTED_EDGE('',*,*,#6340,.T.);
#8903=ORIENTED_EDGE('',*,*,#6337,.T.);
#8904=ORIENTED_EDGE('',*,*,#6334,.T.);
#8905=ORIENTED_EDGE('',*,*,#6331,.T.);
#8906=ORIENTED_EDGE('',*,*,#6328,.T.);
#8907=ORIENTED_EDGE('',*,*,#6325,.T.);
#8908=ORIENTED_EDGE('',*,*,#6322,.T.);
#8909=ORIENTED_EDGE('',*,*,#6319,.T.);
#8910=ORIENTED_EDGE('',*,*,#6316,.T.);
#8911=ORIENTED_EDGE('',*,*,#6346,.F.);
#8912=ORIENTED_EDGE('',*,*,#6347,.T.);
#8913=ORIENTED_EDGE('',*,*,#6343,.F.);
#8914=ORIENTED_EDGE('',*,*,#6314,.F.);
#8915=ORIENTED_EDGE('',*,*,#6315,.F.);
#8916=ORIENTED_EDGE('',*,*,#6348,.F.);
#8917=ORIENTED_EDGE('',*,*,#6349,.T.);
#8918=ORIENTED_EDGE('',*,*,#6346,.T.);
#8919=ORIENTED_EDGE('',*,*,#6344,.T.);
#8920=ORIENTED_EDGE('',*,*,#6347,.F.);
#8921=ORIENTED_EDGE('',*,*,#6349,.F.);
#8922=ORIENTED_EDGE('',*,*,#6350,.T.);
#8923=ORIENTED_EDGE('',*,*,#6351,.F.);
#8924=ORIENTED_EDGE('',*,*,#6352,.T.);
#8925=ORIENTED_EDGE('',*,*,#6353,.T.);
#8926=ORIENTED_EDGE('',*,*,#6352,.F.);
#8927=ORIENTED_EDGE('',*,*,#6351,.T.);
#8928=ORIENTED_EDGE('',*,*,#6354,.T.);
#8929=ORIENTED_EDGE('',*,*,#6354,.F.);
#8930=ORIENTED_EDGE('',*,*,#6355,.T.);
#8931=ORIENTED_EDGE('',*,*,#6356,.T.);
#8932=ORIENTED_EDGE('',*,*,#6355,.F.);
#8933=ORIENTED_EDGE('',*,*,#6290,.T.);
#8934=ORIENTED_EDGE('',*,*,#6294,.T.);
#8935=ORIENTED_EDGE('',*,*,#6357,.F.);
#8936=ORIENTED_EDGE('',*,*,#6358,.F.);
#8937=ORIENTED_EDGE('',*,*,#6359,.F.);
#8938=ORIENTED_EDGE('',*,*,#6299,.T.);
#8939=ORIENTED_EDGE('',*,*,#6301,.T.);
#8940=ORIENTED_EDGE('',*,*,#6304,.T.);
#8941=ORIENTED_EDGE('',*,*,#6360,.F.);
#8942=ORIENTED_EDGE('',*,*,#6361,.F.);
#8943=ORIENTED_EDGE('',*,*,#6362,.F.);
#8944=ORIENTED_EDGE('',*,*,#6363,.T.);
#8945=ORIENTED_EDGE('',*,*,#6308,.F.);
#8946=ORIENTED_EDGE('',*,*,#6311,.F.);
#8947=ORIENTED_EDGE('',*,*,#6348,.T.);
#8948=ORIENTED_EDGE('',*,*,#6318,.F.);
#8949=ORIENTED_EDGE('',*,*,#6321,.F.);
#8950=ORIENTED_EDGE('',*,*,#6324,.F.);
#8951=ORIENTED_EDGE('',*,*,#6327,.F.);
#8952=ORIENTED_EDGE('',*,*,#6330,.F.);
#8953=ORIENTED_EDGE('',*,*,#6333,.F.);
#8954=ORIENTED_EDGE('',*,*,#6336,.F.);
#8955=ORIENTED_EDGE('',*,*,#6339,.F.);
#8956=ORIENTED_EDGE('',*,*,#6342,.F.);
#8957=ORIENTED_EDGE('',*,*,#6345,.T.);
#8958=ORIENTED_EDGE('',*,*,#6350,.F.);
#8959=ORIENTED_EDGE('',*,*,#6353,.F.);
#8960=ORIENTED_EDGE('',*,*,#6356,.F.);
#8961=ORIENTED_EDGE('',*,*,#6364,.F.);
#8962=ORIENTED_EDGE('',*,*,#6365,.F.);
#8963=ORIENTED_EDGE('',*,*,#6291,.T.);
#8964=ORIENTED_EDGE('',*,*,#6363,.F.);
#8965=ORIENTED_EDGE('',*,*,#6366,.T.);
#8966=ORIENTED_EDGE('',*,*,#6367,.T.);
#8967=ORIENTED_EDGE('',*,*,#6368,.T.);
#8968=ORIENTED_EDGE('',*,*,#6369,.T.);
#8969=ORIENTED_EDGE('',*,*,#6370,.T.);
#8970=ORIENTED_EDGE('',*,*,#6371,.T.);
#8971=ORIENTED_EDGE('',*,*,#6372,.T.);
#8972=ORIENTED_EDGE('',*,*,#6373,.T.);
#8973=ORIENTED_EDGE('',*,*,#6366,.F.);
#8974=ORIENTED_EDGE('',*,*,#6374,.F.);
#8975=ORIENTED_EDGE('',*,*,#6375,.T.);
#8976=ORIENTED_EDGE('',*,*,#6376,.T.);
#8977=ORIENTED_EDGE('',*,*,#6367,.F.);
#8978=ORIENTED_EDGE('',*,*,#6373,.F.);
#8979=ORIENTED_EDGE('',*,*,#6377,.T.);
#8980=ORIENTED_EDGE('',*,*,#6378,.T.);
#8981=ORIENTED_EDGE('',*,*,#6368,.F.);
#8982=ORIENTED_EDGE('',*,*,#6376,.F.);
#8983=ORIENTED_EDGE('',*,*,#6379,.T.);
#8984=ORIENTED_EDGE('',*,*,#6380,.T.);
#8985=ORIENTED_EDGE('',*,*,#6369,.F.);
#8986=ORIENTED_EDGE('',*,*,#6378,.F.);
#8987=ORIENTED_EDGE('',*,*,#6381,.T.);
#8988=ORIENTED_EDGE('',*,*,#6382,.T.);
#8989=ORIENTED_EDGE('',*,*,#6370,.F.);
#8990=ORIENTED_EDGE('',*,*,#6380,.F.);
#8991=ORIENTED_EDGE('',*,*,#6383,.T.);
#8992=ORIENTED_EDGE('',*,*,#6384,.T.);
#8993=ORIENTED_EDGE('',*,*,#6371,.F.);
#8994=ORIENTED_EDGE('',*,*,#6382,.F.);
#8995=ORIENTED_EDGE('',*,*,#6385,.T.);
#8996=ORIENTED_EDGE('',*,*,#6374,.T.);
#8997=ORIENTED_EDGE('',*,*,#6372,.F.);
#8998=ORIENTED_EDGE('',*,*,#6384,.F.);
#8999=ORIENTED_EDGE('',*,*,#6386,.T.);
#9000=ORIENTED_EDGE('',*,*,#6387,.T.);
#9001=ORIENTED_EDGE('',*,*,#6388,.T.);
#9002=ORIENTED_EDGE('',*,*,#6389,.T.);
#9003=ORIENTED_EDGE('',*,*,#6390,.T.);
#9004=ORIENTED_EDGE('',*,*,#6385,.F.);
#9005=ORIENTED_EDGE('',*,*,#6383,.F.);
#9006=ORIENTED_EDGE('',*,*,#6381,.F.);
#9007=ORIENTED_EDGE('',*,*,#6379,.F.);
#9008=ORIENTED_EDGE('',*,*,#6377,.F.);
#9009=ORIENTED_EDGE('',*,*,#6375,.F.);
#9010=ORIENTED_EDGE('',*,*,#6386,.F.);
#9011=ORIENTED_EDGE('',*,*,#6391,.T.);
#9012=ORIENTED_EDGE('',*,*,#6387,.F.);
#9013=ORIENTED_EDGE('',*,*,#6392,.F.);
#9014=ORIENTED_EDGE('',*,*,#6393,.T.);
#9015=ORIENTED_EDGE('',*,*,#6394,.T.);
#9016=ORIENTED_EDGE('',*,*,#6388,.F.);
#9017=ORIENTED_EDGE('',*,*,#6391,.F.);
#9018=ORIENTED_EDGE('',*,*,#6395,.T.);
#9019=ORIENTED_EDGE('',*,*,#6396,.T.);
#9020=ORIENTED_EDGE('',*,*,#6389,.F.);
#9021=ORIENTED_EDGE('',*,*,#6394,.F.);
#9022=ORIENTED_EDGE('',*,*,#6397,.T.);
#9023=ORIENTED_EDGE('',*,*,#6392,.T.);
#9024=ORIENTED_EDGE('',*,*,#6390,.F.);
#9025=ORIENTED_EDGE('',*,*,#6396,.F.);
#9026=ORIENTED_EDGE('',*,*,#6398,.T.);
#9027=ORIENTED_EDGE('',*,*,#6399,.T.);
#9028=ORIENTED_EDGE('',*,*,#6400,.T.);
#9029=ORIENTED_EDGE('',*,*,#6401,.F.);
#9030=ORIENTED_EDGE('',*,*,#6402,.F.);
#9031=ORIENTED_EDGE('',*,*,#6401,.T.);
#9032=ORIENTED_EDGE('',*,*,#6403,.T.);
#9033=ORIENTED_EDGE('',*,*,#6404,.F.);
#9034=ORIENTED_EDGE('',*,*,#6405,.F.);
#9035=ORIENTED_EDGE('',*,*,#6406,.T.);
#9036=ORIENTED_EDGE('',*,*,#6305,.T.);
#9037=ORIENTED_EDGE('',*,*,#6302,.F.);
#9038=ORIENTED_EDGE('',*,*,#6297,.T.);
#9039=ORIENTED_EDGE('',*,*,#6407,.F.);
#9040=ORIENTED_EDGE('',*,*,#6295,.T.);
#9041=ORIENTED_EDGE('',*,*,#6292,.F.);
#9042=ORIENTED_EDGE('',*,*,#6365,.T.);
#9043=ORIENTED_EDGE('',*,*,#6397,.F.);
#9044=ORIENTED_EDGE('',*,*,#6395,.F.);
#9045=ORIENTED_EDGE('',*,*,#6393,.F.);
#9046=ORIENTED_EDGE('',*,*,#6398,.F.);
#9047=ORIENTED_EDGE('',*,*,#6361,.T.);
#9048=ORIENTED_EDGE('',*,*,#6408,.F.);
#9049=ORIENTED_EDGE('',*,*,#6409,.T.);
#9050=ORIENTED_EDGE('',*,*,#6402,.T.);
#9051=ORIENTED_EDGE('',*,*,#6405,.T.);
#9052=ORIENTED_EDGE('',*,*,#6410,.T.);
#9053=ORIENTED_EDGE('',*,*,#6411,.T.);
#9054=ORIENTED_EDGE('',*,*,#6412,.T.);
#9055=ORIENTED_EDGE('',*,*,#6404,.T.);
#9056=ORIENTED_EDGE('',*,*,#6413,.T.);
#9057=ORIENTED_EDGE('',*,*,#6414,.F.);
#9058=ORIENTED_EDGE('',*,*,#6410,.F.);
#9059=ORIENTED_EDGE('',*,*,#6415,.F.);
#9060=ORIENTED_EDGE('',*,*,#6288,.T.);
#9061=ORIENTED_EDGE('',*,*,#6416,.T.);
#9062=ORIENTED_EDGE('',*,*,#6417,.T.);
#9063=ORIENTED_EDGE('',*,*,#6411,.F.);
#9064=ORIENTED_EDGE('',*,*,#6414,.T.);
#9065=ORIENTED_EDGE('',*,*,#6418,.T.);
#9066=ORIENTED_EDGE('',*,*,#6419,.T.);
#9067=ORIENTED_EDGE('',*,*,#6270,.F.);
#9068=ORIENTED_EDGE('',*,*,#6420,.F.);
#9069=ORIENTED_EDGE('',*,*,#6419,.F.);
#9070=ORIENTED_EDGE('',*,*,#6421,.F.);
#9071=ORIENTED_EDGE('',*,*,#6357,.T.);
#9072=ORIENTED_EDGE('',*,*,#6293,.T.);
#9073=ORIENTED_EDGE('',*,*,#6407,.T.);
#9074=ORIENTED_EDGE('',*,*,#6364,.T.);
#9075=ORIENTED_EDGE('',*,*,#6362,.T.);
#9076=ORIENTED_EDGE('',*,*,#6412,.F.);
#9077=ORIENTED_EDGE('',*,*,#6417,.F.);
#9078=ORIENTED_EDGE('',*,*,#6422,.T.);
#9079=ORIENTED_EDGE('',*,*,#6418,.F.);
#9080=ORIENTED_EDGE('',*,*,#6413,.F.);
#9081=ORIENTED_EDGE('',*,*,#6403,.F.);
#9082=ORIENTED_EDGE('',*,*,#6400,.F.);
#9083=ORIENTED_EDGE('',*,*,#6423,.F.);
#9084=ORIENTED_EDGE('',*,*,#6424,.F.);
#9085=ORIENTED_EDGE('',*,*,#6358,.T.);
#9086=ORIENTED_EDGE('',*,*,#6421,.T.);
#9087=ORIENTED_EDGE('',*,*,#6425,.T.);
#9088=ORIENTED_EDGE('',*,*,#6426,.T.);
#9089=ORIENTED_EDGE('',*,*,#6427,.F.);
#9090=ORIENTED_EDGE('',*,*,#6428,.F.);
#9091=ORIENTED_EDGE('',*,*,#6429,.T.);
#9092=ORIENTED_EDGE('',*,*,#6408,.T.);
#9093=ORIENTED_EDGE('',*,*,#6360,.T.);
#9094=ORIENTED_EDGE('',*,*,#6303,.T.);
#9095=ORIENTED_EDGE('',*,*,#6406,.F.);
#9096=ORIENTED_EDGE('',*,*,#6296,.T.);
#9097=ORIENTED_EDGE('',*,*,#6359,.T.);
#9098=ORIENTED_EDGE('',*,*,#6424,.T.);
#9099=ORIENTED_EDGE('',*,*,#6430,.T.);
#9100=ORIENTED_EDGE('',*,*,#6431,.T.);
#9101=ORIENTED_EDGE('',*,*,#6428,.T.);
#9102=ORIENTED_EDGE('',*,*,#6432,.F.);
#9103=ORIENTED_EDGE('',*,*,#6423,.T.);
#9104=ORIENTED_EDGE('',*,*,#6399,.F.);
#9105=ORIENTED_EDGE('',*,*,#6409,.F.);
#9106=ORIENTED_EDGE('',*,*,#6429,.F.);
#9107=ORIENTED_EDGE('',*,*,#6433,.F.);
#9108=ORIENTED_EDGE('',*,*,#6266,.F.);
#9109=ORIENTED_EDGE('',*,*,#6434,.T.);
#9110=ORIENTED_EDGE('',*,*,#6430,.F.);
#9111=ORIENTED_EDGE('',*,*,#6275,.F.);
#9112=ORIENTED_EDGE('',*,*,#6278,.F.);
#9113=ORIENTED_EDGE('',*,*,#6280,.F.);
#9114=ORIENTED_EDGE('',*,*,#6284,.T.);
#9115=ORIENTED_EDGE('',*,*,#6286,.F.);
#9116=ORIENTED_EDGE('',*,*,#6415,.T.);
#9117=ORIENTED_EDGE('',*,*,#6420,.T.);
#9118=ORIENTED_EDGE('',*,*,#6269,.T.);
#9119=ORIENTED_EDGE('',*,*,#6272,.F.);
#9120=ORIENTED_EDGE('',*,*,#6265,.F.);
#9121=ORIENTED_EDGE('',*,*,#6263,.T.);
#9122=ORIENTED_EDGE('',*,*,#6259,.T.);
#9123=ORIENTED_EDGE('',*,*,#6255,.F.);
#9124=ORIENTED_EDGE('',*,*,#6252,.F.);
#9125=ORIENTED_EDGE('',*,*,#6435,.F.);
#9126=ORIENTED_EDGE('',*,*,#6425,.F.);
#9127=ORIENTED_EDGE('',*,*,#6431,.F.);
#9128=ORIENTED_EDGE('',*,*,#6434,.F.);
#9129=ORIENTED_EDGE('',*,*,#6251,.F.);
#9130=ORIENTED_EDGE('',*,*,#6436,.F.);
#9131=ORIENTED_EDGE('',*,*,#6426,.F.);
#9132=ORIENTED_EDGE('',*,*,#6435,.T.);
#9133=ORIENTED_EDGE('',*,*,#6287,.T.);
#9134=ORIENTED_EDGE('',*,*,#6285,.T.);
#9135=ORIENTED_EDGE('',*,*,#6281,.T.);
#9136=ORIENTED_EDGE('',*,*,#6279,.T.);
#9137=ORIENTED_EDGE('',*,*,#6276,.T.);
#9138=ORIENTED_EDGE('',*,*,#6273,.T.);
#9139=ORIENTED_EDGE('',*,*,#6267,.F.);
#9140=ORIENTED_EDGE('',*,*,#6422,.F.);
#9141=ORIENTED_EDGE('',*,*,#6416,.F.);
#9142=ORIENTED_EDGE('',*,*,#6254,.T.);
#9143=ORIENTED_EDGE('',*,*,#6257,.T.);
#9144=ORIENTED_EDGE('',*,*,#6258,.F.);
#9145=ORIENTED_EDGE('',*,*,#6262,.T.);
#9146=ORIENTED_EDGE('',*,*,#6264,.T.);
#9147=ORIENTED_EDGE('',*,*,#6433,.T.);
#9148=ORIENTED_EDGE('',*,*,#6432,.T.);
#9149=ORIENTED_EDGE('',*,*,#6427,.T.);
#9150=ORIENTED_EDGE('',*,*,#6436,.T.);
#9151=ORIENTED_EDGE('',*,*,#6437,.F.);
#9152=ORIENTED_EDGE('',*,*,#6438,.F.);
#9153=ORIENTED_EDGE('',*,*,#6439,.T.);
#9154=ORIENTED_EDGE('',*,*,#6440,.T.);
#9155=ORIENTED_EDGE('',*,*,#6441,.T.);
#9156=ORIENTED_EDGE('',*,*,#6438,.T.);
#9157=ORIENTED_EDGE('',*,*,#6442,.F.);
#9158=ORIENTED_EDGE('',*,*,#6443,.F.);
#9159=ORIENTED_EDGE('',*,*,#6444,.T.);
#9160=ORIENTED_EDGE('',*,*,#6439,.F.);
#9161=ORIENTED_EDGE('',*,*,#6441,.F.);
#9162=ORIENTED_EDGE('',*,*,#6445,.T.);
#9163=ORIENTED_EDGE('',*,*,#6440,.F.);
#9164=ORIENTED_EDGE('',*,*,#6444,.F.);
#9165=ORIENTED_EDGE('',*,*,#6446,.T.);
#9166=ORIENTED_EDGE('',*,*,#6447,.F.);
#9167=ORIENTED_EDGE('',*,*,#6445,.F.);
#9168=ORIENTED_EDGE('',*,*,#6443,.T.);
#9169=ORIENTED_EDGE('',*,*,#6448,.T.);
#9170=ORIENTED_EDGE('',*,*,#6446,.F.);
#9171=ORIENTED_EDGE('',*,*,#6449,.F.);
#9172=ORIENTED_EDGE('',*,*,#6450,.F.);
#9173=ORIENTED_EDGE('',*,*,#6451,.T.);
#9174=ORIENTED_EDGE('',*,*,#6452,.T.);
#9175=ORIENTED_EDGE('',*,*,#6453,.F.);
#9176=ORIENTED_EDGE('',*,*,#6454,.T.);
#9177=ORIENTED_EDGE('',*,*,#6455,.T.);
#9178=ORIENTED_EDGE('',*,*,#6456,.F.);
#9179=ORIENTED_EDGE('',*,*,#6457,.T.);
#9180=ORIENTED_EDGE('',*,*,#6458,.T.);
#9181=ORIENTED_EDGE('',*,*,#6459,.T.);
#9182=ORIENTED_EDGE('',*,*,#6460,.T.);
#9183=ORIENTED_EDGE('',*,*,#6461,.T.);
#9184=ORIENTED_EDGE('',*,*,#6450,.T.);
#9185=ORIENTED_EDGE('',*,*,#6462,.F.);
#9186=ORIENTED_EDGE('',*,*,#6463,.F.);
#9187=ORIENTED_EDGE('',*,*,#6451,.F.);
#9188=ORIENTED_EDGE('',*,*,#6461,.F.);
#9189=ORIENTED_EDGE('',*,*,#6464,.T.);
#9190=ORIENTED_EDGE('',*,*,#6465,.F.);
#9191=ORIENTED_EDGE('',*,*,#6452,.F.);
#9192=ORIENTED_EDGE('',*,*,#6465,.T.);
#9193=ORIENTED_EDGE('',*,*,#6466,.F.);
#9194=ORIENTED_EDGE('',*,*,#6467,.F.);
#9195=ORIENTED_EDGE('',*,*,#6468,.F.);
#9196=ORIENTED_EDGE('',*,*,#6469,.T.);
#9197=ORIENTED_EDGE('',*,*,#6453,.T.);
#9198=ORIENTED_EDGE('',*,*,#6467,.T.);
#9199=ORIENTED_EDGE('',*,*,#6470,.F.);
#9200=ORIENTED_EDGE('',*,*,#6454,.F.);
#9201=ORIENTED_EDGE('',*,*,#6469,.F.);
#9202=ORIENTED_EDGE('',*,*,#6471,.T.);
#9203=ORIENTED_EDGE('',*,*,#6455,.F.);
#9204=ORIENTED_EDGE('',*,*,#6470,.T.);
#9205=ORIENTED_EDGE('',*,*,#6472,.T.);
#9206=ORIENTED_EDGE('',*,*,#6473,.F.);
#9207=ORIENTED_EDGE('',*,*,#6474,.T.);
#9208=ORIENTED_EDGE('',*,*,#6456,.T.);
#9209=ORIENTED_EDGE('',*,*,#6473,.T.);
#9210=ORIENTED_EDGE('',*,*,#6475,.F.);
#9211=ORIENTED_EDGE('',*,*,#6476,.T.);
#9212=ORIENTED_EDGE('',*,*,#6457,.F.);
#9213=ORIENTED_EDGE('',*,*,#6474,.F.);
#9214=ORIENTED_EDGE('',*,*,#6477,.T.);
#9215=ORIENTED_EDGE('',*,*,#6478,.T.);
#9216=ORIENTED_EDGE('',*,*,#6458,.F.);
#9217=ORIENTED_EDGE('',*,*,#6476,.F.);
#9218=ORIENTED_EDGE('',*,*,#6479,.T.);
#9219=ORIENTED_EDGE('',*,*,#6480,.T.);
#9220=ORIENTED_EDGE('',*,*,#6459,.F.);
#9221=ORIENTED_EDGE('',*,*,#6478,.F.);
#9222=ORIENTED_EDGE('',*,*,#6481,.T.);
#9223=ORIENTED_EDGE('',*,*,#6460,.F.);
#9224=ORIENTED_EDGE('',*,*,#6480,.F.);
#9225=ORIENTED_EDGE('',*,*,#6482,.T.);
#9226=ORIENTED_EDGE('',*,*,#6483,.F.);
#9227=ORIENTED_EDGE('',*,*,#6481,.F.);
#9228=ORIENTED_EDGE('',*,*,#6479,.F.);
#9229=ORIENTED_EDGE('',*,*,#6477,.F.);
#9230=ORIENTED_EDGE('',*,*,#6475,.T.);
#9231=ORIENTED_EDGE('',*,*,#6472,.F.);
#9232=ORIENTED_EDGE('',*,*,#6471,.F.);
#9233=ORIENTED_EDGE('',*,*,#6468,.T.);
#9234=ORIENTED_EDGE('',*,*,#6466,.T.);
#9235=ORIENTED_EDGE('',*,*,#6464,.F.);
#9236=ORIENTED_EDGE('',*,*,#6463,.T.);
#9237=ORIENTED_EDGE('',*,*,#6484,.T.);
#9238=ORIENTED_EDGE('',*,*,#6482,.F.);
#9239=ORIENTED_EDGE('',*,*,#6485,.T.);
#9240=ORIENTED_EDGE('',*,*,#6486,.F.);
#9241=ORIENTED_EDGE('',*,*,#6486,.T.);
#9242=ORIENTED_EDGE('',*,*,#6487,.F.);
#9243=ORIENTED_EDGE('',*,*,#6485,.F.);
#9244=ORIENTED_EDGE('',*,*,#6487,.T.);
#9245=ORIENTED_EDGE('',*,*,#6488,.T.);
#9246=ORIENTED_EDGE('',*,*,#6489,.T.);
#9247=ORIENTED_EDGE('',*,*,#6488,.F.);
#9248=ORIENTED_EDGE('',*,*,#6250,.F.);
#9249=ORIENTED_EDGE('',*,*,#6490,.F.);
#9250=ORIENTED_EDGE('',*,*,#6491,.T.);
#9251=ORIENTED_EDGE('',*,*,#6492,.T.);
#9252=ORIENTED_EDGE('',*,*,#6245,.F.);
#9253=ORIENTED_EDGE('',*,*,#5182,.F.);
#9254=ORIENTED_EDGE('',*,*,#5580,.T.);
#9255=ORIENTED_EDGE('',*,*,#6489,.F.);
#9256=ORIENTED_EDGE('',*,*,#6493,.T.);
#9257=ORIENTED_EDGE('',*,*,#6490,.T.);
#9258=ORIENTED_EDGE('',*,*,#6249,.T.);
#9259=ORIENTED_EDGE('',*,*,#6494,.T.);
#9260=ORIENTED_EDGE('',*,*,#6495,.F.);
#9261=ORIENTED_EDGE('',*,*,#6496,.F.);
#9262=ORIENTED_EDGE('',*,*,#6497,.T.);
#9263=ORIENTED_EDGE('',*,*,#6498,.T.);
#9264=ORIENTED_EDGE('',*,*,#6312,.T.);
#9265=ORIENTED_EDGE('',*,*,#6493,.F.);
#9266=ORIENTED_EDGE('',*,*,#6499,.T.);
#9267=ORIENTED_EDGE('',*,*,#6496,.T.);
#9268=ORIENTED_EDGE('',*,*,#6500,.F.);
#9269=ORIENTED_EDGE('',*,*,#6501,.F.);
#9270=ORIENTED_EDGE('',*,*,#6502,.F.);
#9271=ORIENTED_EDGE('',*,*,#6503,.F.);
#9272=ORIENTED_EDGE('',*,*,#6504,.T.);
#9273=ORIENTED_EDGE('',*,*,#6505,.T.);
#9274=ORIENTED_EDGE('',*,*,#6506,.F.);
#9275=ORIENTED_EDGE('',*,*,#6507,.F.);
#9276=ORIENTED_EDGE('',*,*,#6501,.T.);
#9277=ORIENTED_EDGE('',*,*,#6508,.T.);
#9278=ORIENTED_EDGE('',*,*,#6509,.T.);
#9279=ORIENTED_EDGE('',*,*,#6506,.T.);
#9280=ORIENTED_EDGE('',*,*,#6510,.F.);
#9281=ORIENTED_EDGE('',*,*,#6511,.F.);
#9282=ORIENTED_EDGE('',*,*,#6508,.F.);
#9283=ORIENTED_EDGE('',*,*,#6512,.T.);
#9284=ORIENTED_EDGE('',*,*,#6513,.F.);
#9285=ORIENTED_EDGE('',*,*,#6514,.T.);
#9286=ORIENTED_EDGE('',*,*,#6513,.T.);
#9287=ORIENTED_EDGE('',*,*,#6515,.T.);
#9288=ORIENTED_EDGE('',*,*,#6516,.F.);
#9289=ORIENTED_EDGE('',*,*,#6517,.F.);
#9290=ORIENTED_EDGE('',*,*,#6518,.T.);
#9291=ORIENTED_EDGE('',*,*,#6519,.T.);
#9292=ORIENTED_EDGE('',*,*,#6516,.T.);
#9293=ORIENTED_EDGE('',*,*,#6520,.F.);
#9294=ORIENTED_EDGE('',*,*,#6518,.F.);
#9295=ORIENTED_EDGE('',*,*,#6521,.T.);
#9296=ORIENTED_EDGE('',*,*,#6522,.F.);
#9297=ORIENTED_EDGE('',*,*,#6502,.T.);
#9298=ORIENTED_EDGE('',*,*,#6507,.T.);
#9299=ORIENTED_EDGE('',*,*,#6509,.F.);
#9300=ORIENTED_EDGE('',*,*,#6511,.T.);
#9301=ORIENTED_EDGE('',*,*,#6514,.F.);
#9302=ORIENTED_EDGE('',*,*,#6519,.F.);
#9303=ORIENTED_EDGE('',*,*,#6520,.T.);
#9304=ORIENTED_EDGE('',*,*,#6523,.F.);
#9305=ORIENTED_EDGE('',*,*,#6524,.F.);
#9306=ORIENTED_EDGE('',*,*,#6525,.T.);
#9307=ORIENTED_EDGE('',*,*,#6526,.T.);
#9308=ORIENTED_EDGE('',*,*,#6527,.T.);
#9309=ORIENTED_EDGE('',*,*,#6528,.T.);
#9310=ORIENTED_EDGE('',*,*,#6524,.T.);
#9311=ORIENTED_EDGE('',*,*,#6529,.F.);
#9312=ORIENTED_EDGE('',*,*,#6530,.F.);
#9313=ORIENTED_EDGE('',*,*,#6531,.T.);
#9314=ORIENTED_EDGE('',*,*,#6525,.F.);
#9315=ORIENTED_EDGE('',*,*,#6528,.F.);
#9316=ORIENTED_EDGE('',*,*,#6532,.T.);
#9317=ORIENTED_EDGE('',*,*,#6533,.T.);
#9318=ORIENTED_EDGE('',*,*,#6526,.F.);
#9319=ORIENTED_EDGE('',*,*,#6531,.F.);
#9320=ORIENTED_EDGE('',*,*,#6534,.T.);
#9321=ORIENTED_EDGE('',*,*,#6503,.T.);
#9322=ORIENTED_EDGE('',*,*,#6527,.F.);
#9323=ORIENTED_EDGE('',*,*,#6533,.F.);
#9324=ORIENTED_EDGE('',*,*,#6535,.T.);
#9325=ORIENTED_EDGE('',*,*,#6534,.F.);
#9326=ORIENTED_EDGE('',*,*,#6532,.F.);
#9327=ORIENTED_EDGE('',*,*,#6530,.T.);
#9328=ORIENTED_EDGE('',*,*,#6536,.T.);
#9329=ORIENTED_EDGE('',*,*,#6521,.F.);
#9330=ORIENTED_EDGE('',*,*,#6517,.T.);
#9331=ORIENTED_EDGE('',*,*,#6515,.F.);
#9332=ORIENTED_EDGE('',*,*,#6512,.F.);
#9333=ORIENTED_EDGE('',*,*,#6510,.T.);
#9334=ORIENTED_EDGE('',*,*,#6505,.F.);
#9335=ORIENTED_EDGE('',*,*,#6504,.F.);
#9336=ORIENTED_EDGE('',*,*,#6535,.F.);
#9337=ORIENTED_EDGE('',*,*,#6537,.F.);
#9338=ORIENTED_EDGE('',*,*,#6538,.F.);
#9339=ORIENTED_EDGE('',*,*,#6539,.T.);
#9340=ORIENTED_EDGE('',*,*,#6540,.T.);
#9341=ORIENTED_EDGE('',*,*,#6541,.T.);
#9342=ORIENTED_EDGE('',*,*,#6538,.T.);
#9343=ORIENTED_EDGE('',*,*,#6542,.F.);
#9344=ORIENTED_EDGE('',*,*,#6543,.F.);
#9345=ORIENTED_EDGE('',*,*,#6544,.T.);
#9346=ORIENTED_EDGE('',*,*,#6539,.F.);
#9347=ORIENTED_EDGE('',*,*,#6541,.F.);
#9348=ORIENTED_EDGE('',*,*,#6545,.T.);
#9349=ORIENTED_EDGE('',*,*,#6540,.F.);
#9350=ORIENTED_EDGE('',*,*,#6544,.F.);
#9351=ORIENTED_EDGE('',*,*,#6546,.T.);
#9352=ORIENTED_EDGE('',*,*,#6547,.F.);
#9353=ORIENTED_EDGE('',*,*,#6545,.F.);
#9354=ORIENTED_EDGE('',*,*,#6543,.T.);
#9355=ORIENTED_EDGE('',*,*,#6548,.T.);
#9356=ORIENTED_EDGE('',*,*,#6546,.F.);
#9357=ORIENTED_EDGE('',*,*,#6549,.T.);
#9358=ORIENTED_EDGE('',*,*,#6550,.F.);
#9359=ORIENTED_EDGE('',*,*,#6551,.F.);
#9360=ORIENTED_EDGE('',*,*,#6552,.T.);
#9361=ORIENTED_EDGE('',*,*,#6553,.T.);
#9362=ORIENTED_EDGE('',*,*,#6554,.T.);
#9363=ORIENTED_EDGE('',*,*,#6550,.T.);
#9364=ORIENTED_EDGE('',*,*,#6555,.F.);
#9365=ORIENTED_EDGE('',*,*,#6556,.T.);
#9366=ORIENTED_EDGE('',*,*,#6557,.F.);
#9367=ORIENTED_EDGE('',*,*,#6553,.F.);
#9368=ORIENTED_EDGE('',*,*,#6558,.T.);
#9369=ORIENTED_EDGE('',*,*,#6559,.T.);
#9370=ORIENTED_EDGE('',*,*,#6560,.F.);
#9371=ORIENTED_EDGE('',*,*,#6556,.F.);
#9372=ORIENTED_EDGE('',*,*,#6561,.T.);
#9373=ORIENTED_EDGE('',*,*,#6562,.T.);
#9374=ORIENTED_EDGE('',*,*,#6563,.F.);
#9375=ORIENTED_EDGE('',*,*,#6559,.F.);
#9376=ORIENTED_EDGE('',*,*,#6564,.T.);
#9377=ORIENTED_EDGE('',*,*,#6565,.F.);
#9378=ORIENTED_EDGE('',*,*,#6562,.F.);
#9379=ORIENTED_EDGE('',*,*,#6566,.T.);
#9380=ORIENTED_EDGE('',*,*,#6567,.F.);
#9381=ORIENTED_EDGE('',*,*,#6551,.T.);
#9382=ORIENTED_EDGE('',*,*,#6554,.F.);
#9383=ORIENTED_EDGE('',*,*,#6557,.T.);
#9384=ORIENTED_EDGE('',*,*,#6560,.T.);
#9385=ORIENTED_EDGE('',*,*,#6563,.T.);
#9386=ORIENTED_EDGE('',*,*,#6565,.T.);
#9387=ORIENTED_EDGE('',*,*,#6568,.F.);
#9388=ORIENTED_EDGE('',*,*,#6569,.F.);
#9389=ORIENTED_EDGE('',*,*,#6570,.T.);
#9390=ORIENTED_EDGE('',*,*,#6571,.T.);
#9391=ORIENTED_EDGE('',*,*,#6572,.T.);
#9392=ORIENTED_EDGE('',*,*,#6573,.T.);
#9393=ORIENTED_EDGE('',*,*,#6574,.T.);
#9394=ORIENTED_EDGE('',*,*,#6569,.T.);
#9395=ORIENTED_EDGE('',*,*,#6575,.F.);
#9396=ORIENTED_EDGE('',*,*,#6576,.F.);
#9397=ORIENTED_EDGE('',*,*,#6577,.T.);
#9398=ORIENTED_EDGE('',*,*,#6570,.F.);
#9399=ORIENTED_EDGE('',*,*,#6574,.F.);
#9400=ORIENTED_EDGE('',*,*,#6578,.T.);
#9401=ORIENTED_EDGE('',*,*,#6579,.T.);
#9402=ORIENTED_EDGE('',*,*,#6571,.F.);
#9403=ORIENTED_EDGE('',*,*,#6577,.F.);
#9404=ORIENTED_EDGE('',*,*,#6580,.T.);
#9405=ORIENTED_EDGE('',*,*,#6581,.T.);
#9406=ORIENTED_EDGE('',*,*,#6572,.F.);
#9407=ORIENTED_EDGE('',*,*,#6579,.F.);
#9408=ORIENTED_EDGE('',*,*,#6582,.T.);
#9409=ORIENTED_EDGE('',*,*,#6552,.F.);
#9410=ORIENTED_EDGE('',*,*,#6573,.F.);
#9411=ORIENTED_EDGE('',*,*,#6581,.F.);
#9412=ORIENTED_EDGE('',*,*,#6583,.T.);
#9413=ORIENTED_EDGE('',*,*,#6582,.F.);
#9414=ORIENTED_EDGE('',*,*,#6580,.F.);
#9415=ORIENTED_EDGE('',*,*,#6578,.F.);
#9416=ORIENTED_EDGE('',*,*,#6576,.T.);
#9417=ORIENTED_EDGE('',*,*,#6584,.T.);
#9418=ORIENTED_EDGE('',*,*,#6566,.F.);
#9419=ORIENTED_EDGE('',*,*,#6564,.F.);
#9420=ORIENTED_EDGE('',*,*,#6561,.F.);
#9421=ORIENTED_EDGE('',*,*,#6558,.F.);
#9422=ORIENTED_EDGE('',*,*,#6555,.T.);
#9423=ORIENTED_EDGE('',*,*,#6549,.F.);
#9424=ORIENTED_EDGE('',*,*,#6583,.F.);
#9425=ORIENTED_EDGE('',*,*,#6448,.F.);
#9426=ORIENTED_EDGE('',*,*,#6585,.T.);
#9427=ORIENTED_EDGE('',*,*,#6484,.F.);
#9428=ORIENTED_EDGE('',*,*,#6586,.T.);
#9429=ORIENTED_EDGE('',*,*,#6587,.F.);
#9430=ORIENTED_EDGE('',*,*,#6497,.F.);
#9431=ORIENTED_EDGE('',*,*,#6499,.F.);
#9432=ORIENTED_EDGE('',*,*,#6588,.T.);
#9433=ORIENTED_EDGE('',*,*,#6536,.F.);
#9434=ORIENTED_EDGE('',*,*,#6589,.T.);
#9435=ORIENTED_EDGE('',*,*,#6548,.F.);
#9436=ORIENTED_EDGE('',*,*,#6590,.T.);
#9437=ORIENTED_EDGE('',*,*,#6584,.F.);
#9438=ORIENTED_EDGE('',*,*,#6591,.T.);
#9439=ORIENTED_EDGE('',*,*,#6462,.T.);
#9440=ORIENTED_EDGE('',*,*,#6449,.T.);
#9441=ORIENTED_EDGE('',*,*,#6483,.T.);
#9442=ORIENTED_EDGE('',*,*,#6585,.F.);
#9443=ORIENTED_EDGE('',*,*,#6442,.T.);
#9444=ORIENTED_EDGE('',*,*,#6437,.T.);
#9445=ORIENTED_EDGE('',*,*,#6447,.T.);
#9446=ORIENTED_EDGE('',*,*,#6591,.F.);
#9447=ORIENTED_EDGE('',*,*,#6575,.T.);
#9448=ORIENTED_EDGE('',*,*,#6568,.T.);
#9449=ORIENTED_EDGE('',*,*,#6567,.T.);
#9450=ORIENTED_EDGE('',*,*,#6590,.F.);
#9451=ORIENTED_EDGE('',*,*,#6542,.T.);
#9452=ORIENTED_EDGE('',*,*,#6537,.T.);
#9453=ORIENTED_EDGE('',*,*,#6547,.T.);
#9454=ORIENTED_EDGE('',*,*,#6589,.F.);
#9455=ORIENTED_EDGE('',*,*,#6529,.T.);
#9456=ORIENTED_EDGE('',*,*,#6523,.T.);
#9457=ORIENTED_EDGE('',*,*,#6522,.T.);
#9458=ORIENTED_EDGE('',*,*,#6588,.F.);
#9459=ORIENTED_EDGE('',*,*,#6494,.F.);
#9460=ORIENTED_EDGE('',*,*,#6248,.T.);
#9461=ORIENTED_EDGE('',*,*,#5178,.T.);
#9462=ORIENTED_EDGE('',*,*,#6247,.T.);
#9463=ORIENTED_EDGE('',*,*,#6592,.T.);
#9464=ORIENTED_EDGE('',*,*,#6586,.F.);
#9465=ORIENTED_EDGE('',*,*,#6246,.F.);
#9466=ORIENTED_EDGE('',*,*,#6492,.F.);
#9467=ORIENTED_EDGE('',*,*,#6593,.F.);
#9468=ORIENTED_EDGE('',*,*,#6592,.F.);
#9469=ORIENTED_EDGE('',*,*,#6498,.F.);
#9470=ORIENTED_EDGE('',*,*,#6587,.T.);
#9471=ORIENTED_EDGE('',*,*,#6593,.T.);
#9472=ORIENTED_EDGE('',*,*,#6594,.F.);
#9473=ORIENTED_EDGE('',*,*,#6491,.F.);
#9474=ORIENTED_EDGE('',*,*,#6500,.T.);
#9475=ORIENTED_EDGE('',*,*,#6495,.T.);
#9476=ORIENTED_EDGE('',*,*,#6594,.T.);
#9477=CYLINDRICAL_SURFACE('',#10572,0.5);
#9478=CYLINDRICAL_SURFACE('',#10576,0.5);
#9479=CYLINDRICAL_SURFACE('',#10580,0.5);
#9480=CYLINDRICAL_SURFACE('',#10582,0.5);
#9481=CYLINDRICAL_SURFACE('',#10587,1.35);
#9482=CYLINDRICAL_SURFACE('',#10593,1.08);
#9483=CYLINDRICAL_SURFACE('',#10597,1.08);
#9484=CYLINDRICAL_SURFACE('',#10600,1.08);
#9485=CYLINDRICAL_SURFACE('',#10602,0.25);
#9486=CYLINDRICAL_SURFACE('',#10605,1.43);
#9487=CYLINDRICAL_SURFACE('',#10619,1.43);
#9488=CYLINDRICAL_SURFACE('',#10623,1.08);
#9489=CYLINDRICAL_SURFACE('',#10625,1.08);
#9490=CYLINDRICAL_SURFACE('',#10627,1.08);
#9491=CYLINDRICAL_SURFACE('',#10632,1.35);
#9492=CYLINDRICAL_SURFACE('',#10634,0.25);
#9493=CYLINDRICAL_SURFACE('',#10646,1.25);
#9494=CYLINDRICAL_SURFACE('',#10649,1.);
#9495=CYLINDRICAL_SURFACE('',#10655,1.);
#9496=CYLINDRICAL_SURFACE('',#10716,1.26);
#9497=CYLINDRICAL_SURFACE('',#10732,0.4);
#9498=CYLINDRICAL_SURFACE('',#10741,0.4);
#9499=CYLINDRICAL_SURFACE('',#10795,1.);
#9500=CYLINDRICAL_SURFACE('',#10798,1.);
#9501=CYLINDRICAL_SURFACE('',#10802,1.);
#9502=CYLINDRICAL_SURFACE('',#10822,0.3);
#9503=CYLINDRICAL_SURFACE('',#10831,0.76875);
#9504=CYLINDRICAL_SURFACE('',#10835,0.8);
#9505=CYLINDRICAL_SURFACE('',#10841,0.5);
#9506=CYLINDRICAL_SURFACE('',#10855,0.3);
#9507=CYLINDRICAL_SURFACE('',#10875,0.5);
#9508=CYLINDRICAL_SURFACE('',#10878,0.5);
#9509=CYLINDRICAL_SURFACE('',#10884,0.5);
#9510=CYLINDRICAL_SURFACE('',#10887,0.5);
#9511=CYLINDRICAL_SURFACE('',#10893,0.2);
#9512=CYLINDRICAL_SURFACE('',#10898,0.4);
#9513=CYLINDRICAL_SURFACE('',#10900,0.4);
#9514=CYLINDRICAL_SURFACE('',#10904,0.5);
#9515=CYLINDRICAL_SURFACE('',#10909,0.2);
#9516=CYLINDRICAL_SURFACE('',#10912,0.2);
#9517=CYLINDRICAL_SURFACE('',#10916,0.5);
#9518=CYLINDRICAL_SURFACE('',#10919,0.2);
#9519=CYLINDRICAL_SURFACE('',#10924,0.2);
#9520=CYLINDRICAL_SURFACE('',#10929,0.2);
#9521=CYLINDRICAL_SURFACE('',#10931,0.2);
#9522=CYLINDRICAL_SURFACE('',#10945,0.2);
#9523=CYLINDRICAL_SURFACE('',#10948,0.2);
#9524=CYLINDRICAL_SURFACE('',#10952,0.2);
#9525=CYLINDRICAL_SURFACE('',#10956,0.5);
#9526=CYLINDRICAL_SURFACE('',#10972,0.2);
#9527=CYLINDRICAL_SURFACE('',#10986,0.3);
#9528=CYLINDRICAL_SURFACE('',#10998,1.);
#9529=CYLINDRICAL_SURFACE('',#11044,0.3);
#9530=CYLINDRICAL_SURFACE('',#11051,1.);
#9531=CYLINDRICAL_SURFACE('',#11087,0.6);
#9532=CYLINDRICAL_SURFACE('',#11093,0.6);
#9533=CYLINDRICAL_SURFACE('',#11095,1.);
#9534=CYLINDRICAL_SURFACE('',#11111,0.5);
#9535=CYLINDRICAL_SURFACE('',#11117,0.5);
#9536=STYLED_ITEM('',(#17003),#10043);
#9537=STYLED_ITEM('',(#17003),#10044);
#9538=STYLED_ITEM('',(#17003),#10045);
#9539=STYLED_ITEM('',(#17003),#10046);
#9540=STYLED_ITEM('',(#17003),#10047);
#9541=STYLED_ITEM('',(#17003),#10048);
#9542=STYLED_ITEM('',(#17003),#10049);
#9543=STYLED_ITEM('',(#17003),#10050);
#9544=STYLED_ITEM('',(#17003),#10051);
#9545=STYLED_ITEM('',(#17003),#10052);
#9546=STYLED_ITEM('',(#17003),#10053);
#9547=STYLED_ITEM('',(#17003),#10054);
#9548=STYLED_ITEM('',(#17003),#10055);
#9549=STYLED_ITEM('',(#17003),#10056);
#9550=STYLED_ITEM('',(#17003),#10057);
#9551=STYLED_ITEM('',(#17003),#10058);
#9552=STYLED_ITEM('',(#17003),#10059);
#9553=STYLED_ITEM('',(#17003),#10060);
#9554=STYLED_ITEM('',(#17003),#10061);
#9555=STYLED_ITEM('',(#17003),#10062);
#9556=STYLED_ITEM('',(#17003),#10063);
#9557=STYLED_ITEM('',(#17003),#10064);
#9558=STYLED_ITEM('',(#17003),#10065);
#9559=STYLED_ITEM('',(#17003),#10066);
#9560=STYLED_ITEM('',(#17003),#10067);
#9561=STYLED_ITEM('',(#17003),#10068);
#9562=STYLED_ITEM('',(#17003),#10069);
#9563=STYLED_ITEM('',(#17003),#10070);
#9564=STYLED_ITEM('',(#17003),#10071);
#9565=STYLED_ITEM('',(#17003),#10072);
#9566=STYLED_ITEM('',(#17003),#10073);
#9567=STYLED_ITEM('',(#17003),#10074);
#9568=STYLED_ITEM('',(#17003),#10075);
#9569=STYLED_ITEM('',(#17003),#10076);
#9570=STYLED_ITEM('',(#17003),#10077);
#9571=STYLED_ITEM('',(#17003),#10078);
#9572=STYLED_ITEM('',(#17003),#10079);
#9573=STYLED_ITEM('',(#17003),#10080);
#9574=STYLED_ITEM('',(#17003),#10081);
#9575=STYLED_ITEM('',(#17003),#10082);
#9576=STYLED_ITEM('',(#17003),#10083);
#9577=STYLED_ITEM('',(#17003),#10084);
#9578=STYLED_ITEM('',(#17003),#10085);
#9579=STYLED_ITEM('',(#17003),#10086);
#9580=STYLED_ITEM('',(#17003),#10087);
#9581=STYLED_ITEM('',(#17003),#10088);
#9582=STYLED_ITEM('',(#17003),#10089);
#9583=STYLED_ITEM('',(#17003),#10090);
#9584=STYLED_ITEM('',(#17003),#10091);
#9585=STYLED_ITEM('',(#17003),#10092);
#9586=STYLED_ITEM('',(#17003),#10093);
#9587=STYLED_ITEM('',(#17003),#10094);
#9588=STYLED_ITEM('',(#17003),#10095);
#9589=STYLED_ITEM('',(#17003),#10096);
#9590=STYLED_ITEM('',(#17003),#10097);
#9591=STYLED_ITEM('',(#17003),#10098);
#9592=STYLED_ITEM('',(#17003),#10099);
#9593=STYLED_ITEM('',(#17003),#10100);
#9594=STYLED_ITEM('',(#17003),#10101);
#9595=STYLED_ITEM('',(#17003),#10102);
#9596=STYLED_ITEM('',(#17003),#10103);
#9597=STYLED_ITEM('',(#17003),#10104);
#9598=STYLED_ITEM('',(#17003),#10105);
#9599=STYLED_ITEM('',(#17003),#10106);
#9600=STYLED_ITEM('',(#17003),#10107);
#9601=STYLED_ITEM('',(#17003),#10108);
#9602=STYLED_ITEM('',(#17003),#10109);
#9603=STYLED_ITEM('',(#17003),#10110);
#9604=STYLED_ITEM('',(#17003),#10111);
#9605=STYLED_ITEM('',(#17003),#10112);
#9606=STYLED_ITEM('',(#17003),#10113);
#9607=STYLED_ITEM('',(#17003),#10114);
#9608=STYLED_ITEM('',(#17003),#10115);
#9609=STYLED_ITEM('',(#17003),#10116);
#9610=STYLED_ITEM('',(#17003),#10117);
#9611=STYLED_ITEM('',(#17003),#10118);
#9612=STYLED_ITEM('',(#17003),#10119);
#9613=STYLED_ITEM('',(#17003),#10120);
#9614=STYLED_ITEM('',(#17003),#10121);
#9615=STYLED_ITEM('',(#17003),#10122);
#9616=STYLED_ITEM('',(#17003),#10123);
#9617=STYLED_ITEM('',(#17003),#10124);
#9618=STYLED_ITEM('',(#17003),#10125);
#9619=STYLED_ITEM('',(#17003),#10126);
#9620=STYLED_ITEM('',(#17003),#10127);
#9621=STYLED_ITEM('',(#17003),#10128);
#9622=STYLED_ITEM('',(#17003),#10129);
#9623=STYLED_ITEM('',(#17003),#10130);
#9624=STYLED_ITEM('',(#17003),#10131);
#9625=STYLED_ITEM('',(#17003),#10132);
#9626=STYLED_ITEM('',(#17003),#10133);
#9627=STYLED_ITEM('',(#17003),#10134);
#9628=STYLED_ITEM('',(#17003),#10135);
#9629=STYLED_ITEM('',(#17003),#10136);
#9630=STYLED_ITEM('',(#17003),#10137);
#9631=STYLED_ITEM('',(#17003),#10138);
#9632=STYLED_ITEM('',(#17003),#10139);
#9633=STYLED_ITEM('',(#17003),#10140);
#9634=STYLED_ITEM('',(#17003),#10141);
#9635=STYLED_ITEM('',(#17003),#10142);
#9636=STYLED_ITEM('',(#17003),#10143);
#9637=STYLED_ITEM('',(#17003),#10144);
#9638=STYLED_ITEM('',(#17003),#10145);
#9639=STYLED_ITEM('',(#17003),#10146);
#9640=STYLED_ITEM('',(#17003),#10147);
#9641=STYLED_ITEM('',(#17003),#10148);
#9642=STYLED_ITEM('',(#17003),#10149);
#9643=STYLED_ITEM('',(#17003),#10150);
#9644=STYLED_ITEM('',(#17003),#10151);
#9645=STYLED_ITEM('',(#17003),#10152);
#9646=STYLED_ITEM('',(#17003),#10153);
#9647=STYLED_ITEM('',(#17003),#10154);
#9648=STYLED_ITEM('',(#17003),#10155);
#9649=STYLED_ITEM('',(#17003),#10156);
#9650=STYLED_ITEM('',(#17003),#10157);
#9651=STYLED_ITEM('',(#17003),#10158);
#9652=STYLED_ITEM('',(#17003),#10159);
#9653=STYLED_ITEM('',(#17003),#10160);
#9654=STYLED_ITEM('',(#17003),#10161);
#9655=STYLED_ITEM('',(#17003),#10162);
#9656=STYLED_ITEM('',(#17003),#10163);
#9657=STYLED_ITEM('',(#17003),#10164);
#9658=STYLED_ITEM('',(#17003),#10165);
#9659=STYLED_ITEM('',(#17003),#10166);
#9660=STYLED_ITEM('',(#17003),#10167);
#9661=STYLED_ITEM('',(#17003),#10168);
#9662=STYLED_ITEM('',(#17003),#10169);
#9663=STYLED_ITEM('',(#17003),#10170);
#9664=STYLED_ITEM('',(#17003),#10171);
#9665=STYLED_ITEM('',(#17003),#10172);
#9666=STYLED_ITEM('',(#17003),#10173);
#9667=STYLED_ITEM('',(#17003),#10174);
#9668=STYLED_ITEM('',(#17003),#10175);
#9669=STYLED_ITEM('',(#17003),#10176);
#9670=STYLED_ITEM('',(#17003),#10177);
#9671=STYLED_ITEM('',(#17003),#10178);
#9672=STYLED_ITEM('',(#17003),#10179);
#9673=STYLED_ITEM('',(#17004),#10180);
#9674=STYLED_ITEM('',(#17004),#10181);
#9675=STYLED_ITEM('',(#17003),#10182);
#9676=STYLED_ITEM('',(#17003),#10183);
#9677=STYLED_ITEM('',(#17003),#10184);
#9678=STYLED_ITEM('',(#17003),#10185);
#9679=STYLED_ITEM('',(#17003),#10186);
#9680=STYLED_ITEM('',(#17003),#10187);
#9681=STYLED_ITEM('',(#17003),#10188);
#9682=STYLED_ITEM('',(#17003),#10189);
#9683=STYLED_ITEM('',(#17003),#10190);
#9684=STYLED_ITEM('',(#17003),#10191);
#9685=STYLED_ITEM('',(#17003),#10192);
#9686=STYLED_ITEM('',(#17003),#10193);
#9687=STYLED_ITEM('',(#17003),#10194);
#9688=STYLED_ITEM('',(#17003),#10195);
#9689=STYLED_ITEM('',(#17003),#10196);
#9690=STYLED_ITEM('',(#17003),#10197);
#9691=STYLED_ITEM('',(#17003),#10198);
#9692=STYLED_ITEM('',(#17003),#10199);
#9693=STYLED_ITEM('',(#17003),#10200);
#9694=STYLED_ITEM('',(#17003),#10201);
#9695=STYLED_ITEM('',(#17003),#10202);
#9696=STYLED_ITEM('',(#17003),#10203);
#9697=STYLED_ITEM('',(#17003),#10204);
#9698=STYLED_ITEM('',(#17003),#10205);
#9699=STYLED_ITEM('',(#17003),#10206);
#9700=STYLED_ITEM('',(#17003),#10207);
#9701=STYLED_ITEM('',(#17003),#10208);
#9702=STYLED_ITEM('',(#17003),#10209);
#9703=STYLED_ITEM('',(#17003),#10210);
#9704=STYLED_ITEM('',(#17003),#10211);
#9705=STYLED_ITEM('',(#17003),#10212);
#9706=STYLED_ITEM('',(#17003),#10213);
#9707=STYLED_ITEM('',(#17003),#10214);
#9708=STYLED_ITEM('',(#17003),#10215);
#9709=STYLED_ITEM('',(#17003),#10216);
#9710=STYLED_ITEM('',(#17003),#10217);
#9711=STYLED_ITEM('',(#17003),#10218);
#9712=STYLED_ITEM('',(#17003),#10219);
#9713=STYLED_ITEM('',(#17003),#10220);
#9714=STYLED_ITEM('',(#17003),#10221);
#9715=STYLED_ITEM('',(#17003),#10222);
#9716=STYLED_ITEM('',(#17003),#10223);
#9717=STYLED_ITEM('',(#17003),#10224);
#9718=STYLED_ITEM('',(#17003),#10225);
#9719=STYLED_ITEM('',(#17003),#10226);
#9720=STYLED_ITEM('',(#17003),#10227);
#9721=STYLED_ITEM('',(#17003),#10228);
#9722=STYLED_ITEM('',(#17003),#10229);
#9723=STYLED_ITEM('',(#17003),#10230);
#9724=STYLED_ITEM('',(#17003),#10231);
#9725=STYLED_ITEM('',(#17003),#10232);
#9726=STYLED_ITEM('',(#17003),#10233);
#9727=STYLED_ITEM('',(#17003),#10234);
#9728=STYLED_ITEM('',(#17003),#10235);
#9729=STYLED_ITEM('',(#17003),#10236);
#9730=STYLED_ITEM('',(#17003),#10237);
#9731=STYLED_ITEM('',(#17003),#10238);
#9732=STYLED_ITEM('',(#17003),#10239);
#9733=STYLED_ITEM('',(#17003),#10240);
#9734=STYLED_ITEM('',(#17003),#10241);
#9735=STYLED_ITEM('',(#17003),#10242);
#9736=STYLED_ITEM('',(#17003),#10243);
#9737=STYLED_ITEM('',(#17003),#10244);
#9738=STYLED_ITEM('',(#17003),#10245);
#9739=STYLED_ITEM('',(#17003),#10246);
#9740=STYLED_ITEM('',(#17003),#10247);
#9741=STYLED_ITEM('',(#17003),#10248);
#9742=STYLED_ITEM('',(#17003),#10249);
#9743=STYLED_ITEM('',(#17003),#10250);
#9744=STYLED_ITEM('',(#17003),#10251);
#9745=STYLED_ITEM('',(#17003),#10252);
#9746=STYLED_ITEM('',(#17003),#10253);
#9747=STYLED_ITEM('',(#17003),#10254);
#9748=STYLED_ITEM('',(#17003),#10255);
#9749=STYLED_ITEM('',(#17003),#10256);
#9750=STYLED_ITEM('',(#17003),#10257);
#9751=STYLED_ITEM('',(#17003),#10258);
#9752=STYLED_ITEM('',(#17003),#10259);
#9753=STYLED_ITEM('',(#17003),#10260);
#9754=STYLED_ITEM('',(#17003),#10261);
#9755=STYLED_ITEM('',(#17003),#10262);
#9756=STYLED_ITEM('',(#17003),#10263);
#9757=STYLED_ITEM('',(#17003),#10264);
#9758=STYLED_ITEM('',(#17003),#10265);
#9759=STYLED_ITEM('',(#17003),#10266);
#9760=STYLED_ITEM('',(#17003),#10267);
#9761=STYLED_ITEM('',(#17003),#10268);
#9762=STYLED_ITEM('',(#17003),#10269);
#9763=STYLED_ITEM('',(#17003),#10270);
#9764=STYLED_ITEM('',(#17003),#10271);
#9765=STYLED_ITEM('',(#17003),#10272);
#9766=STYLED_ITEM('',(#17003),#10273);
#9767=STYLED_ITEM('',(#17005),#10274);
#9768=STYLED_ITEM('',(#17005),#10275);
#9769=STYLED_ITEM('',(#17005),#10276);
#9770=STYLED_ITEM('',(#17005),#10277);
#9771=STYLED_ITEM('',(#17005),#10278);
#9772=STYLED_ITEM('',(#17005),#10279);
#9773=STYLED_ITEM('',(#17005),#10280);
#9774=STYLED_ITEM('',(#17005),#10281);
#9775=STYLED_ITEM('',(#17005),#10282);
#9776=STYLED_ITEM('',(#17005),#10283);
#9777=STYLED_ITEM('',(#17005),#10284);
#9778=STYLED_ITEM('',(#17005),#10285);
#9779=STYLED_ITEM('',(#17005),#10286);
#9780=STYLED_ITEM('',(#17005),#10287);
#9781=STYLED_ITEM('',(#17005),#10288);
#9782=STYLED_ITEM('',(#17005),#10289);
#9783=STYLED_ITEM('',(#17005),#10290);
#9784=STYLED_ITEM('',(#17005),#10291);
#9785=STYLED_ITEM('',(#17005),#10292);
#9786=STYLED_ITEM('',(#17005),#10293);
#9787=STYLED_ITEM('',(#17005),#10294);
#9788=STYLED_ITEM('',(#17005),#10295);
#9789=STYLED_ITEM('',(#17005),#10296);
#9790=STYLED_ITEM('',(#17005),#10297);
#9791=STYLED_ITEM('',(#17005),#10298);
#9792=STYLED_ITEM('',(#17005),#10299);
#9793=STYLED_ITEM('',(#17005),#10300);
#9794=STYLED_ITEM('',(#17005),#10301);
#9795=STYLED_ITEM('',(#17005),#10302);
#9796=STYLED_ITEM('',(#17005),#10303);
#9797=STYLED_ITEM('',(#17005),#10304);
#9798=STYLED_ITEM('',(#17005),#10305);
#9799=STYLED_ITEM('',(#17005),#10306);
#9800=STYLED_ITEM('',(#17005),#10307);
#9801=STYLED_ITEM('',(#17005),#10308);
#9802=STYLED_ITEM('',(#17005),#10309);
#9803=STYLED_ITEM('',(#17005),#10310);
#9804=STYLED_ITEM('',(#17005),#10311);
#9805=STYLED_ITEM('',(#17005),#10312);
#9806=STYLED_ITEM('',(#17005),#10313);
#9807=STYLED_ITEM('',(#17005),#10314);
#9808=STYLED_ITEM('',(#17005),#10315);
#9809=STYLED_ITEM('',(#17005),#10316);
#9810=STYLED_ITEM('',(#17005),#10317);
#9811=STYLED_ITEM('',(#17003),#10318);
#9812=STYLED_ITEM('',(#17003),#10319);
#9813=STYLED_ITEM('',(#17003),#10320);
#9814=STYLED_ITEM('',(#17003),#10321);
#9815=STYLED_ITEM('',(#17003),#10322);
#9816=STYLED_ITEM('',(#17003),#10323);
#9817=STYLED_ITEM('',(#17003),#10324);
#9818=STYLED_ITEM('',(#17003),#10325);
#9819=STYLED_ITEM('',(#17003),#10326);
#9820=STYLED_ITEM('',(#17003),#10327);
#9821=STYLED_ITEM('',(#17003),#10328);
#9822=STYLED_ITEM('',(#17003),#10329);
#9823=STYLED_ITEM('',(#17003),#10330);
#9824=STYLED_ITEM('',(#17003),#10331);
#9825=STYLED_ITEM('',(#17003),#10332);
#9826=STYLED_ITEM('',(#17003),#10333);
#9827=STYLED_ITEM('',(#17003),#10334);
#9828=STYLED_ITEM('',(#17003),#10335);
#9829=STYLED_ITEM('',(#17003),#10336);
#9830=STYLED_ITEM('',(#17003),#10337);
#9831=STYLED_ITEM('',(#17003),#10338);
#9832=STYLED_ITEM('',(#17003),#10339);
#9833=STYLED_ITEM('',(#17003),#10340);
#9834=STYLED_ITEM('',(#17003),#10341);
#9835=STYLED_ITEM('',(#17003),#10342);
#9836=STYLED_ITEM('',(#17003),#10343);
#9837=STYLED_ITEM('',(#17003),#10344);
#9838=STYLED_ITEM('',(#17003),#10345);
#9839=STYLED_ITEM('',(#17003),#10346);
#9840=STYLED_ITEM('',(#17003),#10347);
#9841=STYLED_ITEM('',(#17003),#10348);
#9842=STYLED_ITEM('',(#17003),#10349);
#9843=STYLED_ITEM('',(#17003),#10350);
#9844=STYLED_ITEM('',(#17003),#10351);
#9845=STYLED_ITEM('',(#17003),#10352);
#9846=STYLED_ITEM('',(#17003),#10353);
#9847=STYLED_ITEM('',(#17003),#10354);
#9848=STYLED_ITEM('',(#17003),#10355);
#9849=STYLED_ITEM('',(#17003),#10356);
#9850=STYLED_ITEM('',(#17003),#10357);
#9851=STYLED_ITEM('',(#17003),#10358);
#9852=STYLED_ITEM('',(#17003),#10359);
#9853=STYLED_ITEM('',(#17003),#10360);
#9854=STYLED_ITEM('',(#17003),#10361);
#9855=STYLED_ITEM('',(#17003),#10362);
#9856=STYLED_ITEM('',(#17003),#10363);
#9857=STYLED_ITEM('',(#17003),#10364);
#9858=STYLED_ITEM('',(#17003),#10365);
#9859=STYLED_ITEM('',(#17003),#10366);
#9860=STYLED_ITEM('',(#17003),#10367);
#9861=STYLED_ITEM('',(#17003),#10368);
#9862=STYLED_ITEM('',(#17003),#10369);
#9863=STYLED_ITEM('',(#17003),#10370);
#9864=STYLED_ITEM('',(#17003),#10371);
#9865=STYLED_ITEM('',(#17003),#10372);
#9866=STYLED_ITEM('',(#17003),#10373);
#9867=STYLED_ITEM('',(#17003),#10374);
#9868=STYLED_ITEM('',(#17003),#10375);
#9869=STYLED_ITEM('',(#17003),#10376);
#9870=STYLED_ITEM('',(#17003),#10377);
#9871=STYLED_ITEM('',(#17003),#10378);
#9872=STYLED_ITEM('',(#17003),#10379);
#9873=STYLED_ITEM('',(#17003),#10380);
#9874=STYLED_ITEM('',(#17003),#10381);
#9875=STYLED_ITEM('',(#17003),#10382);
#9876=STYLED_ITEM('',(#17003),#10383);
#9877=STYLED_ITEM('',(#17003),#10384);
#9878=STYLED_ITEM('',(#17003),#10385);
#9879=STYLED_ITEM('',(#17003),#10386);
#9880=STYLED_ITEM('',(#17003),#10387);
#9881=STYLED_ITEM('',(#17003),#10388);
#9882=STYLED_ITEM('',(#17003),#10389);
#9883=STYLED_ITEM('',(#17003),#10390);
#9884=STYLED_ITEM('',(#17003),#10391);
#9885=STYLED_ITEM('',(#17003),#10392);
#9886=STYLED_ITEM('',(#17003),#10393);
#9887=STYLED_ITEM('',(#17003),#10394);
#9888=STYLED_ITEM('',(#17003),#10395);
#9889=STYLED_ITEM('',(#17003),#10396);
#9890=STYLED_ITEM('',(#17003),#10397);
#9891=STYLED_ITEM('',(#17003),#10398);
#9892=STYLED_ITEM('',(#17003),#10399);
#9893=STYLED_ITEM('',(#17003),#10400);
#9894=STYLED_ITEM('',(#17003),#10401);
#9895=STYLED_ITEM('',(#17003),#10402);
#9896=STYLED_ITEM('',(#17003),#10403);
#9897=STYLED_ITEM('',(#17003),#10404);
#9898=STYLED_ITEM('',(#17003),#10405);
#9899=STYLED_ITEM('',(#17003),#10406);
#9900=STYLED_ITEM('',(#17003),#10407);
#9901=STYLED_ITEM('',(#17003),#10408);
#9902=STYLED_ITEM('',(#17003),#10409);
#9903=STYLED_ITEM('',(#17003),#10410);
#9904=STYLED_ITEM('',(#17003),#10411);
#9905=STYLED_ITEM('',(#17003),#10412);
#9906=STYLED_ITEM('',(#17003),#10413);
#9907=STYLED_ITEM('',(#17003),#10414);
#9908=STYLED_ITEM('',(#17003),#10415);
#9909=STYLED_ITEM('',(#17006),#10416);
#9910=STYLED_ITEM('',(#17006),#10417);
#9911=STYLED_ITEM('',(#17003),#10418);
#9912=STYLED_ITEM('',(#17003),#10419);
#9913=STYLED_ITEM('',(#17003),#10420);
#9914=STYLED_ITEM('',(#17003),#10421);
#9915=STYLED_ITEM('',(#17003),#10422);
#9916=STYLED_ITEM('',(#17003),#10423);
#9917=STYLED_ITEM('',(#17003),#10424);
#9918=STYLED_ITEM('',(#17003),#10425);
#9919=STYLED_ITEM('',(#17003),#10426);
#9920=STYLED_ITEM('',(#17003),#10427);
#9921=STYLED_ITEM('',(#17003),#10428);
#9922=STYLED_ITEM('',(#17003),#10429);
#9923=STYLED_ITEM('',(#17003),#10430);
#9924=STYLED_ITEM('',(#17003),#10431);
#9925=STYLED_ITEM('',(#17003),#10432);
#9926=STYLED_ITEM('',(#17003),#10433);
#9927=STYLED_ITEM('',(#17003),#10434);
#9928=STYLED_ITEM('',(#17003),#10435);
#9929=STYLED_ITEM('',(#17003),#10436);
#9930=STYLED_ITEM('',(#17003),#10437);
#9931=STYLED_ITEM('',(#17003),#10438);
#9932=STYLED_ITEM('',(#17003),#10439);
#9933=STYLED_ITEM('',(#17003),#10440);
#9934=STYLED_ITEM('',(#17003),#10441);
#9935=STYLED_ITEM('',(#17003),#10442);
#9936=STYLED_ITEM('',(#17003),#10443);
#9937=STYLED_ITEM('',(#17003),#10444);
#9938=STYLED_ITEM('',(#17003),#10445);
#9939=STYLED_ITEM('',(#17003),#10446);
#9940=STYLED_ITEM('',(#17003),#10447);
#9941=STYLED_ITEM('',(#17003),#10448);
#9942=STYLED_ITEM('',(#17003),#10449);
#9943=STYLED_ITEM('',(#17003),#10450);
#9944=STYLED_ITEM('',(#17003),#10451);
#9945=STYLED_ITEM('',(#17003),#10452);
#9946=STYLED_ITEM('',(#17003),#10453);
#9947=STYLED_ITEM('',(#17003),#10454);
#9948=STYLED_ITEM('',(#17003),#10455);
#9949=STYLED_ITEM('',(#17003),#10456);
#9950=STYLED_ITEM('',(#17003),#10457);
#9951=STYLED_ITEM('',(#17003),#10458);
#9952=STYLED_ITEM('',(#17003),#10459);
#9953=STYLED_ITEM('',(#17003),#10460);
#9954=STYLED_ITEM('',(#17003),#10461);
#9955=STYLED_ITEM('',(#17003),#10462);
#9956=STYLED_ITEM('',(#17003),#10463);
#9957=STYLED_ITEM('',(#17003),#10464);
#9958=STYLED_ITEM('',(#17003),#10465);
#9959=STYLED_ITEM('',(#17003),#10466);
#9960=STYLED_ITEM('',(#17003),#10467);
#9961=STYLED_ITEM('',(#17003),#10468);
#9962=STYLED_ITEM('',(#17003),#10469);
#9963=STYLED_ITEM('',(#17003),#10470);
#9964=STYLED_ITEM('',(#17003),#10471);
#9965=STYLED_ITEM('',(#17003),#10472);
#9966=STYLED_ITEM('',(#17003),#10473);
#9967=STYLED_ITEM('',(#17003),#10474);
#9968=STYLED_ITEM('',(#17003),#10475);
#9969=STYLED_ITEM('',(#17003),#10476);
#9970=STYLED_ITEM('',(#17003),#10477);
#9971=STYLED_ITEM('',(#17003),#10478);
#9972=STYLED_ITEM('',(#17003),#10479);
#9973=STYLED_ITEM('',(#17003),#10480);
#9974=STYLED_ITEM('',(#17003),#10481);
#9975=STYLED_ITEM('',(#17003),#10482);
#9976=STYLED_ITEM('',(#17003),#10483);
#9977=STYLED_ITEM('',(#17003),#10484);
#9978=STYLED_ITEM('',(#17003),#10485);
#9979=STYLED_ITEM('',(#17003),#10486);
#9980=STYLED_ITEM('',(#17006),#10487);
#9981=STYLED_ITEM('',(#17006),#10488);
#9982=STYLED_ITEM('',(#17006),#10489);
#9983=STYLED_ITEM('',(#17006),#10490);
#9984=STYLED_ITEM('',(#17006),#10491);
#9985=STYLED_ITEM('',(#17006),#10492);
#9986=STYLED_ITEM('',(#17006),#10493);
#9987=STYLED_ITEM('',(#17006),#10494);
#9988=STYLED_ITEM('',(#17006),#10495);
#9989=STYLED_ITEM('',(#17006),#10496);
#9990=STYLED_ITEM('',(#17006),#10497);
#9991=STYLED_ITEM('',(#17006),#10498);
#9992=STYLED_ITEM('',(#17006),#10499);
#9993=STYLED_ITEM('',(#17006),#10500);
#9994=STYLED_ITEM('',(#17006),#10501);
#9995=STYLED_ITEM('',(#17006),#10502);
#9996=STYLED_ITEM('',(#17006),#10503);
#9997=STYLED_ITEM('',(#17006),#10504);
#9998=STYLED_ITEM('',(#17006),#10505);
#9999=STYLED_ITEM('',(#17006),#10506);
#10000=STYLED_ITEM('',(#17006),#10507);
#10001=STYLED_ITEM('',(#17006),#10508);
#10002=STYLED_ITEM('',(#17006),#10509);
#10003=STYLED_ITEM('',(#17006),#10510);
#10004=STYLED_ITEM('',(#17006),#10511);
#10005=STYLED_ITEM('',(#17006),#10512);
#10006=STYLED_ITEM('',(#17006),#10513);
#10007=STYLED_ITEM('',(#17006),#10514);
#10008=STYLED_ITEM('',(#17006),#10515);
#10009=STYLED_ITEM('',(#17006),#10516);
#10010=STYLED_ITEM('',(#17006),#10517);
#10011=STYLED_ITEM('',(#17006),#10518);
#10012=STYLED_ITEM('',(#17006),#10519);
#10013=STYLED_ITEM('',(#17006),#10520);
#10014=STYLED_ITEM('',(#17006),#10521);
#10015=STYLED_ITEM('',(#17006),#10522);
#10016=STYLED_ITEM('',(#17006),#10523);
#10017=STYLED_ITEM('',(#17006),#10524);
#10018=STYLED_ITEM('',(#17006),#10525);
#10019=STYLED_ITEM('',(#17006),#10526);
#10020=STYLED_ITEM('',(#17006),#10527);
#10021=STYLED_ITEM('',(#17006),#10528);
#10022=STYLED_ITEM('',(#17006),#10529);
#10023=STYLED_ITEM('',(#17006),#10530);
#10024=STYLED_ITEM('',(#17006),#10531);
#10025=STYLED_ITEM('',(#17006),#10532);
#10026=STYLED_ITEM('',(#17006),#10533);
#10027=STYLED_ITEM('',(#17006),#10534);
#10028=STYLED_ITEM('',(#17006),#10535);
#10029=STYLED_ITEM('',(#17006),#10536);
#10030=STYLED_ITEM('',(#17006),#10537);
#10031=STYLED_ITEM('',(#17006),#10538);
#10032=STYLED_ITEM('',(#17006),#10539);
#10033=STYLED_ITEM('',(#17006),#10540);
#10034=STYLED_ITEM('',(#17006),#10541);
#10035=STYLED_ITEM('',(#17006),#10542);
#10036=STYLED_ITEM('',(#17006),#10543);
#10037=STYLED_ITEM('',(#17006),#10544);
#10038=STYLED_ITEM('',(#17006),#10545);
#10039=STYLED_ITEM('',(#17006),#10546);
#10040=STYLED_ITEM('',(#17006),#10547);
#10041=STYLED_ITEM('',(#17006),#10548);
#10042=STYLED_ITEM('',(#17002),#13);
#10043=ADVANCED_FACE('',(#516),#9477,.T.);
#10044=ADVANCED_FACE('',(#517),#9478,.T.);
#10045=ADVANCED_FACE('',(#518),#9479,.T.);
#10046=ADVANCED_FACE('',(#519),#9480,.T.);
#10047=ADVANCED_FACE('',(#520),#53,.T.);
#10048=ADVANCED_FACE('',(#521),#54,.T.);
#10049=ADVANCED_FACE('',(#522),#55,.F.);
#10050=ADVANCED_FACE('',(#523),#9481,.T.);
#10051=ADVANCED_FACE('',(#524),#56,.T.);
#10052=ADVANCED_FACE('',(#525),#57,.F.);
#10053=ADVANCED_FACE('',(#526),#9482,.T.);
#10054=ADVANCED_FACE('',(#527),#58,.F.);
#10055=ADVANCED_FACE('',(#528),#9483,.T.);
#10056=ADVANCED_FACE('',(#529),#9484,.T.);
#10057=ADVANCED_FACE('',(#530),#9485,.F.);
#10058=ADVANCED_FACE('',(#531),#44,.T.);
#10059=ADVANCED_FACE('',(#532),#9486,.T.);
#10060=ADVANCED_FACE('',(#533),#59,.F.);
#10061=ADVANCED_FACE('',(#534),#60,.T.);
#10062=ADVANCED_FACE('',(#535),#42,.T.);
#10063=ADVANCED_FACE('',(#536),#45,.T.);
#10064=ADVANCED_FACE('',(#537),#61,.T.);
#10065=ADVANCED_FACE('',(#538),#62,.T.);
#10066=ADVANCED_FACE('',(#539),#63,.T.);
#10067=ADVANCED_FACE('',(#540),#43,.F.);
#10068=ADVANCED_FACE('',(#541),#64,.T.);
#10069=ADVANCED_FACE('',(#542),#65,.T.);
#10070=ADVANCED_FACE('',(#543),#66,.T.);
#10071=ADVANCED_FACE('',(#544),#9487,.T.);
#10072=ADVANCED_FACE('',(#545),#46,.T.);
#10073=ADVANCED_FACE('',(#546),#9488,.T.);
#10074=ADVANCED_FACE('',(#547),#9489,.T.);
#10075=ADVANCED_FACE('',(#548),#9490,.T.);
#10076=ADVANCED_FACE('',(#549),#67,.T.);
#10077=ADVANCED_FACE('',(#550),#47,.T.);
#10078=ADVANCED_FACE('',(#551),#9491,.T.);
#10079=ADVANCED_FACE('',(#552),#9492,.F.);
#10080=ADVANCED_FACE('',(#553,#22,#23,#24),#68,.F.);
#10081=ADVANCED_FACE('',(#554),#69,.T.);
#10082=ADVANCED_FACE('',(#555),#70,.F.);
#10083=ADVANCED_FACE('',(#556),#71,.F.);
#10084=ADVANCED_FACE('',(#557),#72,.F.);
#10085=ADVANCED_FACE('',(#558),#73,.T.);
#10086=ADVANCED_FACE('',(#559),#48,.F.);
#10087=ADVANCED_FACE('',(#560),#9493,.F.);
#10088=ADVANCED_FACE('',(#561,#25),#74,.T.);
#10089=ADVANCED_FACE('',(#562),#9494,.T.);
#10090=ADVANCED_FACE('',(#563),#19,.T.);
#10091=ADVANCED_FACE('',(#564),#9495,.T.);
#10092=ADVANCED_FACE('',(#565),#75,.T.);
#10093=ADVANCED_FACE('',(#566),#76,.T.);
#10094=ADVANCED_FACE('',(#567),#77,.F.);
#10095=ADVANCED_FACE('',(#568),#78,.T.);
#10096=ADVANCED_FACE('',(#569),#79,.T.);
#10097=ADVANCED_FACE('',(#570),#80,.F.);
#10098=ADVANCED_FACE('',(#571),#81,.F.);
#10099=ADVANCED_FACE('',(#572),#82,.F.);
#10100=ADVANCED_FACE('',(#573),#83,.F.);
#10101=ADVANCED_FACE('',(#574),#84,.F.);
#10102=ADVANCED_FACE('',(#575),#85,.F.);
#10103=ADVANCED_FACE('',(#576),#86,.F.);
#10104=ADVANCED_FACE('',(#577),#87,.F.);
#10105=ADVANCED_FACE('',(#578),#88,.F.);
#10106=ADVANCED_FACE('',(#579),#89,.T.);
#10107=ADVANCED_FACE('',(#580),#90,.T.);
#10108=ADVANCED_FACE('',(#581),#91,.F.);
#10109=ADVANCED_FACE('',(#582),#92,.T.);
#10110=ADVANCED_FACE('',(#583),#93,.F.);
#10111=ADVANCED_FACE('',(#584),#94,.T.);
#10112=ADVANCED_FACE('',(#585),#95,.F.);
#10113=ADVANCED_FACE('',(#586),#96,.T.);
#10114=ADVANCED_FACE('',(#587),#97,.F.);
#10115=ADVANCED_FACE('',(#588),#98,.F.);
#10116=ADVANCED_FACE('',(#589),#99,.F.);
#10117=ADVANCED_FACE('',(#590),#100,.F.);
#10118=ADVANCED_FACE('',(#591),#101,.F.);
#10119=ADVANCED_FACE('',(#592),#102,.F.);
#10120=ADVANCED_FACE('',(#593),#103,.F.);
#10121=ADVANCED_FACE('',(#594),#104,.T.);
#10122=ADVANCED_FACE('',(#595),#105,.T.);
#10123=ADVANCED_FACE('',(#596),#106,.T.);
#10124=ADVANCED_FACE('',(#597),#107,.T.);
#10125=ADVANCED_FACE('',(#598),#108,.F.);
#10126=ADVANCED_FACE('',(#599),#109,.T.);
#10127=ADVANCED_FACE('',(#600),#110,.F.);
#10128=ADVANCED_FACE('',(#601),#111,.F.);
#10129=ADVANCED_FACE('',(#602),#112,.F.);
#10130=ADVANCED_FACE('',(#603),#113,.F.);
#10131=ADVANCED_FACE('',(#604),#114,.F.);
#10132=ADVANCED_FACE('',(#605),#115,.T.);
#10133=ADVANCED_FACE('',(#606),#116,.T.);
#10134=ADVANCED_FACE('',(#607),#117,.F.);
#10135=ADVANCED_FACE('',(#608),#118,.F.);
#10136=ADVANCED_FACE('',(#609),#119,.F.);
#10137=ADVANCED_FACE('',(#610),#120,.F.);
#10138=ADVANCED_FACE('',(#611),#121,.T.);
#10139=ADVANCED_FACE('',(#612),#122,.T.);
#10140=ADVANCED_FACE('',(#613),#123,.F.);
#10141=ADVANCED_FACE('',(#614),#124,.F.);
#10142=ADVANCED_FACE('',(#615),#125,.F.);
#10143=ADVANCED_FACE('',(#616),#126,.T.);
#10144=ADVANCED_FACE('',(#617),#127,.F.);
#10145=ADVANCED_FACE('',(#618),#128,.T.);
#10146=ADVANCED_FACE('',(#619),#129,.T.);
#10147=ADVANCED_FACE('',(#620),#130,.F.);
#10148=ADVANCED_FACE('',(#621),#131,.F.);
#10149=ADVANCED_FACE('',(#622),#132,.T.);
#10150=ADVANCED_FACE('',(#623),#133,.T.);
#10151=ADVANCED_FACE('',(#624),#134,.T.);
#10152=ADVANCED_FACE('',(#625),#9496,.F.);
#10153=ADVANCED_FACE('',(#626),#49,.F.);
#10154=ADVANCED_FACE('',(#627),#135,.T.);
#10155=ADVANCED_FACE('',(#628),#136,.T.);
#10156=ADVANCED_FACE('',(#629),#137,.T.);
#10157=ADVANCED_FACE('',(#630),#138,.T.);
#10158=ADVANCED_FACE('',(#631),#139,.T.);
#10159=ADVANCED_FACE('',(#632),#140,.T.);
#10160=ADVANCED_FACE('',(#633),#141,.F.);
#10161=ADVANCED_FACE('',(#634),#9497,.F.);
#10162=ADVANCED_FACE('',(#635),#142,.F.);
#10163=ADVANCED_FACE('',(#636),#143,.T.);
#10164=ADVANCED_FACE('',(#637),#144,.T.);
#10165=ADVANCED_FACE('',(#638),#145,.T.);
#10166=ADVANCED_FACE('',(#639),#146,.T.);
#10167=ADVANCED_FACE('',(#640),#147,.T.);
#10168=ADVANCED_FACE('',(#641),#148,.T.);
#10169=ADVANCED_FACE('',(#642),#9498,.F.);
#10170=ADVANCED_FACE('',(#643),#149,.T.);
#10171=ADVANCED_FACE('',(#644),#150,.F.);
#10172=ADVANCED_FACE('',(#645),#151,.T.);
#10173=ADVANCED_FACE('',(#646),#152,.F.);
#10174=ADVANCED_FACE('',(#647),#153,.F.);
#10175=ADVANCED_FACE('',(#648),#154,.F.);
#10176=ADVANCED_FACE('',(#649),#155,.F.);
#10177=ADVANCED_FACE('',(#650),#156,.F.);
#10178=ADVANCED_FACE('',(#651),#157,.F.);
#10179=ADVANCED_FACE('',(#652),#158,.T.);
#10180=ADVANCED_FACE('',(#653),#159,.T.);
#10181=ADVANCED_FACE('',(#654),#160,.T.);
#10182=ADVANCED_FACE('',(#655),#161,.T.);
#10183=ADVANCED_FACE('',(#656),#162,.T.);
#10184=ADVANCED_FACE('',(#657),#163,.T.);
#10185=ADVANCED_FACE('',(#658),#164,.T.);
#10186=ADVANCED_FACE('',(#659),#165,.T.);
#10187=ADVANCED_FACE('',(#660),#166,.F.);
#10188=ADVANCED_FACE('',(#661),#167,.T.);
#10189=ADVANCED_FACE('',(#662),#168,.T.);
#10190=ADVANCED_FACE('',(#663),#169,.F.);
#10191=ADVANCED_FACE('',(#664),#170,.T.);
#10192=ADVANCED_FACE('',(#665),#171,.T.);
#10193=ADVANCED_FACE('',(#666),#172,.T.);
#10194=ADVANCED_FACE('',(#667),#173,.F.);
#10195=ADVANCED_FACE('',(#668),#174,.F.);
#10196=ADVANCED_FACE('',(#669),#175,.F.);
#10197=ADVANCED_FACE('',(#670),#176,.F.);
#10198=ADVANCED_FACE('',(#671),#177,.F.);
#10199=ADVANCED_FACE('',(#672),#178,.F.);
#10200=ADVANCED_FACE('',(#673),#179,.T.);
#10201=ADVANCED_FACE('',(#674),#180,.F.);
#10202=ADVANCED_FACE('',(#675),#181,.F.);
#10203=ADVANCED_FACE('',(#676),#182,.F.);
#10204=ADVANCED_FACE('',(#677),#183,.F.);
#10205=ADVANCED_FACE('',(#678),#184,.F.);
#10206=ADVANCED_FACE('',(#679),#185,.F.);
#10207=ADVANCED_FACE('',(#680),#186,.F.);
#10208=ADVANCED_FACE('',(#681),#187,.F.);
#10209=ADVANCED_FACE('',(#682),#188,.F.);
#10210=ADVANCED_FACE('',(#683),#189,.F.);
#10211=ADVANCED_FACE('',(#684),#190,.T.);
#10212=ADVANCED_FACE('',(#685),#191,.T.);
#10213=ADVANCED_FACE('',(#686),#192,.T.);
#10214=ADVANCED_FACE('',(#687),#193,.T.);
#10215=ADVANCED_FACE('',(#688),#194,.T.);
#10216=ADVANCED_FACE('',(#689),#195,.T.);
#10217=ADVANCED_FACE('',(#690),#196,.T.);
#10218=ADVANCED_FACE('',(#691),#197,.T.);
#10219=ADVANCED_FACE('',(#692),#198,.T.);
#10220=ADVANCED_FACE('',(#693),#9499,.T.);
#10221=ADVANCED_FACE('',(#694),#199,.T.);
#10222=ADVANCED_FACE('',(#695),#9500,.T.);
#10223=ADVANCED_FACE('',(#696),#20,.T.);
#10224=ADVANCED_FACE('',(#697),#9501,.T.);
#10225=ADVANCED_FACE('',(#698),#200,.T.);
#10226=ADVANCED_FACE('',(#699),#201,.F.);
#10227=ADVANCED_FACE('',(#700),#202,.T.);
#10228=ADVANCED_FACE('',(#701),#203,.F.);
#10229=ADVANCED_FACE('',(#702),#204,.F.);
#10230=ADVANCED_FACE('',(#703),#205,.T.);
#10231=ADVANCED_FACE('',(#704),#206,.T.);
#10232=ADVANCED_FACE('',(#705),#207,.F.);
#10233=ADVANCED_FACE('',(#706),#208,.T.);
#10234=ADVANCED_FACE('',(#707),#209,.T.);
#10235=ADVANCED_FACE('',(#708),#210,.F.);
#10236=ADVANCED_FACE('',(#709),#211,.F.);
#10237=ADVANCED_FACE('',(#710),#212,.F.);
#10238=ADVANCED_FACE('',(#711),#213,.F.);
#10239=ADVANCED_FACE('',(#712),#214,.F.);
#10240=ADVANCED_FACE('',(#713,#26,#27),#215,.T.);
#10241=ADVANCED_FACE('',(#714),#216,.T.);
#10242=ADVANCED_FACE('',(#715),#217,.T.);
#10243=ADVANCED_FACE('',(#716),#9502,.T.);
#10244=ADVANCED_FACE('',(#717),#218,.T.);
#10245=ADVANCED_FACE('',(#718),#9503,.F.);
#10246=ADVANCED_FACE('',(#719),#219,.F.);
#10247=ADVANCED_FACE('',(#720),#220,.F.);
#10248=ADVANCED_FACE('',(#721),#9504,.T.);
#10249=ADVANCED_FACE('',(#722),#221,.F.);
#10250=ADVANCED_FACE('',(#723),#222,.T.);
#10251=ADVANCED_FACE('',(#724),#223,.T.);
#10252=ADVANCED_FACE('',(#725),#224,.T.);
#10253=ADVANCED_FACE('',(#726),#9505,.T.);
#10254=ADVANCED_FACE('',(#727),#225,.T.);
#10255=ADVANCED_FACE('',(#728),#226,.T.);
#10256=ADVANCED_FACE('',(#729),#227,.T.);
#10257=ADVANCED_FACE('',(#730),#228,.T.);
#10258=ADVANCED_FACE('',(#731),#229,.F.);
#10259=ADVANCED_FACE('',(#732),#230,.T.);
#10260=ADVANCED_FACE('',(#733),#231,.T.);
#10261=ADVANCED_FACE('',(#734),#9506,.T.);
#10262=ADVANCED_FACE('',(#735),#232,.T.);
#10263=ADVANCED_FACE('',(#736),#233,.T.);
#10264=ADVANCED_FACE('',(#737),#234,.T.);
#10265=ADVANCED_FACE('',(#738),#235,.T.);
#10266=ADVANCED_FACE('',(#739),#236,.T.);
#10267=ADVANCED_FACE('',(#740),#237,.F.);
#10268=ADVANCED_FACE('',(#741),#238,.F.);
#10269=ADVANCED_FACE('',(#742),#239,.F.);
#10270=ADVANCED_FACE('',(#743),#240,.F.);
#10271=ADVANCED_FACE('',(#744),#241,.F.);
#10272=ADVANCED_FACE('',(#745),#242,.T.);
#10273=ADVANCED_FACE('',(#746),#243,.F.);
#10274=ADVANCED_FACE('',(#747),#9507,.T.);
#10275=ADVANCED_FACE('',(#748),#9508,.T.);
#10276=ADVANCED_FACE('',(#749),#244,.T.);
#10277=ADVANCED_FACE('',(#750),#9509,.T.);
#10278=ADVANCED_FACE('',(#751),#9510,.T.);
#10279=ADVANCED_FACE('',(#752),#245,.F.);
#10280=ADVANCED_FACE('',(#753),#9511,.T.);
#10281=ADVANCED_FACE('',(#754),#246,.F.);
#10282=ADVANCED_FACE('',(#755),#9512,.F.);
#10283=ADVANCED_FACE('',(#756),#9513,.F.);
#10284=ADVANCED_FACE('',(#757),#247,.T.);
#10285=ADVANCED_FACE('',(#758),#248,.T.);
#10286=ADVANCED_FACE('',(#759),#9514,.F.);
#10287=ADVANCED_FACE('',(#760),#249,.T.);
#10288=ADVANCED_FACE('',(#761),#250,.F.);
#10289=ADVANCED_FACE('',(#762),#9515,.F.);
#10290=ADVANCED_FACE('',(#763),#251,.F.);
#10291=ADVANCED_FACE('',(#764),#9516,.F.);
#10292=ADVANCED_FACE('',(#765),#252,.F.);
#10293=ADVANCED_FACE('',(#766),#253,.T.);
#10294=ADVANCED_FACE('',(#767),#9517,.T.);
#10295=ADVANCED_FACE('',(#768),#254,.F.);
#10296=ADVANCED_FACE('',(#769),#9518,.T.);
#10297=ADVANCED_FACE('',(#770),#255,.T.);
#10298=ADVANCED_FACE('',(#771),#256,.T.);
#10299=ADVANCED_FACE('',(#772),#9519,.T.);
#10300=ADVANCED_FACE('',(#773),#257,.T.);
#10301=ADVANCED_FACE('',(#774),#9520,.T.);
#10302=ADVANCED_FACE('',(#775),#9521,.T.);
#10303=ADVANCED_FACE('',(#776),#258,.T.);
#10304=ADVANCED_FACE('',(#777),#259,.T.);
#10305=ADVANCED_FACE('',(#778),#260,.T.);
#10306=ADVANCED_FACE('',(#779),#261,.T.);
#10307=ADVANCED_FACE('',(#780),#262,.T.);
#10308=ADVANCED_FACE('',(#781),#263,.T.);
#10309=ADVANCED_FACE('',(#782),#264,.T.);
#10310=ADVANCED_FACE('',(#783),#265,.F.);
#10311=ADVANCED_FACE('',(#784),#9522,.F.);
#10312=ADVANCED_FACE('',(#785),#266,.F.);
#10313=ADVANCED_FACE('',(#786),#9523,.F.);
#10314=ADVANCED_FACE('',(#787),#267,.F.);
#10315=ADVANCED_FACE('',(#788),#268,.T.);
#10316=ADVANCED_FACE('',(#789),#9524,.T.);
#10317=ADVANCED_FACE('',(#790),#269,.F.);
#10318=ADVANCED_FACE('',(#791),#270,.F.);
#10319=ADVANCED_FACE('',(#792),#9525,.F.);
#10320=ADVANCED_FACE('',(#793),#271,.T.);
#10321=ADVANCED_FACE('',(#794),#50,.F.);
#10322=ADVANCED_FACE('',(#795),#272,.T.);
#10323=ADVANCED_FACE('',(#796),#273,.F.);
#10324=ADVANCED_FACE('',(#797),#274,.F.);
#10325=ADVANCED_FACE('',(#798),#275,.F.);
#10326=ADVANCED_FACE('',(#799),#276,.F.);
#10327=ADVANCED_FACE('',(#800),#277,.F.);
#10328=ADVANCED_FACE('',(#801),#278,.F.);
#10329=ADVANCED_FACE('',(#802),#279,.F.);
#10330=ADVANCED_FACE('',(#803),#280,.F.);
#10331=ADVANCED_FACE('',(#804),#281,.T.);
#10332=ADVANCED_FACE('',(#805),#9526,.F.);
#10333=ADVANCED_FACE('',(#806),#282,.F.);
#10334=ADVANCED_FACE('',(#807),#283,.T.);
#10335=ADVANCED_FACE('',(#808),#284,.F.);
#10336=ADVANCED_FACE('',(#809),#285,.F.);
#10337=ADVANCED_FACE('',(#810),#286,.F.);
#10338=ADVANCED_FACE('',(#811),#287,.T.);
#10339=ADVANCED_FACE('',(#812),#288,.T.);
#10340=ADVANCED_FACE('',(#813),#289,.T.);
#10341=ADVANCED_FACE('',(#814),#290,.T.);
#10342=ADVANCED_FACE('',(#815),#291,.F.);
#10343=ADVANCED_FACE('',(#816),#292,.T.);
#10344=ADVANCED_FACE('',(#817),#9527,.T.);
#10345=ADVANCED_FACE('',(#818),#293,.T.);
#10346=ADVANCED_FACE('',(#819),#294,.F.);
#10347=ADVANCED_FACE('',(#820),#295,.F.);
#10348=ADVANCED_FACE('',(#821),#296,.F.);
#10349=ADVANCED_FACE('',(#822),#297,.F.);
#10350=ADVANCED_FACE('',(#823),#298,.F.);
#10351=ADVANCED_FACE('',(#824),#299,.T.);
#10352=ADVANCED_FACE('',(#825),#300,.F.);
#10353=ADVANCED_FACE('',(#826),#9528,.F.);
#10354=ADVANCED_FACE('',(#827),#301,.F.);
#10355=ADVANCED_FACE('',(#828),#302,.F.);
#10356=ADVANCED_FACE('',(#829),#303,.T.);
#10357=ADVANCED_FACE('',(#830),#304,.T.);
#10358=ADVANCED_FACE('',(#831),#305,.F.);
#10359=ADVANCED_FACE('',(#832),#306,.T.);
#10360=ADVANCED_FACE('',(#833),#51,.F.);
#10361=ADVANCED_FACE('',(#834),#307,.T.);
#10362=ADVANCED_FACE('',(#835),#308,.T.);
#10363=ADVANCED_FACE('',(#836),#309,.F.);
#10364=ADVANCED_FACE('',(#837),#310,.F.);
#10365=ADVANCED_FACE('',(#838),#311,.F.);
#10366=ADVANCED_FACE('',(#839),#312,.F.);
#10367=ADVANCED_FACE('',(#840),#313,.F.);
#10368=ADVANCED_FACE('',(#841),#314,.F.);
#10369=ADVANCED_FACE('',(#842),#315,.T.);
#10370=ADVANCED_FACE('',(#843),#316,.F.);
#10371=ADVANCED_FACE('',(#844),#317,.F.);
#10372=ADVANCED_FACE('',(#845),#318,.T.);
#10373=ADVANCED_FACE('',(#846),#319,.T.);
#10374=ADVANCED_FACE('',(#847),#320,.F.);
#10375=ADVANCED_FACE('',(#848),#321,.F.);
#10376=ADVANCED_FACE('',(#849),#322,.F.);
#10377=ADVANCED_FACE('',(#850),#323,.F.);
#10378=ADVANCED_FACE('',(#851),#324,.F.);
#10379=ADVANCED_FACE('',(#852),#325,.F.);
#10380=ADVANCED_FACE('',(#853),#326,.F.);
#10381=ADVANCED_FACE('',(#854),#327,.F.);
#10382=ADVANCED_FACE('',(#855),#328,.F.);
#10383=ADVANCED_FACE('',(#856),#329,.F.);
#10384=ADVANCED_FACE('',(#857),#330,.T.);
#10385=ADVANCED_FACE('',(#858),#331,.F.);
#10386=ADVANCED_FACE('',(#859),#332,.F.);
#10387=ADVANCED_FACE('',(#860),#333,.F.);
#10388=ADVANCED_FACE('',(#861),#334,.F.);
#10389=ADVANCED_FACE('',(#862),#335,.T.);
#10390=ADVANCED_FACE('',(#863),#336,.F.);
#10391=ADVANCED_FACE('',(#864),#337,.T.);
#10392=ADVANCED_FACE('',(#865),#338,.T.);
#10393=ADVANCED_FACE('',(#866),#9529,.T.);
#10394=ADVANCED_FACE('',(#867),#339,.T.);
#10395=ADVANCED_FACE('',(#868),#340,.F.);
#10396=ADVANCED_FACE('',(#869),#341,.F.);
#10397=ADVANCED_FACE('',(#870),#342,.F.);
#10398=ADVANCED_FACE('',(#871),#343,.F.);
#10399=ADVANCED_FACE('',(#872),#9530,.F.);
#10400=ADVANCED_FACE('',(#873),#344,.F.);
#10401=ADVANCED_FACE('',(#874),#345,.F.);
#10402=ADVANCED_FACE('',(#875),#346,.T.);
#10403=ADVANCED_FACE('',(#876),#347,.F.);
#10404=ADVANCED_FACE('',(#877),#348,.T.);
#10405=ADVANCED_FACE('',(#878,#28),#349,.F.);
#10406=ADVANCED_FACE('',(#879),#350,.F.);
#10407=ADVANCED_FACE('',(#880),#351,.F.);
#10408=ADVANCED_FACE('',(#881),#352,.F.);
#10409=ADVANCED_FACE('',(#882),#353,.T.);
#10410=ADVANCED_FACE('',(#883),#354,.T.);
#10411=ADVANCED_FACE('',(#884),#355,.T.);
#10412=ADVANCED_FACE('',(#885),#356,.F.);
#10413=ADVANCED_FACE('',(#886),#357,.F.);
#10414=ADVANCED_FACE('',(#887),#358,.F.);
#10415=ADVANCED_FACE('',(#888),#359,.F.);
#10416=ADVANCED_FACE('',(#889),#360,.T.);
#10417=ADVANCED_FACE('',(#890),#361,.T.);
#10418=ADVANCED_FACE('',(#891),#362,.T.);
#10419=ADVANCED_FACE('',(#892),#363,.T.);
#10420=ADVANCED_FACE('',(#893),#364,.F.);
#10421=ADVANCED_FACE('',(#894),#365,.T.);
#10422=ADVANCED_FACE('',(#895),#366,.T.);
#10423=ADVANCED_FACE('',(#896),#367,.T.);
#10424=ADVANCED_FACE('',(#897),#368,.T.);
#10425=ADVANCED_FACE('',(#898),#369,.T.);
#10426=ADVANCED_FACE('',(#899),#370,.T.);
#10427=ADVANCED_FACE('',(#900),#371,.T.);
#10428=ADVANCED_FACE('',(#901),#372,.T.);
#10429=ADVANCED_FACE('',(#902),#373,.T.);
#10430=ADVANCED_FACE('',(#903),#374,.F.);
#10431=ADVANCED_FACE('',(#904),#375,.F.);
#10432=ADVANCED_FACE('',(#905),#376,.F.);
#10433=ADVANCED_FACE('',(#906),#377,.F.);
#10434=ADVANCED_FACE('',(#907),#378,.F.);
#10435=ADVANCED_FACE('',(#908),#9531,.F.);
#10436=ADVANCED_FACE('',(#909),#379,.T.);
#10437=ADVANCED_FACE('',(#910),#380,.T.);
#10438=ADVANCED_FACE('',(#911),#9532,.F.);
#10439=ADVANCED_FACE('',(#912),#9533,.T.);
#10440=ADVANCED_FACE('',(#913),#381,.F.);
#10441=ADVANCED_FACE('',(#914),#382,.F.);
#10442=ADVANCED_FACE('',(#915),#383,.F.);
#10443=ADVANCED_FACE('',(#916),#384,.F.);
#10444=ADVANCED_FACE('',(#917),#385,.F.);
#10445=ADVANCED_FACE('',(#918),#386,.F.);
#10446=ADVANCED_FACE('',(#919),#387,.F.);
#10447=ADVANCED_FACE('',(#920),#388,.F.);
#10448=ADVANCED_FACE('',(#921),#389,.F.);
#10449=ADVANCED_FACE('',(#922),#390,.F.);
#10450=ADVANCED_FACE('',(#923,#29),#391,.T.);
#10451=ADVANCED_FACE('',(#924),#392,.F.);
#10452=ADVANCED_FACE('',(#925),#393,.F.);
#10453=ADVANCED_FACE('',(#926),#9534,.F.);
#10454=ADVANCED_FACE('',(#927),#394,.T.);
#10455=ADVANCED_FACE('',(#928),#395,.T.);
#10456=ADVANCED_FACE('',(#929),#9535,.F.);
#10457=ADVANCED_FACE('',(#930,#30,#31,#32,#33,#34),#396,.T.);
#10458=ADVANCED_FACE('',(#931),#397,.F.);
#10459=ADVANCED_FACE('',(#932),#398,.T.);
#10460=ADVANCED_FACE('',(#933),#399,.F.);
#10461=ADVANCED_FACE('',(#934),#400,.F.);
#10462=ADVANCED_FACE('',(#935),#401,.F.);
#10463=ADVANCED_FACE('',(#936),#402,.F.);
#10464=ADVANCED_FACE('',(#937),#403,.F.);
#10465=ADVANCED_FACE('',(#938),#404,.F.);
#10466=ADVANCED_FACE('',(#939),#405,.F.);
#10467=ADVANCED_FACE('',(#940,#35),#406,.T.);
#10468=ADVANCED_FACE('',(#941),#407,.F.);
#10469=ADVANCED_FACE('',(#942),#408,.F.);
#10470=ADVANCED_FACE('',(#943),#409,.F.);
#10471=ADVANCED_FACE('',(#944),#410,.F.);
#10472=ADVANCED_FACE('',(#945),#411,.T.);
#10473=ADVANCED_FACE('',(#946,#36,#37,#38),#412,.T.);
#10474=ADVANCED_FACE('',(#947),#413,.T.);
#10475=ADVANCED_FACE('',(#948),#414,.T.);
#10476=ADVANCED_FACE('',(#949),#415,.T.);
#10477=ADVANCED_FACE('',(#950),#416,.T.);
#10478=ADVANCED_FACE('',(#951),#417,.F.);
#10479=ADVANCED_FACE('',(#952),#418,.F.);
#10480=ADVANCED_FACE('',(#953),#419,.T.);
#10481=ADVANCED_FACE('',(#954),#420,.T.);
#10482=ADVANCED_FACE('',(#955),#421,.T.);
#10483=ADVANCED_FACE('',(#956),#422,.T.);
#10484=ADVANCED_FACE('',(#957),#423,.T.);
#10485=ADVANCED_FACE('',(#958),#424,.T.);
#10486=ADVANCED_FACE('',(#959),#425,.T.);
#10487=ADVANCED_FACE('',(#960),#426,.T.);
#10488=ADVANCED_FACE('',(#961),#427,.F.);
#10489=ADVANCED_FACE('',(#962),#428,.F.);
#10490=ADVANCED_FACE('',(#963),#429,.F.);
#10491=ADVANCED_FACE('',(#964),#430,.T.);
#10492=ADVANCED_FACE('',(#965),#431,.T.);
#10493=ADVANCED_FACE('',(#966),#432,.F.);
#10494=ADVANCED_FACE('',(#967),#433,.F.);
#10495=ADVANCED_FACE('',(#968),#434,.T.);
#10496=ADVANCED_FACE('',(#969),#435,.F.);
#10497=ADVANCED_FACE('',(#970),#436,.F.);
#10498=ADVANCED_FACE('',(#971),#437,.T.);
#10499=ADVANCED_FACE('',(#972),#438,.F.);
#10500=ADVANCED_FACE('',(#973),#439,.F.);
#10501=ADVANCED_FACE('',(#974),#440,.F.);
#10502=ADVANCED_FACE('',(#975),#441,.F.);
#10503=ADVANCED_FACE('',(#976),#442,.F.);
#10504=ADVANCED_FACE('',(#977),#443,.T.);
#10505=ADVANCED_FACE('',(#978),#21,.T.);
#10506=ADVANCED_FACE('',(#979,#39),#444,.T.);
#10507=ADVANCED_FACE('',(#980),#52,.F.);
#10508=ADVANCED_FACE('',(#981),#445,.T.);
#10509=ADVANCED_FACE('',(#982,#40),#446,.T.);
#10510=ADVANCED_FACE('',(#983),#447,.F.);
#10511=ADVANCED_FACE('',(#984,#41),#448,.T.);
#10512=ADVANCED_FACE('',(#985),#449,.F.);
#10513=ADVANCED_FACE('',(#986),#450,.F.);
#10514=ADVANCED_FACE('',(#987),#451,.T.);
#10515=ADVANCED_FACE('',(#988),#452,.F.);
#10516=ADVANCED_FACE('',(#989),#453,.F.);
#10517=ADVANCED_FACE('',(#990),#454,.F.);
#10518=ADVANCED_FACE('',(#991),#455,.F.);
#10519=ADVANCED_FACE('',(#992),#456,.F.);
#10520=ADVANCED_FACE('',(#993),#457,.T.);
#10521=ADVANCED_FACE('',(#994),#458,.F.);
#10522=ADVANCED_FACE('',(#995),#459,.F.);
#10523=ADVANCED_FACE('',(#996),#460,.F.);
#10524=ADVANCED_FACE('',(#997),#461,.F.);
#10525=ADVANCED_FACE('',(#998),#462,.T.);
#10526=ADVANCED_FACE('',(#999),#463,.T.);
#10527=ADVANCED_FACE('',(#1000),#464,.F.);
#10528=ADVANCED_FACE('',(#1001),#465,.F.);
#10529=ADVANCED_FACE('',(#1002),#466,.F.);
#10530=ADVANCED_FACE('',(#1003),#467,.T.);
#10531=ADVANCED_FACE('',(#1004),#468,.T.);
#10532=ADVANCED_FACE('',(#1005),#469,.F.);
#10533=ADVANCED_FACE('',(#1006),#470,.F.);
#10534=ADVANCED_FACE('',(#1007),#471,.F.);
#10535=ADVANCED_FACE('',(#1008),#472,.F.);
#10536=ADVANCED_FACE('',(#1009),#473,.F.);
#10537=ADVANCED_FACE('',(#1010),#474,.T.);
#10538=ADVANCED_FACE('',(#1011),#475,.F.);
#10539=ADVANCED_FACE('',(#1012),#476,.F.);
#10540=ADVANCED_FACE('',(#1013),#477,.F.);
#10541=ADVANCED_FACE('',(#1014),#478,.F.);
#10542=ADVANCED_FACE('',(#1015),#479,.F.);
#10543=ADVANCED_FACE('',(#1016),#480,.T.);
#10544=ADVANCED_FACE('',(#1017),#481,.T.);
#10545=ADVANCED_FACE('',(#1018),#482,.T.);
#10546=ADVANCED_FACE('',(#1019),#483,.F.);
#10547=ADVANCED_FACE('',(#1020),#484,.F.);
#10548=ADVANCED_FACE('',(#1021),#485,.T.);
#10549=CLOSED_SHELL('',(#10043,#10044,#10045,#10046,#10047,#10048,#10049,
#10050,#10051,#10052,#10053,#10054,#10055,#10056,#10057,#10058,#10059,#10060,
#10061,#10062,#10063,#10064,#10065,#10066,#10067,#10068,#10069,#10070,#10071,
#10072,#10073,#10074,#10075,#10076,#10077,#10078,#10079,#10080,#10081,#10082,
#10083,#10084,#10085,#10086,#10087,#10088,#10089,#10090,#10091,#10092,#10093,
#10094,#10095,#10096,#10097,#10098,#10099,#10100,#10101,#10102,#10103,#10104,
#10105,#10106,#10107,#10108,#10109,#10110,#10111,#10112,#10113,#10114,#10115,
#10116,#10117,#10118,#10119,#10120,#10121,#10122,#10123,#10124,#10125,#10126,
#10127,#10128,#10129,#10130,#10131,#10132,#10133,#10134,#10135,#10136,#10137,
#10138,#10139,#10140,#10141,#10142,#10143,#10144,#10145,#10146,#10147,#10148,
#10149,#10150,#10151,#10152,#10153,#10154,#10155,#10156,#10157,#10158,#10159,
#10160,#10161,#10162,#10163,#10164,#10165,#10166,#10167,#10168,#10169,#10170,
#10171,#10172,#10173,#10174,#10175,#10176,#10177,#10178,#10179,#10180,#10181,
#10182,#10183,#10184,#10185,#10186,#10187,#10188,#10189,#10190,#10191,#10192,
#10193,#10194,#10195,#10196,#10197,#10198,#10199,#10200,#10201,#10202,#10203,
#10204,#10205,#10206,#10207,#10208,#10209,#10210,#10211,#10212,#10213,#10214,
#10215,#10216,#10217,#10218,#10219,#10220,#10221,#10222,#10223,#10224,#10225,
#10226,#10227,#10228,#10229,#10230,#10231,#10232,#10233,#10234,#10235,#10236,
#10237,#10238,#10239,#10240,#10241,#10242,#10243,#10244,#10245,#10246,#10247,
#10248,#10249,#10250,#10251,#10252,#10253,#10254,#10255,#10256,#10257,#10258,
#10259,#10260,#10261,#10262,#10263,#10264,#10265,#10266,#10267,#10268,#10269,
#10270,#10271,#10272,#10273,#10274,#10275,#10276,#10277,#10278,#10279,#10280,
#10281,#10282,#10283,#10284,#10285,#10286,#10287,#10288,#10289,#10290,#10291,
#10292,#10293,#10294,#10295,#10296,#10297,#10298,#10299,#10300,#10301,#10302,
#10303,#10304,#10305,#10306,#10307,#10308,#10309,#10310,#10311,#10312,#10313,
#10314,#10315,#10316,#10317,#10318,#10319,#10320,#10321,#10322,#10323,#10324,
#10325,#10326,#10327,#10328,#10329,#10330,#10331,#10332,#10333,#10334,#10335,
#10336,#10337,#10338,#10339,#10340,#10341,#10342,#10343,#10344,#10345,#10346,
#10347,#10348,#10349,#10350,#10351,#10352,#10353,#10354,#10355,#10356,#10357,
#10358,#10359,#10360,#10361,#10362,#10363,#10364,#10365,#10366,#10367,#10368,
#10369,#10370,#10371,#10372,#10373,#10374,#10375,#10376,#10377,#10378,#10379,
#10380,#10381,#10382,#10383,#10384,#10385,#10386,#10387,#10388,#10389,#10390,
#10391,#10392,#10393,#10394,#10395,#10396,#10397,#10398,#10399,#10400,#10401,
#10402,#10403,#10404,#10405,#10406,#10407,#10408,#10409,#10410,#10411,#10412,
#10413,#10414,#10415,#10416,#10417,#10418,#10419,#10420,#10421,#10422,#10423,
#10424,#10425,#10426,#10427,#10428,#10429,#10430,#10431,#10432,#10433,#10434,
#10435,#10436,#10437,#10438,#10439,#10440,#10441,#10442,#10443,#10444,#10445,
#10446,#10447,#10448,#10449,#10450,#10451,#10452,#10453,#10454,#10455,#10456,
#10457,#10458,#10459,#10460,#10461,#10462,#10463,#10464,#10465,#10466,#10467,
#10468,#10469,#10470,#10471,#10472,#10473,#10474,#10475,#10476,#10477,#10478,
#10479,#10480,#10481,#10482,#10483,#10484,#10485,#10486,#10487,#10488,#10489,
#10490,#10491,#10492,#10493,#10494,#10495,#10496,#10497,#10498,#10499,#10500,
#10501,#10502,#10503,#10504,#10505,#10506,#10507,#10508,#10509,#10510,#10511,
#10512,#10513,#10514,#10515,#10516,#10517,#10518,#10519,#10520,#10521,#10522,
#10523,#10524,#10525,#10526,#10527,#10528,#10529,#10530,#10531,#10532,#10533,
#10534,#10535,#10536,#10537,#10538,#10539,#10540,#10541,#10542,#10543,#10544,
#10545,#10546,#10547,#10548));
#10550=DERIVED_UNIT_ELEMENT(#10553,1.);
#10551=DERIVED_UNIT_ELEMENT(#16988,-3.);
#10552=DIMENSIONAL_EXPONENTS(0.,1.,0.,0.,0.,0.,0.);
#10553=(
CONVERSION_BASED_UNIT('gram',#10555)
MASS_UNIT()
NAMED_UNIT(#10552)
);
#10554=(
MASS_UNIT()
NAMED_UNIT(*)
SI_UNIT(.KILO.,.GRAM.)
);
#10555=MASS_MEASURE_WITH_UNIT(MASS_MEASURE(0.001),#10554);
#10556=DERIVED_UNIT((#10550,#10551));
#10557=MEASURE_REPRESENTATION_ITEM('density measure',
POSITIVE_RATIO_MEASURE(1.),#10556);
#10558=PROPERTY_DEFINITION_REPRESENTATION(#10563,#10560);
#10559=PROPERTY_DEFINITION_REPRESENTATION(#10564,#10561);
#10560=REPRESENTATION('material name',(#10562),#16985);
#10561=REPRESENTATION('density',(#10557),#16985);
#10562=DESCRIPTIVE_REPRESENTATION_ITEM('Generic','Generic');
#10563=PROPERTY_DEFINITION('material property','material name',#16995);
#10564=PROPERTY_DEFINITION('material property','density of part',#16995);
#10565=DATE_TIME_ROLE('creation_date');
#10566=APPLIED_DATE_AND_TIME_ASSIGNMENT(#10567,#10565,(#16995));
#10567=DATE_AND_TIME(#10568,#10569);
#10568=CALENDAR_DATE(2024,19,11);
#10569=LOCAL_TIME(0,0,0.,#10570);
#10570=COORDINATED_UNIVERSAL_TIME_OFFSET(0,0,.BEHIND.);
#10571=AXIS2_PLACEMENT_3D('',#13774,#11215,#11216);
#10572=AXIS2_PLACEMENT_3D('',#13775,#11217,#11218);
#10573=AXIS2_PLACEMENT_3D('',#13780,#11220,#11221);
#10574=AXIS2_PLACEMENT_3D('',#13784,#11223,#11224);
#10575=AXIS2_PLACEMENT_3D('',#13787,#11226,#11227);
#10576=AXIS2_PLACEMENT_3D('',#13788,#11228,#11229);
#10577=AXIS2_PLACEMENT_3D('',#13793,#11231,#11232);
#10578=AXIS2_PLACEMENT_3D('',#13797,#11234,#11235);
#10579=AXIS2_PLACEMENT_3D('',#13800,#11237,#11238);
#10580=AXIS2_PLACEMENT_3D('',#13801,#11239,#11240);
#10581=AXIS2_PLACEMENT_3D('',#13822,#11245,#11246);
#10582=AXIS2_PLACEMENT_3D('',#13823,#11247,#11248);
#10583=AXIS2_PLACEMENT_3D('',#13828,#11251,#11252);
#10584=AXIS2_PLACEMENT_3D('',#13845,#11255,#11256);
#10585=AXIS2_PLACEMENT_3D('',#13854,#11261,#11262);
#10586=AXIS2_PLACEMENT_3D('',#13863,#11267,#11268);
#10587=AXIS2_PLACEMENT_3D('',#13872,#11273,#11274);
#10588=AXIS2_PLACEMENT_3D('',#13877,#11276,#11277);
#10589=AXIS2_PLACEMENT_3D('',#13880,#11279,#11280);
#10590=AXIS2_PLACEMENT_3D('',#13881,#11281,#11282);
#10591=AXIS2_PLACEMENT_3D('',#13908,#11289,#11290);
#10592=AXIS2_PLACEMENT_3D('',#13915,#11293,#11294);
#10593=AXIS2_PLACEMENT_3D('',#13941,#11299,#11300);
#10594=AXIS2_PLACEMENT_3D('',#13948,#11301,#11302);
#10595=AXIS2_PLACEMENT_3D('',#13949,#11303,#11304);
#10596=AXIS2_PLACEMENT_3D('',#13971,#11309,#11310);
#10597=AXIS2_PLACEMENT_3D('',#13982,#11313,#11314);
#10598=AXIS2_PLACEMENT_3D('',#13983,#11315,#11316);
#10599=AXIS2_PLACEMENT_3D('',#13984,#11317,#11318);
#10600=AXIS2_PLACEMENT_3D('',#13985,#11319,#11320);
#10601=AXIS2_PLACEMENT_3D('',#13986,#11321,#11322);
#10602=AXIS2_PLACEMENT_3D('',#14006,#11323,#11324);
#10603=AXIS2_PLACEMENT_3D('',#14008,#11326,#11327);
#10604=AXIS2_PLACEMENT_3D('',#14009,#11328,#11329);
#10605=AXIS2_PLACEMENT_3D('',#14010,#11330,#11331);
#10606=AXIS2_PLACEMENT_3D('',#14029,#11332,#11333);
#10607=AXIS2_PLACEMENT_3D('',#14031,#11335,#11336);
#10608=AXIS2_PLACEMENT_3D('',#14082,#11337,#11338);
#10609=AXIS2_PLACEMENT_3D('',#14083,#11339,#11340);
#10610=AXIS2_PLACEMENT_3D('',#14084,#11341,#11342);
#10611=AXIS2_PLACEMENT_3D('',#14085,#11343,#11344);
#10612=AXIS2_PLACEMENT_3D('',#14107,#11348,#11349);
#10613=AXIS2_PLACEMENT_3D('',#14111,#11351,#11352);
#10614=AXIS2_PLACEMENT_3D('',#14180,#11353,#11354);
#10615=AXIS2_PLACEMENT_3D('',#14201,#11359,#11360);
#10616=AXIS2_PLACEMENT_3D('',#14203,#11362,#11363);
#10617=AXIS2_PLACEMENT_3D('',#14207,#11366,#11367);
#10618=AXIS2_PLACEMENT_3D('',#14209,#11368,#11369);
#10619=AXIS2_PLACEMENT_3D('',#14228,#11374,#11375);
#10620=AXIS2_PLACEMENT_3D('',#14229,#11376,#11377);
#10621=AXIS2_PLACEMENT_3D('',#14230,#11378,#11379);
#10622=AXIS2_PLACEMENT_3D('',#14231,#11380,#11381);
#10623=AXIS2_PLACEMENT_3D('',#14232,#11382,#11383);
#10624=AXIS2_PLACEMENT_3D('',#14242,#11385,#11386);
#10625=AXIS2_PLACEMENT_3D('',#14243,#11387,#11388);
#10626=AXIS2_PLACEMENT_3D('',#14244,#11389,#11390);
#10627=AXIS2_PLACEMENT_3D('',#14245,#11391,#11392);
#10628=AXIS2_PLACEMENT_3D('',#14247,#11393,#11394);
#10629=AXIS2_PLACEMENT_3D('',#14269,#11396,#11397);
#10630=AXIS2_PLACEMENT_3D('',#14293,#11403,#11404);
#10631=AXIS2_PLACEMENT_3D('',#14294,#11405,#11406);
#10632=AXIS2_PLACEMENT_3D('',#14295,#11407,#11408);
#10633=AXIS2_PLACEMENT_3D('',#14296,#11409,#11410);
#10634=AXIS2_PLACEMENT_3D('',#14297,#11411,#11412);
#10635=AXIS2_PLACEMENT_3D('',#14298,#11413,#11414);
#10636=AXIS2_PLACEMENT_3D('',#14305,#11417,#11418);
#10637=AXIS2_PLACEMENT_3D('',#14309,#11420,#11421);
#10638=AXIS2_PLACEMENT_3D('',#14324,#11429,#11430);
#10639=AXIS2_PLACEMENT_3D('',#14333,#11435,#11436);
#10640=AXIS2_PLACEMENT_3D('',#14339,#11440,#11441);
#10641=AXIS2_PLACEMENT_3D('',#14343,#11444,#11445);
#10642=AXIS2_PLACEMENT_3D('',#14347,#11448,#11449);
#10643=AXIS2_PLACEMENT_3D('',#14349,#11451,#11452);
#10644=AXIS2_PLACEMENT_3D('',#14350,#11453,#11454);
#10645=AXIS2_PLACEMENT_3D('',#14352,#11455,#11456);
#10646=AXIS2_PLACEMENT_3D('',#14354,#11458,#11459);
#10647=AXIS2_PLACEMENT_3D('',#14356,#11460,#11461);
#10648=AXIS2_PLACEMENT_3D('',#14358,#11463,#11464);
#10649=AXIS2_PLACEMENT_3D('',#14367,#11469,#11470);
#10650=AXIS2_PLACEMENT_3D('',#14369,#11471,#11472);
#10651=AXIS2_PLACEMENT_3D('',#14372,#11474,#11475);
#10652=AXIS2_PLACEMENT_3D('',#14373,#11476,#11477);
#10653=AXIS2_PLACEMENT_3D('',#14375,#11478,#11479);
#10654=AXIS2_PLACEMENT_3D('',#14376,#11480,#11481);
#10655=AXIS2_PLACEMENT_3D('',#14377,#11482,#11483);
#10656=AXIS2_PLACEMENT_3D('',#14382,#11487,#11488);
#10657=AXIS2_PLACEMENT_3D('',#14386,#11491,#11492);
#10658=AXIS2_PLACEMENT_3D('',#14400,#11500,#11501);
#10659=AXIS2_PLACEMENT_3D('',#14414,#11509,#11510);
#10660=AXIS2_PLACEMENT_3D('',#14420,#11514,#11515);
#10661=AXIS2_PLACEMENT_3D('',#14426,#11519,#11520);
#10662=AXIS2_PLACEMENT_3D('',#14432,#11524,#11525);
#10663=AXIS2_PLACEMENT_3D('',#14438,#11529,#11530);
#10664=AXIS2_PLACEMENT_3D('',#14458,#11541,#11542);
#10665=AXIS2_PLACEMENT_3D('',#14485,#11556,#11557);
#10666=AXIS2_PLACEMENT_3D('',#14490,#11561,#11562);
#10667=AXIS2_PLACEMENT_3D('',#14494,#11565,#11566);
#10668=AXIS2_PLACEMENT_3D('',#14510,#11575,#11576);
#10669=AXIS2_PLACEMENT_3D('',#14537,#11590,#11591);
#10670=AXIS2_PLACEMENT_3D('',#14539,#11593,#11594);
#10671=AXIS2_PLACEMENT_3D('',#14550,#11601,#11602);
#10672=AXIS2_PLACEMENT_3D('',#14560,#11608,#11609);
#10673=AXIS2_PLACEMENT_3D('',#14588,#11625,#11626);
#10674=AXIS2_PLACEMENT_3D('',#14613,#11641,#11642);
#10675=AXIS2_PLACEMENT_3D('',#14615,#11644,#11645);
#10676=AXIS2_PLACEMENT_3D('',#14617,#11647,#11648);
#10677=AXIS2_PLACEMENT_3D('',#14619,#11650,#11651);
#10678=AXIS2_PLACEMENT_3D('',#14621,#11653,#11654);
#10679=AXIS2_PLACEMENT_3D('',#14623,#11656,#11657);
#10680=AXIS2_PLACEMENT_3D('',#14625,#11659,#11660);
#10681=AXIS2_PLACEMENT_3D('',#14638,#11667,#11668);
#10682=AXIS2_PLACEMENT_3D('',#14651,#11675,#11676);
#10683=AXIS2_PLACEMENT_3D('',#14663,#11683,#11684);
#10684=AXIS2_PLACEMENT_3D('',#14679,#11693,#11694);
#10685=AXIS2_PLACEMENT_3D('',#14685,#11698,#11699);
#10686=AXIS2_PLACEMENT_3D('',#14689,#11702,#11703);
#10687=AXIS2_PLACEMENT_3D('',#14693,#11706,#11707);
#10688=AXIS2_PLACEMENT_3D('',#14731,#11727,#11728);
#10689=AXIS2_PLACEMENT_3D('',#14734,#11731,#11732);
#10690=AXIS2_PLACEMENT_3D('',#14735,#11733,#11734);
#10691=AXIS2_PLACEMENT_3D('',#14745,#11742,#11743);
#10692=AXIS2_PLACEMENT_3D('',#14753,#11748,#11749);
#10693=AXIS2_PLACEMENT_3D('',#14757,#11752,#11753);
#10694=AXIS2_PLACEMENT_3D('',#14763,#11757,#11758);
#10695=AXIS2_PLACEMENT_3D('',#14773,#11764,#11765);
#10696=AXIS2_PLACEMENT_3D('',#14775,#11767,#11768);
#10697=AXIS2_PLACEMENT_3D('',#14781,#11772,#11773);
#10698=AXIS2_PLACEMENT_3D('',#14784,#11776,#11777);
#10699=AXIS2_PLACEMENT_3D('',#14785,#11778,#11779);
#10700=AXIS2_PLACEMENT_3D('',#14787,#11781,#11782);
#10701=AXIS2_PLACEMENT_3D('',#14798,#11789,#11790);
#10702=AXIS2_PLACEMENT_3D('',#14803,#11794,#11795);
#10703=AXIS2_PLACEMENT_3D('',#14805,#11797,#11798);
#10704=AXIS2_PLACEMENT_3D('',#14806,#11799,#11800);
#10705=AXIS2_PLACEMENT_3D('',#14812,#11804,#11805);
#10706=AXIS2_PLACEMENT_3D('',#14816,#11808,#11809);
#10707=AXIS2_PLACEMENT_3D('',#14824,#11814,#11815);
#10708=AXIS2_PLACEMENT_3D('',#14845,#11827,#11828);
#10709=AXIS2_PLACEMENT_3D('',#14847,#11830,#11831);
#10710=AXIS2_PLACEMENT_3D('',#14849,#11833,#11834);
#10711=AXIS2_PLACEMENT_3D('',#14850,#11835,#11836);
#10712=AXIS2_PLACEMENT_3D('',#14856,#11840,#11841);
#10713=AXIS2_PLACEMENT_3D('',#14863,#11846,#11847);
#10714=AXIS2_PLACEMENT_3D('',#14875,#11854,#11855);
#10715=AXIS2_PLACEMENT_3D('',#14887,#11862,#11863);
#10716=AXIS2_PLACEMENT_3D('',#14890,#11866,#11867);
#10717=AXIS2_PLACEMENT_3D('',#14893,#11868,#11869);
#10718=AXIS2_PLACEMENT_3D('',#14897,#11871,#11872);
#10719=AXIS2_PLACEMENT_3D('',#14900,#11874,#11875);
#10720=AXIS2_PLACEMENT_3D('',#14903,#11877,#11878);
#10721=AXIS2_PLACEMENT_3D('',#14904,#11879,#11880);
#10722=AXIS2_PLACEMENT_3D('',#14917,#11881,#11882);
#10723=AXIS2_PLACEMENT_3D('',#14923,#11883,#11884);
#10724=AXIS2_PLACEMENT_3D('',#14934,#11885,#11886);
#10725=AXIS2_PLACEMENT_3D('',#14940,#11890,#11891);
#10726=AXIS2_PLACEMENT_3D('',#14946,#11895,#11896);
#10727=AXIS2_PLACEMENT_3D('',#14952,#11900,#11901);
#10728=AXIS2_PLACEMENT_3D('',#14956,#11904,#11905);
#10729=AXIS2_PLACEMENT_3D('',#14960,#11908,#11909);
#10730=AXIS2_PLACEMENT_3D('',#14983,#11921,#11922);
#10731=AXIS2_PLACEMENT_3D('',#14985,#11924,#11925);
#10732=AXIS2_PLACEMENT_3D('',#14997,#11932,#11933);
#10733=AXIS2_PLACEMENT_3D('',#15000,#11935,#11936);
#10734=AXIS2_PLACEMENT_3D('',#15001,#11937,#11938);
#10735=AXIS2_PLACEMENT_3D('',#15014,#11946,#11947);
#10736=AXIS2_PLACEMENT_3D('',#15020,#11951,#11952);
#10737=AXIS2_PLACEMENT_3D('',#15024,#11955,#11956);
#10738=AXIS2_PLACEMENT_3D('',#15032,#11961,#11962);
#10739=AXIS2_PLACEMENT_3D('',#15038,#11966,#11967);
#10740=AXIS2_PLACEMENT_3D('',#15044,#11971,#11972);
#10741=AXIS2_PLACEMENT_3D('',#15051,#11977,#11978);
#10742=AXIS2_PLACEMENT_3D('',#15053,#11979,#11980);
#10743=AXIS2_PLACEMENT_3D('',#15055,#11981,#11982);
#10744=AXIS2_PLACEMENT_3D('',#15057,#11984,#11985);
#10745=AXIS2_PLACEMENT_3D('',#15063,#11989,#11990);
#10746=AXIS2_PLACEMENT_3D('',#15075,#11998,#11999);
#10747=AXIS2_PLACEMENT_3D('',#15079,#12002,#12003);
#10748=AXIS2_PLACEMENT_3D('',#15084,#12007,#12008);
#10749=AXIS2_PLACEMENT_3D('',#15088,#12012,#12013);
#10750=AXIS2_PLACEMENT_3D('',#15091,#12016,#12017);
#10751=AXIS2_PLACEMENT_3D('',#15097,#12021,#12022);
#10752=AXIS2_PLACEMENT_3D('',#15101,#12025,#12026);
#10753=AXIS2_PLACEMENT_3D('',#15105,#12029,#12030);
#10754=AXIS2_PLACEMENT_3D('',#15109,#12033,#12034);
#10755=AXIS2_PLACEMENT_3D('',#15111,#12036,#12037);
#10756=AXIS2_PLACEMENT_3D('',#15115,#12040,#12041);
#10757=AXIS2_PLACEMENT_3D('',#15116,#12042,#12043);
#10758=AXIS2_PLACEMENT_3D('',#15118,#12045,#12046);
#10759=AXIS2_PLACEMENT_3D('',#15119,#12047,#12048);
#10760=AXIS2_PLACEMENT_3D('',#15121,#12050,#12051);
#10761=AXIS2_PLACEMENT_3D('',#15124,#12054,#12055);
#10762=AXIS2_PLACEMENT_3D('',#15126,#12057,#12058);
#10763=AXIS2_PLACEMENT_3D('',#15127,#12059,#12060);
#10764=AXIS2_PLACEMENT_3D('',#15128,#12061,#12062);
#10765=AXIS2_PLACEMENT_3D('',#15129,#12063,#12064);
#10766=AXIS2_PLACEMENT_3D('',#15130,#12065,#12066);
#10767=AXIS2_PLACEMENT_3D('',#15132,#12068,#12069);
#10768=AXIS2_PLACEMENT_3D('',#15133,#12070,#12071);
#10769=AXIS2_PLACEMENT_3D('',#15136,#12074,#12075);
#10770=AXIS2_PLACEMENT_3D('',#15142,#12079,#12080);
#10771=AXIS2_PLACEMENT_3D('',#15144,#12082,#12083);
#10772=AXIS2_PLACEMENT_3D('',#15146,#12085,#12086);
#10773=AXIS2_PLACEMENT_3D('',#15148,#12088,#12089);
#10774=AXIS2_PLACEMENT_3D('',#15149,#12090,#12091);
#10775=AXIS2_PLACEMENT_3D('',#15152,#12094,#12095);
#10776=AXIS2_PLACEMENT_3D('',#15155,#12098,#12099);
#10777=AXIS2_PLACEMENT_3D('',#15157,#12101,#12102);
#10778=AXIS2_PLACEMENT_3D('',#15159,#12104,#12105);
#10779=AXIS2_PLACEMENT_3D('',#15161,#12107,#12108);
#10780=AXIS2_PLACEMENT_3D('',#15162,#12109,#12110);
#10781=AXIS2_PLACEMENT_3D('',#15164,#12112,#12113);
#10782=AXIS2_PLACEMENT_3D('',#15166,#12115,#12116);
#10783=AXIS2_PLACEMENT_3D('',#15168,#12118,#12119);
#10784=AXIS2_PLACEMENT_3D('',#15169,#12120,#12121);
#10785=AXIS2_PLACEMENT_3D('',#15172,#12124,#12125);
#10786=AXIS2_PLACEMENT_3D('',#15181,#12131,#12132);
#10787=AXIS2_PLACEMENT_3D('',#15186,#12135,#12136);
#10788=AXIS2_PLACEMENT_3D('',#15191,#12140,#12141);
#10789=AXIS2_PLACEMENT_3D('',#15192,#12142,#12143);
#10790=AXIS2_PLACEMENT_3D('',#15194,#12145,#12146);
#10791=AXIS2_PLACEMENT_3D('',#15196,#12148,#12149);
#10792=AXIS2_PLACEMENT_3D('',#15198,#12151,#12152);
#10793=AXIS2_PLACEMENT_3D('',#15202,#12155,#12156);
#10794=AXIS2_PLACEMENT_3D('',#15203,#12157,#12158);
#10795=AXIS2_PLACEMENT_3D('',#15205,#12160,#12161);
#10796=AXIS2_PLACEMENT_3D('',#15209,#12163,#12164);
#10797=AXIS2_PLACEMENT_3D('',#15211,#12166,#12167);
#10798=AXIS2_PLACEMENT_3D('',#15213,#12169,#12170);
#10799=AXIS2_PLACEMENT_3D('',#15214,#12171,#12172);
#10800=AXIS2_PLACEMENT_3D('',#15215,#12173,#12174);
#10801=AXIS2_PLACEMENT_3D('',#15216,#12175,#12176);
#10802=AXIS2_PLACEMENT_3D('',#15217,#12177,#12178);
#10803=AXIS2_PLACEMENT_3D('',#15219,#12180,#12181);
#10804=AXIS2_PLACEMENT_3D('',#15220,#12182,#12183);
#10805=AXIS2_PLACEMENT_3D('',#15221,#12184,#12185);
#10806=AXIS2_PLACEMENT_3D('',#15223,#12187,#12188);
#10807=AXIS2_PLACEMENT_3D('',#15225,#12190,#12191);
#10808=AXIS2_PLACEMENT_3D('',#15227,#12193,#12194);
#10809=AXIS2_PLACEMENT_3D('',#15229,#12196,#12197);
#10810=AXIS2_PLACEMENT_3D('',#15230,#12198,#12199);
#10811=AXIS2_PLACEMENT_3D('',#15234,#12202,#12203);
#10812=AXIS2_PLACEMENT_3D('',#15240,#12207,#12208);
#10813=AXIS2_PLACEMENT_3D('',#15244,#12211,#12212);
#10814=AXIS2_PLACEMENT_3D('',#15246,#12214,#12215);
#10815=AXIS2_PLACEMENT_3D('',#15248,#12217,#12218);
#10816=AXIS2_PLACEMENT_3D('',#15249,#12219,#12220);
#10817=AXIS2_PLACEMENT_3D('',#15251,#12222,#12223);
#10818=AXIS2_PLACEMENT_3D('',#15252,#12224,#12225);
#10819=AXIS2_PLACEMENT_3D('',#15253,#12226,#12227);
#10820=AXIS2_PLACEMENT_3D('',#15263,#12232,#12233);
#10821=AXIS2_PLACEMENT_3D('',#15267,#12236,#12237);
#10822=AXIS2_PLACEMENT_3D('',#15284,#12246,#12247);
#10823=AXIS2_PLACEMENT_3D('',#15287,#12248,#12249);
#10824=AXIS2_PLACEMENT_3D('',#15291,#12251,#12252);
#10825=AXIS2_PLACEMENT_3D('',#15295,#12254,#12255);
#10826=AXIS2_PLACEMENT_3D('',#15297,#12256,#12257);
#10827=AXIS2_PLACEMENT_3D('',#15301,#12259,#12260);
#10828=AXIS2_PLACEMENT_3D('',#15303,#12261,#12262);
#10829=AXIS2_PLACEMENT_3D('',#15305,#12264,#12265);
#10830=AXIS2_PLACEMENT_3D('',#15308,#12266,#12267);
#10831=AXIS2_PLACEMENT_3D('',#15310,#12269,#12270);
#10832=AXIS2_PLACEMENT_3D('',#15323,#12273,#12274);
#10833=AXIS2_PLACEMENT_3D('',#15324,#12275,#12276);
#10834=AXIS2_PLACEMENT_3D('',#15327,#12277,#12278);
#10835=AXIS2_PLACEMENT_3D('',#15329,#12280,#12281);
#10836=AXIS2_PLACEMENT_3D('',#15333,#12283,#12284);
#10837=AXIS2_PLACEMENT_3D('',#15335,#12286,#12287);
#10838=AXIS2_PLACEMENT_3D('',#15349,#12295,#12296);
#10839=AXIS2_PLACEMENT_3D('',#15356,#12301,#12302);
#10840=AXIS2_PLACEMENT_3D('',#15366,#12308,#12309);
#10841=AXIS2_PLACEMENT_3D('',#15367,#12310,#12311);
#10842=AXIS2_PLACEMENT_3D('',#15369,#12312,#12313);
#10843=AXIS2_PLACEMENT_3D('',#15372,#12315,#12316);
#10844=AXIS2_PLACEMENT_3D('',#15373,#12317,#12318);
#10845=AXIS2_PLACEMENT_3D('',#15378,#12322,#12323);
#10846=AXIS2_PLACEMENT_3D('',#15386,#12327,#12328);
#10847=AXIS2_PLACEMENT_3D('',#15387,#12329,#12330);
#10848=AXIS2_PLACEMENT_3D('',#15393,#12334,#12335);
#10849=AXIS2_PLACEMENT_3D('',#15398,#12338,#12339);
#10850=AXIS2_PLACEMENT_3D('',#15399,#12340,#12341);
#10851=AXIS2_PLACEMENT_3D('',#15401,#12343,#12344);
#10852=AXIS2_PLACEMENT_3D('',#15403,#12346,#12347);
#10853=AXIS2_PLACEMENT_3D('',#15405,#12349,#12350);
#10854=AXIS2_PLACEMENT_3D('',#15407,#12352,#12353);
#10855=AXIS2_PLACEMENT_3D('',#15408,#12354,#12355);
#10856=AXIS2_PLACEMENT_3D('',#15410,#12356,#12357);
#10857=AXIS2_PLACEMENT_3D('',#15413,#12359,#12360);
#10858=AXIS2_PLACEMENT_3D('',#15415,#12362,#12363);
#10859=AXIS2_PLACEMENT_3D('',#15416,#12364,#12365);
#10860=AXIS2_PLACEMENT_3D('',#15422,#12369,#12370);
#10861=AXIS2_PLACEMENT_3D('',#15426,#12373,#12374);
#10862=AXIS2_PLACEMENT_3D('',#15430,#12377,#12378);
#10863=AXIS2_PLACEMENT_3D('',#15432,#12380,#12381);
#10864=AXIS2_PLACEMENT_3D('',#15441,#12387,#12388);
#10865=AXIS2_PLACEMENT_3D('',#15443,#12390,#12391);
#10866=AXIS2_PLACEMENT_3D('',#15445,#12393,#12394);
#10867=AXIS2_PLACEMENT_3D('',#15447,#12396,#12397);
#10868=AXIS2_PLACEMENT_3D('',#15449,#12399,#12400);
#10869=AXIS2_PLACEMENT_3D('',#15454,#12403,#12404);
#10870=AXIS2_PLACEMENT_3D('',#15456,#12405,#12406);
#10871=AXIS2_PLACEMENT_3D('',#15464,#12411,#12412);
#10872=AXIS2_PLACEMENT_3D('',#15465,#12413,#12414);
#10873=AXIS2_PLACEMENT_3D('',#15466,#12415,#12416);
#10874=AXIS2_PLACEMENT_3D('',#15478,#12423,#12424);
#10875=AXIS2_PLACEMENT_3D('',#15479,#12425,#12426);
#10876=AXIS2_PLACEMENT_3D('',#15481,#12427,#12428);
#10877=AXIS2_PLACEMENT_3D('',#15484,#12430,#12431);
#10878=AXIS2_PLACEMENT_3D('',#15485,#12432,#12433);
#10879=AXIS2_PLACEMENT_3D('',#15487,#12434,#12435);
#10880=AXIS2_PLACEMENT_3D('',#15490,#12437,#12438);
#10881=AXIS2_PLACEMENT_3D('',#15491,#12439,#12440);
#10882=AXIS2_PLACEMENT_3D('',#15495,#12442,#12443);
#10883=AXIS2_PLACEMENT_3D('',#15501,#12446,#12447);
#10884=AXIS2_PLACEMENT_3D('',#15503,#12449,#12450);
#10885=AXIS2_PLACEMENT_3D('',#15505,#12451,#12452);
#10886=AXIS2_PLACEMENT_3D('',#15508,#12454,#12455);
#10887=AXIS2_PLACEMENT_3D('',#15509,#12456,#12457);
#10888=AXIS2_PLACEMENT_3D('',#15511,#12458,#12459);
#10889=AXIS2_PLACEMENT_3D('',#15514,#12461,#12462);
#10890=AXIS2_PLACEMENT_3D('',#15515,#12463,#12464);
#10891=AXIS2_PLACEMENT_3D('',#15519,#12466,#12467);
#10892=AXIS2_PLACEMENT_3D('',#15525,#12470,#12471);
#10893=AXIS2_PLACEMENT_3D('',#15527,#12473,#12474);
#10894=AXIS2_PLACEMENT_3D('',#15532,#12476,#12477);
#10895=AXIS2_PLACEMENT_3D('',#15535,#12479,#12480);
#10896=AXIS2_PLACEMENT_3D('',#15536,#12481,#12482);
#10897=AXIS2_PLACEMENT_3D('',#15541,#12485,#12486);
#10898=AXIS2_PLACEMENT_3D('',#15543,#12488,#12489);
#10899=AXIS2_PLACEMENT_3D('',#15548,#12492,#12493);
#10900=AXIS2_PLACEMENT_3D('',#15549,#12494,#12495);
#10901=AXIS2_PLACEMENT_3D('',#15554,#12498,#12499);
#10902=AXIS2_PLACEMENT_3D('',#15555,#12500,#12501);
#10903=AXIS2_PLACEMENT_3D('',#15557,#12503,#12504);
#10904=AXIS2_PLACEMENT_3D('',#15559,#12506,#12507);
#10905=AXIS2_PLACEMENT_3D('',#15562,#12510,#12511);
#10906=AXIS2_PLACEMENT_3D('',#15565,#12512,#12513);
#10907=AXIS2_PLACEMENT_3D('',#15570,#12516,#12517);
#10908=AXIS2_PLACEMENT_3D('',#15572,#12519,#12520);
#10909=AXIS2_PLACEMENT_3D('',#15576,#12523,#12524);
#10910=AXIS2_PLACEMENT_3D('',#15579,#12526,#12527);
#10911=AXIS2_PLACEMENT_3D('',#15580,#12528,#12529);
#10912=AXIS2_PLACEMENT_3D('',#15584,#12532,#12533);
#10913=AXIS2_PLACEMENT_3D('',#15587,#12535,#12536);
#10914=AXIS2_PLACEMENT_3D('',#15588,#12537,#12538);
#10915=AXIS2_PLACEMENT_3D('',#15590,#12540,#12541);
#10916=AXIS2_PLACEMENT_3D('',#15594,#12544,#12545);
#10917=AXIS2_PLACEMENT_3D('',#15597,#12547,#12548);
#10918=AXIS2_PLACEMENT_3D('',#15598,#12549,#12550);
#10919=AXIS2_PLACEMENT_3D('',#15604,#12554,#12555);
#10920=AXIS2_PLACEMENT_3D('',#15608,#12557,#12558);
#10921=AXIS2_PLACEMENT_3D('',#15609,#12559,#12560);
#10922=AXIS2_PLACEMENT_3D('',#15610,#12561,#12562);
#10923=AXIS2_PLACEMENT_3D('',#15618,#12567,#12568);
#10924=AXIS2_PLACEMENT_3D('',#15626,#12573,#12574);
#10925=AXIS2_PLACEMENT_3D('',#15630,#12576,#12577);
#10926=AXIS2_PLACEMENT_3D('',#15631,#12578,#12579);
#10927=AXIS2_PLACEMENT_3D('',#15632,#12580,#12581);
#10928=AXIS2_PLACEMENT_3D('',#15642,#12586,#12587);
#10929=AXIS2_PLACEMENT_3D('',#15646,#12590,#12591);
#10930=AXIS2_PLACEMENT_3D('',#15651,#12594,#12595);
#10931=AXIS2_PLACEMENT_3D('',#15652,#12596,#12597);
#10932=AXIS2_PLACEMENT_3D('',#15657,#12599,#12600);
#10933=AXIS2_PLACEMENT_3D('',#15660,#12602,#12603);
#10934=AXIS2_PLACEMENT_3D('',#15661,#12604,#12605);
#10935=AXIS2_PLACEMENT_3D('',#15665,#12608,#12609);
#10936=AXIS2_PLACEMENT_3D('',#15671,#12613,#12614);
#10937=AXIS2_PLACEMENT_3D('',#15675,#12617,#12618);
#10938=AXIS2_PLACEMENT_3D('',#15681,#12622,#12623);
#10939=AXIS2_PLACEMENT_3D('',#15685,#12626,#12627);
#10940=AXIS2_PLACEMENT_3D('',#15691,#12631,#12632);
#10941=AXIS2_PLACEMENT_3D('',#15694,#12633,#12634);
#10942=AXIS2_PLACEMENT_3D('',#15697,#12636,#12637);
#10943=AXIS2_PLACEMENT_3D('',#15702,#12640,#12641);
#10944=AXIS2_PLACEMENT_3D('',#15704,#12643,#12644);
#10945=AXIS2_PLACEMENT_3D('',#15708,#12647,#12648);
#10946=AXIS2_PLACEMENT_3D('',#15711,#12650,#12651);
#10947=AXIS2_PLACEMENT_3D('',#15712,#12652,#12653);
#10948=AXIS2_PLACEMENT_3D('',#15716,#12656,#12657);
#10949=AXIS2_PLACEMENT_3D('',#15719,#12659,#12660);
#10950=AXIS2_PLACEMENT_3D('',#15720,#12661,#12662);
#10951=AXIS2_PLACEMENT_3D('',#15722,#12664,#12665);
#10952=AXIS2_PLACEMENT_3D('',#15731,#12671,#12672);
#10953=AXIS2_PLACEMENT_3D('',#15734,#12674,#12675);
#10954=AXIS2_PLACEMENT_3D('',#15735,#12676,#12677);
#10955=AXIS2_PLACEMENT_3D('',#15737,#12679,#12680);
#10956=AXIS2_PLACEMENT_3D('',#15747,#12686,#12687);
#10957=AXIS2_PLACEMENT_3D('',#15749,#12688,#12689);
#10958=AXIS2_PLACEMENT_3D('',#15767,#12692,#12693);
#10959=AXIS2_PLACEMENT_3D('',#15773,#12697,#12698);
#10960=AXIS2_PLACEMENT_3D('',#15781,#12699,#12700);
#10961=AXIS2_PLACEMENT_3D('',#15787,#12701,#12702);
#10962=AXIS2_PLACEMENT_3D('',#15788,#12703,#12704);
#10963=AXIS2_PLACEMENT_3D('',#15794,#12708,#12709);
#10964=AXIS2_PLACEMENT_3D('',#15803,#12714,#12715);
#10965=AXIS2_PLACEMENT_3D('',#15809,#12719,#12720);
#10966=AXIS2_PLACEMENT_3D('',#15818,#12725,#12726);
#10967=AXIS2_PLACEMENT_3D('',#15824,#12730,#12731);
#10968=AXIS2_PLACEMENT_3D('',#15830,#12735,#12736);
#10969=AXIS2_PLACEMENT_3D('',#15832,#12738,#12739);
#10970=AXIS2_PLACEMENT_3D('',#15841,#12744,#12745);
#10971=AXIS2_PLACEMENT_3D('',#15850,#12750,#12751);
#10972=AXIS2_PLACEMENT_3D('',#15855,#12755,#12756);
#10973=AXIS2_PLACEMENT_3D('',#15860,#12758,#12759);
#10974=AXIS2_PLACEMENT_3D('',#15863,#12761,#12762);
#10975=AXIS2_PLACEMENT_3D('',#15864,#12763,#12764);
#10976=AXIS2_PLACEMENT_3D('',#15870,#12768,#12769);
#10977=AXIS2_PLACEMENT_3D('',#15877,#12774,#12775);
#10978=AXIS2_PLACEMENT_3D('',#15886,#12780,#12781);
#10979=AXIS2_PLACEMENT_3D('',#15892,#12785,#12786);
#10980=AXIS2_PLACEMENT_3D('',#15901,#12792,#12793);
#10981=AXIS2_PLACEMENT_3D('',#15905,#12796,#12797);
#10982=AXIS2_PLACEMENT_3D('',#15910,#12801,#12802);
#10983=AXIS2_PLACEMENT_3D('',#15912,#12804,#12805);
#10984=AXIS2_PLACEMENT_3D('',#15914,#12807,#12808);
#10985=AXIS2_PLACEMENT_3D('',#15920,#12812,#12813);
#10986=AXIS2_PLACEMENT_3D('',#15926,#12817,#12818);
#10987=AXIS2_PLACEMENT_3D('',#15928,#12819,#12820);
#10988=AXIS2_PLACEMENT_3D('',#15930,#12821,#12822);
#10989=AXIS2_PLACEMENT_3D('',#15932,#12824,#12825);
#10990=AXIS2_PLACEMENT_3D('',#15943,#12832,#12833);
#10991=AXIS2_PLACEMENT_3D('',#15947,#12836,#12837);
#10992=AXIS2_PLACEMENT_3D('',#15951,#12840,#12841);
#10993=AXIS2_PLACEMENT_3D('',#15953,#12843,#12844);
#10994=AXIS2_PLACEMENT_3D('',#15957,#12847,#12848);
#10995=AXIS2_PLACEMENT_3D('',#15961,#12851,#12852);
#10996=AXIS2_PLACEMENT_3D('',#15969,#12856,#12857);
#10997=AXIS2_PLACEMENT_3D('',#15983,#12865,#12866);
#10998=AXIS2_PLACEMENT_3D('',#15993,#12872,#12873);
#10999=AXIS2_PLACEMENT_3D('',#15994,#12874,#12875);
#11000=AXIS2_PLACEMENT_3D('',#15996,#12876,#12877);
#11001=AXIS2_PLACEMENT_3D('',#15999,#12879,#12880);
#11002=AXIS2_PLACEMENT_3D('',#16003,#12882,#12883);
#11003=AXIS2_PLACEMENT_3D('',#16005,#12885,#12886);
#11004=AXIS2_PLACEMENT_3D('',#16009,#12889,#12890);
#11005=AXIS2_PLACEMENT_3D('',#16015,#12894,#12895);
#11006=AXIS2_PLACEMENT_3D('',#16021,#12899,#12900);
#11007=AXIS2_PLACEMENT_3D('',#16028,#12905,#12906);
#11008=AXIS2_PLACEMENT_3D('',#16032,#12909,#12910);
#11009=AXIS2_PLACEMENT_3D('',#16039,#12912,#12913);
#11010=AXIS2_PLACEMENT_3D('',#16045,#12914,#12915);
#11011=AXIS2_PLACEMENT_3D('',#16046,#12916,#12917);
#11012=AXIS2_PLACEMENT_3D('',#16050,#12920,#12921);
#11013=AXIS2_PLACEMENT_3D('',#16056,#12925,#12926);
#11014=AXIS2_PLACEMENT_3D('',#16065,#12931,#12932);
#11015=AXIS2_PLACEMENT_3D('',#16067,#12934,#12935);
#11016=AXIS2_PLACEMENT_3D('',#16070,#12938,#12939);
#11017=AXIS2_PLACEMENT_3D('',#16074,#12942,#12943);
#11018=AXIS2_PLACEMENT_3D('',#16078,#12946,#12947);
#11019=AXIS2_PLACEMENT_3D('',#16082,#12950,#12951);
#11020=AXIS2_PLACEMENT_3D('',#16085,#12954,#12955);
#11021=AXIS2_PLACEMENT_3D('',#16091,#12959,#12960);
#11022=AXIS2_PLACEMENT_3D('',#16109,#12971,#12972);
#11023=AXIS2_PLACEMENT_3D('',#16118,#12977,#12978);
#11024=AXIS2_PLACEMENT_3D('',#16124,#12982,#12983);
#11025=AXIS2_PLACEMENT_3D('',#16130,#12987,#12988);
#11026=AXIS2_PLACEMENT_3D('',#16134,#12991,#12992);
#11027=AXIS2_PLACEMENT_3D('',#16138,#12995,#12996);
#11028=AXIS2_PLACEMENT_3D('',#16142,#12999,#13000);
#11029=AXIS2_PLACEMENT_3D('',#16146,#13003,#13004);
#11030=AXIS2_PLACEMENT_3D('',#16148,#13006,#13007);
#11031=AXIS2_PLACEMENT_3D('',#16150,#13009,#13010);
#11032=AXIS2_PLACEMENT_3D('',#16160,#13016,#13017);
#11033=AXIS2_PLACEMENT_3D('',#16170,#13024,#13025);
#11034=AXIS2_PLACEMENT_3D('',#16174,#13028,#13029);
#11035=AXIS2_PLACEMENT_3D('',#16177,#13032,#13033);
#11036=AXIS2_PLACEMENT_3D('',#16181,#13036,#13037);
#11037=AXIS2_PLACEMENT_3D('',#16183,#13039,#13040);
#11038=AXIS2_PLACEMENT_3D('',#16185,#13042,#13043);
#11039=AXIS2_PLACEMENT_3D('',#16187,#13045,#13046);
#11040=AXIS2_PLACEMENT_3D('',#16189,#13048,#13049);
#11041=AXIS2_PLACEMENT_3D('',#16191,#13051,#13052);
#11042=AXIS2_PLACEMENT_3D('',#16197,#13055,#13056);
#11043=AXIS2_PLACEMENT_3D('',#16203,#13060,#13061);
#11044=AXIS2_PLACEMENT_3D('',#16207,#13065,#13066);
#11045=AXIS2_PLACEMENT_3D('',#16209,#13068,#13069);
#11046=AXIS2_PLACEMENT_3D('',#16211,#13071,#13072);
#11047=AXIS2_PLACEMENT_3D('',#16213,#13074,#13075);
#11048=AXIS2_PLACEMENT_3D('',#16214,#13076,#13077);
#11049=AXIS2_PLACEMENT_3D('',#16217,#13080,#13081);
#11050=AXIS2_PLACEMENT_3D('',#16218,#13082,#13083);
#11051=AXIS2_PLACEMENT_3D('',#16219,#13084,#13085);
#11052=AXIS2_PLACEMENT_3D('',#16222,#13088,#13089);
#11053=AXIS2_PLACEMENT_3D('',#16224,#13091,#13092);
#11054=AXIS2_PLACEMENT_3D('',#16225,#13093,#13094);
#11055=AXIS2_PLACEMENT_3D('',#16229,#13097,#13098);
#11056=AXIS2_PLACEMENT_3D('',#16233,#13101,#13102);
#11057=AXIS2_PLACEMENT_3D('',#16235,#13104,#13105);
#11058=AXIS2_PLACEMENT_3D('',#16244,#13110,#13111);
#11059=AXIS2_PLACEMENT_3D('',#16250,#13115,#13116);
#11060=AXIS2_PLACEMENT_3D('',#16253,#13119,#13120);
#11061=AXIS2_PLACEMENT_3D('',#16257,#13123,#13124);
#11062=AXIS2_PLACEMENT_3D('',#16259,#13126,#13127);
#11063=AXIS2_PLACEMENT_3D('',#16263,#13130,#13131);
#11064=AXIS2_PLACEMENT_3D('',#16265,#13133,#13134);
#11065=AXIS2_PLACEMENT_3D('',#16267,#13136,#13137);
#11066=AXIS2_PLACEMENT_3D('',#16270,#13140,#13141);
#11067=AXIS2_PLACEMENT_3D('',#16271,#13142,#13143);
#11068=AXIS2_PLACEMENT_3D('',#16272,#13144,#13145);
#11069=AXIS2_PLACEMENT_3D('',#16278,#13149,#13150);
#11070=AXIS2_PLACEMENT_3D('',#16284,#13154,#13155);
#11071=AXIS2_PLACEMENT_3D('',#16293,#13160,#13161);
#11072=AXIS2_PLACEMENT_3D('',#16299,#13165,#13166);
#11073=AXIS2_PLACEMENT_3D('',#16305,#13170,#13171);
#11074=AXIS2_PLACEMENT_3D('',#16311,#13175,#13176);
#11075=AXIS2_PLACEMENT_3D('',#16317,#13180,#13181);
#11076=AXIS2_PLACEMENT_3D('',#16326,#13186,#13187);
#11077=AXIS2_PLACEMENT_3D('',#16332,#13191,#13192);
#11078=AXIS2_PLACEMENT_3D('',#16338,#13196,#13197);
#11079=AXIS2_PLACEMENT_3D('',#16344,#13201,#13202);
#11080=AXIS2_PLACEMENT_3D('',#16350,#13206,#13207);
#11081=AXIS2_PLACEMENT_3D('',#16356,#13211,#13212);
#11082=AXIS2_PLACEMENT_3D('',#16362,#13216,#13217);
#11083=AXIS2_PLACEMENT_3D('',#16371,#13222,#13223);
#11084=AXIS2_PLACEMENT_3D('',#16377,#13227,#13228);
#11085=AXIS2_PLACEMENT_3D('',#16386,#13233,#13234);
#11086=AXIS2_PLACEMENT_3D('',#16392,#13238,#13239);
#11087=AXIS2_PLACEMENT_3D('',#16398,#13243,#13244);
#11088=AXIS2_PLACEMENT_3D('',#16400,#13245,#13246);
#11089=AXIS2_PLACEMENT_3D('',#16403,#13248,#13249);
#11090=AXIS2_PLACEMENT_3D('',#16404,#13250,#13251);
#11091=AXIS2_PLACEMENT_3D('',#16405,#13252,#13253);
#11092=AXIS2_PLACEMENT_3D('',#16407,#13254,#13255);
#11093=AXIS2_PLACEMENT_3D('',#16408,#13256,#13257);
#11094=AXIS2_PLACEMENT_3D('',#16411,#13259,#13260);
#11095=AXIS2_PLACEMENT_3D('',#16412,#13261,#13262);
#11096=AXIS2_PLACEMENT_3D('',#16414,#13263,#13264);
#11097=AXIS2_PLACEMENT_3D('',#16417,#13266,#13267);
#11098=AXIS2_PLACEMENT_3D('',#16418,#13268,#13269);
#11099=AXIS2_PLACEMENT_3D('',#16427,#13274,#13275);
#11100=AXIS2_PLACEMENT_3D('',#16433,#13279,#13280);
#11101=AXIS2_PLACEMENT_3D('',#16439,#13284,#13285);
#11102=AXIS2_PLACEMENT_3D('',#16445,#13289,#13290);
#11103=AXIS2_PLACEMENT_3D('',#16451,#13294,#13295);
#11104=AXIS2_PLACEMENT_3D('',#16457,#13299,#13300);
#11105=AXIS2_PLACEMENT_3D('',#16463,#13304,#13305);
#11106=AXIS2_PLACEMENT_3D('',#16469,#13309,#13310);
#11107=AXIS2_PLACEMENT_3D('',#16475,#13314,#13315);
#11108=AXIS2_PLACEMENT_3D('',#16481,#13319,#13320);
#11109=AXIS2_PLACEMENT_3D('',#16485,#13323,#13324);
#11110=AXIS2_PLACEMENT_3D('',#16489,#13327,#13328);
#11111=AXIS2_PLACEMENT_3D('',#16491,#13330,#13331);
#11112=AXIS2_PLACEMENT_3D('',#16493,#13332,#13333);
#11113=AXIS2_PLACEMENT_3D('',#16496,#13335,#13336);
#11114=AXIS2_PLACEMENT_3D('',#16497,#13337,#13338);
#11115=AXIS2_PLACEMENT_3D('',#16498,#13339,#13340);
#11116=AXIS2_PLACEMENT_3D('',#16500,#13341,#13342);
#11117=AXIS2_PLACEMENT_3D('',#16501,#13343,#13344);
#11118=AXIS2_PLACEMENT_3D('',#16504,#13346,#13347);
#11119=AXIS2_PLACEMENT_3D('',#16505,#13348,#13349);
#11120=AXIS2_PLACEMENT_3D('',#16518,#13357,#13358);
#11121=AXIS2_PLACEMENT_3D('',#16522,#13361,#13362);
#11122=AXIS2_PLACEMENT_3D('',#16537,#13370,#13371);
#11123=AXIS2_PLACEMENT_3D('',#16543,#13375,#13376);
#11124=AXIS2_PLACEMENT_3D('',#16547,#13379,#13380);
#11125=AXIS2_PLACEMENT_3D('',#16551,#13383,#13384);
#11126=AXIS2_PLACEMENT_3D('',#16555,#13387,#13388);
#11127=AXIS2_PLACEMENT_3D('',#16559,#13391,#13392);
#11128=AXIS2_PLACEMENT_3D('',#16563,#13395,#13396);
#11129=AXIS2_PLACEMENT_3D('',#16565,#13398,#13399);
#11130=AXIS2_PLACEMENT_3D('',#16574,#13404,#13405);
#11131=AXIS2_PLACEMENT_3D('',#16580,#13409,#13410);
#11132=AXIS2_PLACEMENT_3D('',#16584,#13413,#13414);
#11133=AXIS2_PLACEMENT_3D('',#16588,#13417,#13418);
#11134=AXIS2_PLACEMENT_3D('',#16590,#13420,#13421);
#11135=AXIS2_PLACEMENT_3D('',#16599,#13426,#13427);
#11136=AXIS2_PLACEMENT_3D('',#16607,#13433,#13434);
#11137=AXIS2_PLACEMENT_3D('',#16616,#13440,#13441);
#11138=AXIS2_PLACEMENT_3D('',#16620,#13444,#13445);
#11139=AXIS2_PLACEMENT_3D('',#16629,#13451,#13452);
#11140=AXIS2_PLACEMENT_3D('',#16633,#13456,#13457);
#11141=AXIS2_PLACEMENT_3D('',#16637,#13460,#13461);
#11142=AXIS2_PLACEMENT_3D('',#16646,#13466,#13467);
#11143=AXIS2_PLACEMENT_3D('',#16653,#13472,#13473);
#11144=AXIS2_PLACEMENT_3D('',#16656,#13476,#13477);
#11145=AXIS2_PLACEMENT_3D('',#16657,#13478,#13479);
#11146=AXIS2_PLACEMENT_3D('',#16659,#13481,#13482);
#11147=AXIS2_PLACEMENT_3D('',#16661,#13484,#13485);
#11148=AXIS2_PLACEMENT_3D('',#16662,#13486,#13487);
#11149=AXIS2_PLACEMENT_3D('',#16663,#13488,#13489);
#11150=AXIS2_PLACEMENT_3D('',#16672,#13494,#13495);
#11151=AXIS2_PLACEMENT_3D('',#16678,#13499,#13500);
#11152=AXIS2_PLACEMENT_3D('',#16682,#13503,#13504);
#11153=AXIS2_PLACEMENT_3D('',#16686,#13507,#13508);
#11154=AXIS2_PLACEMENT_3D('',#16688,#13510,#13511);
#11155=AXIS2_PLACEMENT_3D('',#16713,#13524,#13525);
#11156=AXIS2_PLACEMENT_3D('',#16719,#13529,#13530);
#11157=AXIS2_PLACEMENT_3D('',#16723,#13533,#13534);
#11158=AXIS2_PLACEMENT_3D('',#16727,#13537,#13538);
#11159=AXIS2_PLACEMENT_3D('',#16731,#13541,#13542);
#11160=AXIS2_PLACEMENT_3D('',#16735,#13545,#13546);
#11161=AXIS2_PLACEMENT_3D('',#16739,#13549,#13550);
#11162=AXIS2_PLACEMENT_3D('',#16743,#13553,#13554);
#11163=AXIS2_PLACEMENT_3D('',#16747,#13557,#13558);
#11164=AXIS2_PLACEMENT_3D('',#16751,#13561,#13562);
#11165=AXIS2_PLACEMENT_3D('',#16755,#13565,#13566);
#11166=AXIS2_PLACEMENT_3D('',#16759,#13569,#13570);
#11167=AXIS2_PLACEMENT_3D('',#16761,#13572,#13573);
#11168=AXIS2_PLACEMENT_3D('',#16763,#13574,#13575);
#11169=AXIS2_PLACEMENT_3D('',#16765,#13576,#13577);
#11170=AXIS2_PLACEMENT_3D('',#16766,#13578,#13579);
#11171=AXIS2_PLACEMENT_3D('',#16768,#13580,#13581);
#11172=AXIS2_PLACEMENT_3D('',#16769,#13582,#13583);
#11173=AXIS2_PLACEMENT_3D('',#16772,#13585,#13586);
#11174=AXIS2_PLACEMENT_3D('',#16773,#13587,#13588);
#11175=AXIS2_PLACEMENT_3D('',#16779,#13592,#13593);
#11176=AXIS2_PLACEMENT_3D('',#16780,#13594,#13595);
#11177=AXIS2_PLACEMENT_3D('',#16784,#13598,#13599);
#11178=AXIS2_PLACEMENT_3D('',#16793,#13604,#13605);
#11179=AXIS2_PLACEMENT_3D('',#16796,#13608,#13609);
#11180=AXIS2_PLACEMENT_3D('',#16805,#13614,#13615);
#11181=AXIS2_PLACEMENT_3D('',#16811,#13619,#13620);
#11182=AXIS2_PLACEMENT_3D('',#16817,#13624,#13625);
#11183=AXIS2_PLACEMENT_3D('',#16823,#13629,#13630);
#11184=AXIS2_PLACEMENT_3D('',#16829,#13634,#13635);
#11185=AXIS2_PLACEMENT_3D('',#16835,#13639,#13640);
#11186=AXIS2_PLACEMENT_3D('',#16841,#13644,#13645);
#11187=AXIS2_PLACEMENT_3D('',#16851,#13651,#13652);
#11188=AXIS2_PLACEMENT_3D('',#16857,#13656,#13657);
#11189=AXIS2_PLACEMENT_3D('',#16861,#13660,#13661);
#11190=AXIS2_PLACEMENT_3D('',#16865,#13664,#13665);
#11191=AXIS2_PLACEMENT_3D('',#16867,#13667,#13668);
#11192=AXIS2_PLACEMENT_3D('',#16869,#13670,#13671);
#11193=AXIS2_PLACEMENT_3D('',#16878,#13676,#13677);
#11194=AXIS2_PLACEMENT_3D('',#16884,#13681,#13682);
#11195=AXIS2_PLACEMENT_3D('',#16888,#13685,#13686);
#11196=AXIS2_PLACEMENT_3D('',#16892,#13689,#13690);
#11197=AXIS2_PLACEMENT_3D('',#16894,#13692,#13693);
#11198=AXIS2_PLACEMENT_3D('',#16903,#13698,#13699);
#11199=AXIS2_PLACEMENT_3D('',#16909,#13703,#13704);
#11200=AXIS2_PLACEMENT_3D('',#16915,#13708,#13709);
#11201=AXIS2_PLACEMENT_3D('',#16921,#13713,#13714);
#11202=AXIS2_PLACEMENT_3D('',#16927,#13718,#13719);
#11203=AXIS2_PLACEMENT_3D('',#16933,#13723,#13724);
#11204=AXIS2_PLACEMENT_3D('',#16945,#13731,#13732);
#11205=AXIS2_PLACEMENT_3D('',#16951,#13736,#13737);
#11206=AXIS2_PLACEMENT_3D('',#16955,#13740,#13741);
#11207=AXIS2_PLACEMENT_3D('',#16959,#13744,#13745);
#11208=AXIS2_PLACEMENT_3D('',#16963,#13748,#13749);
#11209=AXIS2_PLACEMENT_3D('',#16965,#13751,#13752);
#11210=AXIS2_PLACEMENT_3D('',#16967,#13754,#13755);
#11211=AXIS2_PLACEMENT_3D('',#16976,#13763,#13764);
#11212=AXIS2_PLACEMENT_3D('',#16978,#13766,#13767);
#11213=AXIS2_PLACEMENT_3D('',#16980,#13769,#13770);
#11214=AXIS2_PLACEMENT_3D('',#16982,#13772,#13773);
#11215=DIRECTION('axis',(0.,0.,1.));
#11216=DIRECTION('refdir',(1.,0.,0.));
#11217=DIRECTION('center_axis',(0.,-1.,0.));
#11218=DIRECTION('ref_axis',(-1.,0.,0.));
#11219=DIRECTION('',(0.,1.,0.));
#11220=DIRECTION('center_axis',(0.,-1.,0.));
#11221=DIRECTION('ref_axis',(1.,0.,0.));
#11222=DIRECTION('',(0.,-1.,0.));
#11223=DIRECTION('center_axis',(0.,-1.,0.));
#11224=DIRECTION('ref_axis',(0.,0.,1.));
#11225=DIRECTION('',(0.,1.,0.));
#11226=DIRECTION('center_axis',(0.,-1.,0.));
#11227=DIRECTION('ref_axis',(1.,0.,0.));
#11228=DIRECTION('center_axis',(0.,-1.,0.));
#11229=DIRECTION('ref_axis',(-1.,0.,0.));
#11230=DIRECTION('',(0.,1.,0.));
#11231=DIRECTION('center_axis',(0.,-1.,0.));
#11232=DIRECTION('ref_axis',(1.,0.,0.));
#11233=DIRECTION('',(0.,1.,0.));
#11234=DIRECTION('center_axis',(0.,-1.,0.));
#11235=DIRECTION('ref_axis',(-1.,0.,0.));
#11236=DIRECTION('',(0.,-1.,0.));
#11237=DIRECTION('center_axis',(0.,-1.,0.));
#11238=DIRECTION('ref_axis',(1.,0.,0.));
#11239=DIRECTION('center_axis',(0.,-1.,0.));
#11240=DIRECTION('ref_axis',(-1.,0.,0.));
#11241=DIRECTION('',(0.,-1.,0.));
#11242=DIRECTION('',(0.,1.,0.));
#11243=DIRECTION('',(0.,1.,0.));
#11244=DIRECTION('',(0.,-1.,0.));
#11245=DIRECTION('center_axis',(0.,-1.,0.));
#11246=DIRECTION('ref_axis',(1.,0.,0.));
#11247=DIRECTION('center_axis',(0.,-1.,0.));
#11248=DIRECTION('ref_axis',(-1.,0.,0.));
#11249=DIRECTION('',(0.,1.,0.));
#11250=DIRECTION('',(0.,-1.,0.));
#11251=DIRECTION('center_axis',(0.,-1.,0.));
#11252=DIRECTION('ref_axis',(1.,0.,0.));
#11253=DIRECTION('',(0.,-1.,0.));
#11254=DIRECTION('',(0.,1.,0.));
#11255=DIRECTION('center_axis',(0.,0.,1.));
#11256=DIRECTION('ref_axis',(1.,0.,0.));
#11257=DIRECTION('',(1.,0.,0.));
#11258=DIRECTION('',(0.,-1.,0.));
#11259=DIRECTION('',(1.,0.,0.));
#11260=DIRECTION('',(0.,1.,0.));
#11261=DIRECTION('center_axis',(0.,0.,1.));
#11262=DIRECTION('ref_axis',(1.,0.,0.));
#11263=DIRECTION('',(1.,0.,0.));
#11264=DIRECTION('',(0.,1.,0.));
#11265=DIRECTION('',(1.,0.,0.));
#11266=DIRECTION('',(0.,-1.,0.));
#11267=DIRECTION('center_axis',(0.,-1.,0.));
#11268=DIRECTION('ref_axis',(-1.,0.,0.));
#11269=DIRECTION('',(-1.,0.,0.));
#11270=DIRECTION('',(-0.371390676354086,0.,0.928476690885266));
#11271=DIRECTION('',(-1.,0.,0.));
#11272=DIRECTION('',(0.,0.,1.));
#11273=DIRECTION('center_axis',(0.,-1.,0.));
#11274=DIRECTION('ref_axis',(1.,0.,7.52896599911805E-12));
#11275=DIRECTION('',(6.27614524262098E-9,-0.999999999999998,7.03271345001898E-8));
#11276=DIRECTION('center_axis',(0.,-1.,0.));
#11277=DIRECTION('ref_axis',(-0.0888888888888908,0.,-0.99604154804511));
#11278=DIRECTION('',(-6.27611934782398E-9,0.999999999999998,7.03298141720098E-8));
#11279=DIRECTION('center_axis',(0.,-1.,0.));
#11280=DIRECTION('ref_axis',(-0.0888888888888908,0.,-0.99604154804511));
#11281=DIRECTION('center_axis',(-1.,0.,0.));
#11282=DIRECTION('ref_axis',(0.,0.,-1.));
#11283=DIRECTION('',(0.,0.,-1.));
#11284=DIRECTION('',(0.,-1.,0.));
#11285=DIRECTION('',(0.,0.,1.));
#11286=DIRECTION('',(0.,1.,0.));
#11287=DIRECTION('',(0.,0.,-1.));
#11288=DIRECTION('',(0.,0.,-1.));
#11289=DIRECTION('center_axis',(0.,0.,-1.));
#11290=DIRECTION('ref_axis',(1.,0.,0.));
#11291=DIRECTION('',(1.,0.,0.));
#11292=DIRECTION('',(0.,-1.,0.));
#11293=DIRECTION('center_axis',(0.,0.,1.));
#11294=DIRECTION('ref_axis',(0.811137972781192,0.584854844480592,0.));
#11295=DIRECTION('',(0.,1.,0.));
#11296=DIRECTION('',(1.,0.,0.));
#11297=DIRECTION('',(0.,1.,0.));
#11298=DIRECTION('',(0.,1.,0.));
#11299=DIRECTION('center_axis',(0.,1.,0.));
#11300=DIRECTION('ref_axis',(1.,0.,0.));
#11301=DIRECTION('center_axis',(0.,1.,0.));
#11302=DIRECTION('ref_axis',(0.234059715921603,0.,0.972222222222213));
#11303=DIRECTION('center_axis',(0.,0.,1.));
#11304=DIRECTION('ref_axis',(-1.,0.,0.));
#11305=DIRECTION('',(0.,1.,0.));
#11306=DIRECTION('',(0.,1.,0.));
#11307=DIRECTION('',(-1.,0.,0.));
#11308=DIRECTION('',(0.,-1.,0.));
#11309=DIRECTION('center_axis',(0.,0.,1.));
#11310=DIRECTION('ref_axis',(0.811137972781192,0.584854844480592,0.));
#11311=DIRECTION('',(0.,-1.,0.));
#11312=DIRECTION('',(1.,0.,0.));
#11313=DIRECTION('center_axis',(0.,1.,0.));
#11314=DIRECTION('ref_axis',(-1.,0.,-1.22464679914735E-16));
#11315=DIRECTION('center_axis',(0.,1.,0.));
#11316=DIRECTION('ref_axis',(-0.234059715921603,0.,-0.972222222222213));
#11317=DIRECTION('center_axis',(0.,1.,0.));
#11318=DIRECTION('ref_axis',(-0.234059715921603,0.,-0.972222222222213));
#11319=DIRECTION('center_axis',(0.,1.,0.));
#11320=DIRECTION('ref_axis',(1.,0.,0.));
#11321=DIRECTION('center_axis',(0.,1.,0.));
#11322=DIRECTION('ref_axis',(0.277777777777795,0.,-0.960645359210583));
#11323=DIRECTION('center_axis',(0.,0.,1.));
#11324=DIRECTION('ref_axis',(1.,0.,0.));
#11325=DIRECTION('',(0.,0.,1.));
#11326=DIRECTION('center_axis',(0.,-1.,0.));
#11327=DIRECTION('ref_axis',(-1.,0.,0.));
#11328=DIRECTION('center_axis',(0.,1.,0.));
#11329=DIRECTION('ref_axis',(-0.678862159413234,0.,-0.734265734265736));
#11330=DIRECTION('center_axis',(0.,1.,0.));
#11331=DIRECTION('ref_axis',(-1.,0.,1.22464679914735E-16));
#11332=DIRECTION('center_axis',(-1.,0.,0.));
#11333=DIRECTION('ref_axis',(0.,0.,-1.));
#11334=DIRECTION('',(0.,0.,-1.));
#11335=DIRECTION('center_axis',(0.,-1.,0.));
#11336=DIRECTION('ref_axis',(-1.,0.,0.));
#11337=DIRECTION('center_axis',(0.,1.,0.));
#11338=DIRECTION('ref_axis',(1.,0.,1.83697019872103E-16));
#11339=DIRECTION('center_axis',(0.,-1.,0.));
#11340=DIRECTION('ref_axis',(-0.109090909090897,0.,-0.994031776933576));
#11341=DIRECTION('center_axis',(0.,-1.,0.));
#11342=DIRECTION('ref_axis',(-1.,0.,0.));
#11343=DIRECTION('center_axis',(0.,-1.,0.));
#11344=DIRECTION('ref_axis',(-1.,0.,0.));
#11345=DIRECTION('',(-1.,0.,0.));
#11346=DIRECTION('',(0.,0.,-1.));
#11347=DIRECTION('',(-1.,0.,0.));
#11348=DIRECTION('center_axis',(0.,-1.,0.));
#11349=DIRECTION('ref_axis',(-1.,0.,0.));
#11350=DIRECTION('',(0.,0.,1.));
#11351=DIRECTION('center_axis',(0.,-1.,0.));
#11352=DIRECTION('ref_axis',(0.109090909090897,0.,0.994031776933576));
#11353=DIRECTION('center_axis',(0.,0.,1.));
#11354=DIRECTION('ref_axis',(-1.,0.,0.));
#11355=DIRECTION('',(0.,-1.,0.));
#11356=DIRECTION('',(0.,-1.,0.));
#11357=DIRECTION('',(-1.,0.,0.));
#11358=DIRECTION('',(0.,-1.,0.));
#11359=DIRECTION('center_axis',(0.,0.,-1.));
#11360=DIRECTION('ref_axis',(-0.811137972781192,0.584854844480592,0.));
#11361=DIRECTION('',(0.,-1.,0.));
#11362=DIRECTION('center_axis',(-1.,0.,0.));
#11363=DIRECTION('ref_axis',(0.,0.,-1.));
#11364=DIRECTION('',(0.,0.,-1.));
#11365=DIRECTION('',(0.,-1.,0.));
#11366=DIRECTION('center_axis',(0.,0.,-1.));
#11367=DIRECTION('ref_axis',(1.,0.,0.));
#11368=DIRECTION('center_axis',(0.,0.,-1.));
#11369=DIRECTION('ref_axis',(-0.811137972781192,0.584854844480592,0.));
#11370=DIRECTION('',(0.,-1.,0.));
#11371=DIRECTION('',(1.,0.,0.));
#11372=DIRECTION('',(0.,-1.,0.));
#11373=DIRECTION('',(0.,-1.,0.));
#11374=DIRECTION('center_axis',(0.,-1.,0.));
#11375=DIRECTION('ref_axis',(1.,0.,-1.22464679914735E-16));
#11376=DIRECTION('center_axis',(0.,1.,0.));
#11377=DIRECTION('ref_axis',(0.678862159413234,0.,0.734265734265736));
#11378=DIRECTION('center_axis',(0.,-1.,0.));
#11379=DIRECTION('ref_axis',(1.,0.,-1.22464679914735E-16));
#11380=DIRECTION('center_axis',(0.,1.,0.));
#11381=DIRECTION('ref_axis',(0.234059715921603,0.,0.972222222222213));
#11382=DIRECTION('center_axis',(0.,-1.,0.));
#11383=DIRECTION('ref_axis',(-1.,0.,0.));
#11384=DIRECTION('',(0.,-1.,0.));
#11385=DIRECTION('center_axis',(0.,1.,0.));
#11386=DIRECTION('ref_axis',(-0.234059715921603,0.,-0.972222222222213));
#11387=DIRECTION('center_axis',(0.,-1.,0.));
#11388=DIRECTION('ref_axis',(1.,0.,-1.22464679914735E-16));
#11389=DIRECTION('center_axis',(0.,1.,0.));
#11390=DIRECTION('ref_axis',(0.234059715921603,0.,0.972222222222213));
#11391=DIRECTION('center_axis',(0.,-1.,0.));
#11392=DIRECTION('ref_axis',(-1.,0.,0.));
#11393=DIRECTION('center_axis',(0.,1.,0.));
#11394=DIRECTION('ref_axis',(-0.277777777777795,0.,0.960645359210583));
#11395=DIRECTION('',(0.,1.,0.));
#11396=DIRECTION('center_axis',(1.,0.,0.));
#11397=DIRECTION('ref_axis',(0.,0.,1.));
#11398=DIRECTION('',(6.27611947291898E-9,0.999999999999998,-7.03298145472998E-8));
#11399=DIRECTION('',(0.,0.,1.));
#11400=DIRECTION('',(0.,0.,-1.));
#11401=DIRECTION('',(0.,0.,1.));
#11402=DIRECTION('',(-6.27614536771698E-9,-0.999999999999998,-7.03271343750898E-8));
#11403=DIRECTION('center_axis',(0.,1.,0.));
#11404=DIRECTION('ref_axis',(-1.,0.,-6.12323399573677E-17));
#11405=DIRECTION('center_axis',(0.,-1.,0.));
#11406=DIRECTION('ref_axis',(0.0888888888888908,0.,0.99604154804511));
#11407=DIRECTION('center_axis',(0.,-1.,0.));
#11408=DIRECTION('ref_axis',(-1.,0.,0.));
#11409=DIRECTION('center_axis',(0.,-1.,0.));
#11410=DIRECTION('ref_axis',(0.0888888888888908,0.,0.99604154804511));
#11411=DIRECTION('center_axis',(0.,0.,-1.));
#11412=DIRECTION('ref_axis',(-1.,0.,0.));
#11413=DIRECTION('center_axis',(0.,0.,1.));
#11414=DIRECTION('ref_axis',(1.,0.,0.));
#11415=DIRECTION('',(0.,-1.,0.));
#11416=DIRECTION('',(-0.299826596740387,-0.953993716901258,0.));
#11417=DIRECTION('center_axis',(0.,0.,-1.));
#11418=DIRECTION('ref_axis',(-1.,0.,0.));
#11419=DIRECTION('',(-1.,0.,0.));
#11420=DIRECTION('center_axis',(0.,0.,-1.));
#11421=DIRECTION('ref_axis',(0.,1.,0.));
#11422=DIRECTION('',(-0.299826596740387,0.953993716901258,0.));
#11423=DIRECTION('',(0.,1.,0.));
#11424=DIRECTION('',(-1.,0.,0.));
#11425=DIRECTION('',(0.,-1.,0.));
#11426=DIRECTION('',(1.,0.,0.));
#11427=DIRECTION('',(0.,1.,0.));
#11428=DIRECTION('',(-1.,0.,0.));
#11429=DIRECTION('center_axis',(0.,0.,-1.));
#11430=DIRECTION('ref_axis',(1.,0.,0.));
#11431=DIRECTION('',(0.,1.,0.));
#11432=DIRECTION('',(1.,0.,0.));
#11433=DIRECTION('',(0.,-1.,0.));
#11434=DIRECTION('',(-1.,0.,0.));
#11435=DIRECTION('center_axis',(0.,1.,0.));
#11436=DIRECTION('ref_axis',(-1.,0.,0.));
#11437=DIRECTION('',(0.,0.,1.));
#11438=DIRECTION('',(-1.,0.,0.));
#11439=DIRECTION('',(0.,0.,1.));
#11440=DIRECTION('center_axis',(1.,0.,0.));
#11441=DIRECTION('ref_axis',(0.,-1.,0.));
#11442=DIRECTION('',(0.,-1.,0.));
#11443=DIRECTION('',(0.,0.,1.));
#11444=DIRECTION('center_axis',(0.,1.,0.));
#11445=DIRECTION('ref_axis',(1.,0.,0.));
#11446=DIRECTION('',(1.,0.,0.));
#11447=DIRECTION('',(0.,0.,1.));
#11448=DIRECTION('center_axis',(-1.,0.,0.));
#11449=DIRECTION('ref_axis',(0.,1.,0.));
#11450=DIRECTION('',(0.,1.,0.));
#11451=DIRECTION('center_axis',(0.,0.,-1.));
#11452=DIRECTION('ref_axis',(-1.,0.,0.));
#11453=DIRECTION('center_axis',(0.,0.,-1.));
#11454=DIRECTION('ref_axis',(-1.,0.,0.));
#11455=DIRECTION('center_axis',(0.,0.,-1.));
#11456=DIRECTION('ref_axis',(-1.,0.,0.));
#11457=DIRECTION('',(0.70710832260753,-8.65957943931766E-17,-0.707105239762205));
#11458=DIRECTION('center_axis',(0.,0.,-1.));
#11459=DIRECTION('ref_axis',(-1.,0.,0.));
#11460=DIRECTION('center_axis',(0.,0.,-1.));
#11461=DIRECTION('ref_axis',(1.,0.,0.));
#11462=DIRECTION('',(0.,0.,-1.));
#11463=DIRECTION('center_axis',(0.,0.,1.));
#11464=DIRECTION('ref_axis',(1.,0.,0.));
#11465=DIRECTION('',(-1.,0.,0.));
#11466=DIRECTION('',(0.,-1.,0.));
#11467=DIRECTION('',(1.,0.,0.));
#11468=DIRECTION('',(0.,1.,0.));
#11469=DIRECTION('center_axis',(0.,1.,0.));
#11470=DIRECTION('ref_axis',(0.,0.,1.));
#11471=DIRECTION('center_axis',(0.,-1.,0.));
#11472=DIRECTION('ref_axis',(1.,0.,0.));
#11473=DIRECTION('',(0.,1.,0.));
#11474=DIRECTION('center_axis',(0.,1.,0.));
#11475=DIRECTION('ref_axis',(0.,0.,1.));
#11476=DIRECTION('center_axis',(0.,0.707106781186548,-0.707106781186548));
#11477=DIRECTION('ref_axis',(0.,0.707106781186548,0.707106781186548));
#11478=DIRECTION('center_axis',(-1.,0.,0.));
#11479=DIRECTION('ref_axis',(0.,0.,1.));
#11480=DIRECTION('center_axis',(0.,0.,-1.));
#11481=DIRECTION('ref_axis',(0.,1.,0.));
#11482=DIRECTION('center_axis',(0.,0.,-1.));
#11483=DIRECTION('ref_axis',(0.,1.,0.));
#11484=DIRECTION('',(0.,0.,-1.));
#11485=DIRECTION('',(0.,0.,-1.));
#11486=DIRECTION('',(0.,0.,1.));
#11487=DIRECTION('center_axis',(0.953993716901258,0.299826596740387,0.));
#11488=DIRECTION('ref_axis',(-0.299826596740387,0.953993716901258,0.));
#11489=DIRECTION('',(-0.299826596740387,0.953993716901258,0.));
#11490=DIRECTION('',(0.,0.,1.));
#11491=DIRECTION('center_axis',(1.,0.,0.));
#11492=DIRECTION('ref_axis',(0.,1.,0.));
#11493=DIRECTION('',(0.,0.,1.));
#11494=DIRECTION('',(0.,1.,0.));
#11495=DIRECTION('',(0.,0.,1.));
#11496=DIRECTION('',(0.,0.,1.));
#11497=DIRECTION('',(0.,1.,0.));
#11498=DIRECTION('',(0.,0.,-1.));
#11499=DIRECTION('',(0.,-1.,0.));
#11500=DIRECTION('center_axis',(0.,0.,-1.));
#11501=DIRECTION('ref_axis',(-1.,0.,0.));
#11502=DIRECTION('',(-1.,0.,0.));
#11503=DIRECTION('',(-1.,0.,0.));
#11504=DIRECTION('',(0.,1.,0.));
#11505=DIRECTION('',(-1.,0.,0.));
#11506=DIRECTION('',(0.,1.,0.));
#11507=DIRECTION('',(1.,0.,0.));
#11508=DIRECTION('',(0.,1.,0.));
#11509=DIRECTION('center_axis',(1.,0.,0.));
#11510=DIRECTION('ref_axis',(0.,0.,-1.));
#11511=DIRECTION('',(0.,0.,1.));
#11512=DIRECTION('',(0.,0.,1.));
#11513=DIRECTION('',(0.,1.,0.));
#11514=DIRECTION('center_axis',(1.,0.,0.));
#11515=DIRECTION('ref_axis',(0.,0.,-1.));
#11516=DIRECTION('',(0.,0.,-1.));
#11517=DIRECTION('',(0.,0.,1.));
#11518=DIRECTION('',(0.,1.,0.));
#11519=DIRECTION('center_axis',(-0.707106781186548,0.,-0.707106781186548));
#11520=DIRECTION('ref_axis',(0.707106781186548,0.,-0.707106781186548));
#11521=DIRECTION('',(0.,-1.,0.));
#11522=DIRECTION('',(0.707106781186547,0.,-0.707106781186547));
#11523=DIRECTION('',(-0.707106781186547,0.,0.707106781186547));
#11524=DIRECTION('center_axis',(-0.707106781186548,0.,-0.707106781186548));
#11525=DIRECTION('ref_axis',(0.707106781186548,0.,-0.707106781186548));
#11526=DIRECTION('',(0.707106781186547,0.,-0.707106781186547));
#11527=DIRECTION('',(0.,-1.,0.));
#11528=DIRECTION('',(0.707106781186547,0.,-0.707106781186547));
#11529=DIRECTION('center_axis',(0.,-1.,0.));
#11530=DIRECTION('ref_axis',(1.,0.,0.));
#11531=DIRECTION('',(0.,0.,-1.));
#11532=DIRECTION('',(1.,0.,0.));
#11533=DIRECTION('',(0.,0.,-1.));
#11534=DIRECTION('',(1.,0.,0.));
#11535=DIRECTION('',(0.,0.,-1.));
#11536=DIRECTION('',(-1.,0.,0.));
#11537=DIRECTION('',(0.,0.,1.));
#11538=DIRECTION('',(-1.,0.,0.));
#11539=DIRECTION('',(0.,0.,-1.));
#11540=DIRECTION('',(-0.226129707199292,0.,0.974097200243365));
#11541=DIRECTION('center_axis',(0.,-1.,0.));
#11542=DIRECTION('ref_axis',(1.,0.,0.));
#11543=DIRECTION('',(-1.,0.,0.));
#11544=DIRECTION('',(0.,0.,1.));
#11545=DIRECTION('',(-1.,0.,0.));
#11546=DIRECTION('',(0.,0.,1.));
#11547=DIRECTION('',(1.,0.,0.));
#11548=DIRECTION('',(0.,0.,-1.));
#11549=DIRECTION('',(1.,0.,0.));
#11550=DIRECTION('',(0.,0.,-1.));
#11551=DIRECTION('',(1.,0.,0.));
#11552=DIRECTION('',(0.,0.,-1.));
#11553=DIRECTION('',(-0.707106781186547,0.,-0.707106781186547));
#11554=DIRECTION('',(-0.226129707199292,0.,-0.974097200243365));
#11555=DIRECTION('',(0.,0.,1.));
#11556=DIRECTION('center_axis',(-0.974097200243343,0.,-0.226129707199387));
#11557=DIRECTION('ref_axis',(-0.226129707199387,0.,0.974097200243343));
#11558=DIRECTION('',(-0.226129707199292,0.,0.974097200243365));
#11559=DIRECTION('',(0.,1.,0.));
#11560=DIRECTION('',(0.,1.,0.));
#11561=DIRECTION('center_axis',(-1.,0.,0.));
#11562=DIRECTION('ref_axis',(0.,0.,1.));
#11563=DIRECTION('',(0.,-1.,0.));
#11564=DIRECTION('',(0.,0.,1.));
#11565=DIRECTION('center_axis',(0.,1.,0.));
#11566=DIRECTION('ref_axis',(-1.,0.,0.));
#11567=DIRECTION('',(1.,0.,0.));
#11568=DIRECTION('',(0.,0.,1.));
#11569=DIRECTION('',(-1.,0.,0.));
#11570=DIRECTION('',(0.,0.,-1.));
#11571=DIRECTION('',(-1.,0.,0.));
#11572=DIRECTION('',(0.,0.,-1.));
#11573=DIRECTION('',(-1.,0.,0.));
#11574=DIRECTION('',(0.,0.,-1.));
#11575=DIRECTION('center_axis',(0.,1.,0.));
#11576=DIRECTION('ref_axis',(-1.,0.,0.));
#11577=DIRECTION('',(0.,0.,1.));
#11578=DIRECTION('',(-1.,0.,0.));
#11579=DIRECTION('',(0.,0.,-1.));
#11580=DIRECTION('',(-1.,0.,0.));
#11581=DIRECTION('',(0.,0.,-1.));
#11582=DIRECTION('',(-1.,0.,0.));
#11583=DIRECTION('',(0.,0.,1.));
#11584=DIRECTION('',(1.,0.,0.));
#11585=DIRECTION('',(0.,0.,1.));
#11586=DIRECTION('',(1.,0.,0.));
#11587=DIRECTION('',(0.,0.,-1.));
#11588=DIRECTION('',(-0.226129707199292,0.,-0.974097200243365));
#11589=DIRECTION('',(0.707106781186547,0.,0.707106781186547));
#11590=DIRECTION('center_axis',(1.,0.,0.));
#11591=DIRECTION('ref_axis',(0.,1.,0.));
#11592=DIRECTION('',(0.,1.,0.));
#11593=DIRECTION('center_axis',(0.,0.,1.));
#11594=DIRECTION('ref_axis',(1.,0.,0.));
#11595=DIRECTION('',(0.,-1.,0.));
#11596=DIRECTION('',(0.,1.,0.));
#11597=DIRECTION('',(-1.,0.,0.));
#11598=DIRECTION('',(0.,-1.,0.));
#11599=DIRECTION('',(-1.,0.,0.));
#11600=DIRECTION('',(0.,1.,0.));
#11601=DIRECTION('center_axis',(0.,0.,1.));
#11602=DIRECTION('ref_axis',(1.,0.,0.));
#11603=DIRECTION('',(0.,1.,0.));
#11604=DIRECTION('',(-1.,0.,0.));
#11605=DIRECTION('',(0.,-1.,0.));
#11606=DIRECTION('',(-1.,0.,0.));
#11607=DIRECTION('',(0.,1.,0.));
#11608=DIRECTION('center_axis',(-1.,0.,0.));
#11609=DIRECTION('ref_axis',(0.,1.,0.));
#11610=DIRECTION('',(0.,0.,1.));
#11611=DIRECTION('',(0.,0.,1.));
#11612=DIRECTION('',(0.,1.,0.));
#11613=DIRECTION('',(0.,0.,1.));
#11614=DIRECTION('',(0.,1.,0.));
#11615=DIRECTION('',(0.,0.,1.));
#11616=DIRECTION('',(0.,1.,0.));
#11617=DIRECTION('',(0.,0.,-1.));
#11618=DIRECTION('',(0.,-1.,0.));
#11619=DIRECTION('',(0.,0.,-1.));
#11620=DIRECTION('',(0.,1.,0.));
#11621=DIRECTION('',(0.,0.,1.));
#11622=DIRECTION('',(0.,1.,0.));
#11623=DIRECTION('',(0.,0.,1.));
#11624=DIRECTION('',(0.,1.,0.));
#11625=DIRECTION('center_axis',(0.,0.,-1.));
#11626=DIRECTION('ref_axis',(1.,0.,0.));
#11627=DIRECTION('',(1.,0.,0.));
#11628=DIRECTION('',(0.,-1.,0.));
#11629=DIRECTION('',(1.,0.,0.));
#11630=DIRECTION('',(1.,0.,0.));
#11631=DIRECTION('',(0.,-1.,0.));
#11632=DIRECTION('',(-1.,0.,0.));
#11633=DIRECTION('',(0.,-1.,0.));
#11634=DIRECTION('',(-1.,0.,0.));
#11635=DIRECTION('',(0.,1.,0.));
#11636=DIRECTION('',(1.,0.,0.));
#11637=DIRECTION('',(1.,0.,0.));
#11638=DIRECTION('',(0.,-1.,0.));
#11639=DIRECTION('',(1.,0.,0.));
#11640=DIRECTION('',(0.,-1.,0.));
#11641=DIRECTION('center_axis',(1.,0.,0.));
#11642=DIRECTION('ref_axis',(0.,-1.,0.));
#11643=DIRECTION('',(0.,-1.,0.));
#11644=DIRECTION('center_axis',(0.,0.,-1.));
#11645=DIRECTION('ref_axis',(-1.,0.,0.));
#11646=DIRECTION('',(0.,-1.,0.));
#11647=DIRECTION('center_axis',(1.,0.,0.));
#11648=DIRECTION('ref_axis',(0.,-1.,0.));
#11649=DIRECTION('',(0.,-1.,0.));
#11650=DIRECTION('center_axis',(0.,0.,-1.));
#11651=DIRECTION('ref_axis',(1.,0.,0.));
#11652=DIRECTION('',(0.,-1.,0.));
#11653=DIRECTION('center_axis',(1.,0.,0.));
#11654=DIRECTION('ref_axis',(0.,0.,-1.));
#11655=DIRECTION('',(0.,1.,0.));
#11656=DIRECTION('center_axis',(0.974097200243343,0.,-0.226129707199387));
#11657=DIRECTION('ref_axis',(-0.226129707199387,0.,-0.974097200243343));
#11658=DIRECTION('',(0.,1.,0.));
#11659=DIRECTION('center_axis',(0.,0.,-1.));
#11660=DIRECTION('ref_axis',(0.,-1.,0.));
#11661=DIRECTION('',(-1.,0.,0.));
#11662=DIRECTION('',(0.,-1.,0.));
#11663=DIRECTION('',(1.,0.,0.));
#11664=DIRECTION('',(0.,1.,0.));
#11665=DIRECTION('',(1.,0.,0.));
#11666=DIRECTION('',(0.,-1.,0.));
#11667=DIRECTION('center_axis',(0.,0.,-1.));
#11668=DIRECTION('ref_axis',(0.,-1.,0.));
#11669=DIRECTION('',(0.,-1.,0.));
#11670=DIRECTION('',(1.,0.,0.));
#11671=DIRECTION('',(0.,1.,0.));
#11672=DIRECTION('',(-1.,0.,0.));
#11673=DIRECTION('',(0.,1.,0.));
#11674=DIRECTION('',(1.,0.,0.));
#11675=DIRECTION('center_axis',(0.,0.,-1.));
#11676=DIRECTION('ref_axis',(0.,-1.,0.));
#11677=DIRECTION('',(1.,0.,0.));
#11678=DIRECTION('',(0.,-1.,0.));
#11679=DIRECTION('',(-1.,0.,0.));
#11680=DIRECTION('',(0.,-1.,0.));
#11681=DIRECTION('',(1.,0.,0.));
#11682=DIRECTION('',(-1.,0.,0.));
#11683=DIRECTION('center_axis',(0.,0.,-1.));
#11684=DIRECTION('ref_axis',(0.,-1.,0.));
#11685=DIRECTION('',(0.,-1.,0.));
#11686=DIRECTION('',(-1.,0.,0.));
#11687=DIRECTION('',(1.,0.,0.));
#11688=DIRECTION('',(0.,1.,0.));
#11689=DIRECTION('',(-1.,0.,0.));
#11690=DIRECTION('',(0.,-1.,0.));
#11691=DIRECTION('',(1.,0.,0.));
#11692=DIRECTION('',(0.,-1.,0.));
#11693=DIRECTION('center_axis',(-1.,0.,0.));
#11694=DIRECTION('ref_axis',(0.,-1.,0.));
#11695=DIRECTION('',(0.,0.,-1.));
#11696=DIRECTION('',(0.,-1.,0.));
#11697=DIRECTION('',(0.,0.,1.));
#11698=DIRECTION('center_axis',(0.,1.,0.));
#11699=DIRECTION('ref_axis',(-1.,0.,0.));
#11700=DIRECTION('',(-1.,0.,0.));
#11701=DIRECTION('',(0.,0.,1.));
#11702=DIRECTION('center_axis',(-1.,0.,0.));
#11703=DIRECTION('ref_axis',(0.,-1.,0.));
#11704=DIRECTION('',(0.,0.,1.));
#11705=DIRECTION('',(0.,1.,0.));
#11706=DIRECTION('center_axis',(0.,0.,1.));
#11707=DIRECTION('ref_axis',(1.,0.,0.));
#11708=DIRECTION('',(1.,0.,0.));
#11709=DIRECTION('',(0.,1.,0.));
#11710=DIRECTION('',(-1.,0.,0.));
#11711=DIRECTION('',(0.,1.,0.));
#11712=DIRECTION('',(-1.,0.,0.));
#11713=DIRECTION('',(1.,0.,0.));
#11714=DIRECTION('',(-1.,0.,0.));
#11715=DIRECTION('',(0.,-1.,0.));
#11716=DIRECTION('',(1.,0.,0.));
#11717=DIRECTION('',(0.,1.,0.));
#11718=DIRECTION('',(1.,0.,0.));
#11719=DIRECTION('',(0.,1.,0.));
#11720=DIRECTION('',(1.,0.,0.));
#11721=DIRECTION('',(0.,1.,0.));
#11722=DIRECTION('',(-1.,0.,0.));
#11723=DIRECTION('',(0.,1.,0.));
#11724=DIRECTION('',(1.,0.,0.));
#11725=DIRECTION('',(1.,0.,0.));
#11726=DIRECTION('',(0.,1.,0.));
#11727=DIRECTION('center_axis',(1.,0.,0.));
#11728=DIRECTION('ref_axis',(0.,1.,0.));
#11729=DIRECTION('',(0.,0.,1.));
#11730=DIRECTION('',(0.,0.,1.));
#11731=DIRECTION('center_axis',(0.,-1.,0.));
#11732=DIRECTION('ref_axis',(1.,0.,0.));
#11733=DIRECTION('center_axis',(0.,-1.,0.));
#11734=DIRECTION('ref_axis',(1.,0.,0.));
#11735=DIRECTION('',(1.,0.,0.));
#11736=DIRECTION('',(-0.00872653549837375,0.,-0.999961923064171));
#11737=DIRECTION('',(0.,0.,1.));
#11738=DIRECTION('',(0.,0.,1.));
#11739=DIRECTION('',(0.,0.,1.));
#11740=DIRECTION('',(0.,0.,1.));
#11741=DIRECTION('',(-0.00872653549837375,0.,0.999961923064171));
#11742=DIRECTION('center_axis',(-0.999961923064171,0.,-0.00872653549837375));
#11743=DIRECTION('ref_axis',(0.,-1.,0.));
#11744=DIRECTION('',(-0.00872653549837375,0.,0.999961923064171));
#11745=DIRECTION('',(0.,1.,0.));
#11746=DIRECTION('',(0.00872653549837375,0.,-0.999961923064171));
#11747=DIRECTION('',(0.,1.,0.));
#11748=DIRECTION('center_axis',(0.,0.,-1.));
#11749=DIRECTION('ref_axis',(1.,0.,0.));
#11750=DIRECTION('',(0.,1.,0.));
#11751=DIRECTION('',(1.,0.,0.));
#11752=DIRECTION('center_axis',(0.999961923064171,0.,-0.00872653549837375));
#11753=DIRECTION('ref_axis',(0.,1.,0.));
#11754=DIRECTION('',(0.00872653549837375,0.,0.999961923064171));
#11755=DIRECTION('',(0.,1.,0.));
#11756=DIRECTION('',(-0.00872653549837375,0.,-0.999961923064171));
#11757=DIRECTION('center_axis',(0.,-1.,0.));
#11758=DIRECTION('ref_axis',(0.,0.,1.));
#11759=DIRECTION('',(-1.,0.,0.));
#11760=DIRECTION('',(0.,0.,-1.));
#11761=DIRECTION('',(1.,0.,0.));
#11762=DIRECTION('',(0.707106781186547,0.,0.707106781186547));
#11763=DIRECTION('',(0.,0.,1.));
#11764=DIRECTION('center_axis',(0.,-1.,0.));
#11765=DIRECTION('ref_axis',(0.,0.,1.));
#11766=DIRECTION('',(1.,0.,0.));
#11767=DIRECTION('center_axis',(-1.,0.,0.));
#11768=DIRECTION('ref_axis',(0.,0.,-1.));
#11769=DIRECTION('',(0.,0.,1.));
#11770=DIRECTION('',(0.,1.,0.));
#11771=DIRECTION('',(0.,-1.,0.));
#11772=DIRECTION('center_axis',(-1.,0.,0.));
#11773=DIRECTION('ref_axis',(0.,0.,-1.));
#11774=DIRECTION('',(0.,1.,0.));
#11775=DIRECTION('',(0.,-1.,0.));
#11776=DIRECTION('center_axis',(0.707106781186548,0.,-0.707106781186548));
#11777=DIRECTION('ref_axis',(0.707106781186548,0.,0.707106781186548));
#11778=DIRECTION('center_axis',(0.707106781186548,0.,-0.707106781186548));
#11779=DIRECTION('ref_axis',(0.707106781186548,0.,0.707106781186548));
#11780=DIRECTION('',(0.707106781186547,0.,0.707106781186547));
#11781=DIRECTION('center_axis',(0.,1.,0.));
#11782=DIRECTION('ref_axis',(0.,0.,-1.));
#11783=DIRECTION('',(1.,0.,0.));
#11784=DIRECTION('',(0.,0.,1.));
#11785=DIRECTION('',(-1.,0.,0.));
#11786=DIRECTION('',(0.,0.,-1.));
#11787=DIRECTION('',(-1.,0.,0.));
#11788=DIRECTION('',(0.,0.,-1.));
#11789=DIRECTION('center_axis',(1.,0.,0.));
#11790=DIRECTION('ref_axis',(0.,1.,0.));
#11791=DIRECTION('',(0.,1.,0.));
#11792=DIRECTION('',(0.,0.,-1.));
#11793=DIRECTION('',(0.,0.,1.));
#11794=DIRECTION('center_axis',(0.,1.,0.));
#11795=DIRECTION('ref_axis',(-1.,0.,0.));
#11796=DIRECTION('',(0.,0.,1.));
#11797=DIRECTION('center_axis',(-1.,0.,0.));
#11798=DIRECTION('ref_axis',(0.,-1.,0.));
#11799=DIRECTION('center_axis',(0.,1.,0.));
#11800=DIRECTION('ref_axis',(-1.,0.,0.));
#11801=DIRECTION('',(1.,0.,0.));
#11802=DIRECTION('',(0.,0.,-1.));
#11803=DIRECTION('',(0.,0.,-1.));
#11804=DIRECTION('center_axis',(0.,1.,0.));
#11805=DIRECTION('ref_axis',(-1.,0.,0.));
#11806=DIRECTION('',(1.,0.,0.));
#11807=DIRECTION('',(0.,0.,-1.));
#11808=DIRECTION('center_axis',(-1.,0.,0.));
#11809=DIRECTION('ref_axis',(0.,-1.,0.));
#11810=DIRECTION('',(0.,0.,-1.));
#11811=DIRECTION('',(0.,-1.,0.));
#11812=DIRECTION('',(0.,0.,-1.));
#11813=DIRECTION('',(0.,-1.,0.));
#11814=DIRECTION('center_axis',(0.,0.,1.));
#11815=DIRECTION('ref_axis',(1.,0.,0.));
#11816=DIRECTION('',(1.,0.,0.));
#11817=DIRECTION('',(0.,-1.,0.));
#11818=DIRECTION('',(-1.,0.,0.));
#11819=DIRECTION('',(0.,-1.,0.));
#11820=DIRECTION('',(-1.,0.,0.));
#11821=DIRECTION('',(0.,1.,0.));
#11822=DIRECTION('',(-1.,0.,0.));
#11823=DIRECTION('',(0.,1.,0.));
#11824=DIRECTION('',(1.,0.,0.));
#11825=DIRECTION('',(0.,1.,0.));
#11826=DIRECTION('',(0.,-1.,0.));
#11827=DIRECTION('center_axis',(-1.,0.,0.));
#11828=DIRECTION('ref_axis',(0.,-1.,0.));
#11829=DIRECTION('',(0.,0.,1.));
#11830=DIRECTION('center_axis',(0.,1.,0.));
#11831=DIRECTION('ref_axis',(-1.,0.,0.));
#11832=DIRECTION('',(0.,0.,1.));
#11833=DIRECTION('center_axis',(1.,0.,0.));
#11834=DIRECTION('ref_axis',(0.,1.,0.));
#11835=DIRECTION('center_axis',(1.,0.,0.));
#11836=DIRECTION('ref_axis',(0.,1.,0.));
#11837=DIRECTION('',(0.,0.,-1.));
#11838=DIRECTION('',(0.,1.,0.));
#11839=DIRECTION('',(0.,0.,-1.));
#11840=DIRECTION('center_axis',(0.,-1.,0.));
#11841=DIRECTION('ref_axis',(1.,0.,0.));
#11842=DIRECTION('',(1.,0.,0.));
#11843=DIRECTION('',(0.,0.,1.));
#11844=DIRECTION('',(0.,0.,1.));
#11845=DIRECTION('',(1.,0.,0.));
#11846=DIRECTION('center_axis',(0.,0.,1.));
#11847=DIRECTION('ref_axis',(1.,0.,0.));
#11848=DIRECTION('',(1.,0.,0.));
#11849=DIRECTION('',(0.,1.,0.));
#11850=DIRECTION('',(-1.,0.,0.));
#11851=DIRECTION('',(0.,1.,0.));
#11852=DIRECTION('',(-1.,0.,0.));
#11853=DIRECTION('',(0.,1.,0.));
#11854=DIRECTION('center_axis',(0.,0.,1.));
#11855=DIRECTION('ref_axis',(1.,0.,0.));
#11856=DIRECTION('',(-1.,0.,0.));
#11857=DIRECTION('',(0.,-1.,0.));
#11858=DIRECTION('',(-1.,0.,0.));
#11859=DIRECTION('',(0.,-1.,0.));
#11860=DIRECTION('',(1.,0.,0.));
#11861=DIRECTION('',(0.,1.,0.));
#11862=DIRECTION('center_axis',(1.,0.,0.));
#11863=DIRECTION('ref_axis',(0.,1.,0.));
#11864=DIRECTION('',(0.,0.,1.));
#11865=DIRECTION('',(0.,1.,-4.189196823996E-14));
#11866=DIRECTION('center_axis',(0.,0.,1.));
#11867=DIRECTION('ref_axis',(0.,1.,0.));
#11868=DIRECTION('center_axis',(0.,0.,1.));
#11869=DIRECTION('ref_axis',(0.,1.,0.));
#11870=DIRECTION('',(0.,0.,1.));
#11871=DIRECTION('center_axis',(0.,0.,1.));
#11872=DIRECTION('ref_axis',(0.555555555555585,-0.831479419283078,0.));
#11873=DIRECTION('',(0.,0.,1.));
#11874=DIRECTION('center_axis',(0.,0.,1.));
#11875=DIRECTION('ref_axis',(0.,1.,0.));
#11876=DIRECTION('',(0.,0.,1.));
#11877=DIRECTION('center_axis',(0.,-4.189196823996E-14,-1.));
#11878=DIRECTION('ref_axis',(0.,1.,0.));
#11879=DIRECTION('center_axis',(0.,0.,-1.));
#11880=DIRECTION('ref_axis',(-1.,-5.37960267318149E-14,0.));
#11881=DIRECTION('center_axis',(0.,0.,1.));
#11882=DIRECTION('ref_axis',(-0.927152317880801,-0.3746846399951,0.));
#11883=DIRECTION('center_axis',(0.,0.,1.));
#11884=DIRECTION('ref_axis',(0.463576158940418,0.886057077654735,0.));
#11885=DIRECTION('center_axis',(0.,0.,-1.));
#11886=DIRECTION('ref_axis',(1.,0.,0.));
#11887=DIRECTION('',(1.,0.,0.));
#11888=DIRECTION('',(0.,-1.,0.));
#11889=DIRECTION('',(0.,-1.,0.));
#11890=DIRECTION('center_axis',(0.,0.,-1.));
#11891=DIRECTION('ref_axis',(1.,0.,0.));
#11892=DIRECTION('',(0.,-1.,0.));
#11893=DIRECTION('',(1.,0.,0.));
#11894=DIRECTION('',(0.,-1.,0.));
#11895=DIRECTION('center_axis',(1.,0.,0.));
#11896=DIRECTION('ref_axis',(0.,0.,1.));
#11897=DIRECTION('',(0.,0.,1.));
#11898=DIRECTION('',(0.,-1.,0.));
#11899=DIRECTION('',(0.,0.,1.));
#11900=DIRECTION('center_axis',(1.,0.,0.));
#11901=DIRECTION('ref_axis',(0.,0.,1.));
#11902=DIRECTION('',(0.,1.,0.));
#11903=DIRECTION('',(0.,0.,1.));
#11904=DIRECTION('center_axis',(1.,0.,0.));
#11905=DIRECTION('ref_axis',(0.,0.,1.));
#11906=DIRECTION('',(0.,0.,1.));
#11907=DIRECTION('',(0.,1.,0.));
#11908=DIRECTION('center_axis',(0.,1.,0.));
#11909=DIRECTION('ref_axis',(-1.,0.,0.));
#11910=DIRECTION('',(1.,0.,0.));
#11911=DIRECTION('',(-0.371390676354086,0.,0.928476690885266));
#11912=DIRECTION('',(0.,0.,-1.));
#11913=DIRECTION('',(1.,0.,0.));
#11914=DIRECTION('',(0.,0.,-1.));
#11915=DIRECTION('',(0.,0.,1.));
#11916=DIRECTION('',(0.894427190999896,0.,0.447213595499998));
#11917=DIRECTION('',(1.,0.,0.));
#11918=DIRECTION('',(0.,0.,-1.));
#11919=DIRECTION('',(1.,0.,0.));
#11920=DIRECTION('',(0.,0.,1.));
#11921=DIRECTION('center_axis',(0.,-1.,0.));
#11922=DIRECTION('ref_axis',(-0.374999999999985,0.,0.927024810886964));
#11923=DIRECTION('',(0.,0.,1.));
#11924=DIRECTION('center_axis',(-1.,0.,0.));
#11925=DIRECTION('ref_axis',(0.,0.,1.));
#11926=DIRECTION('',(0.,0.,1.));
#11927=DIRECTION('',(0.,1.,0.));
#11928=DIRECTION('',(0.,0.,-1.));
#11929=DIRECTION('',(0.,0.,1.));
#11930=DIRECTION('',(0.,1.,0.));
#11931=DIRECTION('',(0.,-1.,0.));
#11932=DIRECTION('center_axis',(0.,-1.,0.));
#11933=DIRECTION('ref_axis',(0.,0.,1.));
#11934=DIRECTION('',(0.,-1.,0.));
#11935=DIRECTION('center_axis',(0.,1.,0.));
#11936=DIRECTION('ref_axis',(-1.,0.,0.));
#11937=DIRECTION('center_axis',(0.,-1.,0.));
#11938=DIRECTION('ref_axis',(-1.,0.,0.));
#11939=DIRECTION('',(0.,0.,-1.));
#11940=DIRECTION('',(-1.,0.,0.));
#11941=DIRECTION('',(0.,0.,1.));
#11942=DIRECTION('',(0.,0.,-1.));
#11943=DIRECTION('',(1.,0.,0.));
#11944=DIRECTION('',(0.,0.,1.));
#11945=DIRECTION('',(-1.,0.,0.));
#11946=DIRECTION('center_axis',(0.,0.,-1.));
#11947=DIRECTION('ref_axis',(0.,1.,0.));
#11948=DIRECTION('',(1.,0.,0.));
#11949=DIRECTION('',(0.,-1.,0.));
#11950=DIRECTION('',(0.,-1.,0.));
#11951=DIRECTION('center_axis',(0.,0.,-1.));
#11952=DIRECTION('ref_axis',(0.,1.,0.));
#11953=DIRECTION('',(1.,0.,0.));
#11954=DIRECTION('',(0.,1.,0.));
#11955=DIRECTION('center_axis',(-1.,0.,0.));
#11956=DIRECTION('ref_axis',(0.,0.,-1.));
#11957=DIRECTION('',(0.,0.,-1.));
#11958=DIRECTION('',(0.,-1.,0.));
#11959=DIRECTION('',(0.,0.,1.));
#11960=DIRECTION('',(0.,-1.,0.));
#11961=DIRECTION('center_axis',(-0.928476690885266,0.,-0.371390676354086));
#11962=DIRECTION('ref_axis',(0.,-1.,0.));
#11963=DIRECTION('',(-0.371390676354086,0.,0.928476690885266));
#11964=DIRECTION('',(-0.371390676354086,0.,0.928476690885266));
#11965=DIRECTION('',(0.,-1.,0.));
#11966=DIRECTION('center_axis',(0.,0.,-1.));
#11967=DIRECTION('ref_axis',(1.,0.,0.));
#11968=DIRECTION('',(0.,-1.,0.));
#11969=DIRECTION('',(1.,0.,0.));
#11970=DIRECTION('',(-1.,0.,0.));
#11971=DIRECTION('center_axis',(1.,0.,0.));
#11972=DIRECTION('ref_axis',(0.,0.,1.));
#11973=DIRECTION('',(0.,0.,1.));
#11974=DIRECTION('',(0.,0.,-1.));
#11975=DIRECTION('',(0.,0.,1.));
#11976=DIRECTION('',(0.,-1.,0.));
#11977=DIRECTION('center_axis',(0.,-1.,0.));
#11978=DIRECTION('ref_axis',(0.,0.,1.));
#11979=DIRECTION('center_axis',(0.,1.,0.));
#11980=DIRECTION('ref_axis',(-1.,0.,0.));
#11981=DIRECTION('center_axis',(0.,-1.,0.));
#11982=DIRECTION('ref_axis',(-0.374999999999985,0.,0.927024810886964));
#11983=DIRECTION('',(0.,-1.,0.));
#11984=DIRECTION('center_axis',(1.,0.,0.));
#11985=DIRECTION('ref_axis',(0.,0.,1.));
#11986=DIRECTION('',(0.,0.,-1.));
#11987=DIRECTION('',(0.,-1.,0.));
#11988=DIRECTION('',(0.,0.,1.));
#11989=DIRECTION('center_axis',(0.,1.,0.));
#11990=DIRECTION('ref_axis',(-1.,0.,0.));
#11991=DIRECTION('',(1.,0.,0.));
#11992=DIRECTION('',(0.,0.,-1.));
#11993=DIRECTION('',(1.,0.,0.));
#11994=DIRECTION('',(0.894427190999896,0.,0.447213595499998));
#11995=DIRECTION('',(0.,0.,1.));
#11996=DIRECTION('',(0.,0.,-1.));
#11997=DIRECTION('',(1.,0.,0.));
#11998=DIRECTION('center_axis',(0.,0.,-1.));
#11999=DIRECTION('ref_axis',(1.,0.,0.));
#12000=DIRECTION('',(0.,-1.,0.));
#12001=DIRECTION('',(1.,0.,0.));
#12002=DIRECTION('center_axis',(0.,1.,0.));
#12003=DIRECTION('ref_axis',(1.,0.,0.));
#12004=DIRECTION('',(0.,0.,-1.));
#12005=DIRECTION('',(0.,0.,1.));
#12006=DIRECTION('',(-1.,0.,0.));
#12007=DIRECTION('center_axis',(0.,0.,1.));
#12008=DIRECTION('ref_axis',(1.,0.,0.));
#12009=DIRECTION('',(0.,1.,0.));
#12010=DIRECTION('',(0.,1.,0.));
#12011=DIRECTION('',(0.,-1.,0.));
#12012=DIRECTION('center_axis',(0.,0.,1.));
#12013=DIRECTION('ref_axis',(1.,0.,0.));
#12014=DIRECTION('',(0.,-1.,0.));
#12015=DIRECTION('',(0.,1.,0.));
#12016=DIRECTION('center_axis',(1.,0.,0.));
#12017=DIRECTION('ref_axis',(0.,-1.,0.));
#12018=DIRECTION('',(0.,0.,-1.));
#12019=DIRECTION('',(0.,-1.,0.));
#12020=DIRECTION('',(0.,0.,-1.));
#12021=DIRECTION('center_axis',(0.,-1.,0.));
#12022=DIRECTION('ref_axis',(-1.,0.,0.));
#12023=DIRECTION('',(0.,0.,1.));
#12024=DIRECTION('',(0.554700196225229,0.,0.832050294337844));
#12025=DIRECTION('center_axis',(0.,-1.,0.));
#12026=DIRECTION('ref_axis',(-1.,0.,0.));
#12027=DIRECTION('',(0.554700196225229,0.,-0.832050294337844));
#12028=DIRECTION('',(0.,0.,-1.));
#12029=DIRECTION('center_axis',(0.832050294337844,0.,-0.554700196225229));
#12030=DIRECTION('ref_axis',(0.554700196225229,0.,0.832050294337844));
#12031=DIRECTION('',(0.,-1.,0.));
#12032=DIRECTION('',(0.554700196225229,0.,0.832050294337844));
#12033=DIRECTION('center_axis',(0.,-1.,0.));
#12034=DIRECTION('ref_axis',(-1.,0.,0.));
#12035=DIRECTION('',(0.,0.,1.));
#12036=DIRECTION('center_axis',(0.,-1.,0.));
#12037=DIRECTION('ref_axis',(-1.,0.,0.));
#12038=DIRECTION('',(0.,0.,-1.));
#12039=DIRECTION('',(0.554700196225229,0.,-0.832050294337844));
#12040=DIRECTION('center_axis',(1.,0.,0.));
#12041=DIRECTION('ref_axis',(0.,0.,1.));
#12042=DIRECTION('center_axis',(-0.832050294337844,0.,-0.554700196225229));
#12043=DIRECTION('ref_axis',(0.554700196225229,0.,-0.832050294337844));
#12044=DIRECTION('',(0.,-1.,0.));
#12045=DIRECTION('center_axis',(-1.,0.,0.));
#12046=DIRECTION('ref_axis',(0.,0.,-1.));
#12047=DIRECTION('center_axis',(-1.,0.,0.));
#12048=DIRECTION('ref_axis',(0.,1.,0.));
#12049=DIRECTION('',(0.,1.,0.));
#12050=DIRECTION('center_axis',(0.,0.,-1.));
#12051=DIRECTION('ref_axis',(-1.,0.,0.));
#12052=DIRECTION('',(0.,-1.,0.));
#12053=DIRECTION('',(0.,1.,0.));
#12054=DIRECTION('center_axis',(-1.,0.,0.));
#12055=DIRECTION('ref_axis',(0.,1.,0.));
#12056=DIRECTION('',(0.,1.,0.));
#12057=DIRECTION('center_axis',(0.,0.,-1.));
#12058=DIRECTION('ref_axis',(1.,0.,0.));
#12059=DIRECTION('center_axis',(-1.,0.,0.));
#12060=DIRECTION('ref_axis',(0.,1.,0.));
#12061=DIRECTION('center_axis',(-1.,0.,0.));
#12062=DIRECTION('ref_axis',(0.,0.,1.));
#12063=DIRECTION('center_axis',(-1.,0.,0.));
#12064=DIRECTION('ref_axis',(0.,0.,-1.));
#12065=DIRECTION('center_axis',(1.,0.,0.));
#12066=DIRECTION('ref_axis',(0.,0.,1.));
#12067=DIRECTION('',(0.,-1.,0.));
#12068=DIRECTION('center_axis',(0.447213595499998,0.,-0.894427190999896));
#12069=DIRECTION('ref_axis',(0.894427190999896,0.,0.447213595499998));
#12070=DIRECTION('center_axis',(1.,0.,0.));
#12071=DIRECTION('ref_axis',(0.,0.,-1.));
#12072=DIRECTION('',(0.,1.,0.));
#12073=DIRECTION('',(0.,1.,0.));
#12074=DIRECTION('center_axis',(0.928476690885266,0.,0.371390676354086));
#12075=DIRECTION('ref_axis',(0.,1.,0.));
#12076=DIRECTION('',(0.371390676354086,0.,-0.928476690885266));
#12077=DIRECTION('',(-0.371390676354086,0.,0.928476690885266));
#12078=DIRECTION('',(0.,1.,0.));
#12079=DIRECTION('center_axis',(0.,0.,1.));
#12080=DIRECTION('ref_axis',(1.,0.,0.));
#12081=DIRECTION('',(1.,0.,0.));
#12082=DIRECTION('center_axis',(0.,1.,0.));
#12083=DIRECTION('ref_axis',(1.,0.,0.));
#12084=DIRECTION('',(-1.,0.,0.));
#12085=DIRECTION('center_axis',(0.,0.,1.));
#12086=DIRECTION('ref_axis',(1.,0.,0.));
#12087=DIRECTION('',(0.,1.,0.));
#12088=DIRECTION('center_axis',(1.,0.,0.));
#12089=DIRECTION('ref_axis',(0.,0.,-1.));
#12090=DIRECTION('center_axis',(-1.,0.,0.));
#12091=DIRECTION('ref_axis',(0.,-1.,0.));
#12092=DIRECTION('',(0.,-1.,4.189196823996E-14));
#12093=DIRECTION('',(0.,0.,1.));
#12094=DIRECTION('center_axis',(0.,1.,0.));
#12095=DIRECTION('ref_axis',(-1.,0.,0.));
#12096=DIRECTION('',(0.,0.,-1.));
#12097=DIRECTION('',(0.,0.,-1.));
#12098=DIRECTION('center_axis',(1.,0.,0.));
#12099=DIRECTION('ref_axis',(0.,1.,0.));
#12100=DIRECTION('',(0.,0.,-1.));
#12101=DIRECTION('center_axis',(0.,1.,0.));
#12102=DIRECTION('ref_axis',(-1.,0.,0.));
#12103=DIRECTION('',(0.,0.,-1.));
#12104=DIRECTION('center_axis',(1.,0.,0.));
#12105=DIRECTION('ref_axis',(0.,1.,0.));
#12106=DIRECTION('',(0.,0.,-1.));
#12107=DIRECTION('center_axis',(0.,-1.,0.));
#12108=DIRECTION('ref_axis',(1.,0.,0.));
#12109=DIRECTION('center_axis',(-1.,0.,0.));
#12110=DIRECTION('ref_axis',(0.,-1.,0.));
#12111=DIRECTION('',(0.,0.,-1.));
#12112=DIRECTION('center_axis',(0.,1.,0.));
#12113=DIRECTION('ref_axis',(-1.,0.,0.));
#12114=DIRECTION('',(0.,0.,-1.));
#12115=DIRECTION('center_axis',(-1.,0.,0.));
#12116=DIRECTION('ref_axis',(0.,-1.,0.));
#12117=DIRECTION('',(0.,0.,-1.));
#12118=DIRECTION('center_axis',(0.,-1.,0.));
#12119=DIRECTION('ref_axis',(1.,0.,0.));
#12120=DIRECTION('center_axis',(0.,0.,-1.));
#12121=DIRECTION('ref_axis',(-1.,0.,0.));
#12122=DIRECTION('',(0.,-1.,0.));
#12123=DIRECTION('',(0.,-1.,0.));
#12124=DIRECTION('center_axis',(-1.,0.,0.));
#12125=DIRECTION('ref_axis',(0.,-1.,0.));
#12126=DIRECTION('',(0.,0.,1.));
#12127=DIRECTION('',(0.,0.,1.));
#12128=DIRECTION('',(0.,-1.,0.));
#12129=DIRECTION('',(0.,-1.,0.));
#12130=DIRECTION('',(0.,0.,-1.));
#12131=DIRECTION('center_axis',(0.,1.,0.));
#12132=DIRECTION('ref_axis',(-1.,0.,0.));
#12133=DIRECTION('',(-1.,0.,0.));
#12134=DIRECTION('',(0.,0.,1.));
#12135=DIRECTION('center_axis',(0.,-1.,0.));
#12136=DIRECTION('ref_axis',(0.,0.,1.));
#12137=DIRECTION('',(0.,0.,1.));
#12138=DIRECTION('',(-1.,0.,0.));
#12139=DIRECTION('',(-1.,0.,0.));
#12140=DIRECTION('center_axis',(0.,0.,1.));
#12141=DIRECTION('ref_axis',(1.,0.,0.));
#12142=DIRECTION('center_axis',(0.,0.,1.));
#12143=DIRECTION('ref_axis',(1.,0.,0.));
#12144=DIRECTION('',(1.,0.,0.));
#12145=DIRECTION('center_axis',(0.,0.,1.));
#12146=DIRECTION('ref_axis',(1.,0.,0.));
#12147=DIRECTION('',(1.,0.,0.));
#12148=DIRECTION('center_axis',(0.,0.,1.));
#12149=DIRECTION('ref_axis',(1.,0.,0.));
#12150=DIRECTION('',(0.,1.,0.));
#12151=DIRECTION('center_axis',(0.,0.,1.));
#12152=DIRECTION('ref_axis',(1.,0.,0.));
#12153=DIRECTION('',(0.,-1.,0.));
#12154=DIRECTION('',(-0.299826596740387,-0.953993716901258,0.));
#12155=DIRECTION('center_axis',(1.,0.,0.));
#12156=DIRECTION('ref_axis',(0.,1.,0.));
#12157=DIRECTION('center_axis',(-0.953993716901258,0.299826596740387,0.));
#12158=DIRECTION('ref_axis',(-0.299826596740387,-0.953993716901258,0.));
#12159=DIRECTION('',(0.,0.,1.));
#12160=DIRECTION('center_axis',(0.,0.,-1.));
#12161=DIRECTION('ref_axis',(-1.,0.,0.));
#12162=DIRECTION('',(0.,0.,-1.));
#12163=DIRECTION('center_axis',(0.,0.,-1.));
#12164=DIRECTION('ref_axis',(-1.,0.,0.));
#12165=DIRECTION('',(0.,0.,-1.));
#12166=DIRECTION('center_axis',(0.,1.,0.));
#12167=DIRECTION('ref_axis',(-1.,0.,0.));
#12168=DIRECTION('',(-1.,0.,0.));
#12169=DIRECTION('center_axis',(-1.,0.,0.));
#12170=DIRECTION('ref_axis',(0.,0.,1.));
#12171=DIRECTION('center_axis',(-1.,0.,0.));
#12172=DIRECTION('ref_axis',(0.,0.,1.));
#12173=DIRECTION('center_axis',(-0.707106781186547,0.,-0.707106781186548));
#12174=DIRECTION('ref_axis',(-0.707106781186547,0.,0.707106781186548));
#12175=DIRECTION('center_axis',(0.,-1.,0.));
#12176=DIRECTION('ref_axis',(0.,0.,1.));
#12177=DIRECTION('center_axis',(0.,-1.,0.));
#12178=DIRECTION('ref_axis',(0.,0.,1.));
#12179=DIRECTION('',(0.,-1.,0.));
#12180=DIRECTION('center_axis',(-1.,0.,0.));
#12181=DIRECTION('ref_axis',(0.,-1.,0.));
#12182=DIRECTION('center_axis',(-1.,0.,0.));
#12183=DIRECTION('ref_axis',(0.,-1.,0.));
#12184=DIRECTION('center_axis',(-1.,0.,0.));
#12185=DIRECTION('ref_axis',(0.,-1.,0.));
#12186=DIRECTION('',(0.,0.,1.));
#12187=DIRECTION('center_axis',(0.,-1.,0.));
#12188=DIRECTION('ref_axis',(1.,0.,0.));
#12189=DIRECTION('',(0.,0.,-1.));
#12190=DIRECTION('center_axis',(1.,0.,0.));
#12191=DIRECTION('ref_axis',(0.,1.,0.));
#12192=DIRECTION('',(0.,0.,1.));
#12193=DIRECTION('center_axis',(0.,1.,0.));
#12194=DIRECTION('ref_axis',(-1.,0.,0.));
#12195=DIRECTION('',(0.,0.,1.));
#12196=DIRECTION('center_axis',(1.,0.,0.));
#12197=DIRECTION('ref_axis',(0.,1.,0.));
#12198=DIRECTION('center_axis',(0.,1.,0.));
#12199=DIRECTION('ref_axis',(1.,0.,0.));
#12200=DIRECTION('',(0.,0.,1.));
#12201=DIRECTION('',(1.,0.,0.));
#12202=DIRECTION('center_axis',(0.,0.,-1.));
#12203=DIRECTION('ref_axis',(-1.,0.,0.));
#12204=DIRECTION('',(1.,0.,0.));
#12205=DIRECTION('',(0.,-1.,0.));
#12206=DIRECTION('',(-1.,0.,0.));
#12207=DIRECTION('center_axis',(0.,0.,-1.));
#12208=DIRECTION('ref_axis',(-1.,0.,0.));
#12209=DIRECTION('',(-1.,0.,0.));
#12210=DIRECTION('',(0.,-1.,0.));
#12211=DIRECTION('center_axis',(0.,-1.,0.));
#12212=DIRECTION('ref_axis',(-1.,0.,0.));
#12213=DIRECTION('',(0.,0.,1.));
#12214=DIRECTION('center_axis',(1.,0.,0.));
#12215=DIRECTION('ref_axis',(0.,-1.,0.));
#12216=DIRECTION('',(0.,0.,1.));
#12217=DIRECTION('center_axis',(0.,1.,0.));
#12218=DIRECTION('ref_axis',(1.,0.,0.));
#12219=DIRECTION('center_axis',(1.,0.,0.));
#12220=DIRECTION('ref_axis',(0.,-1.,0.));
#12221=DIRECTION('',(0.,0.,1.));
#12222=DIRECTION('center_axis',(0.,-1.,0.));
#12223=DIRECTION('ref_axis',(-1.,0.,0.));
#12224=DIRECTION('center_axis',(0.,-1.,0.));
#12225=DIRECTION('ref_axis',(1.,0.,0.));
#12226=DIRECTION('center_axis',(0.,-1.,0.));
#12227=DIRECTION('ref_axis',(1.,0.,0.));
#12228=DIRECTION('',(-1.,0.,0.));
#12229=DIRECTION('',(0.371390676354086,0.,-0.928476690885266));
#12230=DIRECTION('',(0.,0.,-1.));
#12231=DIRECTION('',(1.,0.,0.));
#12232=DIRECTION('center_axis',(0.,-1.,0.));
#12233=DIRECTION('ref_axis',(0.,0.,-1.));
#12234=DIRECTION('',(0.,0.,1.));
#12235=DIRECTION('',(-1.,0.,0.));
#12236=DIRECTION('center_axis',(1.,0.,0.));
#12237=DIRECTION('ref_axis',(0.,0.,-1.));
#12238=DIRECTION('',(0.,0.,1.));
#12239=DIRECTION('',(0.,1.,0.));
#12240=DIRECTION('',(0.,0.,-1.));
#12241=DIRECTION('',(0.,1.,0.));
#12242=DIRECTION('',(0.,0.,-1.));
#12243=DIRECTION('',(0.,-1.,0.));
#12244=DIRECTION('',(0.,0.,-1.));
#12245=DIRECTION('',(0.,1.,0.));
#12246=DIRECTION('center_axis',(0.,1.,0.));
#12247=DIRECTION('ref_axis',(0.,0.,1.));
#12248=DIRECTION('center_axis',(0.,1.,0.));
#12249=DIRECTION('ref_axis',(0.,0.,1.));
#12250=DIRECTION('',(0.,-1.,0.));
#12251=DIRECTION('center_axis',(0.,-1.,0.));
#12252=DIRECTION('ref_axis',(0.,0.,1.));
#12253=DIRECTION('',(0.,1.,0.));
#12254=DIRECTION('center_axis',(0.,1.,0.));
#12255=DIRECTION('ref_axis',(0.745355992499901,0.,0.666666666666699));
#12256=DIRECTION('center_axis',(0.,1.,0.));
#12257=DIRECTION('ref_axis',(0.,0.,1.));
#12258=DIRECTION('',(0.,1.,0.));
#12259=DIRECTION('center_axis',(0.,-1.,0.));
#12260=DIRECTION('ref_axis',(0.745355992499901,0.,0.666666666666699));
#12261=DIRECTION('center_axis',(0.,-1.,0.));
#12262=DIRECTION('ref_axis',(1.,0.,0.));
#12263=DIRECTION('',(0.,1.,0.));
#12264=DIRECTION('center_axis',(1.,0.,0.));
#12265=DIRECTION('ref_axis',(0.,-1.,0.));
#12266=DIRECTION('center_axis',(1.,0.,0.));
#12267=DIRECTION('ref_axis',(0.,0.975609756097553,0.219512195121989));
#12268=DIRECTION('',(0.,-1.,0.));
#12269=DIRECTION('center_axis',(1.,0.,0.));
#12270=DIRECTION('ref_axis',(0.,-1.,0.));
#12271=DIRECTION('',(1.,0.,0.));
#12272=DIRECTION('',(1.,0.,0.));
#12273=DIRECTION('center_axis',(0.,-1.,0.));
#12274=DIRECTION('ref_axis',(1.,0.,0.));
#12275=DIRECTION('center_axis',(0.,0.,-1.));
#12276=DIRECTION('ref_axis',(0.,-1.,0.));
#12277=DIRECTION('center_axis',(0.,0.,-1.));
#12278=DIRECTION('ref_axis',(-0.625,-0.7806247497998,0.));
#12279=DIRECTION('',(0.,-1.,0.));
#12280=DIRECTION('center_axis',(0.,0.,-1.));
#12281=DIRECTION('ref_axis',(0.,-1.,0.));
#12282=DIRECTION('',(0.,0.,-1.));
#12283=DIRECTION('center_axis',(0.,0.,-1.));
#12284=DIRECTION('ref_axis',(-0.625,-0.7806247497998,0.));
#12285=DIRECTION('',(0.,0.,-1.));
#12286=DIRECTION('center_axis',(1.,0.,0.));
#12287=DIRECTION('ref_axis',(0.,-1.,0.));
#12288=DIRECTION('',(0.,-1.,0.));
#12289=DIRECTION('',(0.,0.,-1.));
#12290=DIRECTION('',(0.,1.,0.));
#12291=DIRECTION('',(0.,-1.,0.));
#12292=DIRECTION('',(0.,-1.,0.));
#12293=DIRECTION('',(0.,1.,0.));
#12294=DIRECTION('',(0.,0.,-1.));
#12295=DIRECTION('center_axis',(0.,1.,0.));
#12296=DIRECTION('ref_axis',(1.,0.,0.));
#12297=DIRECTION('',(1.,0.,0.));
#12298=DIRECTION('',(1.,0.,0.));
#12299=DIRECTION('',(1.,0.,0.));
#12300=DIRECTION('',(1.,0.,0.));
#12301=DIRECTION('center_axis',(0.,-1.,0.));
#12302=DIRECTION('ref_axis',(-1.,0.,0.));
#12303=DIRECTION('',(-1.,0.,0.));
#12304=DIRECTION('',(-1.,0.,0.));
#12305=DIRECTION('',(0.,0.,-1.));
#12306=DIRECTION('',(-1.,0.,0.));
#12307=DIRECTION('',(-1.,0.,0.));
#12308=DIRECTION('center_axis',(0.,-1.,0.));
#12309=DIRECTION('ref_axis',(-1.,0.,0.));
#12310=DIRECTION('center_axis',(0.,-1.,0.));
#12311=DIRECTION('ref_axis',(-1.,0.,0.));
#12312=DIRECTION('center_axis',(0.,-1.,0.));
#12313=DIRECTION('ref_axis',(1.,0.,0.));
#12314=DIRECTION('',(0.,1.,0.));
#12315=DIRECTION('center_axis',(0.,-1.,0.));
#12316=DIRECTION('ref_axis',(1.,0.,0.));
#12317=DIRECTION('center_axis',(0.,-1.,0.));
#12318=DIRECTION('ref_axis',(1.,0.,0.));
#12319=DIRECTION('',(1.,0.,0.));
#12320=DIRECTION('',(-1.,0.,0.));
#12321=DIRECTION('',(0.,0.,-1.));
#12322=DIRECTION('center_axis',(0.,1.,0.));
#12323=DIRECTION('ref_axis',(-1.,0.,0.));
#12324=DIRECTION('',(-1.,0.,0.));
#12325=DIRECTION('',(0.,0.,1.));
#12326=DIRECTION('',(-1.,0.,0.));
#12327=DIRECTION('center_axis',(0.,1.,0.));
#12328=DIRECTION('ref_axis',(0.,0.,1.));
#12329=DIRECTION('center_axis',(-1.,0.,0.));
#12330=DIRECTION('ref_axis',(0.,-1.,0.));
#12331=DIRECTION('',(0.,0.,1.));
#12332=DIRECTION('',(0.,-1.,0.));
#12333=DIRECTION('',(0.,-1.,0.));
#12334=DIRECTION('center_axis',(0.,-1.,0.));
#12335=DIRECTION('ref_axis',(1.,0.,0.));
#12336=DIRECTION('',(1.,0.,0.));
#12337=DIRECTION('',(-1.,0.,0.));
#12338=DIRECTION('center_axis',(0.,-1.,0.));
#12339=DIRECTION('ref_axis',(0.745355992499901,0.,0.666666666666699));
#12340=DIRECTION('center_axis',(0.,-1.,0.));
#12341=DIRECTION('ref_axis',(1.,0.,0.));
#12342=DIRECTION('',(1.,0.,0.));
#12343=DIRECTION('center_axis',(0.,-1.,0.));
#12344=DIRECTION('ref_axis',(1.,0.,0.));
#12345=DIRECTION('',(1.,0.,0.));
#12346=DIRECTION('center_axis',(0.,0.,1.));
#12347=DIRECTION('ref_axis',(1.,0.,0.));
#12348=DIRECTION('',(1.,0.,0.));
#12349=DIRECTION('center_axis',(0.,-1.,0.));
#12350=DIRECTION('ref_axis',(1.,0.,0.));
#12351=DIRECTION('',(-1.,0.,0.));
#12352=DIRECTION('center_axis',(0.,1.,0.));
#12353=DIRECTION('ref_axis',(0.745355992499901,0.,0.666666666666699));
#12354=DIRECTION('center_axis',(0.,1.,0.));
#12355=DIRECTION('ref_axis',(0.,0.,1.));
#12356=DIRECTION('center_axis',(0.,-1.,0.));
#12357=DIRECTION('ref_axis',(0.,0.,1.));
#12358=DIRECTION('',(0.,1.,0.));
#12359=DIRECTION('center_axis',(0.,1.,0.));
#12360=DIRECTION('ref_axis',(0.,0.,1.));
#12361=DIRECTION('',(0.,-1.,0.));
#12362=DIRECTION('center_axis',(0.,0.,1.));
#12363=DIRECTION('ref_axis',(1.,0.,0.));
#12364=DIRECTION('center_axis',(0.,0.,1.));
#12365=DIRECTION('ref_axis',(1.,0.,0.));
#12366=DIRECTION('',(-1.,0.,0.));
#12367=DIRECTION('',(0.,-1.,0.));
#12368=DIRECTION('',(1.,0.,0.));
#12369=DIRECTION('center_axis',(0.,1.,0.));
#12370=DIRECTION('ref_axis',(-1.,0.,0.));
#12371=DIRECTION('',(-1.,0.,0.));
#12372=DIRECTION('',(0.,0.,1.));
#12373=DIRECTION('center_axis',(-1.,0.,0.));
#12374=DIRECTION('ref_axis',(0.,-1.,0.));
#12375=DIRECTION('',(0.,0.,1.));
#12376=DIRECTION('',(0.,-1.,0.));
#12377=DIRECTION('center_axis',(0.,-1.,0.));
#12378=DIRECTION('ref_axis',(1.,0.,0.));
#12379=DIRECTION('',(-1.,0.,0.));
#12380=DIRECTION('center_axis',(-1.,0.,0.));
#12381=DIRECTION('ref_axis',(0.,0.,-1.));
#12382=DIRECTION('',(0.,0.,-1.));
#12383=DIRECTION('',(0.,0.,-1.));
#12384=DIRECTION('',(0.,1.,0.));
#12385=DIRECTION('',(0.,0.,1.));
#12386=DIRECTION('',(0.,1.,0.));
#12387=DIRECTION('center_axis',(0.,0.,-1.));
#12388=DIRECTION('ref_axis',(1.,0.,0.));
#12389=DIRECTION('',(1.,0.,0.));
#12390=DIRECTION('center_axis',(0.,-1.,0.));
#12391=DIRECTION('ref_axis',(1.,0.,0.));
#12392=DIRECTION('',(1.,0.,0.));
#12393=DIRECTION('center_axis',(0.,0.,-1.));
#12394=DIRECTION('ref_axis',(0.,-1.,0.));
#12395=DIRECTION('',(0.707106781186547,-0.707106781186547,0.));
#12396=DIRECTION('center_axis',(0.707106781186548,0.707106781186548,0.));
#12397=DIRECTION('ref_axis',(0.707106781186548,-0.707106781186548,0.));
#12398=DIRECTION('',(-0.707106781186548,0.707106781186548,0.));
#12399=DIRECTION('center_axis',(0.,0.,-1.));
#12400=DIRECTION('ref_axis',(0.,-1.,0.));
#12401=DIRECTION('',(0.,-1.,0.));
#12402=DIRECTION('',(0.,1.,0.));
#12403=DIRECTION('center_axis',(0.,0.,1.));
#12404=DIRECTION('ref_axis',(0.699999999999992,0.714142842854292,0.));
#12405=DIRECTION('center_axis',(0.,0.,1.));
#12406=DIRECTION('ref_axis',(0.249999999999989,-0.968245836551857,0.));
#12407=DIRECTION('',(0.,1.,0.));
#12408=DIRECTION('',(0.707106781186547,0.707106781186547,0.));
#12409=DIRECTION('',(0.707106781186547,-0.707106781186547,0.));
#12410=DIRECTION('',(0.,-1.,0.));
#12411=DIRECTION('center_axis',(0.,0.,-1.));
#12412=DIRECTION('ref_axis',(-0.249999999999989,-0.968245836551857,0.));
#12413=DIRECTION('center_axis',(0.,0.,-1.));
#12414=DIRECTION('ref_axis',(-0.850000000000017,0.52678268764261,0.));
#12415=DIRECTION('center_axis',(0.,0.,-1.));
#12416=DIRECTION('ref_axis',(1.,0.,0.));
#12417=DIRECTION('',(0.,-1.,0.));
#12418=DIRECTION('',(0.707106781186547,0.707106781186547,0.));
#12419=DIRECTION('',(1.,0.,0.));
#12420=DIRECTION('',(0.,-1.,0.));
#12421=DIRECTION('',(-1.,0.,0.));
#12422=DIRECTION('',(0.,-1.,0.));
#12423=DIRECTION('center_axis',(0.,0.,1.));
#12424=DIRECTION('ref_axis',(0.249999999999989,-0.968245836551857,0.));
#12425=DIRECTION('center_axis',(0.,-1.,0.));
#12426=DIRECTION('ref_axis',(1.,0.,0.));
#12427=DIRECTION('center_axis',(0.,-1.,0.));
#12428=DIRECTION('ref_axis',(-0.969956993876304,0.,0.243276447751201));
#12429=DIRECTION('',(0.,-1.,0.));
#12430=DIRECTION('center_axis',(0.,-1.,0.));
#12431=DIRECTION('ref_axis',(-0.969956993876304,0.,0.243276447751201));
#12432=DIRECTION('center_axis',(0.,-1.,0.));
#12433=DIRECTION('ref_axis',(-0.996790131926653,0.,0.0800589338777752));
#12434=DIRECTION('center_axis',(0.,-1.,0.));
#12435=DIRECTION('ref_axis',(-0.969956993876304,0.,0.243276447751201));
#12436=DIRECTION('',(0.,-1.,0.));
#12437=DIRECTION('center_axis',(0.,-1.,0.));
#12438=DIRECTION('ref_axis',(-0.969956993876304,0.,0.243276447751201));
#12439=DIRECTION('center_axis',(0.,-1.,0.));
#12440=DIRECTION('ref_axis',(0.,0.,1.));
#12441=DIRECTION('',(0.462522500292921,0.,0.88660754379984));
#12442=DIRECTION('center_axis',(0.,1.,0.));
#12443=DIRECTION('ref_axis',(-0.524797896616493,0.,-0.85122686030629));
#12444=DIRECTION('',(0.243276447751201,0.,0.969956993876304));
#12445=DIRECTION('',(0.,0.,-1.));
#12446=DIRECTION('center_axis',(0.,1.,0.));
#12447=DIRECTION('ref_axis',(1.,0.,0.));
#12448=DIRECTION('',(-0.243276447751201,0.,-0.969956993876304));
#12449=DIRECTION('center_axis',(0.,-1.,0.));
#12450=DIRECTION('ref_axis',(-0.996790131926653,0.,0.0800589338777752));
#12451=DIRECTION('center_axis',(0.,-1.,0.));
#12452=DIRECTION('ref_axis',(-0.969956993876304,0.,0.243276447751201));
#12453=DIRECTION('',(0.,-1.,0.));
#12454=DIRECTION('center_axis',(0.,-1.,0.));
#12455=DIRECTION('ref_axis',(-0.969956993876304,0.,0.243276447751201));
#12456=DIRECTION('center_axis',(0.,-1.,0.));
#12457=DIRECTION('ref_axis',(1.,0.,0.));
#12458=DIRECTION('center_axis',(0.,-1.,0.));
#12459=DIRECTION('ref_axis',(-0.969956993876304,0.,0.243276447751201));
#12460=DIRECTION('',(0.,-1.,0.));
#12461=DIRECTION('center_axis',(0.,-1.,0.));
#12462=DIRECTION('ref_axis',(-0.969956993876304,0.,0.243276447751201));
#12463=DIRECTION('center_axis',(0.,-1.,0.));
#12464=DIRECTION('ref_axis',(1.,0.,0.));
#12465=DIRECTION('',(-0.243276447751201,0.,-0.969956993876304));
#12466=DIRECTION('center_axis',(0.,-1.,0.));
#12467=DIRECTION('ref_axis',(0.969956993876304,0.,-0.243276447751201));
#12468=DIRECTION('',(0.,0.,1.));
#12469=DIRECTION('',(0.243276447751201,0.,0.969956993876304));
#12470=DIRECTION('center_axis',(0.,1.,0.));
#12471=DIRECTION('ref_axis',(-0.524797896616493,0.,-0.85122686030629));
#12472=DIRECTION('',(0.462522500292921,0.,0.88660754379984));
#12473=DIRECTION('center_axis',(-1.,0.,0.));
#12474=DIRECTION('ref_axis',(0.,0.,-1.));
#12475=DIRECTION('',(-1.,0.,0.));
#12476=DIRECTION('center_axis',(1.,0.,0.));
#12477=DIRECTION('ref_axis',(0.,-1.,0.));
#12478=DIRECTION('',(-1.,0.,0.));
#12479=DIRECTION('center_axis',(-1.,0.,0.));
#12480=DIRECTION('ref_axis',(0.,0.,-1.));
#12481=DIRECTION('center_axis',(0.,1.,0.));
#12482=DIRECTION('ref_axis',(0.,0.,-1.));
#12483=DIRECTION('',(0.,0.,1.));
#12484=DIRECTION('',(0.,0.,-1.));
#12485=DIRECTION('center_axis',(0.,1.,0.));
#12486=DIRECTION('ref_axis',(1.,0.,0.));
#12487=DIRECTION('',(0.243276447751201,0.,0.969956993876304));
#12488=DIRECTION('center_axis',(0.,-1.,0.));
#12489=DIRECTION('ref_axis',(-0.926313887675123,0.,-0.376752679486422));
#12490=DIRECTION('',(0.,-1.,0.));
#12491=DIRECTION('',(0.,-1.,0.));
#12492=DIRECTION('center_axis',(0.,-1.,0.));
#12493=DIRECTION('ref_axis',(-0.969956993876304,0.,0.243276447751201));
#12494=DIRECTION('center_axis',(0.,-1.,0.));
#12495=DIRECTION('ref_axis',(-0.926313887675124,0.,-0.376752679486422));
#12496=DIRECTION('',(0.,-1.,0.));
#12497=DIRECTION('',(0.,-1.,0.));
#12498=DIRECTION('center_axis',(0.,-1.,0.));
#12499=DIRECTION('ref_axis',(-0.969956993876304,0.,0.243276447751201));
#12500=DIRECTION('center_axis',(0.88660754379984,0.,-0.462522500292921));
#12501=DIRECTION('ref_axis',(0.462522500292921,0.,0.88660754379984));
#12502=DIRECTION('',(0.462522500292921,0.,0.88660754379984));
#12503=DIRECTION('center_axis',(0.88660754379984,0.,-0.462522500292921));
#12504=DIRECTION('ref_axis',(0.462522500292921,0.,0.88660754379984));
#12505=DIRECTION('',(0.462522500292921,0.,0.88660754379984));
#12506=DIRECTION('center_axis',(0.,1.,0.));
#12507=DIRECTION('ref_axis',(1.,0.,0.));
#12508=DIRECTION('',(0.,1.,0.));
#12509=DIRECTION('',(0.,1.,0.));
#12510=DIRECTION('center_axis',(-0.969956993876304,0.,0.243276447751201));
#12511=DIRECTION('ref_axis',(-0.243276447751201,0.,-0.969956993876304));
#12512=DIRECTION('center_axis',(0.969956993876304,0.,-0.243276447751201));
#12513=DIRECTION('ref_axis',(0.243276447751201,0.,0.969956993876304));
#12514=DIRECTION('',(0.243276447751201,0.,0.969956993876304));
#12515=DIRECTION('',(0.243276447751201,0.,0.969956993876304));
#12516=DIRECTION('center_axis',(0.969956993876304,0.,-0.243276447751201));
#12517=DIRECTION('ref_axis',(0.243276447751201,0.,0.969956993876304));
#12518=DIRECTION('',(0.,-1.,0.));
#12519=DIRECTION('center_axis',(0.,-1.,0.));
#12520=DIRECTION('ref_axis',(0.,0.,-1.));
#12521=DIRECTION('',(-1.,0.,-2.153737174995E-14));
#12522=DIRECTION('',(0.243276447751201,0.,0.969956993876304));
#12523=DIRECTION('center_axis',(-1.,0.,0.));
#12524=DIRECTION('ref_axis',(0.,-1.,0.));
#12525=DIRECTION('',(-1.,0.,0.));
#12526=DIRECTION('center_axis',(-0.969956993876304,0.,0.243276447751201));
#12527=DIRECTION('ref_axis',(0.243276447751201,0.,0.969956993876304));
#12528=DIRECTION('center_axis',(0.,0.,1.));
#12529=DIRECTION('ref_axis',(0.,-1.,0.));
#12530=DIRECTION('',(-1.,0.,0.));
#12531=DIRECTION('',(0.,-1.,0.));
#12532=DIRECTION('center_axis',(-1.,0.,0.));
#12533=DIRECTION('ref_axis',(0.,0.,1.));
#12534=DIRECTION('',(-1.,0.,1.722989739996E-14));
#12535=DIRECTION('center_axis',(-0.969956993876304,0.,0.243276447751201));
#12536=DIRECTION('ref_axis',(0.243276447751201,0.,0.969956993876304));
#12537=DIRECTION('center_axis',(0.,1.,0.));
#12538=DIRECTION('ref_axis',(0.,0.,1.));
#12539=DIRECTION('',(0.243276447751201,0.,0.969956993876304));
#12540=DIRECTION('center_axis',(0.969956993876304,0.,-0.243276447751201));
#12541=DIRECTION('ref_axis',(0.243276447751201,0.,0.969956993876304));
#12542=DIRECTION('',(0.,1.,0.));
#12543=DIRECTION('',(0.243276447751201,0.,0.969956993876304));
#12544=DIRECTION('center_axis',(0.,1.,0.));
#12545=DIRECTION('ref_axis',(1.,0.,0.));
#12546=DIRECTION('',(0.,1.,0.));
#12547=DIRECTION('center_axis',(0.,-1.,0.));
#12548=DIRECTION('ref_axis',(0.969956993876304,0.,-0.243276447751201));
#12549=DIRECTION('center_axis',(0.,-1.,0.));
#12550=DIRECTION('ref_axis',(0.,0.,1.));
#12551=DIRECTION('',(1.,0.,0.));
#12552=DIRECTION('',(0.,0.,1.));
#12553=DIRECTION('',(0.,0.,1.));
#12554=DIRECTION('center_axis',(1.,0.,0.));
#12555=DIRECTION('ref_axis',(0.,0.,-1.));
#12556=DIRECTION('',(1.,0.,0.));
#12557=DIRECTION('center_axis',(-1.,0.,0.));
#12558=DIRECTION('ref_axis',(0.,1.,0.));
#12559=DIRECTION('center_axis',(1.,0.,0.));
#12560=DIRECTION('ref_axis',(0.,0.,-1.));
#12561=DIRECTION('center_axis',(0.,0.,-1.));
#12562=DIRECTION('ref_axis',(1.,0.,0.));
#12563=DIRECTION('',(0.,-1.,0.));
#12564=DIRECTION('',(-1.,0.,0.));
#12565=DIRECTION('',(0.,-1.,0.));
#12566=DIRECTION('',(0.,-1.,0.));
#12567=DIRECTION('center_axis',(0.,0.,-1.));
#12568=DIRECTION('ref_axis',(1.,0.,0.));
#12569=DIRECTION('',(0.,-1.,0.));
#12570=DIRECTION('',(1.,0.,0.));
#12571=DIRECTION('',(0.,-1.,0.));
#12572=DIRECTION('',(0.,-1.,0.));
#12573=DIRECTION('center_axis',(1.,0.,0.));
#12574=DIRECTION('ref_axis',(0.,-1.,0.));
#12575=DIRECTION('',(1.,0.,0.));
#12576=DIRECTION('center_axis',(-1.,0.,0.));
#12577=DIRECTION('ref_axis',(0.,-1.,0.));
#12578=DIRECTION('center_axis',(1.,0.,0.));
#12579=DIRECTION('ref_axis',(0.,-1.,0.));
#12580=DIRECTION('center_axis',(0.,-1.,0.));
#12581=DIRECTION('ref_axis',(1.,0.,0.));
#12582=DIRECTION('',(0.,0.,1.));
#12583=DIRECTION('',(1.,0.,0.));
#12584=DIRECTION('',(0.,0.,1.));
#12585=DIRECTION('',(-1.,0.,0.));
#12586=DIRECTION('center_axis',(0.,-1.,0.));
#12587=DIRECTION('ref_axis',(0.,0.,1.));
#12588=DIRECTION('',(0.,0.,-1.));
#12589=DIRECTION('',(0.,0.,1.));
#12590=DIRECTION('center_axis',(0.,1.,0.));
#12591=DIRECTION('ref_axis',(-1.,0.,0.));
#12592=DIRECTION('',(0.,1.,0.));
#12593=DIRECTION('',(0.,1.,0.));
#12594=DIRECTION('center_axis',(0.,1.,0.));
#12595=DIRECTION('ref_axis',(-1.,0.,0.));
#12596=DIRECTION('center_axis',(0.,1.,0.));
#12597=DIRECTION('ref_axis',(-1.,0.,0.));
#12598=DIRECTION('',(0.,1.,0.));
#12599=DIRECTION('center_axis',(0.,1.,0.));
#12600=DIRECTION('ref_axis',(-1.,0.,0.));
#12601=DIRECTION('',(0.,1.,0.));
#12602=DIRECTION('center_axis',(0.,1.,0.));
#12603=DIRECTION('ref_axis',(-1.,0.,0.));
#12604=DIRECTION('center_axis',(0.,0.,1.));
#12605=DIRECTION('ref_axis',(-1.,0.,0.));
#12606=DIRECTION('',(0.,-1.,0.));
#12607=DIRECTION('',(-1.,0.,0.));
#12608=DIRECTION('center_axis',(0.,0.,1.));
#12609=DIRECTION('ref_axis',(-1.,0.,0.));
#12610=DIRECTION('',(0.,-1.,0.));
#12611=DIRECTION('',(-1.,0.,0.));
#12612=DIRECTION('',(-1.,0.,0.));
#12613=DIRECTION('center_axis',(1.,0.,0.));
#12614=DIRECTION('ref_axis',(0.,0.,1.));
#12615=DIRECTION('',(0.,-1.,0.));
#12616=DIRECTION('',(0.,0.,1.));
#12617=DIRECTION('center_axis',(1.,0.,0.));
#12618=DIRECTION('ref_axis',(0.,0.,1.));
#12619=DIRECTION('',(0.,-1.,0.));
#12620=DIRECTION('',(0.,0.,1.));
#12621=DIRECTION('',(0.,0.,1.));
#12622=DIRECTION('center_axis',(0.,0.,-1.));
#12623=DIRECTION('ref_axis',(1.,0.,0.));
#12624=DIRECTION('',(0.,-1.,0.));
#12625=DIRECTION('',(1.,0.,0.));
#12626=DIRECTION('center_axis',(0.,0.,-1.));
#12627=DIRECTION('ref_axis',(1.,0.,0.));
#12628=DIRECTION('',(0.,-1.,0.));
#12629=DIRECTION('',(1.,0.,0.));
#12630=DIRECTION('',(1.,0.,0.));
#12631=DIRECTION('center_axis',(1.,0.,0.));
#12632=DIRECTION('ref_axis',(0.,0.,1.));
#12633=DIRECTION('center_axis',(-1.,0.,0.));
#12634=DIRECTION('ref_axis',(0.,0.,-1.));
#12635=DIRECTION('',(0.,0.,-1.));
#12636=DIRECTION('center_axis',(1.,0.,0.));
#12637=DIRECTION('ref_axis',(0.,0.,-1.));
#12638=DIRECTION('',(0.,0.,1.));
#12639=DIRECTION('',(0.,0.,-1.));
#12640=DIRECTION('center_axis',(-1.,0.,0.));
#12641=DIRECTION('ref_axis',(0.,1.,0.));
#12642=DIRECTION('',(0.,-1.,0.));
#12643=DIRECTION('center_axis',(0.,-1.,0.));
#12644=DIRECTION('ref_axis',(0.,0.,1.));
#12645=DIRECTION('',(0.,0.,-1.));
#12646=DIRECTION('',(1.,0.,0.));
#12647=DIRECTION('center_axis',(1.,0.,0.));
#12648=DIRECTION('ref_axis',(0.,-1.,0.));
#12649=DIRECTION('',(1.,0.,0.));
#12650=DIRECTION('center_axis',(1.,0.,0.));
#12651=DIRECTION('ref_axis',(0.,-1.,0.));
#12652=DIRECTION('center_axis',(0.,0.,-1.));
#12653=DIRECTION('ref_axis',(0.,-1.,0.));
#12654=DIRECTION('',(1.,0.,0.));
#12655=DIRECTION('',(0.,-1.,0.));
#12656=DIRECTION('center_axis',(1.,0.,0.));
#12657=DIRECTION('ref_axis',(0.,0.,-1.));
#12658=DIRECTION('',(1.,0.,0.));
#12659=DIRECTION('center_axis',(1.,0.,0.));
#12660=DIRECTION('ref_axis',(0.,0.,-1.));
#12661=DIRECTION('center_axis',(0.,1.,0.));
#12662=DIRECTION('ref_axis',(0.,0.,-1.));
#12663=DIRECTION('',(0.,0.,-1.));
#12664=DIRECTION('center_axis',(-1.,0.,0.));
#12665=DIRECTION('ref_axis',(0.,0.,-1.));
#12666=DIRECTION('',(0.,1.,0.));
#12667=DIRECTION('',(0.,0.,-1.));
#12668=DIRECTION('',(0.,1.,0.));
#12669=DIRECTION('',(0.,0.,-1.));
#12670=DIRECTION('',(0.,0.,-1.));
#12671=DIRECTION('center_axis',(-1.,0.,0.));
#12672=DIRECTION('ref_axis',(0.,1.,0.));
#12673=DIRECTION('',(-1.,0.,0.));
#12674=DIRECTION('center_axis',(-1.,0.,0.));
#12675=DIRECTION('ref_axis',(0.,1.,0.));
#12676=DIRECTION('center_axis',(0.,-1.,0.));
#12677=DIRECTION('ref_axis',(1.,0.,0.));
#12678=DIRECTION('',(0.,0.,-1.));
#12679=DIRECTION('center_axis',(0.,0.,-1.));
#12680=DIRECTION('ref_axis',(-1.,0.,0.));
#12681=DIRECTION('',(0.,-1.,0.));
#12682=DIRECTION('',(-1.,0.,0.));
#12683=DIRECTION('',(-1.,0.,0.));
#12684=DIRECTION('',(0.,-1.,0.));
#12685=DIRECTION('',(-1.,0.,0.));
#12686=DIRECTION('center_axis',(0.,-1.,0.));
#12687=DIRECTION('ref_axis',(0.,0.,-1.));
#12688=DIRECTION('center_axis',(0.,1.,0.));
#12689=DIRECTION('ref_axis',(1.,0.,0.));
#12690=DIRECTION('',(0.,-1.,0.));
#12691=DIRECTION('',(0.,-1.,0.));
#12692=DIRECTION('center_axis',(-0.707106781186548,0.707106781186548,0.));
#12693=DIRECTION('ref_axis',(0.,0.,1.));
#12694=DIRECTION('',(0.,0.,1.));
#12695=DIRECTION('',(0.707106781186547,0.707106781186547,0.));
#12696=DIRECTION('',(0.,0.,1.));
#12697=DIRECTION('center_axis',(0.,0.,-1.));
#12698=DIRECTION('ref_axis',(1.,0.,0.));
#12699=DIRECTION('center_axis',(0.,0.,-1.));
#12700=DIRECTION('ref_axis',(0.347826086956519,0.93755907186295,0.));
#12701=DIRECTION('center_axis',(0.,0.,-1.));
#12702=DIRECTION('ref_axis',(0.249999999999989,0.968245836551857,0.));
#12703=DIRECTION('center_axis',(-0.707106781186548,0.,-0.707106781186548));
#12704=DIRECTION('ref_axis',(0.,1.,0.));
#12705=DIRECTION('',(-0.577350269189626,-0.577350269189626,0.577350269189626));
#12706=DIRECTION('',(0.,1.,0.));
#12707=DIRECTION('',(0.,1.,0.));
#12708=DIRECTION('center_axis',(0.,-0.995037190209989,0.0995037190209989));
#12709=DIRECTION('ref_axis',(0.,0.0995037190209989,0.995037190209989));
#12710=DIRECTION('',(-0.0347265065254312,0.0994437036493034,0.994437036493034));
#12711=DIRECTION('',(1.,0.,0.));
#12712=DIRECTION('',(0.0347265065254312,0.0994437036493034,0.994437036493034));
#12713=DIRECTION('',(-1.,0.,0.));
#12714=DIRECTION('center_axis',(0.,-1.,0.));
#12715=DIRECTION('ref_axis',(0.,0.,1.));
#12716=DIRECTION('',(-0.0348994967024999,0.,0.999390827019096));
#12717=DIRECTION('',(-1.,0.,0.));
#12718=DIRECTION('',(0.0348994967024999,0.,0.999390827019096));
#12719=DIRECTION('center_axis',(0.,0.998629534754574,0.0523359562429386));
#12720=DIRECTION('ref_axis',(1.,0.,0.));
#12721=DIRECTION('',(0.,-0.0523359562429386,0.998629534754574));
#12722=DIRECTION('',(1.,0.,0.));
#12723=DIRECTION('',(0.,0.0523359562429386,-0.998629534754574));
#12724=DIRECTION('',(-1.,0.,0.));
#12725=DIRECTION('center_axis',(1.,0.,0.));
#12726=DIRECTION('ref_axis',(0.,-1.,0.));
#12727=DIRECTION('',(0.,0.0523359562429386,0.998629534754574));
#12728=DIRECTION('',(0.,-1.,0.));
#12729=DIRECTION('',(0.,-1.,0.));
#12730=DIRECTION('center_axis',(0.,-0.998629534754574,0.0523359562429386));
#12731=DIRECTION('ref_axis',(-1.,0.,0.));
#12732=DIRECTION('',(0.,-0.0523359562429386,-0.998629534754574));
#12733=DIRECTION('',(-1.,0.,0.));
#12734=DIRECTION('',(-1.,0.,0.));
#12735=DIRECTION('center_axis',(0.,0.,1.));
#12736=DIRECTION('ref_axis',(1.,0.,0.));
#12737=DIRECTION('',(0.,1.,0.));
#12738=DIRECTION('center_axis',(0.,0.,1.));
#12739=DIRECTION('ref_axis',(1.,0.,0.));
#12740=DIRECTION('',(-1.,0.,0.));
#12741=DIRECTION('',(0.,1.,0.));
#12742=DIRECTION('',(1.,0.,0.));
#12743=DIRECTION('',(0.,1.,0.));
#12744=DIRECTION('center_axis',(0.,-1.,0.));
#12745=DIRECTION('ref_axis',(1.,0.,0.));
#12746=DIRECTION('',(0.,0.,1.));
#12747=DIRECTION('',(1.,0.,0.));
#12748=DIRECTION('',(0.,0.,1.));
#12749=DIRECTION('',(1.,0.,0.));
#12750=DIRECTION('center_axis',(1.,0.,0.));
#12751=DIRECTION('ref_axis',(0.,1.,0.));
#12752=DIRECTION('',(0.,1.,0.));
#12753=DIRECTION('',(0.,1.,0.));
#12754=DIRECTION('',(0.,0.,-1.));
#12755=DIRECTION('center_axis',(0.,-1.,0.));
#12756=DIRECTION('ref_axis',(0.,0.,-1.));
#12757=DIRECTION('',(0.,-1.,0.));
#12758=DIRECTION('center_axis',(0.,-1.,0.));
#12759=DIRECTION('ref_axis',(0.,0.,-1.));
#12760=DIRECTION('',(0.,-1.,0.));
#12761=DIRECTION('center_axis',(0.,-1.,0.));
#12762=DIRECTION('ref_axis',(0.,0.,-1.));
#12763=DIRECTION('center_axis',(0.,0.,-1.));
#12764=DIRECTION('ref_axis',(1.,0.,0.));
#12765=DIRECTION('',(-1.,0.,0.));
#12766=DIRECTION('',(0.,-1.,0.));
#12767=DIRECTION('',(1.,0.,0.));
#12768=DIRECTION('center_axis',(0.,1.,0.));
#12769=DIRECTION('ref_axis',(1.,0.,0.));
#12770=DIRECTION('',(0.,0.,-1.));
#12771=DIRECTION('',(1.,0.,0.));
#12772=DIRECTION('',(-1.,0.,0.));
#12773=DIRECTION('',(0.,0.,1.));
#12774=DIRECTION('center_axis',(0.,1.,0.));
#12775=DIRECTION('ref_axis',(-1.,0.,0.));
#12776=DIRECTION('',(0.,0.,1.));
#12777=DIRECTION('',(-1.,0.,0.));
#12778=DIRECTION('',(0.,0.,1.));
#12779=DIRECTION('',(-1.,0.,0.));
#12780=DIRECTION('center_axis',(0.,0.,-1.));
#12781=DIRECTION('ref_axis',(1.,0.,0.));
#12782=DIRECTION('',(1.,0.,0.));
#12783=DIRECTION('',(0.,1.,0.));
#12784=DIRECTION('',(0.,-1.,0.));
#12785=DIRECTION('center_axis',(0.,0.,-1.));
#12786=DIRECTION('ref_axis',(1.,0.,0.));
#12787=DIRECTION('',(0.,1.,0.));
#12788=DIRECTION('',(1.,0.,0.));
#12789=DIRECTION('',(0.,-1.,0.));
#12790=DIRECTION('',(-1.,0.,0.));
#12791=DIRECTION('',(0.,1.,0.));
#12792=DIRECTION('center_axis',(1.,0.,0.));
#12793=DIRECTION('ref_axis',(0.,1.,0.));
#12794=DIRECTION('',(0.,0.,-1.));
#12795=DIRECTION('',(0.,1.,0.));
#12796=DIRECTION('center_axis',(0.,-1.,0.));
#12797=DIRECTION('ref_axis',(-1.,0.,0.));
#12798=DIRECTION('',(0.,0.,-1.));
#12799=DIRECTION('',(0.,0.,1.));
#12800=DIRECTION('',(1.,0.,0.));
#12801=DIRECTION('center_axis',(0.,0.,1.));
#12802=DIRECTION('ref_axis',(0.,-1.,0.));
#12803=DIRECTION('',(0.,-1.,0.));
#12804=DIRECTION('center_axis',(0.,0.,1.));
#12805=DIRECTION('ref_axis',(0.,-1.,0.));
#12806=DIRECTION('',(0.,-1.,0.));
#12807=DIRECTION('center_axis',(1.,0.,0.));
#12808=DIRECTION('ref_axis',(0.,1.,0.));
#12809=DIRECTION('',(0.,0.,-1.));
#12810=DIRECTION('',(0.,-1.,0.));
#12811=DIRECTION('',(0.,0.,-1.));
#12812=DIRECTION('center_axis',(0.,0.,1.));
#12813=DIRECTION('ref_axis',(0.,-1.,0.));
#12814=DIRECTION('',(-1.,0.,0.));
#12815=DIRECTION('',(1.,0.,0.));
#12816=DIRECTION('',(0.,1.,0.));
#12817=DIRECTION('center_axis',(0.,1.,0.));
#12818=DIRECTION('ref_axis',(0.,0.,1.));
#12819=DIRECTION('center_axis',(0.,1.,0.));
#12820=DIRECTION('ref_axis',(0.,0.,1.));
#12821=DIRECTION('center_axis',(0.,-1.,0.));
#12822=DIRECTION('ref_axis',(1.,0.,0.));
#12823=DIRECTION('',(0.,1.,0.));
#12824=DIRECTION('center_axis',(1.,0.,0.));
#12825=DIRECTION('ref_axis',(0.,1.,0.));
#12826=DIRECTION('',(0.,0.,1.));
#12827=DIRECTION('',(0.,-1.,0.));
#12828=DIRECTION('',(0.,-0.0523359562429386,-0.998629534754574));
#12829=DIRECTION('',(0.,0.0523359562429386,-0.998629534754574));
#12830=DIRECTION('',(0.,-1.,0.));
#12831=DIRECTION('',(0.,0.,1.));
#12832=DIRECTION('center_axis',(0.,-0.998629534754574,0.0523359562429386));
#12833=DIRECTION('ref_axis',(-1.,0.,0.));
#12834=DIRECTION('',(0.,0.0523359562429386,0.998629534754574));
#12835=DIRECTION('',(-1.,0.,0.));
#12836=DIRECTION('center_axis',(-1.,0.,0.));
#12837=DIRECTION('ref_axis',(0.,1.,0.));
#12838=DIRECTION('',(0.,-0.0523359562429386,0.998629534754574));
#12839=DIRECTION('',(0.,1.,0.));
#12840=DIRECTION('center_axis',(0.,0.998629534754574,0.0523359562429386));
#12841=DIRECTION('ref_axis',(1.,0.,0.));
#12842=DIRECTION('',(-1.,0.,0.));
#12843=DIRECTION('center_axis',(0.,0.,1.));
#12844=DIRECTION('ref_axis',(-1.,0.,0.));
#12845=DIRECTION('',(-1.,0.,0.));
#12846=DIRECTION('',(0.,-1.,0.));
#12847=DIRECTION('center_axis',(0.,0.,1.));
#12848=DIRECTION('ref_axis',(-1.,0.,0.));
#12849=DIRECTION('',(-1.,0.,0.));
#12850=DIRECTION('',(0.,-1.,0.));
#12851=DIRECTION('center_axis',(0.,1.,0.));
#12852=DIRECTION('ref_axis',(-1.,0.,0.));
#12853=DIRECTION('',(-1.,0.,0.));
#12854=DIRECTION('',(-1.,0.,0.));
#12855=DIRECTION('',(0.,0.,-1.));
#12856=DIRECTION('center_axis',(0.,1.,0.));
#12857=DIRECTION('ref_axis',(-1.,0.,0.));
#12858=DIRECTION('',(-1.,0.,0.));
#12859=DIRECTION('',(0.,0.,-1.));
#12860=DIRECTION('',(1.,0.,0.));
#12861=DIRECTION('',(0.,0.,-1.));
#12862=DIRECTION('',(-0.371390676354086,0.,0.928476690885266));
#12863=DIRECTION('',(-1.,0.,0.));
#12864=DIRECTION('',(0.,0.,1.));
#12865=DIRECTION('center_axis',(-1.,0.,0.));
#12866=DIRECTION('ref_axis',(0.,-1.,0.));
#12867=DIRECTION('',(0.,0.,-1.));
#12868=DIRECTION('',(0.,-1.,0.));
#12869=DIRECTION('',(0.,1.,0.));
#12870=DIRECTION('',(0.,0.,-1.));
#12871=DIRECTION('',(0.,1.,0.));
#12872=DIRECTION('center_axis',(0.,0.,-1.));
#12873=DIRECTION('ref_axis',(-1.,1.25569625557165E-14,0.));
#12874=DIRECTION('center_axis',(0.,0.,-1.));
#12875=DIRECTION('ref_axis',(-0.850000000000017,0.52678268764261,0.));
#12876=DIRECTION('center_axis',(0.,0.,-1.));
#12877=DIRECTION('ref_axis',(-0.699999999999992,-0.714142842854292,0.));
#12878=DIRECTION('',(0.,0.,-1.));
#12879=DIRECTION('center_axis',(0.,0.,-1.));
#12880=DIRECTION('ref_axis',(-0.249999999999989,-0.968245836551857,0.));
#12881=DIRECTION('',(0.,0.,1.));
#12882=DIRECTION('center_axis',(0.,0.,-1.));
#12883=DIRECTION('ref_axis',(-0.249999999999989,-0.968245836551857,0.));
#12884=DIRECTION('',(0.,0.,-1.));
#12885=DIRECTION('center_axis',(-1.,0.,0.));
#12886=DIRECTION('ref_axis',(0.,1.,0.));
#12887=DIRECTION('',(0.,0.,1.));
#12888=DIRECTION('',(0.,1.,0.));
#12889=DIRECTION('center_axis',(-1.,0.,0.));
#12890=DIRECTION('ref_axis',(0.,1.,0.));
#12891=DIRECTION('',(0.,1.,0.));
#12892=DIRECTION('',(0.,0.,1.));
#12893=DIRECTION('',(0.,-1.,0.));
#12894=DIRECTION('center_axis',(0.707106781186548,0.707106781186548,0.));
#12895=DIRECTION('ref_axis',(0.,0.,1.));
#12896=DIRECTION('',(0.,0.,1.));
#12897=DIRECTION('',(0.707106781186547,-0.707106781186547,0.));
#12898=DIRECTION('',(0.707106781186547,-0.707106781186547,0.));
#12899=DIRECTION('center_axis',(0.,0.707106781186548,-0.707106781186548));
#12900=DIRECTION('ref_axis',(-1.,0.,0.));
#12901=DIRECTION('',(0.28108463771482,0.678598344545847,0.678598344545847));
#12902=DIRECTION('',(-1.,0.,0.));
#12903=DIRECTION('',(0.0246851884078287,0.706891307583164,0.706891307583164));
#12904=DIRECTION('',(-1.,0.,0.));
#12905=DIRECTION('center_axis',(-0.500000000000017,-0.500000000000017,0.707106781186524));
#12906=DIRECTION('ref_axis',(0.707106781186548,-0.707106781186548,0.));
#12907=DIRECTION('',(0.678598344545847,0.28108463771482,0.678598344545847));
#12908=DIRECTION('',(0.707106781186547,-0.707106781186547,0.));
#12909=DIRECTION('center_axis',(0.707106781186548,0.,-0.707106781186548));
#12910=DIRECTION('ref_axis',(0.,1.,0.));
#12911=DIRECTION('',(0.,1.,0.));
#12912=DIRECTION('center_axis',(0.,0.,-1.));
#12913=DIRECTION('ref_axis',(-1.,1.25569625557165E-14,0.));
#12914=DIRECTION('center_axis',(0.,0.,-1.));
#12915=DIRECTION('ref_axis',(-0.347826086956519,-0.93755907186295,0.));
#12916=DIRECTION('center_axis',(0.707106781186548,0.,-0.707106781186548));
#12917=DIRECTION('ref_axis',(0.,1.,0.));
#12918=DIRECTION('',(0.577350269189626,-0.577350269189626,0.577350269189626));
#12919=DIRECTION('',(0.,1.,0.));
#12920=DIRECTION('center_axis',(0.,-0.707106781186548,-0.707106781186548));
#12921=DIRECTION('ref_axis',(1.,0.,0.));
#12922=DIRECTION('',(0.0246851884078287,-0.706891307583164,0.706891307583164));
#12923=DIRECTION('',(1.,0.,0.));
#12924=DIRECTION('',(1.,0.,0.));
#12925=DIRECTION('center_axis',(0.,0.995037190209989,0.0995037190209989));
#12926=DIRECTION('ref_axis',(0.,0.0995037190209989,-0.995037190209989));
#12927=DIRECTION('',(-0.0347265065254312,0.0994437036493034,-0.994437036493034));
#12928=DIRECTION('',(1.,0.,0.));
#12929=DIRECTION('',(0.0347265065254312,0.0994437036493034,-0.994437036493034));
#12930=DIRECTION('',(-1.,0.,0.));
#12931=DIRECTION('center_axis',(-0.999390827019096,0.,0.0348994967024999));
#12932=DIRECTION('ref_axis',(0.,-1.,0.));
#12933=DIRECTION('',(0.0348994967024999,0.,0.999390827019096));
#12934=DIRECTION('center_axis',(-0.999390827019096,0.,0.0348994967024999));
#12935=DIRECTION('ref_axis',(0.,-1.,0.));
#12936=DIRECTION('',(-0.0348994967024999,0.,-0.999390827019096));
#12937=DIRECTION('',(0.0348994967024999,0.,0.999390827019096));
#12938=DIRECTION('center_axis',(0.,1.,0.));
#12939=DIRECTION('ref_axis',(0.,0.,-1.));
#12940=DIRECTION('',(-1.,0.,0.));
#12941=DIRECTION('',(0.0348994967024999,0.,-0.999390827019096));
#12942=DIRECTION('center_axis',(0.999390827019096,0.,0.0348994967024999));
#12943=DIRECTION('ref_axis',(0.,1.,0.));
#12944=DIRECTION('',(-0.0246851884078287,0.706891307583164,0.706891307583164));
#12945=DIRECTION('',(-0.0348994967024999,0.,0.999390827019096));
#12946=DIRECTION('center_axis',(0.999390827019096,0.,0.0348994967024999));
#12947=DIRECTION('ref_axis',(0.,1.,0.));
#12948=DIRECTION('',(-0.0246851884078387,-0.706891307583164,0.706891307583164));
#12949=DIRECTION('',(-0.0348994967024999,0.,0.999390827019096));
#12950=DIRECTION('center_axis',(0.,-0.707106781186548,-0.707106781186548));
#12951=DIRECTION('ref_axis',(1.,0.,0.));
#12952=DIRECTION('',(1.,0.,0.));
#12953=DIRECTION('',(1.,0.,0.));
#12954=DIRECTION('center_axis',(-1.,0.,0.));
#12955=DIRECTION('ref_axis',(0.,0.,-1.));
#12956=DIRECTION('',(0.,1.,0.));
#12957=DIRECTION('',(0.,1.,0.));
#12958=DIRECTION('',(0.,0.,-1.));
#12959=DIRECTION('center_axis',(0.,1.,0.));
#12960=DIRECTION('ref_axis',(1.,0.,0.));
#12961=DIRECTION('',(-1.,0.,0.));
#12962=DIRECTION('',(-0.0348994967024999,0.,-0.999390827019096));
#12963=DIRECTION('',(1.,0.,0.));
#12964=DIRECTION('',(0.0348994967024999,0.,-0.999390827019096));
#12965=DIRECTION('',(-1.,0.,0.));
#12966=DIRECTION('',(-1.,0.,0.));
#12967=DIRECTION('',(0.,0.,1.));
#12968=DIRECTION('',(1.,0.,0.));
#12969=DIRECTION('',(0.371390676354086,0.,-0.928476690885266));
#12970=DIRECTION('',(0.,0.,1.));
#12971=DIRECTION('center_axis',(0.,0.,1.));
#12972=DIRECTION('ref_axis',(1.,0.,0.));
#12973=DIRECTION('',(0.,-1.,0.));
#12974=DIRECTION('',(1.,0.,0.));
#12975=DIRECTION('',(0.,1.,0.));
#12976=DIRECTION('',(1.,0.,0.));
#12977=DIRECTION('center_axis',(0.,0.,1.));
#12978=DIRECTION('ref_axis',(1.,0.,0.));
#12979=DIRECTION('',(0.,1.,0.));
#12980=DIRECTION('',(-1.,0.,0.));
#12981=DIRECTION('',(0.,-1.,0.));
#12982=DIRECTION('center_axis',(0.,-0.999390827019096,-0.0348994967024999));
#12983=DIRECTION('ref_axis',(1.,0.,0.));
#12984=DIRECTION('',(-0.0348782627423707,0.0348782627423707,-0.998782765958719));
#12985=DIRECTION('',(0.0348782627423707,0.0348782627423707,-0.998782765958719));
#12986=DIRECTION('',(1.,0.,0.));
#12987=DIRECTION('center_axis',(0.999390827019096,0.,-0.0348994967024999));
#12988=DIRECTION('ref_axis',(0.,1.,0.));
#12989=DIRECTION('',(-0.0348782627423707,-0.0348782627423707,-0.998782765958719));
#12990=DIRECTION('',(0.,1.,0.));
#12991=DIRECTION('center_axis',(0.999390827019096,0.,-0.0348994967024999));
#12992=DIRECTION('ref_axis',(0.,1.,0.));
#12993=DIRECTION('',(-0.0348994967024999,0.,-0.999390827019096));
#12994=DIRECTION('',(0.,1.,0.));
#12995=DIRECTION('center_axis',(0.,0.999390827019096,-0.0348994967024999));
#12996=DIRECTION('ref_axis',(-1.,0.,0.));
#12997=DIRECTION('',(0.0348782627423707,-0.0348782627423707,-0.998782765958719));
#12998=DIRECTION('',(-1.,0.,0.));
#12999=DIRECTION('center_axis',(-0.999390827019096,0.,-0.0348994967024999));
#13000=DIRECTION('ref_axis',(0.,-1.,0.));
#13001=DIRECTION('',(0.0348994967024999,0.,-0.999390827019096));
#13002=DIRECTION('',(0.,-1.,0.));
#13003=DIRECTION('center_axis',(-0.999390827019096,0.,-0.0348994967024999));
#13004=DIRECTION('ref_axis',(0.,-1.,0.));
#13005=DIRECTION('',(0.,-1.,0.));
#13006=DIRECTION('center_axis',(0.,0.,-1.));
#13007=DIRECTION('ref_axis',(1.,0.,0.));
#13008=DIRECTION('',(0.,1.,0.));
#13009=DIRECTION('center_axis',(0.,0.,-1.));
#13010=DIRECTION('ref_axis',(1.,0.,0.));
#13011=DIRECTION('',(0.,1.,0.));
#13012=DIRECTION('',(1.,0.,0.));
#13013=DIRECTION('',(0.,1.,0.));
#13014=DIRECTION('',(-1.,0.,0.));
#13015=DIRECTION('',(-1.,0.,0.));
#13016=DIRECTION('center_axis',(0.,-1.,0.));
#13017=DIRECTION('ref_axis',(-1.,0.,0.));
#13018=DIRECTION('',(-0.371390676354086,0.,0.928476690885266));
#13019=DIRECTION('',(0.,0.,1.));
#13020=DIRECTION('',(-1.,0.,0.));
#13021=DIRECTION('',(1.,0.,0.));
#13022=DIRECTION('',(0.,0.,-1.));
#13023=DIRECTION('',(0.,0.,-1.));
#13024=DIRECTION('center_axis',(-1.,0.,0.));
#13025=DIRECTION('ref_axis',(0.,0.,1.));
#13026=DIRECTION('',(0.,-1.,0.));
#13027=DIRECTION('',(0.,0.,1.));
#13028=DIRECTION('center_axis',(0.,1.,0.));
#13029=DIRECTION('ref_axis',(-1.,0.,0.));
#13030=DIRECTION('',(0.,0.,-1.));
#13031=DIRECTION('',(-0.371390676354086,0.,0.928476690885266));
#13032=DIRECTION('center_axis',(-0.928476690885266,0.,-0.371390676354086));
#13033=DIRECTION('ref_axis',(-0.371390676354086,0.,0.928476690885266));
#13034=DIRECTION('',(0.,1.,0.));
#13035=DIRECTION('',(-0.371390676354086,0.,0.928476690885266));
#13036=DIRECTION('center_axis',(-1.,0.,0.));
#13037=DIRECTION('ref_axis',(0.,0.,-1.));
#13038=DIRECTION('',(0.,1.,0.));
#13039=DIRECTION('center_axis',(-1.,0.,0.));
#13040=DIRECTION('ref_axis',(0.,0.,-1.));
#13041=DIRECTION('',(0.,0.,1.));
#13042=DIRECTION('center_axis',(-0.928476690885266,0.,-0.371390676354086));
#13043=DIRECTION('ref_axis',(0.371390676354086,0.,-0.928476690885266));
#13044=DIRECTION('',(0.,1.,0.));
#13045=DIRECTION('center_axis',(0.,0.,1.));
#13046=DIRECTION('ref_axis',(-1.,0.,0.));
#13047=DIRECTION('',(0.,1.,0.));
#13048=DIRECTION('center_axis',(1.,0.,0.));
#13049=DIRECTION('ref_axis',(0.,0.,1.));
#13050=DIRECTION('',(0.,0.,-1.));
#13051=DIRECTION('center_axis',(0.,-1.,0.));
#13052=DIRECTION('ref_axis',(1.,0.,0.));
#13053=DIRECTION('',(0.,0.,-1.));
#13054=DIRECTION('',(1.,0.,0.));
#13055=DIRECTION('center_axis',(0.,-1.,0.));
#13056=DIRECTION('ref_axis',(0.,0.,1.));
#13057=DIRECTION('',(0.,0.,-1.));
#13058=DIRECTION('',(-1.,0.,0.));
#13059=DIRECTION('',(1.,0.,0.));
#13060=DIRECTION('center_axis',(-1.,0.,0.));
#13061=DIRECTION('ref_axis',(0.,-1.,0.));
#13062=DIRECTION('',(0.,-1.,0.));
#13063=DIRECTION('',(0.,-1.,0.));
#13064=DIRECTION('',(0.,-1.,0.));
#13065=DIRECTION('center_axis',(0.,-1.,0.));
#13066=DIRECTION('ref_axis',(0.,0.,1.));
#13067=DIRECTION('',(0.,-1.,0.));
#13068=DIRECTION('center_axis',(0.,0.,1.));
#13069=DIRECTION('ref_axis',(-1.,0.,0.));
#13070=DIRECTION('',(0.,1.,0.));
#13071=DIRECTION('center_axis',(-1.,0.,0.));
#13072=DIRECTION('ref_axis',(0.,0.,-1.));
#13073=DIRECTION('',(0.,1.,0.));
#13074=DIRECTION('center_axis',(0.,0.,-1.));
#13075=DIRECTION('ref_axis',(1.,0.,0.));
#13076=DIRECTION('center_axis',(0.,0.,1.));
#13077=DIRECTION('ref_axis',(0.699999999999992,0.714142842854292,0.));
#13078=DIRECTION('',(0.,1.,0.));
#13079=DIRECTION('',(0.,-1.,0.));
#13080=DIRECTION('center_axis',(0.,0.,-1.));
#13081=DIRECTION('ref_axis',(1.,0.,0.));
#13082=DIRECTION('center_axis',(0.,0.,-1.));
#13083=DIRECTION('ref_axis',(1.,0.,0.));
#13084=DIRECTION('center_axis',(0.,0.,-1.));
#13085=DIRECTION('ref_axis',(1.,0.,0.));
#13086=DIRECTION('',(0.,0.,-1.));
#13087=DIRECTION('',(0.,0.,1.));
#13088=DIRECTION('center_axis',(1.,0.,0.));
#13089=DIRECTION('ref_axis',(0.,-1.,0.));
#13090=DIRECTION('',(0.,1.,0.));
#13091=DIRECTION('center_axis',(1.,0.,0.));
#13092=DIRECTION('ref_axis',(0.,-1.,0.));
#13093=DIRECTION('center_axis',(-0.707106781186548,0.,-0.707106781186548));
#13094=DIRECTION('ref_axis',(0.,1.,0.));
#13095=DIRECTION('',(0.,1.,0.));
#13096=DIRECTION('',(0.678598344545847,-0.28108463771482,-0.678598344545847));
#13097=DIRECTION('center_axis',(0.500000000000017,-0.500000000000017,0.707106781186524));
#13098=DIRECTION('ref_axis',(0.707106781186548,0.707106781186548,0.));
#13099=DIRECTION('',(-0.28108463771482,0.678598344545847,0.678598344545847));
#13100=DIRECTION('',(0.707106781186547,0.707106781186547,0.));
#13101=DIRECTION('center_axis',(0.,0.707106781186548,-0.707106781186548));
#13102=DIRECTION('ref_axis',(-1.,0.,0.));
#13103=DIRECTION('',(-1.,0.,0.));
#13104=DIRECTION('center_axis',(0.,0.,1.));
#13105=DIRECTION('ref_axis',(-1.,0.,0.));
#13106=DIRECTION('',(0.,-1.,0.));
#13107=DIRECTION('',(-1.,0.,0.));
#13108=DIRECTION('',(0.,-1.,0.));
#13109=DIRECTION('',(1.,0.,0.));
#13110=DIRECTION('center_axis',(-0.707106781186548,0.,0.707106781186548));
#13111=DIRECTION('ref_axis',(0.,-1.,0.));
#13112=DIRECTION('',(0.577350269189626,-0.577350269189626,0.577350269189626));
#13113=DIRECTION('',(0.577350269189626,0.577350269189626,0.577350269189626));
#13114=DIRECTION('',(0.,-1.,0.));
#13115=DIRECTION('center_axis',(-0.999390827019096,0.,0.0348994967024999));
#13116=DIRECTION('ref_axis',(0.0348994967024999,0.,0.999390827019096));
#13117=DIRECTION('',(0.0348782627423707,-0.0348782627423707,0.998782765958719));
#13118=DIRECTION('',(0.0348782627423706,0.0348782627423806,0.998782765958718));
#13119=DIRECTION('center_axis',(0.,0.999390827019096,0.0348994967024999));
#13120=DIRECTION('ref_axis',(0.,0.0348994967024999,-0.999390827019096));
#13121=DIRECTION('',(0.0348782627423707,0.0348782627423707,-0.998782765958719));
#13122=DIRECTION('',(1.,0.,0.));
#13123=DIRECTION('center_axis',(0.,-0.707106781186548,-0.707106781186548));
#13124=DIRECTION('ref_axis',(1.,0.,0.));
#13125=DIRECTION('',(-0.577350269189626,-0.577350269189626,0.577350269189626));
#13126=DIRECTION('center_axis',(-0.707106781186548,0.,-0.707106781186548));
#13127=DIRECTION('ref_axis',(0.,-1.,0.));
#13128=DIRECTION('',(-0.577350269189626,0.577350269189626,0.577350269189626));
#13129=DIRECTION('',(0.,-1.,0.));
#13130=DIRECTION('center_axis',(0.,0.707106781186548,-0.707106781186548));
#13131=DIRECTION('ref_axis',(-1.,0.,0.));
#13132=DIRECTION('',(-1.,0.,0.));
#13133=DIRECTION('center_axis',(0.,-0.999390827019096,0.0348994967024999));
#13134=DIRECTION('ref_axis',(0.,0.0348994967024999,0.999390827019096));
#13135=DIRECTION('',(0.0348782627423706,-0.0348782627423806,-0.998782765958718));
#13136=DIRECTION('center_axis',(0.999390827019096,0.,0.0348994967024999));
#13137=DIRECTION('ref_axis',(0.0348994967024999,0.,-0.999390827019096));
#13138=DIRECTION('',(0.,-1.,0.));
#13139=DIRECTION('',(0.,-1.,0.));
#13140=DIRECTION('center_axis',(0.,0.,1.));
#13141=DIRECTION('ref_axis',(-1.,0.,0.));
#13142=DIRECTION('center_axis',(0.,0.,1.));
#13143=DIRECTION('ref_axis',(-1.,0.,0.));
#13144=DIRECTION('center_axis',(0.,-4.189196823996E-14,-1.));
#13145=DIRECTION('ref_axis',(0.,1.,-4.189196823996E-14));
#13146=DIRECTION('',(1.,0.,0.));
#13147=DIRECTION('',(1.467033907236E-14,-1.,1.744140311936E-14));
#13148=DIRECTION('',(1.,0.,0.));
#13149=DIRECTION('center_axis',(0.,-4.189196823996E-14,-1.));
#13150=DIRECTION('ref_axis',(0.,1.,-4.189196823996E-14));
#13151=DIRECTION('',(1.,0.,0.));
#13152=DIRECTION('',(-1.49963466073E-14,-1.,1.760440688683E-14));
#13153=DIRECTION('',(1.,0.,0.));
#13154=DIRECTION('center_axis',(0.,0.,1.));
#13155=DIRECTION('ref_axis',(1.,0.,0.));
#13156=DIRECTION('',(0.,-1.,0.));
#13157=DIRECTION('',(1.,0.,0.));
#13158=DIRECTION('',(0.,-1.,0.));
#13159=DIRECTION('',(1.,0.,0.));
#13160=DIRECTION('center_axis',(1.,0.,0.));
#13161=DIRECTION('ref_axis',(0.,0.,-1.));
#13162=DIRECTION('',(0.,0.,-1.));
#13163=DIRECTION('',(0.,-1.,0.));
#13164=DIRECTION('',(0.,0.,-1.));
#13165=DIRECTION('center_axis',(-0.707106781186548,0.,0.707106781186548));
#13166=DIRECTION('ref_axis',(0.,-1.,0.));
#13167=DIRECTION('',(0.707106781186547,0.,0.707106781186547));
#13168=DIRECTION('',(0.707106781186547,0.,0.707106781186547));
#13169=DIRECTION('',(0.,-1.,0.));
#13170=DIRECTION('center_axis',(0.,0.,-1.));
#13171=DIRECTION('ref_axis',(-1.,0.,0.));
#13172=DIRECTION('',(0.,-1.,0.));
#13173=DIRECTION('',(-1.,0.,0.));
#13174=DIRECTION('',(1.,0.,0.));
#13175=DIRECTION('center_axis',(-1.,0.,0.));
#13176=DIRECTION('ref_axis',(0.,0.,1.));
#13177=DIRECTION('',(0.,0.,1.));
#13178=DIRECTION('',(0.,0.,1.));
#13179=DIRECTION('',(0.,1.,0.));
#13180=DIRECTION('center_axis',(-0.707106781186548,0.,0.707106781186548));
#13181=DIRECTION('ref_axis',(0.,1.,0.));
#13182=DIRECTION('',(-0.707106781186547,0.,-0.707106781186547));
#13183=DIRECTION('',(0.,1.,0.));
#13184=DIRECTION('',(-0.707106781186547,0.,-0.707106781186547));
#13185=DIRECTION('',(0.,1.,0.));
#13186=DIRECTION('center_axis',(-1.,0.,0.));
#13187=DIRECTION('ref_axis',(0.,0.,1.));
#13188=DIRECTION('',(0.,-1.,0.));
#13189=DIRECTION('',(0.,0.,1.));
#13190=DIRECTION('',(0.,0.,1.));
#13191=DIRECTION('center_axis',(0.,0.,1.));
#13192=DIRECTION('ref_axis',(1.,0.,0.));
#13193=DIRECTION('',(0.,-1.,0.));
#13194=DIRECTION('',(1.,0.,0.));
#13195=DIRECTION('',(1.,0.,0.));
#13196=DIRECTION('center_axis',(-1.,0.,0.));
#13197=DIRECTION('ref_axis',(0.,0.,1.));
#13198=DIRECTION('',(0.,-1.,0.));
#13199=DIRECTION('',(0.,0.,1.));
#13200=DIRECTION('',(0.,0.,1.));
#13201=DIRECTION('center_axis',(-0.707106781186548,0.,-0.707106781186548));
#13202=DIRECTION('ref_axis',(0.,-1.,0.));
#13203=DIRECTION('',(-0.707106781186547,0.,0.707106781186547));
#13204=DIRECTION('',(-0.707106781186547,0.,0.707106781186547));
#13205=DIRECTION('',(0.,-1.,0.));
#13206=DIRECTION('center_axis',(0.,0.,-1.));
#13207=DIRECTION('ref_axis',(-1.,0.,0.));
#13208=DIRECTION('',(0.,-1.,0.));
#13209=DIRECTION('',(1.,0.,0.));
#13210=DIRECTION('',(-1.,0.,0.));
#13211=DIRECTION('center_axis',(1.,0.,0.));
#13212=DIRECTION('ref_axis',(0.,0.,-1.));
#13213=DIRECTION('',(0.,0.,-1.));
#13214=DIRECTION('',(0.,0.,-1.));
#13215=DIRECTION('',(0.,1.,0.));
#13216=DIRECTION('center_axis',(-1.,0.,0.));
#13217=DIRECTION('ref_axis',(0.,-1.,0.));
#13218=DIRECTION('',(0.,0.,-1.));
#13219=DIRECTION('',(0.,-1.,0.));
#13220=DIRECTION('',(0.,0.,-1.));
#13221=DIRECTION('',(0.,-1.,0.));
#13222=DIRECTION('center_axis',(0.,-1.,0.));
#13223=DIRECTION('ref_axis',(1.,0.,0.));
#13224=DIRECTION('',(0.,0.,1.));
#13225=DIRECTION('',(1.,0.,0.));
#13226=DIRECTION('',(-1.,0.,0.));
#13227=DIRECTION('center_axis',(0.,-1.,0.));
#13228=DIRECTION('ref_axis',(1.,0.,0.));
#13229=DIRECTION('',(0.,0.,-1.));
#13230=DIRECTION('',(-1.,0.,0.));
#13231=DIRECTION('',(0.,0.,-1.));
#13232=DIRECTION('',(1.,0.,0.));
#13233=DIRECTION('center_axis',(1.,0.,0.));
#13234=DIRECTION('ref_axis',(0.,1.,0.));
#13235=DIRECTION('',(0.,0.,-1.));
#13236=DIRECTION('',(0.,1.,0.));
#13237=DIRECTION('',(0.,1.,0.));
#13238=DIRECTION('center_axis',(0.,1.,0.));
#13239=DIRECTION('ref_axis',(-1.,0.,0.));
#13240=DIRECTION('',(0.,0.,1.));
#13241=DIRECTION('',(-1.,0.,0.));
#13242=DIRECTION('',(1.,0.,0.));
#13243=DIRECTION('center_axis',(0.,0.,-1.));
#13244=DIRECTION('ref_axis',(1.,0.,0.));
#13245=DIRECTION('center_axis',(0.,0.,-1.));
#13246=DIRECTION('ref_axis',(-1.,0.,0.));
#13247=DIRECTION('',(0.,0.,-1.));
#13248=DIRECTION('center_axis',(0.,0.,-1.));
#13249=DIRECTION('ref_axis',(1.,0.,0.));
#13250=DIRECTION('center_axis',(0.,0.,-1.));
#13251=DIRECTION('ref_axis',(-1.,0.,0.));
#13252=DIRECTION('center_axis',(0.,0.,-1.));
#13253=DIRECTION('ref_axis',(-1.,0.,0.));
#13254=DIRECTION('center_axis',(0.,0.,-1.));
#13255=DIRECTION('ref_axis',(-1.,0.,0.));
#13256=DIRECTION('center_axis',(0.,0.,-1.));
#13257=DIRECTION('ref_axis',(1.,0.,0.));
#13258=DIRECTION('',(0.,0.,-1.));
#13259=DIRECTION('center_axis',(0.,0.,-1.));
#13260=DIRECTION('ref_axis',(1.,0.,0.));
#13261=DIRECTION('center_axis',(0.,0.,-1.));
#13262=DIRECTION('ref_axis',(1.,0.,0.));
#13263=DIRECTION('center_axis',(0.,-3.933386122928E-14,-1.));
#13264=DIRECTION('ref_axis',(1.,0.,0.));
#13265=DIRECTION('',(0.,0.,1.));
#13266=DIRECTION('center_axis',(0.,0.,-1.));
#13267=DIRECTION('ref_axis',(1.,0.,0.));
#13268=DIRECTION('center_axis',(0.,-1.,0.));
#13269=DIRECTION('ref_axis',(-1.,0.,0.));
#13270=DIRECTION('',(0.,0.,1.));
#13271=DIRECTION('',(-1.,0.,0.));
#13272=DIRECTION('',(0.,0.,1.));
#13273=DIRECTION('',(-1.,0.,0.));
#13274=DIRECTION('center_axis',(1.,0.,0.));
#13275=DIRECTION('ref_axis',(0.,-1.,0.));
#13276=DIRECTION('',(0.,-1.,0.));
#13277=DIRECTION('',(0.,0.,1.));
#13278=DIRECTION('',(0.,-1.,0.));
#13279=DIRECTION('center_axis',(0.,1.,0.));
#13280=DIRECTION('ref_axis',(1.,0.,0.));
#13281=DIRECTION('',(1.,0.,0.));
#13282=DIRECTION('',(0.,0.,1.));
#13283=DIRECTION('',(1.,0.,0.));
#13284=DIRECTION('center_axis',(1.,0.,0.));
#13285=DIRECTION('ref_axis',(0.,-1.,0.));
#13286=DIRECTION('',(0.,-1.,0.));
#13287=DIRECTION('',(0.,0.,1.));
#13288=DIRECTION('',(0.,-1.,0.));
#13289=DIRECTION('center_axis',(0.,1.,0.));
#13290=DIRECTION('ref_axis',(1.,0.,0.));
#13291=DIRECTION('',(1.,0.,0.));
#13292=DIRECTION('',(0.,0.,1.));
#13293=DIRECTION('',(1.,0.,0.));
#13294=DIRECTION('center_axis',(-1.,0.,0.));
#13295=DIRECTION('ref_axis',(0.,1.,0.));
#13296=DIRECTION('',(0.,1.,0.));
#13297=DIRECTION('',(0.,0.,1.));
#13298=DIRECTION('',(0.,1.,0.));
#13299=DIRECTION('center_axis',(0.,1.,0.));
#13300=DIRECTION('ref_axis',(1.,0.,0.));
#13301=DIRECTION('',(1.,0.,0.));
#13302=DIRECTION('',(0.,0.,1.));
#13303=DIRECTION('',(1.,0.,0.));
#13304=DIRECTION('center_axis',(-1.,0.,0.));
#13305=DIRECTION('ref_axis',(0.,1.,0.));
#13306=DIRECTION('',(0.,1.,0.));
#13307=DIRECTION('',(0.,0.,1.));
#13308=DIRECTION('',(0.,1.,0.));
#13309=DIRECTION('center_axis',(0.,-1.,0.));
#13310=DIRECTION('ref_axis',(-1.,0.,0.));
#13311=DIRECTION('',(-1.,0.,0.));
#13312=DIRECTION('',(0.,0.,1.));
#13313=DIRECTION('',(-1.,0.,0.));
#13314=DIRECTION('center_axis',(-1.,0.,0.));
#13315=DIRECTION('ref_axis',(0.,1.,0.));
#13316=DIRECTION('',(0.,-1.,0.));
#13317=DIRECTION('',(0.,0.,1.));
#13318=DIRECTION('',(0.,-1.,0.));
#13319=DIRECTION('center_axis',(0.,0.,-1.));
#13320=DIRECTION('ref_axis',(1.,0.,0.));
#13321=DIRECTION('',(0.,1.,0.));
#13322=DIRECTION('',(-1.,0.,0.));
#13323=DIRECTION('center_axis',(1.,0.,0.));
#13324=DIRECTION('ref_axis',(0.,-1.,0.));
#13325=DIRECTION('',(0.,1.,0.));
#13326=DIRECTION('',(0.,0.,1.));
#13327=DIRECTION('center_axis',(0.,-1.,0.));
#13328=DIRECTION('ref_axis',(-1.,0.,0.));
#13329=DIRECTION('',(-1.,0.,0.));
#13330=DIRECTION('center_axis',(0.,0.,-1.));
#13331=DIRECTION('ref_axis',(-1.,0.,0.));
#13332=DIRECTION('center_axis',(0.,0.,-1.));
#13333=DIRECTION('ref_axis',(1.,0.,0.));
#13334=DIRECTION('',(0.,0.,-1.));
#13335=DIRECTION('center_axis',(0.,0.,-1.));
#13336=DIRECTION('ref_axis',(-1.,0.,0.));
#13337=DIRECTION('center_axis',(0.,0.,-1.));
#13338=DIRECTION('ref_axis',(-1.,0.,0.));
#13339=DIRECTION('center_axis',(0.,0.,-1.));
#13340=DIRECTION('ref_axis',(-1.,0.,0.));
#13341=DIRECTION('center_axis',(0.,0.,-1.));
#13342=DIRECTION('ref_axis',(1.,0.,0.));
#13343=DIRECTION('center_axis',(0.,0.,-1.));
#13344=DIRECTION('ref_axis',(-1.,0.,0.));
#13345=DIRECTION('',(0.,0.,-1.));
#13346=DIRECTION('center_axis',(0.,0.,-1.));
#13347=DIRECTION('ref_axis',(-1.,0.,0.));
#13348=DIRECTION('center_axis',(0.,0.,-1.));
#13349=DIRECTION('ref_axis',(-1.,0.,0.));
#13350=DIRECTION('',(0.,1.,0.));
#13351=DIRECTION('',(1.,0.,0.));
#13352=DIRECTION('',(0.,-1.,0.));
#13353=DIRECTION('',(0.,-1.,0.));
#13354=DIRECTION('',(-1.,0.,0.));
#13355=DIRECTION('',(0.,1.,0.));
#13356=DIRECTION('',(-1.,0.,0.));
#13357=DIRECTION('center_axis',(0.,1.,0.));
#13358=DIRECTION('ref_axis',(-1.,0.,0.));
#13359=DIRECTION('',(0.,0.,-1.));
#13360=DIRECTION('',(1.,0.,0.));
#13361=DIRECTION('center_axis',(0.,0.,1.));
#13362=DIRECTION('ref_axis',(1.,0.,0.));
#13363=DIRECTION('',(0.,-1.,0.));
#13364=DIRECTION('',(-1.,0.,0.));
#13365=DIRECTION('',(0.681621125193774,-0.731705297021672,0.));
#13366=DIRECTION('',(0.681621125193774,0.731705297021672,0.));
#13367=DIRECTION('',(-1.,0.,0.));
#13368=DIRECTION('',(0.,1.,0.));
#13369=DIRECTION('',(-1.,0.,0.));
#13370=DIRECTION('center_axis',(-1.,0.,0.));
#13371=DIRECTION('ref_axis',(0.,-1.,0.));
#13372=DIRECTION('',(0.,0.,-1.));
#13373=DIRECTION('',(0.,0.,-1.));
#13374=DIRECTION('',(0.,-1.,0.));
#13375=DIRECTION('center_axis',(0.,1.,0.));
#13376=DIRECTION('ref_axis',(-1.,0.,0.));
#13377=DIRECTION('',(0.,0.,-1.));
#13378=DIRECTION('',(-1.,0.,0.));
#13379=DIRECTION('center_axis',(-0.731705297021672,-0.681621125193774,0.));
#13380=DIRECTION('ref_axis',(0.681621125193774,-0.731705297021672,0.));
#13381=DIRECTION('',(0.,0.,-1.));
#13382=DIRECTION('',(0.681621125193774,-0.731705297021672,0.));
#13383=DIRECTION('center_axis',(0.731705297021672,-0.681621125193774,0.));
#13384=DIRECTION('ref_axis',(0.681621125193774,0.731705297021672,0.));
#13385=DIRECTION('',(0.,0.,-1.));
#13386=DIRECTION('',(0.681621125193774,0.731705297021672,0.));
#13387=DIRECTION('center_axis',(0.,1.,0.));
#13388=DIRECTION('ref_axis',(-1.,0.,0.));
#13389=DIRECTION('',(0.,0.,-1.));
#13390=DIRECTION('',(-1.,0.,0.));
#13391=DIRECTION('center_axis',(1.,0.,0.));
#13392=DIRECTION('ref_axis',(0.,1.,0.));
#13393=DIRECTION('',(0.,0.,-1.));
#13394=DIRECTION('',(0.,1.,0.));
#13395=DIRECTION('center_axis',(0.,1.,0.));
#13396=DIRECTION('ref_axis',(-1.,0.,0.));
#13397=DIRECTION('',(-1.,0.,0.));
#13398=DIRECTION('center_axis',(0.,0.,1.));
#13399=DIRECTION('ref_axis',(1.,0.,0.));
#13400=DIRECTION('',(1.,0.,0.));
#13401=DIRECTION('',(0.,1.,0.));
#13402=DIRECTION('',(-1.,0.,0.));
#13403=DIRECTION('',(0.,-1.,0.));
#13404=DIRECTION('center_axis',(0.,-1.,0.));
#13405=DIRECTION('ref_axis',(1.,0.,0.));
#13406=DIRECTION('',(0.,0.,-1.));
#13407=DIRECTION('',(0.,0.,-1.));
#13408=DIRECTION('',(1.,0.,0.));
#13409=DIRECTION('center_axis',(1.,0.,0.));
#13410=DIRECTION('ref_axis',(0.,1.,0.));
#13411=DIRECTION('',(0.,0.,-1.));
#13412=DIRECTION('',(0.,1.,0.));
#13413=DIRECTION('center_axis',(0.,1.,0.));
#13414=DIRECTION('ref_axis',(-1.,0.,0.));
#13415=DIRECTION('',(0.,0.,-1.));
#13416=DIRECTION('',(-1.,0.,0.));
#13417=DIRECTION('center_axis',(-1.,0.,0.));
#13418=DIRECTION('ref_axis',(0.,-1.,0.));
#13419=DIRECTION('',(0.,-1.,0.));
#13420=DIRECTION('center_axis',(-1.,0.,0.));
#13421=DIRECTION('ref_axis',(0.,0.,1.));
#13422=DIRECTION('',(0.,-1.,0.));
#13423=DIRECTION('',(0.,0.,1.));
#13424=DIRECTION('',(0.,-1.,0.));
#13425=DIRECTION('',(0.,0.,1.));
#13426=DIRECTION('center_axis',(0.,0.,1.));
#13427=DIRECTION('ref_axis',(1.,0.,0.));
#13428=DIRECTION('',(1.,0.,0.));
#13429=DIRECTION('',(0.,-1.,0.));
#13430=DIRECTION('',(1.,0.,0.));
#13431=DIRECTION('',(0.,1.,0.));
#13432=DIRECTION('',(0.,1.,0.));
#13433=DIRECTION('center_axis',(0.,1.,0.));
#13434=DIRECTION('ref_axis',(0.,0.,1.));
#13435=DIRECTION('',(0.,0.,1.));
#13436=DIRECTION('',(-1.,0.,0.));
#13437=DIRECTION('',(0.,0.,-1.));
#13438=DIRECTION('',(-1.,0.,0.));
#13439=DIRECTION('',(0.,0.,1.));
#13440=DIRECTION('center_axis',(1.,0.,0.));
#13441=DIRECTION('ref_axis',(0.,0.,-1.));
#13442=DIRECTION('',(0.,0.,-1.));
#13443=DIRECTION('',(0.,-1.,0.));
#13444=DIRECTION('center_axis',(0.,0.,-1.));
#13445=DIRECTION('ref_axis',(-1.,0.,0.));
#13446=DIRECTION('',(-1.,0.,0.));
#13447=DIRECTION('',(-1.,0.,0.));
#13448=DIRECTION('',(0.,1.,0.));
#13449=DIRECTION('',(-1.,0.,0.));
#13450=DIRECTION('',(0.,1.,0.));
#13451=DIRECTION('center_axis',(-1.,0.,0.));
#13452=DIRECTION('ref_axis',(0.,-1.,0.));
#13453=DIRECTION('',(0.,0.,1.));
#13454=DIRECTION('',(0.,0.,-1.));
#13455=DIRECTION('',(0.,0.,1.));
#13456=DIRECTION('center_axis',(0.,1.,0.));
#13457=DIRECTION('ref_axis',(0.,0.,-1.));
#13458=DIRECTION('',(-1.,0.,0.));
#13459=DIRECTION('',(0.,0.,-1.));
#13460=DIRECTION('center_axis',(-0.707106781186548,0.,-0.707106781186548));
#13461=DIRECTION('ref_axis',(0.,1.,0.));
#13462=DIRECTION('',(0.707106781186547,0.,-0.707106781186547));
#13463=DIRECTION('',(0.,1.,0.));
#13464=DIRECTION('',(0.707106781186547,0.,-0.707106781186547));
#13465=DIRECTION('',(0.,1.,0.));
#13466=DIRECTION('center_axis',(1.,0.,0.));
#13467=DIRECTION('ref_axis',(0.,1.,0.));
#13468=DIRECTION('',(0.,1.,0.));
#13469=DIRECTION('',(0.,1.,0.));
#13470=DIRECTION('',(0.,0.,1.));
#13471=DIRECTION('',(0.,0.,1.));
#13472=DIRECTION('center_axis',(0.,0.,-1.));
#13473=DIRECTION('ref_axis',(-1.,0.,0.));
#13474=DIRECTION('',(1.,0.,0.));
#13475=DIRECTION('',(1.,0.,0.));
#13476=DIRECTION('center_axis',(0.,-1.,0.));
#13477=DIRECTION('ref_axis',(-1.,0.,0.));
#13478=DIRECTION('center_axis',(0.,-1.,0.));
#13479=DIRECTION('ref_axis',(-1.,0.,0.));
#13480=DIRECTION('',(0.,0.,-1.));
#13481=DIRECTION('center_axis',(1.,0.,0.));
#13482=DIRECTION('ref_axis',(0.,0.,-1.));
#13483=DIRECTION('',(0.,0.,-1.));
#13484=DIRECTION('center_axis',(0.,1.,0.));
#13485=DIRECTION('ref_axis',(1.,0.,0.));
#13486=DIRECTION('center_axis',(0.,1.,0.));
#13487=DIRECTION('ref_axis',(1.,0.,0.));
#13488=DIRECTION('center_axis',(0.,7.855557072685E-14,-1.));
#13489=DIRECTION('ref_axis',(0.,1.,7.855557072685E-14));
#13490=DIRECTION('',(-1.,0.,0.));
#13491=DIRECTION('',(0.,1.,1.657944188028E-13));
#13492=DIRECTION('',(-1.,0.,0.));
#13493=DIRECTION('',(0.,1.,1.657944188028E-13));
#13494=DIRECTION('center_axis',(-1.,0.,0.));
#13495=DIRECTION('ref_axis',(0.,1.,7.85552178861337E-14));
#13496=DIRECTION('',(0.,5.15143483426E-14,-1.));
#13497=DIRECTION('',(4.95487234292313E-14,0.0871557427467422,-0.996194698091826));
#13498=DIRECTION('',(-2.997602166487E-14,1.,0.));
#13499=DIRECTION('center_axis',(0.,1.,7.855557072685E-14));
#13500=DIRECTION('ref_axis',(1.,0.,0.));
#13501=DIRECTION('',(0.,5.15143483426E-14,-1.));
#13502=DIRECTION('',(-1.,0.,0.));
#13503=DIRECTION('center_axis',(1.,0.,0.));
#13504=DIRECTION('ref_axis',(0.,-1.,-7.85552178861337E-14));
#13505=DIRECTION('',(0.,1.,0.));
#13506=DIRECTION('',(0.,-0.0871557427467422,0.996194698091826));
#13507=DIRECTION('center_axis',(0.,1.309259512114E-14,1.));
#13508=DIRECTION('ref_axis',(0.,-1.,1.309259512114E-14));
#13509=DIRECTION('',(-1.,0.,0.));
#13510=DIRECTION('center_axis',(0.,7.855557072685E-14,-1.));
#13511=DIRECTION('ref_axis',(0.,1.,7.855557072685E-14));
#13512=DIRECTION('',(-1.,0.,0.));
#13513=DIRECTION('',(0.,1.,1.057791463565E-13));
#13514=DIRECTION('',(1.,5.773159728109E-14,-2.009503674592E-13));
#13515=DIRECTION('',(0.,-1.,-2.642330798608E-14));
#13516=DIRECTION('',(1.,4.884980558256E-14,0.));
#13517=DIRECTION('',(-9.306401238866E-9,-1.,-7.759786079691E-14));
#13518=DIRECTION('',(-1.,0.,0.));
#13519=DIRECTION('',(0.,-1.,-7.763150391887E-14));
#13520=DIRECTION('',(-1.,0.,-1.931788062828E-13));
#13521=DIRECTION('',(0.,1.,5.218048215738E-14));
#13522=DIRECTION('',(1.,0.,2.686739719596E-13));
#13523=DIRECTION('',(4.960677208443E-14,1.,1.057791463565E-13));
#13524=DIRECTION('center_axis',(-1.,0.,0.));
#13525=DIRECTION('ref_axis',(0.,1.,7.85552178861337E-14));
#13526=DIRECTION('',(0.,5.329070518198E-14,-1.));
#13527=DIRECTION('',(-9.90974468584527E-14,0.0871557427467323,-0.996194698091827));
#13528=DIRECTION('',(1.68753899743E-14,1.,4.810966440042E-14));
#13529=DIRECTION('center_axis',(0.,-1.,-7.855557072685E-14));
#13530=DIRECTION('ref_axis',(-1.,0.,0.));
#13531=DIRECTION('',(1.,1.199040866607E-13,2.986499936272E-13));
#13532=DIRECTION('',(0.,-2.842170943038E-14,1.));
#13533=DIRECTION('center_axis',(1.,0.,0.));
#13534=DIRECTION('ref_axis',(0.,-1.,0.));
#13535=DIRECTION('',(0.,1.,0.));
#13536=DIRECTION('',(0.,-2.131628207279E-14,1.));
#13537=DIRECTION('center_axis',(0.,1.,7.855557072685E-14));
#13538=DIRECTION('ref_axis',(1.,0.,0.));
#13539=DIRECTION('',(1.,1.065813939983E-13,-1.0436094829E-12));
#13540=DIRECTION('',(0.,4.618527782435E-14,-1.));
#13541=DIRECTION('center_axis',(-1.,1.395965821053E-8,0.));
#13542=DIRECTION('ref_axis',(1.395965821053E-8,1.,7.85552178861337E-14));
#13543=DIRECTION('',(0.,-1.136868377213E-13,1.));
#13544=DIRECTION('',(-9.306401306152E-9,-1.,-1.675427473525E-14));
#13545=DIRECTION('center_axis',(0.,-1.,-2.415845301577E-13));
#13546=DIRECTION('ref_axis',(0.,2.415845301577E-13,-1.));
#13547=DIRECTION('',(-1.,0.,0.));
#13548=DIRECTION('',(0.,-1.065814103637E-13,1.));
#13549=DIRECTION('center_axis',(1.,0.,0.));
#13550=DIRECTION('ref_axis',(0.,-1.,-7.85552178861337E-14));
#13551=DIRECTION('',(0.,1.389111048409E-12,-1.));
#13552=DIRECTION('',(0.,-1.,-1.677109629623E-14));
#13553=DIRECTION('center_axis',(0.,1.,7.855557072685E-14));
#13554=DIRECTION('ref_axis',(1.,0.,0.));
#13555=DIRECTION('',(0.,1.383781977892E-12,-1.));
#13556=DIRECTION('',(-1.,0.,-1.108002578565E-12));
#13557=DIRECTION('center_axis',(1.,0.,0.));
#13558=DIRECTION('ref_axis',(0.,-1.,-7.85552178861337E-14));
#13559=DIRECTION('',(0.,5.329070518197E-14,-1.));
#13560=DIRECTION('',(0.,1.,2.198241588756E-14));
#13561=DIRECTION('center_axis',(0.,-1.,-7.855557072685E-14));
#13562=DIRECTION('ref_axis',(-1.,0.,0.));
#13563=DIRECTION('',(0.,5.329070518198E-14,-1.));
#13564=DIRECTION('',(1.,0.,-3.641531520775E-13));
#13565=DIRECTION('center_axis',(1.,-1.488203162533E-13,0.));
#13566=DIRECTION('ref_axis',(-1.488203162533E-13,-1.,-7.85552178861337E-14));
#13567=DIRECTION('',(5.59552404411E-14,1.,1.569115208137E-14));
#13568=DIRECTION('',(3.36223480412609E-14,-0.0871557427467422,0.996194698091826));
#13569=DIRECTION('center_axis',(0.,1.309259512114E-14,1.));
#13570=DIRECTION('ref_axis',(0.,-1.,1.309259512114E-14));
#13571=DIRECTION('',(-1.,0.,-9.725553695715E-14));
#13572=DIRECTION('center_axis',(0.,-8.05343126671115E-17,-1.));
#13573=DIRECTION('ref_axis',(0.,-1.,0.));
#13574=DIRECTION('center_axis',(0.,0.,-1.));
#13575=DIRECTION('ref_axis',(0.,1.,0.));
#13576=DIRECTION('center_axis',(1.,-1.22464679914735E-16,0.));
#13577=DIRECTION('ref_axis',(1.22464679914735E-16,1.,0.));
#13578=DIRECTION('center_axis',(0.,0.,-1.));
#13579=DIRECTION('ref_axis',(0.,-1.,0.));
#13580=DIRECTION('center_axis',(0.,0.,1.));
#13581=DIRECTION('ref_axis',(0.,1.,0.));
#13582=DIRECTION('center_axis',(0.,0.,-1.));
#13583=DIRECTION('ref_axis',(0.,-1.,0.));
#13584=DIRECTION('',(1.35239801846958E-17,0.11043167870207,-0.993883717715027));
#13585=DIRECTION('center_axis',(0.,0.,-1.));
#13586=DIRECTION('ref_axis',(0.,-1.,0.));
#13587=DIRECTION('center_axis',(0.,0.996194698091747,-0.0871557427476441));
#13588=DIRECTION('ref_axis',(0.,0.0871557427476441,0.996194698091747));
#13589=DIRECTION('',(0.0744973332759691,-0.086913555488479,-0.993426485054189));
#13590=DIRECTION('',(1.,1.059892914175E-14,0.));
#13591=DIRECTION('',(-0.074497333275939,-0.0869135554885288,-0.993426485054187));
#13592=DIRECTION('center_axis',(0.,-4.189196823996E-14,-1.));
#13593=DIRECTION('ref_axis',(0.,1.,-4.189196823996E-14));
#13594=DIRECTION('center_axis',(0.997200032509695,0.,0.0747803126675897));
#13595=DIRECTION('ref_axis',(0.0747803126675897,0.,-0.997200032509695));
#13596=DIRECTION('',(0.,1.,2.420286193683E-14));
#13597=DIRECTION('',(-0.0744973332759692,-0.0869135554884691,0.99342648505419));
#13598=DIRECTION('center_axis',(0.,3.933386122928E-14,1.));
#13599=DIRECTION('ref_axis',(0.,-1.,3.933386122928E-14));
#13600=DIRECTION('',(1.,1.461185667285E-14,0.));
#13601=DIRECTION('',(0.,1.,-2.309825985181E-14));
#13602=DIRECTION('',(1.,-1.479526909971E-14,0.));
#13603=DIRECTION('',(0.,1.,-2.309825985181E-14));
#13604=DIRECTION('center_axis',(0.982608574294041,0.,-0.185688959617508));
#13605=DIRECTION('ref_axis',(-0.185688959617508,0.,-0.982608574294041));
#13606=DIRECTION('',(0.185006586864494,0.0856511976226971,0.978997668619567));
#13607=DIRECTION('',(0.18500658686449,-0.0856511976229254,0.978997668619548));
#13608=DIRECTION('center_axis',(-1.,0.,0.));
#13609=DIRECTION('ref_axis',(0.,1.,7.85552178861337E-14));
#13610=DIRECTION('',(0.,-1.136868377213E-13,1.));
#13611=DIRECTION('',(0.,-1.,-7.759786079691E-14));
#13612=DIRECTION('',(0.,5.684341886074E-14,-1.));
#13613=DIRECTION('',(0.,-1.,-1.675427473525E-14));
#13614=DIRECTION('center_axis',(0.,-1.,-2.415845301577E-13));
#13615=DIRECTION('ref_axis',(0.,2.415845301577E-13,-1.));
#13616=DIRECTION('',(-1.,0.,0.));
#13617=DIRECTION('',(0.,-1.065814103637E-13,1.));
#13618=DIRECTION('',(-1.,0.,0.));
#13619=DIRECTION('center_axis',(1.,0.,0.));
#13620=DIRECTION('ref_axis',(0.,-1.,-7.85552178861337E-14));
#13621=DIRECTION('',(0.,5.329070518194E-14,-1.));
#13622=DIRECTION('',(0.,-1.,-7.763150391887E-14));
#13623=DIRECTION('',(0.,-1.,-1.677109629623E-14));
#13624=DIRECTION('center_axis',(0.,1.,7.855557072685E-14));
#13625=DIRECTION('ref_axis',(1.,0.,0.));
#13626=DIRECTION('',(-1.,5.773159728051E-14,0.));
#13627=DIRECTION('',(-1.,1.199040866595E-13,-1.042499420123E-12));
#13628=DIRECTION('',(0.,-2.842170943038E-14,1.));
#13629=DIRECTION('center_axis',(1.,0.,0.));
#13630=DIRECTION('ref_axis',(0.,-1.,0.));
#13631=DIRECTION('',(0.,-1.,-2.620126338115E-14));
#13632=DIRECTION('',(0.,1.,0.));
#13633=DIRECTION('',(0.,-2.842170943038E-14,1.));
#13634=DIRECTION('center_axis',(0.,-1.,-7.855557072685E-14));
#13635=DIRECTION('ref_axis',(-1.,0.,0.));
#13636=DIRECTION('',(-1.,1.199040866594E-13,2.98649993624E-13));
#13637=DIRECTION('',(0.,5.329070518198E-14,-1.));
#13638=DIRECTION('',(-1.,5.773159728048E-14,-2.031708135063E-13));
#13639=DIRECTION('center_axis',(1.,7.441015812665E-14,0.));
#13640=DIRECTION('ref_axis',(7.441015812665E-14,-1.,-7.85552178861337E-14));
#13641=DIRECTION('',(-2.39279724172E-14,1.,1.056332440857E-13));
#13642=DIRECTION('',(-2.812564995717E-14,1.,2.879178377195E-14));
#13643=DIRECTION('',(-2.12351671839609E-14,-0.0871557427465735,0.99619469809184));
#13644=DIRECTION('center_axis',(0.,7.855557072685E-14,-1.));
#13645=DIRECTION('ref_axis',(0.,1.,7.855557072685E-14));
#13646=DIRECTION('',(-1.,-3.312905505482E-13,0.));
#13647=DIRECTION('',(-2.509519058389E-14,1.,1.057791463565E-13));
#13648=DIRECTION('',(1.,0.,-1.376676550551E-13));
#13649=DIRECTION('',(1.527666881884E-13,-1.,-5.240252676231E-14));
#13650=DIRECTION('',(-1.,0.,5.884182030516E-14));
#13651=DIRECTION('center_axis',(-1.,-7.470196266832E-14,0.));
#13652=DIRECTION('ref_axis',(-7.470196266832E-14,1.,7.85552178861337E-14));
#13653=DIRECTION('',(0.,5.329070518198E-14,-1.));
#13654=DIRECTION('',(-6.72446960825317E-14,0.0871557427467422,-0.996194698091826));
#13655=DIRECTION('',(-1.391479524197E-14,1.,1.487698852998E-14));
#13656=DIRECTION('center_axis',(0.,-1.,-7.855557072685E-14));
#13657=DIRECTION('ref_axis',(-1.,0.,0.));
#13658=DIRECTION('',(0.,5.329070518197E-14,-1.));
#13659=DIRECTION('',(1.,0.,3.241851231942E-13));
#13660=DIRECTION('center_axis',(-1.,-4.565237077259E-13,0.));
#13661=DIRECTION('ref_axis',(-4.565237077259E-13,1.,7.85552178861337E-14));
#13662=DIRECTION('',(0.,5.684341886076E-14,-1.));
#13663=DIRECTION('',(1.518785097687E-13,-1.,-2.198241588758E-14));
#13664=DIRECTION('center_axis',(0.,1.,7.855557072685E-14));
#13665=DIRECTION('ref_axis',(1.,0.,0.));
#13666=DIRECTION('',(-1.,0.,1.131317262093E-12));
#13667=DIRECTION('center_axis',(0.,1.309259512114E-14,1.));
#13668=DIRECTION('ref_axis',(0.,-1.,1.309259512114E-14));
#13669=DIRECTION('',(-1.,-2.478017790963E-13,3.819167204711E-14));
#13670=DIRECTION('center_axis',(0.,7.855557072685E-14,-1.));
#13671=DIRECTION('ref_axis',(0.,1.,7.855557072685E-14));
#13672=DIRECTION('',(-1.,0.,0.));
#13673=DIRECTION('',(0.,1.,1.657944188028E-13));
#13674=DIRECTION('',(-1.,0.,0.));
#13675=DIRECTION('',(0.,1.,1.657944188028E-13));
#13676=DIRECTION('center_axis',(-1.,0.,0.));
#13677=DIRECTION('ref_axis',(0.,1.,7.85552178861337E-14));
#13678=DIRECTION('',(0.,5.15143483426E-14,-1.));
#13679=DIRECTION('',(-4.77791261639012E-14,0.0871557427467422,-0.996194698091826));
#13680=DIRECTION('',(3.10862446895E-14,1.,0.));
#13681=DIRECTION('center_axis',(0.,1.,7.855557072685E-14));
#13682=DIRECTION('ref_axis',(1.,0.,0.));
#13683=DIRECTION('',(0.,5.15143483426E-14,-1.));
#13684=DIRECTION('',(-1.,0.,0.));
#13685=DIRECTION('center_axis',(1.,0.,0.));
#13686=DIRECTION('ref_axis',(0.,-1.,-7.85552178861337E-14));
#13687=DIRECTION('',(0.,1.,0.));
#13688=DIRECTION('',(0.,-0.0871557427467422,0.996194698091826));
#13689=DIRECTION('center_axis',(0.,1.309259512114E-14,1.));
#13690=DIRECTION('ref_axis',(0.,-1.,1.309259512114E-14));
#13691=DIRECTION('',(-1.,0.,0.));
#13692=DIRECTION('center_axis',(0.,-1.,-2.415845301577E-13));
#13693=DIRECTION('ref_axis',(0.,2.415845301577E-13,-1.));
#13694=DIRECTION('',(-1.,0.,0.));
#13695=DIRECTION('',(0.,-1.065814103637E-13,1.));
#13696=DIRECTION('',(-1.,0.,0.));
#13697=DIRECTION('',(0.,-1.136868377213E-13,1.));
#13698=DIRECTION('center_axis',(1.,0.,0.));
#13699=DIRECTION('ref_axis',(0.,-1.,-7.85552178861337E-14));
#13700=DIRECTION('',(0.,5.329070518194E-14,-1.));
#13701=DIRECTION('',(0.,-1.,-7.763150391887E-14));
#13702=DIRECTION('',(0.,-1.,-1.677109629623E-14));
#13703=DIRECTION('center_axis',(0.,1.,7.855557072685E-14));
#13704=DIRECTION('ref_axis',(1.,0.,0.));
#13705=DIRECTION('',(0.,5.329070518196E-14,-1.));
#13706=DIRECTION('',(-1.,0.,-1.931788062867E-13));
#13707=DIRECTION('',(-1.,0.,-1.108002578587E-12));
#13708=DIRECTION('center_axis',(1.,-4.547473508865E-13,0.));
#13709=DIRECTION('ref_axis',(-4.547473508865E-13,-1.,-7.85552178861337E-14));
#13710=DIRECTION('',(0.,5.329070518197E-14,-1.));
#13711=DIRECTION('',(2.849942504213E-13,1.,5.218048215738E-14));
#13712=DIRECTION('',(2.849942504213E-13,1.,2.198241588758E-14));
#13713=DIRECTION('center_axis',(0.,-1.,-7.855557072685E-14));
#13714=DIRECTION('ref_axis',(-1.,0.,0.));
#13715=DIRECTION('',(0.,5.329070518198E-14,-1.));
#13716=DIRECTION('',(1.,0.,2.686739719619E-13));
#13717=DIRECTION('',(1.,0.,-3.463895836865E-13));
#13718=DIRECTION('center_axis',(1.,1.494039253366E-13,0.));
#13719=DIRECTION('ref_axis',(1.494039253366E-13,-1.,-7.85552178861337E-14));
#13720=DIRECTION('',(-9.355983117394E-14,1.,1.057791463565E-13));
#13721=DIRECTION('',(-1.008822655043E-13,1.,1.576516694968E-14));
#13722=DIRECTION('',(-3.7382742230091E-14,-0.0871557427467422,0.996194698091826));
#13723=DIRECTION('center_axis',(0.,7.855557072685E-14,-1.));
#13724=DIRECTION('ref_axis',(0.,1.,7.855557072685E-14));
#13725=DIRECTION('',(-1.,0.,0.));
#13726=DIRECTION('',(1.40704502438E-13,1.,1.057791463565E-13));
#13727=DIRECTION('',(1.,0.,-1.376676550548E-13));
#13728=DIRECTION('',(2.849942504213E-13,-1.,-5.240252676231E-14));
#13729=DIRECTION('',(-1.,0.,5.884182030604E-14));
#13730=DIRECTION('',(0.,-1.,-7.759786079691E-14));
#13731=DIRECTION('center_axis',(-1.,2.241058880049E-13,0.));
#13732=DIRECTION('ref_axis',(2.241058880049E-13,1.,7.85552178861337E-14));
#13733=DIRECTION('',(0.,5.329070518198E-14,-1.));
#13734=DIRECTION('',(1.13917823955603E-14,0.0871557427467422,-0.996194698091826));
#13735=DIRECTION('',(1.403506940297E-13,1.,1.59872115546E-14));
#13736=DIRECTION('center_axis',(0.,-1.,-7.855557072685E-14));
#13737=DIRECTION('ref_axis',(-1.,0.,0.));
#13738=DIRECTION('',(0.,5.329070518197E-14,-1.));
#13739=DIRECTION('',(1.,0.,3.419486915877E-13));
#13740=DIRECTION('center_axis',(-1.,-4.547473508865E-13,0.));
#13741=DIRECTION('ref_axis',(-4.547473508865E-13,1.,7.85552178861337E-14));
#13742=DIRECTION('',(0.,5.684341886076E-14,-1.));
#13743=DIRECTION('',(2.849942504213E-13,-1.,-2.198241588758E-14));
#13744=DIRECTION('center_axis',(0.,1.,7.855557072685E-14));
#13745=DIRECTION('ref_axis',(1.,0.,0.));
#13746=DIRECTION('',(0.,5.684341886074E-14,-1.));
#13747=DIRECTION('',(-1.,0.,1.13131726211E-12));
#13748=DIRECTION('center_axis',(-1.,0.,0.));
#13749=DIRECTION('ref_axis',(0.,1.,7.85552178861337E-14));
#13750=DIRECTION('',(0.,-1.,-1.675427473525E-14));
#13751=DIRECTION('center_axis',(0.,1.309259512114E-14,1.));
#13752=DIRECTION('ref_axis',(0.,-1.,1.309259512114E-14));
#13753=DIRECTION('',(-1.,0.,0.));
#13754=DIRECTION('center_axis',(0.,-0.996194698091752,0.0871557427475858));
#13755=DIRECTION('ref_axis',(0.,-0.0871557427475858,-0.996194698091752));
#13756=DIRECTION('',(1.,0.,1.643706815679E-14));
#13757=DIRECTION('',(1.,0.,1.150699905731E-13));
#13758=DIRECTION('',(0.185006586864494,-0.0856511976226674,-0.97899766861957));
#13759=DIRECTION('',(1.,-2.148744145576E-13,-1.073215590471E-13));
#13760=DIRECTION('',(1.,0.,-1.557195930643E-14));
#13761=DIRECTION('',(1.,0.,1.715799219876E-14));
#13762=DIRECTION('',(1.,0.,-1.715799219875E-14));
#13763=DIRECTION('center_axis',(0.,-0.996194698091746,-0.087155742747654));
#13764=DIRECTION('ref_axis',(0.,0.087155742747654,-0.996194698091746));
#13765=DIRECTION('',(0.0744973332759391,-0.0869135554885189,0.993426485054188));
#13766=DIRECTION('center_axis',(-0.997200032509695,0.,0.0747803126675897));
#13767=DIRECTION('ref_axis',(0.0747803126675897,0.,0.997200032509695));
#13768=DIRECTION('',(-1.06581410364E-14,1.,1.158332689026E-14));
#13769=DIRECTION('center_axis',(-0.982608574294041,0.,-0.185688959617508));
#13770=DIRECTION('ref_axis',(-0.185688959617508,0.,0.982608574294041));
#13771=DIRECTION('',(0.185006586864394,0.0856511976228873,-0.97899766861957));
#13772=DIRECTION('center_axis',(0.,0.996194698091748,0.0871557427476342));
#13773=DIRECTION('ref_axis',(0.,-0.0871557427476342,0.996194698091748));
#13774=CARTESIAN_POINT('',(0.,0.,0.));
#13775=CARTESIAN_POINT('Origin',(3.5,-3.4,-1.153));
#13776=CARTESIAN_POINT('',(4.,2.825,-1.153));
#13777=CARTESIAN_POINT('',(4.,4.05,-1.153));
#13778=CARTESIAN_POINT('',(4.,-3.4,-1.153));
#13779=CARTESIAN_POINT('',(3.5,4.05,-1.653));
#13780=CARTESIAN_POINT('Origin',(3.5,4.05,-1.153));
#13781=CARTESIAN_POINT('',(3.5,3.425,-1.653));
#13782=CARTESIAN_POINT('',(3.5,-3.4,-1.653));
#13783=CARTESIAN_POINT('',(3.5,3.425,-0.653));
#13784=CARTESIAN_POINT('Origin',(3.5,3.425,-1.153));
#13785=CARTESIAN_POINT('',(3.5,2.825,-0.653));
#13786=CARTESIAN_POINT('',(3.5,2.825,-0.653));
#13787=CARTESIAN_POINT('Origin',(3.5,2.825,-1.153));
#13788=CARTESIAN_POINT('Origin',(3.5,-3.4,-1.153));
#13789=CARTESIAN_POINT('',(4.,-3.4,-1.153));
#13790=CARTESIAN_POINT('',(4.,-2.175,-1.153));
#13791=CARTESIAN_POINT('',(4.,-3.4,-1.153));
#13792=CARTESIAN_POINT('',(3.5,-2.175,-0.653));
#13793=CARTESIAN_POINT('Origin',(3.5,-2.175,-1.153));
#13794=CARTESIAN_POINT('',(3.5,-2.775,-0.653));
#13795=CARTESIAN_POINT('',(3.5,-2.775,-0.653));
#13796=CARTESIAN_POINT('',(3.5,-2.775,-1.653));
#13797=CARTESIAN_POINT('Origin',(3.5,-2.775,-1.153));
#13798=CARTESIAN_POINT('',(3.5,-3.4,-1.653));
#13799=CARTESIAN_POINT('',(3.5,-3.4,-1.653));
#13800=CARTESIAN_POINT('Origin',(3.5,-3.4,-1.153));
#13801=CARTESIAN_POINT('Origin',(3.5,-3.4,-1.153));
#13802=CARTESIAN_POINT('',(4.,1.325,-1.153));
#13803=CARTESIAN_POINT('',(4.,2.825,-1.153));
#13804=CARTESIAN_POINT('',(4.,0.704143850099869,-1.1530000220817));
#13805=CARTESIAN_POINT('',(4.,-3.4,-1.153));
#13806=CARTESIAN_POINT('',(3.5,1.075,-1.653));
#13807=CARTESIAN_POINT('Ctrl Pts',(4.,0.704143840609639,-1.15300003878297));
#13808=CARTESIAN_POINT('Ctrl Pts',(3.99999999783246,0.75343353640056,-1.18094454068716));
#13809=CARTESIAN_POINT('Ctrl Pts',(3.99759775091806,0.798819373817901,-1.2140218225398));
#13810=CARTESIAN_POINT('Ctrl Pts',(3.98009063569278,0.897657600892862,-1.3027748952335));
#13811=CARTESIAN_POINT('Ctrl Pts',(3.95359739684101,0.954664938841952,-1.375376520352));
#13812=CARTESIAN_POINT('Ctrl Pts',(3.89230404995226,1.00693250496087,-1.46514618164243));
#13813=CARTESIAN_POINT('Ctrl Pts',(3.8670326929063,1.02140241414985,-1.49488132910618));
#13814=CARTESIAN_POINT('Ctrl Pts',(3.80816754562406,1.04424861245075,-1.54875316577036));
#13815=CARTESIAN_POINT('Ctrl Pts',(3.77458692333303,1.05264906954889,-1.57289399057849));
#13816=CARTESIAN_POINT('Ctrl Pts',(3.6655496173824,1.07110338780945,-1.63198810671704));
#13817=CARTESIAN_POINT('Ctrl Pts',(3.58116655558223,1.075,-1.653));
#13818=CARTESIAN_POINT('Ctrl Pts',(3.5,1.075,-1.653));
#13819=CARTESIAN_POINT('',(3.5,1.125,-1.653));
#13820=CARTESIAN_POINT('',(3.5,1.075,-1.653));
#13821=CARTESIAN_POINT('',(3.5,-3.4,-1.653));
#13822=CARTESIAN_POINT('Origin',(3.5,4.05,-1.153));
#13823=CARTESIAN_POINT('Origin',(3.5,-3.4,-1.153));
#13824=CARTESIAN_POINT('',(4.,-0.675,-1.153));
#13825=CARTESIAN_POINT('',(4.,-0.0541438500998694,-1.1530000220817));
#13826=CARTESIAN_POINT('',(4.,-3.4,-1.153));
#13827=CARTESIAN_POINT('',(4.,-0.675,-1.153));
#13828=CARTESIAN_POINT('Origin',(3.5,-3.4,-1.153));
#13829=CARTESIAN_POINT('',(3.5,-0.475,-1.653));
#13830=CARTESIAN_POINT('',(3.5,-3.4,-1.653));
#13831=CARTESIAN_POINT('',(3.5,-0.425,-1.653));
#13832=CARTESIAN_POINT('',(3.5,-2.775,-1.653));
#13833=CARTESIAN_POINT('Ctrl Pts',(3.5,-0.425,-1.653));
#13834=CARTESIAN_POINT('Ctrl Pts',(3.58116655558223,-0.425,-1.653));
#13835=CARTESIAN_POINT('Ctrl Pts',(3.6655496173824,-0.421103387809455,-1.63198810671704));
#13836=CARTESIAN_POINT('Ctrl Pts',(3.77458692333303,-0.402649069548888,
-1.57289399057849));
#13837=CARTESIAN_POINT('Ctrl Pts',(3.80816754562406,-0.394248612450751,
-1.54875316577036));
#13838=CARTESIAN_POINT('Ctrl Pts',(3.8670326929063,-0.371402414149853,-1.49488132910618));
#13839=CARTESIAN_POINT('Ctrl Pts',(3.89230404995226,-0.356932504960872,
-1.46514618164243));
#13840=CARTESIAN_POINT('Ctrl Pts',(3.95359739684101,-0.304664938841952,
-1.375376520352));
#13841=CARTESIAN_POINT('Ctrl Pts',(3.98009063569278,-0.247657600892861,
-1.3027748952335));
#13842=CARTESIAN_POINT('Ctrl Pts',(3.99759775091806,-0.148819373817901,
-1.2140218225398));
#13843=CARTESIAN_POINT('Ctrl Pts',(3.99999999783246,-0.10343353640056,-1.18094454068716));
#13844=CARTESIAN_POINT('Ctrl Pts',(4.,-0.0541438406096393,-1.15300003878297));
#13845=CARTESIAN_POINT('Origin',(-6.,0.,7.22));
#13846=CARTESIAN_POINT('',(-2.,-0.862205354946777,7.22));
#13847=CARTESIAN_POINT('',(2.,-0.8622053549471,7.22));
#13848=CARTESIAN_POINT('',(-3.63189030424,-0.8622053549471,7.22));
#13849=CARTESIAN_POINT('',(-2.,-1.975,7.22));
#13850=CARTESIAN_POINT('',(-2.,2.975,7.22));
#13851=CARTESIAN_POINT('',(2.,-1.975,7.22));
#13852=CARTESIAN_POINT('',(-2.,-1.975,7.22));
#13853=CARTESIAN_POINT('',(2.,-1.975,7.22));
#13854=CARTESIAN_POINT('Origin',(-6.,0.,7.22));
#13855=CARTESIAN_POINT('',(-2.,1.8622053549469,7.22));
#13856=CARTESIAN_POINT('',(2.,1.8622053549469,7.22));
#13857=CARTESIAN_POINT('',(-3.63189030424,1.8622053549469,7.22));
#13858=CARTESIAN_POINT('',(2.,2.975,7.22));
#13859=CARTESIAN_POINT('',(2.,-1.975,7.22));
#13860=CARTESIAN_POINT('',(-2.,2.975,7.22));
#13861=CARTESIAN_POINT('',(-2.,2.975,7.22));
#13862=CARTESIAN_POINT('',(-2.,2.975,7.22));
#13863=CARTESIAN_POINT('Origin',(4.,4.1,0.));
#13864=CARTESIAN_POINT('',(4.,4.1,0.497));
#13865=CARTESIAN_POINT('',(2.74120000000002,4.1,0.497));
#13866=CARTESIAN_POINT('',(4.1,4.1,0.497));
#13867=CARTESIAN_POINT('',(2.7,4.1,0.6));
#13868=CARTESIAN_POINT('',(3.18,4.1,-0.6));
#13869=CARTESIAN_POINT('',(4.,4.1,0.6));
#13870=CARTESIAN_POINT('',(4.,4.1,0.6));
#13871=CARTESIAN_POINT('',(4.,4.1,-0.6));
#13872=CARTESIAN_POINT('Origin',(-3.69,-5.5,4.83));
#13873=CARTESIAN_POINT('',(-3.81,-5.5,3.485343910139));
#13874=CARTESIAN_POINT('',(-3.80999997825179,-9.04999900730695,3.48534415254086));
#13875=CARTESIAN_POINT('',(-3.81,-5.5,3.485343910139));
#13876=CARTESIAN_POINT('',(-3.80999999999999,-5.5,6.1746560898609));
#13877=CARTESIAN_POINT('Origin',(-3.69,-5.5,4.83));
#13878=CARTESIAN_POINT('',(-3.8099999783863,-9.04999900880811,6.17465584744075));
#13879=CARTESIAN_POINT('',(-3.80999997772,-9.049999749356,6.17465584019));
#13880=CARTESIAN_POINT('Origin',(-3.69,-9.049998496079,4.83));
#13881=CARTESIAN_POINT('Origin',(-3.81,-5.5,6.174656089861));
#13882=CARTESIAN_POINT('',(-3.81,-5.5,5.867496987947));
#13883=CARTESIAN_POINT('',(-3.81,-5.5,6.174656089861));
#13884=CARTESIAN_POINT('',(-3.81,-6.05,5.867496987947));
#13885=CARTESIAN_POINT('',(-3.81,-5.5,5.867496987947));
#13886=CARTESIAN_POINT('',(-3.81,-6.05,3.792503012053));
#13887=CARTESIAN_POINT('',(-3.81,-6.05,3.792503012053));
#13888=CARTESIAN_POINT('',(-3.81,-5.5,3.792503012053));
#13889=CARTESIAN_POINT('',(-3.81,-6.05,3.792503012053));
#13890=CARTESIAN_POINT('',(-3.81,-5.5,3.792503012053));
#13891=CARTESIAN_POINT('',(-3.80999993175378,-9.29999963685557,3.73656609789298));
#13892=CARTESIAN_POINT('Ctrl Pts',(-3.80999995738047,-9.04999952052651,
3.48534438771397));
#13893=CARTESIAN_POINT('Ctrl Pts',(-3.80999994772671,-9.09622643619467,
3.53175516740844));
#13894=CARTESIAN_POINT('Ctrl Pts',(-3.81000000494238,-9.14017315539781,
3.57589572366238));
#13895=CARTESIAN_POINT('Ctrl Pts',(-3.80999999853104,-9.18183968982182,
3.61776604453436));
#13896=CARTESIAN_POINT('Ctrl Pts',(-3.8099999921197,-9.22350622424582,3.65963636540634));
#13897=CARTESIAN_POINT('Ctrl Pts',(-3.80999991476367,-9.26289256170341,
3.69923646242031));
#13898=CARTESIAN_POINT('Ctrl Pts',(-3.80999990343355,-9.29999911480271,
3.73656592528496));
#13899=CARTESIAN_POINT('',(-3.80999993175378,-9.29999963685557,5.92343390210702));
#13900=CARTESIAN_POINT('',(-3.80999997772,-9.299999795764,5.92343475161));
#13901=CARTESIAN_POINT('Ctrl Pts',(-3.80999990343355,-9.29999911480271,
5.92343407471504));
#13902=CARTESIAN_POINT('Ctrl Pts',(-3.80999991476051,-9.26290288399481,
5.96075315327931));
#13903=CARTESIAN_POINT('Ctrl Pts',(-3.80999999211727,-9.22352171371834,
6.00034806414481));
#13904=CARTESIAN_POINT('Ctrl Pts',(-3.80999999852769,-9.181855181906,6.0422183876105));
#13905=CARTESIAN_POINT('Ctrl Pts',(-3.81000000493811,-9.14018865009367,
6.08408871107619));
#13906=CARTESIAN_POINT('Ctrl Pts',(-3.80999994772451,-9.0962367689777,6.12823445871069));
#13907=CARTESIAN_POINT('Ctrl Pts',(-3.80999995738051,-9.04999952053599,
6.1746556122765));
#13908=CARTESIAN_POINT('Origin',(-5.65,-9.3,5.88));
#13909=CARTESIAN_POINT('',(-4.34287251663742,-9.29999999945171,5.87999999942739));
#13910=CARTESIAN_POINT('',(-4.31,-9.3,5.88));
#13911=CARTESIAN_POINT('',(-4.342890691328,-9.3,5.88));
#13912=CARTESIAN_POINT('',(-4.31,-6.05,5.88));
#13913=CARTESIAN_POINT('',(-4.31,-6.05,5.88));
#13914=CARTESIAN_POINT('',(-3.857215506805,-5.90378628888,5.88));
#13915=CARTESIAN_POINT('Origin',(-4.06,-6.05,5.88));
#13916=CARTESIAN_POINT('',(-3.857215506805,-5.5,5.88));
#13917=CARTESIAN_POINT('',(-3.857215506805,-5.90378628888,5.88));
#13918=CARTESIAN_POINT('',(-4.36278449319502,-5.5,5.88));
#13919=CARTESIAN_POINT('',(-4.362784493195,-5.5,5.88));
#13920=CARTESIAN_POINT('',(-4.36278449348852,-6.45000000020935,5.87999999992936));
#13921=CARTESIAN_POINT('',(-4.362784493195,-6.45,5.88));
#13922=CARTESIAN_POINT('',(-5.08077288771672,-7.39999999915959,5.88000000022582));
#13923=CARTESIAN_POINT('Ctrl Pts',(-5.080772887961,-7.4,5.88));
#13924=CARTESIAN_POINT('Ctrl Pts',(-5.041495532397,-7.327626528875,5.88));
#13925=CARTESIAN_POINT('Ctrl Pts',(-4.964741618716,-7.190949341508,5.88));
#13926=CARTESIAN_POINT('Ctrl Pts',(-4.855244225186,-7.010779836483,5.88));
#13927=CARTESIAN_POINT('Ctrl Pts',(-4.750258104111,-6.853778320739,5.88));
#13928=CARTESIAN_POINT('Ctrl Pts',(-4.649055042681,-6.719202956417,5.88));
#13929=CARTESIAN_POINT('Ctrl Pts',(-4.55093472985,-6.606498526006,5.88));
#13930=CARTESIAN_POINT('Ctrl Pts',(-4.455314731104,-6.515446332359,5.88));
#13931=CARTESIAN_POINT('Ctrl Pts',(-4.393327485842,-6.469404114209,5.88));
#13932=CARTESIAN_POINT('Ctrl Pts',(-4.362784493195,-6.45,5.88));
#13933=CARTESIAN_POINT('',(-5.080772887961,-7.6,5.88));
#13934=CARTESIAN_POINT('',(-5.080772887961,-7.6,5.88));
#13935=CARTESIAN_POINT('Ctrl Pts',(-5.08077288796055,-7.5999999999998,5.88));
#13936=CARTESIAN_POINT('Ctrl Pts',(-4.95803137689404,-7.8833019210454,5.88));
#13937=CARTESIAN_POINT('Ctrl Pts',(-4.83503933317733,-8.16689887695128,
5.87999999891449));
#13938=CARTESIAN_POINT('Ctrl Pts',(-4.58915731185052,-8.73335191586776,
5.87999999891449));
#13939=CARTESIAN_POINT('Ctrl Pts',(-4.4659893236645,-9.01684843097867,5.88));
#13940=CARTESIAN_POINT('Ctrl Pts',(-4.3428725154346,-9.29999999892871,5.88));
#13941=CARTESIAN_POINT('Origin',(-4.11,-9.49,4.83));
#13942=CARTESIAN_POINT('Ctrl Pts',(-3.85721550680473,-5.90378628887981,
5.88000000000001));
#13943=CARTESIAN_POINT('Ctrl Pts',(-3.84609091743072,-5.91921503493196,
5.87732178696485));
#13944=CARTESIAN_POINT('Ctrl Pts',(-3.83652164624142,-5.93626745970668,
5.87482967387675));
#13945=CARTESIAN_POINT('Ctrl Pts',(-3.81632875105805,-5.98495126208205,
5.86938995937556));
#13946=CARTESIAN_POINT('Ctrl Pts',(-3.81,-6.01846841341582,5.86749698794744));
#13947=CARTESIAN_POINT('Ctrl Pts',(-3.81,-6.05,5.86749698794744));
#13948=CARTESIAN_POINT('Origin',(-4.11,-5.5,4.83));
#13949=CARTESIAN_POINT('Origin',(-3.81,-9.3,3.78));
#13950=CARTESIAN_POINT('',(-5.080772887961,-7.6,3.78));
#13951=CARTESIAN_POINT('',(-5.08077288771672,-7.39999999915959,3.77999999977418));
#13952=CARTESIAN_POINT('',(-5.080772887961,-7.6,3.78));
#13953=CARTESIAN_POINT('',(-4.36278449348852,-6.45000000020935,3.78000000007064));
#13954=CARTESIAN_POINT('Ctrl Pts',(-4.362784493195,-6.45,3.78));
#13955=CARTESIAN_POINT('Ctrl Pts',(-4.393313371155,-6.469395147078,3.78));
#13956=CARTESIAN_POINT('Ctrl Pts',(-4.455271439585,-6.515413089186,3.78));
#13957=CARTESIAN_POINT('Ctrl Pts',(-4.550836660159,-6.60639847919,3.78));
#13958=CARTESIAN_POINT('Ctrl Pts',(-4.648918757711,-6.719034980992,3.78));
#13959=CARTESIAN_POINT('Ctrl Pts',(-4.750111946564,-6.853571083445,3.78));
#13960=CARTESIAN_POINT('Ctrl Pts',(-4.855114014294,-7.010573268746,3.78));
#13961=CARTESIAN_POINT('Ctrl Pts',(-4.964658116073,-7.190803082689,3.78));
#13962=CARTESIAN_POINT('Ctrl Pts',(-5.041464734034,-7.327569779015,3.78));
#13963=CARTESIAN_POINT('Ctrl Pts',(-5.080772887961,-7.4,3.78));
#13964=CARTESIAN_POINT('',(-4.362784493195,-5.5,3.78));
#13965=CARTESIAN_POINT('',(-4.362784493195,-6.45,3.78));
#13966=CARTESIAN_POINT('',(-3.85721550680498,-5.5,3.77999999999993));
#13967=CARTESIAN_POINT('',(-3.857215506805,-5.5,3.78));
#13968=CARTESIAN_POINT('',(-3.857215506805,-5.90378628888,3.78));
#13969=CARTESIAN_POINT('',(-3.857215506805,-5.5,3.78));
#13970=CARTESIAN_POINT('',(-4.31,-6.05,3.78));
#13971=CARTESIAN_POINT('Origin',(-4.06,-6.05,3.78));
#13972=CARTESIAN_POINT('',(-4.31,-9.3,3.78));
#13973=CARTESIAN_POINT('',(-4.31,-6.05,3.78));
#13974=CARTESIAN_POINT('',(-4.34287251663742,-9.29999999945171,3.78000000057261));
#13975=CARTESIAN_POINT('',(-4.342890691328,-9.3,3.78));
#13976=CARTESIAN_POINT('Ctrl Pts',(-4.3428725154346,-9.29999999892871,3.78));
#13977=CARTESIAN_POINT('Ctrl Pts',(-4.46598932366655,-9.01684843097396,
3.78));
#13978=CARTESIAN_POINT('Ctrl Pts',(-4.58915731185142,-8.73335191586568,
3.78000000108551));
#13979=CARTESIAN_POINT('Ctrl Pts',(-4.83503933317709,-8.16689887695182,
3.78000000108551));
#13980=CARTESIAN_POINT('Ctrl Pts',(-4.95803137689387,-7.8833019210458,3.78));
#13981=CARTESIAN_POINT('Ctrl Pts',(-5.08077288796055,-7.5999999999998,3.78));
#13982=CARTESIAN_POINT('Origin',(-4.11,-9.49,4.83));
#13983=CARTESIAN_POINT('Origin',(-4.11,-5.5,4.83));
#13984=CARTESIAN_POINT('Origin',(-4.11,-6.45,4.83));
#13985=CARTESIAN_POINT('Origin',(-4.11,-9.49,4.83));
#13986=CARTESIAN_POINT('Origin',(-4.11,-5.5,4.83));
#13987=CARTESIAN_POINT('Ctrl Pts',(-3.81,-6.05,3.792503012053));
#13988=CARTESIAN_POINT('Ctrl Pts',(-3.81,-6.037413636947,3.792503012053));
#13989=CARTESIAN_POINT('Ctrl Pts',(-3.81095118340799,-6.02469598764574,
3.7922268046645));
#13990=CARTESIAN_POINT('Ctrl Pts',(-3.81290843068165,-6.01197689686787,
3.79166643151642));
#13991=CARTESIAN_POINT('Ctrl Pts',(-3.81472908432045,-6.00014545419914,
3.79114516605095));
#13992=CARTESIAN_POINT('Ctrl Pts',(-3.8174240104803,-5.98831352912271,3.79037801389592));
#13993=CARTESIAN_POINT('Ctrl Pts',(-3.82099639019415,-5.97667009818788,
3.78938623832953));
#13994=CARTESIAN_POINT('Ctrl Pts',(-3.82126440620766,-5.97579655556569,
3.78931183086031));
#13995=CARTESIAN_POINT('Ctrl Pts',(-3.82153733676452,-5.97492407396418,
3.78923615905866));
#13996=CARTESIAN_POINT('Ctrl Pts',(-3.82181517134118,-5.97405273278934,
3.78915923190383));
#13997=CARTESIAN_POINT('Ctrl Pts',(-3.82531054926654,-5.96309057413866,
3.78819142767269));
#13998=CARTESIAN_POINT('Ctrl Pts',(-3.82958676238666,-5.95230857229378,
3.7870249308744));
#13999=CARTESIAN_POINT('Ctrl Pts',(-3.83459092081561,-5.94187624210543,
3.7857058261847));
#14000=CARTESIAN_POINT('Ctrl Pts',(-3.83528628445028,-5.94042659514862,
3.7855225271456));
#14001=CARTESIAN_POINT('Ctrl Pts',(-3.83599562618681,-5.93898367313141,
3.7853362813867));
#14002=CARTESIAN_POINT('Ctrl Pts',(-3.83671872991629,-5.93754790162115,
3.7851472125595));
#14003=CARTESIAN_POINT('Ctrl Pts',(-3.84264562263108,-5.92577965405543,
3.783597516978));
#14004=CARTESIAN_POINT('Ctrl Pts',(-3.84949719268765,-5.91449085553477,
3.781858162021));
#14005=CARTESIAN_POINT('Ctrl Pts',(-3.85721550680473,-5.90378628887981,
3.78));
#14006=CARTESIAN_POINT('Origin',(-4.06,-6.05,3.411527934486));
#14007=CARTESIAN_POINT('',(-4.31,-6.05,3.78));
#14008=CARTESIAN_POINT('Origin',(-4.11,-6.925,4.83));
#14009=CARTESIAN_POINT('Origin',(-4.11,-7.4,4.83));
#14010=CARTESIAN_POINT('Origin',(-4.11,-9.49,4.83));
#14011=CARTESIAN_POINT('Ctrl Pts',(-5.08077288796096,-7.59999999999893,
3.78000000000004));
#14012=CARTESIAN_POINT('Ctrl Pts',(-5.13593755488354,-7.5999720955048,3.83100225049702));
#14013=CARTESIAN_POINT('Ctrl Pts',(-5.18699753509914,-7.59974312450288,
3.88627008800595));
#14014=CARTESIAN_POINT('Ctrl Pts',(-5.27995959629033,-7.5996276002031,4.00432785083779));
#14015=CARTESIAN_POINT('Ctrl Pts',(-5.32169827070935,-7.59971913329237,
4.06689686706779));
#14016=CARTESIAN_POINT('Ctrl Pts',(-5.43171019413286,-7.60008881101333,
4.26377332787298));
#14017=CARTESIAN_POINT('Ctrl Pts',(-5.48391296118406,-7.5997125323998,4.40586005859835));
#14018=CARTESIAN_POINT('Ctrl Pts',(-5.53096191683869,-7.59976732806919,
4.6445577348125));
#14019=CARTESIAN_POINT('Ctrl Pts',(-5.53999999999972,-7.59999999999987,
4.73717082109011));
#14020=CARTESIAN_POINT('Ctrl Pts',(-5.53999999999972,-7.59999999999987,
4.92282917890988));
#14021=CARTESIAN_POINT('Ctrl Pts',(-5.5309619168387,-7.5997673280692,5.01544226518748));
#14022=CARTESIAN_POINT('Ctrl Pts',(-5.48391296118406,-7.5997125323998,5.25413994140166));
#14023=CARTESIAN_POINT('Ctrl Pts',(-5.43171019413284,-7.60008881101333,
5.39622667212704));
#14024=CARTESIAN_POINT('Ctrl Pts',(-5.32169827070937,-7.59971913329237,
5.59310313293217));
#14025=CARTESIAN_POINT('Ctrl Pts',(-5.27995959629035,-7.5996276002031,5.65567214916219));
#14026=CARTESIAN_POINT('Ctrl Pts',(-5.18699753509916,-7.59974312450288,
5.77372991199403));
#14027=CARTESIAN_POINT('Ctrl Pts',(-5.13593755488355,-7.5999720955048,5.82899774950297));
#14028=CARTESIAN_POINT('Ctrl Pts',(-5.08077288796096,-7.59999999999893,
5.87999999999996));
#14029=CARTESIAN_POINT('Origin',(-4.31,-9.3,6.536338943098));
#14030=CARTESIAN_POINT('',(-4.31,-9.3,5.88));
#14031=CARTESIAN_POINT('Origin',(0.,-9.3,0.));
#14032=CARTESIAN_POINT('Ctrl Pts',(-4.34287251609463,-9.3,5.87999999888119));
#14033=CARTESIAN_POINT('Ctrl Pts',(-4.4138753781196,-9.3,5.80944082677561));
#14034=CARTESIAN_POINT('Ctrl Pts',(-4.47766287327359,-9.30000000000011,
5.73162440067043));
#14035=CARTESIAN_POINT('Ctrl Pts',(-4.58828831996887,-9.30000000000011,
5.5650461391911));
#14036=CARTESIAN_POINT('Ctrl Pts',(-4.63526764650482,-9.30000000000011,
5.47615667663686));
#14037=CARTESIAN_POINT('Ctrl Pts',(-4.74347578374509,-9.30000000000011,
5.20738176302672));
#14038=CARTESIAN_POINT('Ctrl Pts',(-4.78018625008052,-9.30000000000011,
5.01796619656263));
#14039=CARTESIAN_POINT('Ctrl Pts',(-4.77981235630372,-9.30000000000011,
4.63918201538377));
#14040=CARTESIAN_POINT('Ctrl Pts',(-4.74275263795581,-9.30000000000011,
4.44983329850048));
#14041=CARTESIAN_POINT('Ctrl Pts',(-4.63419271220598,-9.30000000000011,
4.18170643634762));
#14042=CARTESIAN_POINT('Ctrl Pts',(-4.58730961764737,-9.30000000000011,
4.09330774538183));
#14043=CARTESIAN_POINT('Ctrl Pts',(-4.47705090656809,-9.30000000000011,
3.92762941987051));
#14044=CARTESIAN_POINT('Ctrl Pts',(-4.41353489869033,-9.3,3.85022082141768));
#14045=CARTESIAN_POINT('Ctrl Pts',(-4.34287251609463,-9.3,3.78000000111881));
#14046=CARTESIAN_POINT('Ctrl Pts',(-5.061051120369,-7.566,5.910787563591));
#14047=CARTESIAN_POINT('Ctrl Pts',(-4.793554364817,-8.155333333333,5.922139201713));
#14048=CARTESIAN_POINT('Ctrl Pts',(-4.526057609265,-8.744666666667,5.933490839834));
#14049=CARTESIAN_POINT('Ctrl Pts',(-4.258560853714,-9.334,5.944842477956));
#14050=CARTESIAN_POINT('Ctrl Pts',(-5.072935215186,-7.566,5.900508069952));
#14051=CARTESIAN_POINT('Ctrl Pts',(-4.805538649366,-8.155333333333,5.911736173578));
#14052=CARTESIAN_POINT('Ctrl Pts',(-4.538142083545,-8.744666666667,5.922964277204));
#14053=CARTESIAN_POINT('Ctrl Pts',(-4.270745517724,-9.334,5.93419238083));
#14054=CARTESIAN_POINT('Ctrl Pts',(-5.231098788524,-7.566,5.759104009191));
#14055=CARTESIAN_POINT('Ctrl Pts',(-4.965032128839,-8.155333333333,5.768647571691));
#14056=CARTESIAN_POINT('Ctrl Pts',(-4.698965469155,-8.744666666667,5.778191134192));
#14057=CARTESIAN_POINT('Ctrl Pts',(-4.43289880947,-9.334,5.787734696693));
#14058=CARTESIAN_POINT('Ctrl Pts',(-5.473053118823,-7.566,5.419157882711));
#14059=CARTESIAN_POINT('Ctrl Pts',(-5.208942236707,-8.155333333333,5.425032669188));
#14060=CARTESIAN_POINT('Ctrl Pts',(-4.944831354592,-8.744666666667,5.430907455665));
#14061=CARTESIAN_POINT('Ctrl Pts',(-4.680720472476,-9.334,5.436782242143));
#14062=CARTESIAN_POINT('Ctrl Pts',(-5.596273440588,-7.566,4.83));
#14063=CARTESIAN_POINT('Ctrl Pts',(-5.333128881646,-8.155333333333,4.83));
#14064=CARTESIAN_POINT('Ctrl Pts',(-5.069984322704,-8.744666666667,4.83));
#14065=CARTESIAN_POINT('Ctrl Pts',(-4.806839763762,-9.334,4.83));
#14066=CARTESIAN_POINT('Ctrl Pts',(-5.473053118823,-7.566,4.240842117289));
#14067=CARTESIAN_POINT('Ctrl Pts',(-5.208942236707,-8.155333333333,4.234967330812));
#14068=CARTESIAN_POINT('Ctrl Pts',(-4.944831354592,-8.744666666667,4.229092544335));
#14069=CARTESIAN_POINT('Ctrl Pts',(-4.680720472476,-9.334,4.223217757857));
#14070=CARTESIAN_POINT('Ctrl Pts',(-5.231098788524,-7.566,3.900895990809));
#14071=CARTESIAN_POINT('Ctrl Pts',(-4.965032128839,-8.155333333333,3.891352428309));
#14072=CARTESIAN_POINT('Ctrl Pts',(-4.698965469155,-8.744666666667,3.881808865808));
#14073=CARTESIAN_POINT('Ctrl Pts',(-4.43289880947,-9.334,3.872265303307));
#14074=CARTESIAN_POINT('Ctrl Pts',(-5.072935215186,-7.566,3.759491930048));
#14075=CARTESIAN_POINT('Ctrl Pts',(-4.805538649366,-8.155333333333,3.748263826422));
#14076=CARTESIAN_POINT('Ctrl Pts',(-4.538142083545,-8.744666666667,3.737035722796));
#14077=CARTESIAN_POINT('Ctrl Pts',(-4.270745517724,-9.334,3.72580761917));
#14078=CARTESIAN_POINT('Ctrl Pts',(-5.061051120369,-7.566,3.749212436409));
#14079=CARTESIAN_POINT('Ctrl Pts',(-4.793554364817,-8.155333333333,3.737860798287));
#14080=CARTESIAN_POINT('Ctrl Pts',(-4.526057609265,-8.744666666667,3.726509160166));
#14081=CARTESIAN_POINT('Ctrl Pts',(-4.258560853714,-9.334,3.715157522044));
#14082=CARTESIAN_POINT('Origin',(-3.69,-9.174999241333,4.83));
#14083=CARTESIAN_POINT('Origin',(-3.69,-9.3,4.83));
#14084=CARTESIAN_POINT('Origin',(0.,-9.3,0.));
#14085=CARTESIAN_POINT('Origin',(0.,-9.3,0.));
#14086=CARTESIAN_POINT('',(4.34287251663742,-9.29999999945171,5.87999999942739));
#14087=CARTESIAN_POINT('',(4.31,-9.3,5.88));
#14088=CARTESIAN_POINT('',(4.342890691328,-9.3,5.88));
#14089=CARTESIAN_POINT('',(4.31,-9.3,3.78));
#14090=CARTESIAN_POINT('',(4.31,-9.3,5.88));
#14091=CARTESIAN_POINT('',(4.34287251663742,-9.29999999945171,3.78000000057261));
#14092=CARTESIAN_POINT('',(4.342890691328,-9.3,3.78));
#14093=CARTESIAN_POINT('Ctrl Pts',(4.34287251609463,-9.3,3.78000000111881));
#14094=CARTESIAN_POINT('Ctrl Pts',(4.4138753781196,-9.3,3.85055917322439));
#14095=CARTESIAN_POINT('Ctrl Pts',(4.47766287327358,-9.30000000000011,3.92837559932957));
#14096=CARTESIAN_POINT('Ctrl Pts',(4.58828831996886,-9.30000000000011,4.09495386080889));
#14097=CARTESIAN_POINT('Ctrl Pts',(4.63526764650482,-9.30000000000011,4.18384332336313));
#14098=CARTESIAN_POINT('Ctrl Pts',(4.74347578374509,-9.30000000000011,4.45261823697328));
#14099=CARTESIAN_POINT('Ctrl Pts',(4.78018625008052,-9.30000000000011,4.64203380343737));
#14100=CARTESIAN_POINT('Ctrl Pts',(4.77981235630372,-9.30000000000011,5.02081798461623));
#14101=CARTESIAN_POINT('Ctrl Pts',(4.74275263795581,-9.30000000000011,5.21016670149952));
#14102=CARTESIAN_POINT('Ctrl Pts',(4.63419271220598,-9.30000000000011,5.47829356365238));
#14103=CARTESIAN_POINT('Ctrl Pts',(4.58730961764737,-9.30000000000011,5.56669225461817));
#14104=CARTESIAN_POINT('Ctrl Pts',(4.47705090656809,-9.30000000000011,5.7323705801295));
#14105=CARTESIAN_POINT('Ctrl Pts',(4.41353489869033,-9.3,5.80977917858232));
#14106=CARTESIAN_POINT('Ctrl Pts',(4.34287251609463,-9.3,5.87999999888119));
#14107=CARTESIAN_POINT('Origin',(0.,-9.3,0.));
#14108=CARTESIAN_POINT('',(3.80999993175378,-9.29999963685557,3.73656609789298));
#14109=CARTESIAN_POINT('',(3.80999993175378,-9.29999963685557,5.92343390210702));
#14110=CARTESIAN_POINT('',(3.80999997772,-9.299999795764,3.73656524839));
#14111=CARTESIAN_POINT('Origin',(3.69,-9.3,4.83));
#14112=CARTESIAN_POINT('Ctrl Pts',(5.061051120369,-7.566,5.910787563591));
#14113=CARTESIAN_POINT('Ctrl Pts',(4.793554364817,-8.155333333333,5.922139201713));
#14114=CARTESIAN_POINT('Ctrl Pts',(4.526057609265,-8.744666666667,5.933490839834));
#14115=CARTESIAN_POINT('Ctrl Pts',(4.258560853714,-9.334,5.944842477956));
#14116=CARTESIAN_POINT('Ctrl Pts',(5.072935215186,-7.566,5.900508069952));
#14117=CARTESIAN_POINT('Ctrl Pts',(4.805538649366,-8.155333333333,5.911736173578));
#14118=CARTESIAN_POINT('Ctrl Pts',(4.538142083545,-8.744666666667,5.922964277204));
#14119=CARTESIAN_POINT('Ctrl Pts',(4.270745517724,-9.334,5.93419238083));
#14120=CARTESIAN_POINT('Ctrl Pts',(5.231098788524,-7.566,5.759104009191));
#14121=CARTESIAN_POINT('Ctrl Pts',(4.965032128839,-8.155333333333,5.768647571691));
#14122=CARTESIAN_POINT('Ctrl Pts',(4.698965469155,-8.744666666667,5.778191134192));
#14123=CARTESIAN_POINT('Ctrl Pts',(4.43289880947,-9.334,5.787734696693));
#14124=CARTESIAN_POINT('Ctrl Pts',(5.473053118823,-7.566,5.419157882711));
#14125=CARTESIAN_POINT('Ctrl Pts',(5.208942236707,-8.155333333333,5.425032669188));
#14126=CARTESIAN_POINT('Ctrl Pts',(4.944831354592,-8.744666666667,5.430907455665));
#14127=CARTESIAN_POINT('Ctrl Pts',(4.680720472476,-9.334,5.436782242143));
#14128=CARTESIAN_POINT('Ctrl Pts',(5.596273440588,-7.566,4.83));
#14129=CARTESIAN_POINT('Ctrl Pts',(5.333128881646,-8.155333333333,4.83));
#14130=CARTESIAN_POINT('Ctrl Pts',(5.069984322704,-8.744666666667,4.83));
#14131=CARTESIAN_POINT('Ctrl Pts',(4.806839763762,-9.334,4.83));
#14132=CARTESIAN_POINT('Ctrl Pts',(5.473053118823,-7.566,4.240842117289));
#14133=CARTESIAN_POINT('Ctrl Pts',(5.208942236707,-8.155333333333,4.234967330812));
#14134=CARTESIAN_POINT('Ctrl Pts',(4.944831354592,-8.744666666667,4.229092544335));
#14135=CARTESIAN_POINT('Ctrl Pts',(4.680720472476,-9.334,4.223217757857));
#14136=CARTESIAN_POINT('Ctrl Pts',(5.231098788524,-7.566,3.900895990809));
#14137=CARTESIAN_POINT('Ctrl Pts',(4.965032128839,-8.155333333333,3.891352428309));
#14138=CARTESIAN_POINT('Ctrl Pts',(4.698965469155,-8.744666666667,3.881808865808));
#14139=CARTESIAN_POINT('Ctrl Pts',(4.43289880947,-9.334,3.872265303307));
#14140=CARTESIAN_POINT('Ctrl Pts',(5.072935215186,-7.566,3.759491930048));
#14141=CARTESIAN_POINT('Ctrl Pts',(4.805538649366,-8.155333333333,3.748263826422));
#14142=CARTESIAN_POINT('Ctrl Pts',(4.538142083545,-8.744666666667,3.737035722796));
#14143=CARTESIAN_POINT('Ctrl Pts',(4.270745517724,-9.334,3.72580761917));
#14144=CARTESIAN_POINT('Ctrl Pts',(5.061051120369,-7.566,3.749212436409));
#14145=CARTESIAN_POINT('Ctrl Pts',(4.793554364817,-8.155333333333,3.737860798287));
#14146=CARTESIAN_POINT('Ctrl Pts',(4.526057609265,-8.744666666667,3.726509160166));
#14147=CARTESIAN_POINT('Ctrl Pts',(4.258560853714,-9.334,3.715157522044));
#14148=CARTESIAN_POINT('',(5.080772887961,-7.6,3.78));
#14149=CARTESIAN_POINT('Ctrl Pts',(5.08077288796055,-7.5999999999998,3.78));
#14150=CARTESIAN_POINT('Ctrl Pts',(4.95803005492015,-7.88330497231745,3.78));
#14151=CARTESIAN_POINT('Ctrl Pts',(4.83504066044408,-8.16689581924791,3.78000000108551));
#14152=CARTESIAN_POINT('Ctrl Pts',(4.58915731185088,-8.73335191586692,3.78000000108551));
#14153=CARTESIAN_POINT('Ctrl Pts',(4.46598932366538,-9.01684843097666,3.78));
#14154=CARTESIAN_POINT('Ctrl Pts',(4.3428725154346,-9.29999999892871,3.78));
#14155=CARTESIAN_POINT('',(5.080772887961,-7.6,5.88));
#14156=CARTESIAN_POINT('Ctrl Pts',(5.08077288796097,-7.59999999999893,5.87999999999996));
#14157=CARTESIAN_POINT('Ctrl Pts',(5.13593755488354,-7.5999720955048,5.82899774950298));
#14158=CARTESIAN_POINT('Ctrl Pts',(5.18699753509914,-7.59974312450288,5.77372991199405));
#14159=CARTESIAN_POINT('Ctrl Pts',(5.27995959629034,-7.5996276002031,5.65567214916219));
#14160=CARTESIAN_POINT('Ctrl Pts',(5.32169827070936,-7.59971913329237,5.59310313293218));
#14161=CARTESIAN_POINT('Ctrl Pts',(5.43171019413285,-7.60008881101333,5.39622667212703));
#14162=CARTESIAN_POINT('Ctrl Pts',(5.48391296118406,-7.5997125323998,5.25413994140166));
#14163=CARTESIAN_POINT('Ctrl Pts',(5.5309619168387,-7.5997673280692,5.01544226518749));
#14164=CARTESIAN_POINT('Ctrl Pts',(5.53999999999972,-7.59999999999987,4.92282917890989));
#14165=CARTESIAN_POINT('Ctrl Pts',(5.53999999999972,-7.59999999999987,4.73717082109011));
#14166=CARTESIAN_POINT('Ctrl Pts',(5.53096191683869,-7.59976732806919,4.6445577348125));
#14167=CARTESIAN_POINT('Ctrl Pts',(5.48391296118406,-7.5997125323998,4.40586005859834));
#14168=CARTESIAN_POINT('Ctrl Pts',(5.43171019413285,-7.60008881101333,4.26377332787298));
#14169=CARTESIAN_POINT('Ctrl Pts',(5.32169827070935,-7.59971913329237,4.06689686706781));
#14170=CARTESIAN_POINT('Ctrl Pts',(5.27995959629034,-7.5996276002031,4.0043278508378));
#14171=CARTESIAN_POINT('Ctrl Pts',(5.18699753509914,-7.59974312450288,3.88627008800595));
#14172=CARTESIAN_POINT('Ctrl Pts',(5.13593755488353,-7.5999720955048,3.83100225049701));
#14173=CARTESIAN_POINT('Ctrl Pts',(5.08077288796097,-7.59999999999893,3.78000000000003));
#14174=CARTESIAN_POINT('Ctrl Pts',(4.3428725154346,-9.29999999892871,5.88));
#14175=CARTESIAN_POINT('Ctrl Pts',(4.46598932366432,-9.01684843097909,5.88));
#14176=CARTESIAN_POINT('Ctrl Pts',(4.58915731185042,-8.73335191586798,5.87999999891449));
#14177=CARTESIAN_POINT('Ctrl Pts',(4.83503933317779,-8.1668988769502,5.87999999891449));
#14178=CARTESIAN_POINT('Ctrl Pts',(4.95803137689424,-7.88330192104494,5.88));
#14179=CARTESIAN_POINT('Ctrl Pts',(5.08077288796055,-7.5999999999998,5.88));
#14180=CARTESIAN_POINT('Origin',(5.65,-9.3,5.88));
#14181=CARTESIAN_POINT('',(5.08077288771672,-7.39999999915959,5.88000000022582));
#14182=CARTESIAN_POINT('',(5.080772887961,-7.4,5.88));
#14183=CARTESIAN_POINT('',(4.36278449348852,-6.45000000020935,5.87999999992936));
#14184=CARTESIAN_POINT('Ctrl Pts',(5.080772887961,-7.4,5.88));
#14185=CARTESIAN_POINT('Ctrl Pts',(5.041496403499,-7.327628133992,5.88));
#14186=CARTESIAN_POINT('Ctrl Pts',(4.964744008513,-7.190953528613,5.88));
#14187=CARTESIAN_POINT('Ctrl Pts',(4.85524803646,-7.010785891806,5.88));
#14188=CARTESIAN_POINT('Ctrl Pts',(4.750262663486,-6.853784802998,5.88));
#14189=CARTESIAN_POINT('Ctrl Pts',(4.649059646638,-6.719208662152,5.88));
#14190=CARTESIAN_POINT('Ctrl Pts',(4.55093865743,-6.606502596216,5.88));
#14191=CARTESIAN_POINT('Ctrl Pts',(4.455317179985,-6.515448287515,5.88));
#14192=CARTESIAN_POINT('Ctrl Pts',(4.393328429906,-6.469404713978,5.88));
#14193=CARTESIAN_POINT('Ctrl Pts',(4.362784493195,-6.45,5.88));
#14194=CARTESIAN_POINT('',(4.36278449319502,-5.5,5.88000000000007));
#14195=CARTESIAN_POINT('',(4.362784493195,-5.5,5.88));
#14196=CARTESIAN_POINT('',(3.857215506805,-5.5,5.88));
#14197=CARTESIAN_POINT('',(4.362784493195,-5.5,5.88));
#14198=CARTESIAN_POINT('',(3.857215506805,-5.90378628888,5.88));
#14199=CARTESIAN_POINT('',(3.857215506805,-5.5,5.88));
#14200=CARTESIAN_POINT('',(4.31,-6.05,5.88));
#14201=CARTESIAN_POINT('Origin',(4.06,-6.05,5.88));
#14202=CARTESIAN_POINT('',(4.31,-6.05,5.88));
#14203=CARTESIAN_POINT('Origin',(4.31,-9.3,6.536338943098));
#14204=CARTESIAN_POINT('',(4.31,-6.05,3.78));
#14205=CARTESIAN_POINT('',(4.31,-6.05,5.88));
#14206=CARTESIAN_POINT('',(4.31,-6.05,3.78));
#14207=CARTESIAN_POINT('Origin',(3.81,-9.3,3.78));
#14208=CARTESIAN_POINT('',(3.857215506805,-5.90378628888,3.78));
#14209=CARTESIAN_POINT('Origin',(4.06,-6.05,3.78));
#14210=CARTESIAN_POINT('',(3.857215506805,-5.5,3.78));
#14211=CARTESIAN_POINT('',(3.857215506805,-5.5,3.78));
#14212=CARTESIAN_POINT('',(4.36278449319502,-5.5,3.77999999999993));
#14213=CARTESIAN_POINT('',(3.857215506805,-5.5,3.78));
#14214=CARTESIAN_POINT('',(4.36278449348852,-6.45000000020935,3.78000000007064));
#14215=CARTESIAN_POINT('',(4.362784493195,-5.5,3.78));
#14216=CARTESIAN_POINT('',(5.08077288771672,-7.39999999915959,3.77999999977418));
#14217=CARTESIAN_POINT('Ctrl Pts',(4.362784493195,-6.45,3.78));
#14218=CARTESIAN_POINT('Ctrl Pts',(4.393314309553,-6.469395743248,3.78));
#14219=CARTESIAN_POINT('Ctrl Pts',(4.455273877035,-6.515415034477,3.78));
#14220=CARTESIAN_POINT('Ctrl Pts',(4.550840581352,-6.606402541334,3.78));
#14221=CARTESIAN_POINT('Ctrl Pts',(4.648923367225,-6.719040691412,3.78));
#14222=CARTESIAN_POINT('Ctrl Pts',(4.750116533352,-6.85357760224,3.78));
#14223=CARTESIAN_POINT('Ctrl Pts',(4.855117875847,-7.010579401147,3.78));
#14224=CARTESIAN_POINT('Ctrl Pts',(4.964660574107,-7.190807387534,3.78));
#14225=CARTESIAN_POINT('Ctrl Pts',(5.041465632535,-7.327571434617,3.78));
#14226=CARTESIAN_POINT('Ctrl Pts',(5.080772887961,-7.4,3.78));
#14227=CARTESIAN_POINT('',(5.080772887961,-7.4,3.78));
#14228=CARTESIAN_POINT('Origin',(4.11,-9.49,4.83));
#14229=CARTESIAN_POINT('Origin',(4.11,-7.4,4.83));
#14230=CARTESIAN_POINT('Origin',(4.11,-6.925,4.83));
#14231=CARTESIAN_POINT('Origin',(4.11,-6.45,4.83));
#14232=CARTESIAN_POINT('Origin',(4.11,-9.49,4.83));
#14233=CARTESIAN_POINT('',(3.81,-6.05,3.792503012053));
#14234=CARTESIAN_POINT('Ctrl Pts',(3.85721550680473,-5.90378628887981,3.77999999999999));
#14235=CARTESIAN_POINT('Ctrl Pts',(3.84609091743072,-5.91921503493196,3.78267821303515));
#14236=CARTESIAN_POINT('Ctrl Pts',(3.83652164624142,-5.93626745970668,3.78517032612325));
#14237=CARTESIAN_POINT('Ctrl Pts',(3.81632875105805,-5.98495126208205,3.79061004062444));
#14238=CARTESIAN_POINT('Ctrl Pts',(3.81,-6.01846841341582,3.79250301205257));
#14239=CARTESIAN_POINT('Ctrl Pts',(3.81,-6.05,3.79250301205257));
#14240=CARTESIAN_POINT('',(3.81,-5.5,3.792503012053));
#14241=CARTESIAN_POINT('',(3.81,-5.5,3.792503012053));
#14242=CARTESIAN_POINT('Origin',(4.11,-5.5,4.83));
#14243=CARTESIAN_POINT('Origin',(4.11,-9.49,4.83));
#14244=CARTESIAN_POINT('Origin',(4.11,-5.5,4.83));
#14245=CARTESIAN_POINT('Origin',(4.11,-9.49,4.83));
#14246=CARTESIAN_POINT('',(3.80999999999988,-5.5,5.8674969879474));
#14247=CARTESIAN_POINT('Origin',(4.11,-5.5,4.83));
#14248=CARTESIAN_POINT('',(3.81,-6.05,5.867496987947));
#14249=CARTESIAN_POINT('',(3.81,-6.05,5.867496987947));
#14250=CARTESIAN_POINT('Ctrl Pts',(3.81,-6.05,5.867496987947));
#14251=CARTESIAN_POINT('Ctrl Pts',(3.81,-6.037412743738,5.867496987947));
#14252=CARTESIAN_POINT('Ctrl Pts',(3.81095132145801,-6.02469446347579,5.867773236345));
#14253=CARTESIAN_POINT('Ctrl Pts',(3.81290871249083,-6.01197506558769,5.86833364911583));
#14254=CARTESIAN_POINT('Ctrl Pts',(3.81473012206821,-6.00013929402061,5.86885512958191));
#14255=CARTESIAN_POINT('Ctrl Pts',(3.81742640117304,-5.98830331869346,5.86962266361773));
#14256=CARTESIAN_POINT('Ctrl Pts',(3.82100066286647,-5.97665617374492,5.87061494782327));
#14257=CARTESIAN_POINT('Ctrl Pts',(3.82126750746487,-5.97578662977115,5.87068902904704));
#14258=CARTESIAN_POINT('Ctrl Pts',(3.82153922155908,-5.97491813832501,5.87076436296241));
#14259=CARTESIAN_POINT('Ctrl Pts',(3.82181579475521,-5.97405077767412,5.87084094070467));
#14260=CARTESIAN_POINT('Ctrl Pts',(3.825311950426,-5.96308649082089,5.87180895825516));
#14261=CARTESIAN_POINT('Ctrl Pts',(3.8295892080275,-5.95230255514863,5.87297573228067));
#14262=CARTESIAN_POINT('Ctrl Pts',(3.83459463441397,-5.94186850058827,5.87429515264948));
#14263=CARTESIAN_POINT('Ctrl Pts',(3.83528899093301,-5.94042108067943,5.874478183637));
#14264=CARTESIAN_POINT('Ctrl Pts',(3.83599728233334,-5.93898036686238,5.87466415206639));
#14265=CARTESIAN_POINT('Ctrl Pts',(3.83671929351171,-5.93754678257119,5.87485293484825));
#14266=CARTESIAN_POINT('Ctrl Pts',(3.84264608595801,-5.92577888090615,5.8764026011125));
#14267=CARTESIAN_POINT('Ctrl Pts',(3.84949748119314,-5.91449045540512,5.878141907436));
#14268=CARTESIAN_POINT('Ctrl Pts',(3.85721550680473,-5.90378628887981,5.88));
#14269=CARTESIAN_POINT('Origin',(3.81,-5.5,3.485343910139));
#14270=CARTESIAN_POINT('',(3.80999997838631,-9.04999900880811,3.48534415255925));
#14271=CARTESIAN_POINT('',(3.80999999999999,-5.5,3.4853439101391));
#14272=CARTESIAN_POINT('',(3.80999997772,-9.049999749356,3.48534415981));
#14273=CARTESIAN_POINT('',(3.81,-5.5,3.485343910139));
#14274=CARTESIAN_POINT('',(3.81,-6.05,5.867496987947));
#14275=CARTESIAN_POINT('',(3.81,-5.5,6.174656089861));
#14276=CARTESIAN_POINT('',(3.81,-5.5,5.867496987947));
#14277=CARTESIAN_POINT('',(3.80999997825178,-9.04999900730695,6.17465584745915));
#14278=CARTESIAN_POINT('',(3.81,-5.5,6.174656089861));
#14279=CARTESIAN_POINT('Ctrl Pts',(3.80999995738047,-9.04999952052651,6.17465561228603));
#14280=CARTESIAN_POINT('Ctrl Pts',(3.80999994773083,-9.09620668274369,6.12826466461038));
#14281=CARTESIAN_POINT('Ctrl Pts',(3.81000000495055,-9.14014353375866,6.08413403287409));
#14282=CARTESIAN_POINT('Ctrl Pts',(3.80999999853745,-9.18181007317076,6.04226371696477));
#14283=CARTESIAN_POINT('Ctrl Pts',(3.80999999212435,-9.22347661258286,6.00039340105545));
#14284=CARTESIAN_POINT('Ctrl Pts',(3.80999991476973,-9.26287282829175,5.96078338953564));
#14285=CARTESIAN_POINT('Ctrl Pts',(3.80999990343355,-9.29999911480271,5.92343407471504));
#14286=CARTESIAN_POINT('Ctrl Pts',(3.80999990343355,-9.29999911480271,3.73656592528496));
#14287=CARTESIAN_POINT('Ctrl Pts',(3.80999991478771,-9.26281392193011,3.69915735023521));
#14288=CARTESIAN_POINT('Ctrl Pts',(3.80999999213796,-9.22338821855012,3.65951774286703));
#14289=CARTESIAN_POINT('Ctrl Pts',(3.80999999855655,-9.18172166425287,3.61764744177232));
#14290=CARTESIAN_POINT('Ctrl Pts',(3.81000000497514,-9.14005510995562,3.57577714067762));
#14291=CARTESIAN_POINT('Ctrl Pts',(3.80999994774314,-9.09614771657321,3.53167613468569));
#14292=CARTESIAN_POINT('Ctrl Pts',(3.80999995738051,-9.04999952053599,3.48534438772349));
#14293=CARTESIAN_POINT('Origin',(3.69,-9.174999241333,4.83));
#14294=CARTESIAN_POINT('Origin',(3.69,-9.049998496079,4.83));
#14295=CARTESIAN_POINT('Origin',(3.69,-5.5,4.83));
#14296=CARTESIAN_POINT('Origin',(3.69,-5.5,4.83));
#14297=CARTESIAN_POINT('Origin',(4.06,-6.05,6.248621553843));
#14298=CARTESIAN_POINT('Origin',(0.,0.,0.));
#14299=CARTESIAN_POINT('',(-6.,5.5,0.));
#14300=CARTESIAN_POINT('',(-6.,-5.5,0.));
#14301=CARTESIAN_POINT('',(-6.,5.5,0.));
#14302=CARTESIAN_POINT('',(-3.8,12.5,0.));
#14303=CARTESIAN_POINT('',(-3.8,12.5,0.));
#14304=CARTESIAN_POINT('',(-2.8,13.5,0.));
#14305=CARTESIAN_POINT('Origin',(-2.8,12.5,0.));
#14306=CARTESIAN_POINT('',(2.8,13.5,0.));
#14307=CARTESIAN_POINT('',(2.8,13.5,0.));
#14308=CARTESIAN_POINT('',(3.8,12.5,0.));
#14309=CARTESIAN_POINT('Origin',(2.8,12.5,0.));
#14310=CARTESIAN_POINT('',(6.,5.5,0.));
#14311=CARTESIAN_POINT('',(6.,5.5,0.));
#14312=CARTESIAN_POINT('',(6.,-5.5,0.));
#14313=CARTESIAN_POINT('',(6.,-5.5,0.));
#14314=CARTESIAN_POINT('',(6.,-5.5,0.));
#14315=CARTESIAN_POINT('',(3.,7.75,0.));
#14316=CARTESIAN_POINT('',(3.,5.5,0.));
#14317=CARTESIAN_POINT('',(3.,7.75,0.));
#14318=CARTESIAN_POINT('',(-3.,7.75,0.));
#14319=CARTESIAN_POINT('',(-3.,7.75,0.));
#14320=CARTESIAN_POINT('',(-3.,5.5,0.));
#14321=CARTESIAN_POINT('',(-3.,5.5,0.));
#14322=CARTESIAN_POINT('',(3.,5.5,0.));
#14323=CARTESIAN_POINT('',(2.00000081746103,10.5,8.17464594904393E-7));
#14324=CARTESIAN_POINT('Origin',(0.,10.5,0.));
#14325=CARTESIAN_POINT('',(-5.2,-3.8,0.));
#14326=CARTESIAN_POINT('',(-5.2,4.45,0.));
#14327=CARTESIAN_POINT('',(-5.2,-3.8,0.));
#14328=CARTESIAN_POINT('',(5.2,-3.8,0.));
#14329=CARTESIAN_POINT('',(-5.2,-3.8,0.));
#14330=CARTESIAN_POINT('',(5.2,4.45,0.));
#14331=CARTESIAN_POINT('',(5.2,4.45,0.));
#14332=CARTESIAN_POINT('',(5.2,4.45,0.));
#14333=CARTESIAN_POINT('Origin',(6.,5.5,0.));
#14334=CARTESIAN_POINT('',(-3.,5.5,7.));
#14335=CARTESIAN_POINT('',(-3.,5.5,0.));
#14336=CARTESIAN_POINT('',(3.,5.5,7.));
#14337=CARTESIAN_POINT('',(3.,5.5,7.));
#14338=CARTESIAN_POINT('',(3.,5.5,0.));
#14339=CARTESIAN_POINT('Origin',(3.,7.75,0.));
#14340=CARTESIAN_POINT('',(3.,7.75,7.));
#14341=CARTESIAN_POINT('',(3.,7.75,7.));
#14342=CARTESIAN_POINT('',(3.,7.75,0.));
#14343=CARTESIAN_POINT('Origin',(-3.,7.75,0.));
#14344=CARTESIAN_POINT('',(-3.,7.75,7.));
#14345=CARTESIAN_POINT('',(-3.,7.75,7.));
#14346=CARTESIAN_POINT('',(-3.,7.75,0.));
#14347=CARTESIAN_POINT('Origin',(-3.,5.25,0.));
#14348=CARTESIAN_POINT('',(-3.,5.5,7.));
#14349=CARTESIAN_POINT('Origin',(3.8,13.5,7.));
#14350=CARTESIAN_POINT('Origin',(0.,10.5,0.375));
#14351=CARTESIAN_POINT('',(1.24999918253897,10.5,0.749999182535406));
#14352=CARTESIAN_POINT('Origin',(0.,10.5,0.75));
#14353=CARTESIAN_POINT('',(1.625,10.5,0.375));
#14354=CARTESIAN_POINT('Origin',(0.,10.5,0.));
#14355=CARTESIAN_POINT('',(1.25,10.5,8.5));
#14356=CARTESIAN_POINT('Origin',(0.,10.5,8.5));
#14357=CARTESIAN_POINT('',(1.25,10.5,0.));
#14358=CARTESIAN_POINT('Origin',(0.,0.,8.5));
#14359=CARTESIAN_POINT('',(2.8,12.5,8.5));
#14360=CARTESIAN_POINT('',(-2.8,12.5,8.5));
#14361=CARTESIAN_POINT('',(2.8,12.5,8.5));
#14362=CARTESIAN_POINT('',(-2.8,5.5,8.5));
#14363=CARTESIAN_POINT('',(-2.8,12.5,8.5));
#14364=CARTESIAN_POINT('',(2.8,5.5,8.5));
#14365=CARTESIAN_POINT('',(-2.8,5.5,8.5));
#14366=CARTESIAN_POINT('',(2.8,5.5,8.5));
#14367=CARTESIAN_POINT('Origin',(2.8,5.483993123444,7.5));
#14368=CARTESIAN_POINT('',(3.8,5.5,7.5));
#14369=CARTESIAN_POINT('Origin',(2.8,5.5,7.5));
#14370=CARTESIAN_POINT('',(3.8,12.5,7.5));
#14371=CARTESIAN_POINT('',(3.8,5.5,7.5));
#14372=CARTESIAN_POINT('Origin',(2.8,12.5,7.5));
#14373=CARTESIAN_POINT('Origin',(2.8,12.5,7.5));
#14374=CARTESIAN_POINT('',(2.8,13.5,7.5));
#14375=CARTESIAN_POINT('Origin',(2.8,12.5,7.5));
#14376=CARTESIAN_POINT('Origin',(2.8,12.5,7.5));
#14377=CARTESIAN_POINT('Origin',(2.8,12.5,8.51660934752));
#14378=CARTESIAN_POINT('',(2.8,13.5,7.5));
#14379=CARTESIAN_POINT('',(3.8,12.5,1.6));
#14380=CARTESIAN_POINT('',(3.8,12.5,7.5));
#14381=CARTESIAN_POINT('',(3.8,12.5,0.));
#14382=CARTESIAN_POINT('Origin',(6.,5.5,0.));
#14383=CARTESIAN_POINT('',(6.,5.5,1.6));
#14384=CARTESIAN_POINT('',(6.,5.5,1.6));
#14385=CARTESIAN_POINT('',(6.,5.5,0.));
#14386=CARTESIAN_POINT('Origin',(6.,-5.5,0.));
#14387=CARTESIAN_POINT('',(6.,-4.25,7.3));
#14388=CARTESIAN_POINT('',(6.,-4.25,12.));
#14389=CARTESIAN_POINT('',(6.,-4.25,7.3));
#14390=CARTESIAN_POINT('',(6.,-5.5,12.));
#14391=CARTESIAN_POINT('',(6.,-5.5,12.));
#14392=CARTESIAN_POINT('',(6.,-5.5,0.));
#14393=CARTESIAN_POINT('',(6.,5.5,12.));
#14394=CARTESIAN_POINT('',(6.,5.5,1.6));
#14395=CARTESIAN_POINT('',(6.,4.45,12.));
#14396=CARTESIAN_POINT('',(6.,4.45,12.));
#14397=CARTESIAN_POINT('',(6.,4.45,7.3));
#14398=CARTESIAN_POINT('',(6.,4.45,12.));
#14399=CARTESIAN_POINT('',(6.,4.45,7.3));
#14400=CARTESIAN_POINT('Origin',(6.,5.5,7.3));
#14401=CARTESIAN_POINT('',(5.,-4.25,7.3));
#14402=CARTESIAN_POINT('',(6.,-4.25,7.3));
#14403=CARTESIAN_POINT('',(5.,4.45,7.3));
#14404=CARTESIAN_POINT('',(6.,4.45,7.3));
#14405=CARTESIAN_POINT('',(5.,1.96,7.3));
#14406=CARTESIAN_POINT('',(5.,1.96,7.3));
#14407=CARTESIAN_POINT('',(5.5,1.96,7.3));
#14408=CARTESIAN_POINT('',(5.5,1.96,7.3));
#14409=CARTESIAN_POINT('',(5.5,-0.84,7.3));
#14410=CARTESIAN_POINT('',(5.5,-0.84,7.3));
#14411=CARTESIAN_POINT('',(5.,-0.84,7.3));
#14412=CARTESIAN_POINT('',(5.,-0.84,7.3));
#14413=CARTESIAN_POINT('',(5.,-4.25,7.3));
#14414=CARTESIAN_POINT('Origin',(5.,5.5,0.));
#14415=CARTESIAN_POINT('',(5.,-4.25,8.17));
#14416=CARTESIAN_POINT('',(5.,-4.25,7.3));
#14417=CARTESIAN_POINT('',(5.,-0.84,8.17));
#14418=CARTESIAN_POINT('',(5.,-0.84,7.3));
#14419=CARTESIAN_POINT('',(5.,-4.25,8.17));
#14420=CARTESIAN_POINT('Origin',(5.,5.5,0.));
#14421=CARTESIAN_POINT('',(5.,1.96,8.17));
#14422=CARTESIAN_POINT('',(5.,1.96,8.17));
#14423=CARTESIAN_POINT('',(5.,4.45,8.17));
#14424=CARTESIAN_POINT('',(5.,4.45,7.3));
#14425=CARTESIAN_POINT('',(5.,1.96,8.17));
#14426=CARTESIAN_POINT('Origin',(4.2,-4.25,8.97));
#14427=CARTESIAN_POINT('',(4.2,-0.84,8.97));
#14428=CARTESIAN_POINT('',(4.2,-4.25,8.97));
#14429=CARTESIAN_POINT('',(4.2,-0.84,8.97));
#14430=CARTESIAN_POINT('',(4.2,-4.25,8.97));
#14431=CARTESIAN_POINT('',(5.,-0.84,8.17));
#14432=CARTESIAN_POINT('Origin',(4.2,-4.25,8.97));
#14433=CARTESIAN_POINT('',(4.2,4.45,8.97));
#14434=CARTESIAN_POINT('',(4.2,4.45,8.97));
#14435=CARTESIAN_POINT('',(4.2,1.96,8.97));
#14436=CARTESIAN_POINT('',(4.2,4.45,8.97));
#14437=CARTESIAN_POINT('',(4.2,1.96,8.97));
#14438=CARTESIAN_POINT('Origin',(-5.5,-0.84,12.));
#14439=CARTESIAN_POINT('',(5.5,-0.84,3.));
#14440=CARTESIAN_POINT('',(5.5,-0.84,7.3));
#14441=CARTESIAN_POINT('',(5.2,-0.84,3.));
#14442=CARTESIAN_POINT('',(5.2,-0.84,3.));
#14443=CARTESIAN_POINT('',(5.2,-0.84,6.));
#14444=CARTESIAN_POINT('',(5.2,-0.84,6.));
#14445=CARTESIAN_POINT('',(4.4,-0.84,6.));
#14446=CARTESIAN_POINT('',(4.4,-0.84,6.));
#14447=CARTESIAN_POINT('',(4.4,-0.84,6.5));
#14448=CARTESIAN_POINT('',(4.4,-0.84,6.5));
#14449=CARTESIAN_POINT('',(4.025,-0.84,6.5));
#14450=CARTESIAN_POINT('',(4.4,-0.84,6.5));
#14451=CARTESIAN_POINT('',(4.025,-0.84,7.07));
#14452=CARTESIAN_POINT('',(4.025,-0.84,6.5));
#14453=CARTESIAN_POINT('',(4.525,-0.84,7.07));
#14454=CARTESIAN_POINT('',(4.525,-0.84,7.07));
#14455=CARTESIAN_POINT('',(4.525,-0.84,7.57));
#14456=CARTESIAN_POINT('',(4.525,-0.84,7.57));
#14457=CARTESIAN_POINT('',(4.525,-0.84,7.57));
#14458=CARTESIAN_POINT('Origin',(-5.5,-0.84,12.));
#14459=CARTESIAN_POINT('',(-4.025,-0.84,7.07));
#14460=CARTESIAN_POINT('',(-4.525,-0.84,7.07));
#14461=CARTESIAN_POINT('',(-4.025,-0.84,7.07));
#14462=CARTESIAN_POINT('',(-4.025,-0.84,6.4));
#14463=CARTESIAN_POINT('',(-4.025,-0.84,6.4));
#14464=CARTESIAN_POINT('',(-3.625,-0.84,6.4));
#14465=CARTESIAN_POINT('',(-3.625,-0.84,6.4));
#14466=CARTESIAN_POINT('',(-3.625,-0.84,4.4));
#14467=CARTESIAN_POINT('',(-3.625,-0.84,4.4));
#14468=CARTESIAN_POINT('',(-5.2,-0.84,4.4));
#14469=CARTESIAN_POINT('',(-5.2,-0.84,4.4));
#14470=CARTESIAN_POINT('',(-5.2,-0.84,3.));
#14471=CARTESIAN_POINT('',(-5.2,-0.84,4.4));
#14472=CARTESIAN_POINT('',(-5.5,-0.84,3.));
#14473=CARTESIAN_POINT('',(-5.5,-0.84,3.));
#14474=CARTESIAN_POINT('',(-5.5,-0.84,7.3));
#14475=CARTESIAN_POINT('',(-5.5,-0.84,7.3));
#14476=CARTESIAN_POINT('',(-5.,-0.84,7.3));
#14477=CARTESIAN_POINT('',(-5.5,-0.84,7.3));
#14478=CARTESIAN_POINT('',(-5.,-0.84,8.17));
#14479=CARTESIAN_POINT('',(-5.,-0.84,8.17));
#14480=CARTESIAN_POINT('',(-4.2,-0.84,8.97));
#14481=CARTESIAN_POINT('',(-4.2,-0.84,8.97));
#14482=CARTESIAN_POINT('',(-4.525,-0.84,7.57));
#14483=CARTESIAN_POINT('',(-4.2,-0.84,8.97));
#14484=CARTESIAN_POINT('',(-4.525,-0.84,7.07));
#14485=CARTESIAN_POINT('Origin',(4.525,-0.84,7.57));
#14486=CARTESIAN_POINT('',(4.525,1.96,7.57));
#14487=CARTESIAN_POINT('',(4.525,1.96,7.57));
#14488=CARTESIAN_POINT('',(4.2,-0.84,8.97));
#14489=CARTESIAN_POINT('',(4.525,-0.84,7.57));
#14490=CARTESIAN_POINT('Origin',(4.525,5.5,6.8));
#14491=CARTESIAN_POINT('',(4.525,1.96,7.07));
#14492=CARTESIAN_POINT('',(4.525,1.96,7.07));
#14493=CARTESIAN_POINT('',(4.525,1.96,7.07));
#14494=CARTESIAN_POINT('Origin',(-4.4,1.96,12.));
#14495=CARTESIAN_POINT('',(4.025,1.96,7.07));
#14496=CARTESIAN_POINT('',(4.025,1.96,7.07));
#14497=CARTESIAN_POINT('',(4.025,1.96,6.5));
#14498=CARTESIAN_POINT('',(4.025,1.96,6.5));
#14499=CARTESIAN_POINT('',(4.4,1.96,6.5));
#14500=CARTESIAN_POINT('',(4.4,1.96,6.5));
#14501=CARTESIAN_POINT('',(4.4,1.96,6.));
#14502=CARTESIAN_POINT('',(4.4,1.96,6.5));
#14503=CARTESIAN_POINT('',(5.2,1.96,6.));
#14504=CARTESIAN_POINT('',(5.2,1.96,6.));
#14505=CARTESIAN_POINT('',(5.2,1.96,3.));
#14506=CARTESIAN_POINT('',(5.2,1.96,6.));
#14507=CARTESIAN_POINT('',(5.5,1.96,3.));
#14508=CARTESIAN_POINT('',(5.5,1.96,3.));
#14509=CARTESIAN_POINT('',(5.5,1.96,7.3));
#14510=CARTESIAN_POINT('Origin',(-4.4,1.96,12.));
#14511=CARTESIAN_POINT('',(-5.,1.96,7.3));
#14512=CARTESIAN_POINT('',(-5.,1.96,8.17));
#14513=CARTESIAN_POINT('',(-5.,1.96,7.3));
#14514=CARTESIAN_POINT('',(-5.5,1.96,7.3));
#14515=CARTESIAN_POINT('',(-5.,1.96,7.3));
#14516=CARTESIAN_POINT('',(-5.5,1.96,3.));
#14517=CARTESIAN_POINT('',(-5.5,1.96,7.3));
#14518=CARTESIAN_POINT('',(-5.2,1.96,3.));
#14519=CARTESIAN_POINT('',(-5.2,1.96,3.));
#14520=CARTESIAN_POINT('',(-5.2,1.96,4.4));
#14521=CARTESIAN_POINT('',(-5.2,1.96,4.4));
#14522=CARTESIAN_POINT('',(-3.625,1.96,4.4));
#14523=CARTESIAN_POINT('',(-3.625,1.96,4.4));
#14524=CARTESIAN_POINT('',(-3.625,1.96,6.4));
#14525=CARTESIAN_POINT('',(-3.625,1.96,4.4));
#14526=CARTESIAN_POINT('',(-4.025,1.96,6.4));
#14527=CARTESIAN_POINT('',(-4.025,1.96,6.4));
#14528=CARTESIAN_POINT('',(-4.025,1.96,7.07));
#14529=CARTESIAN_POINT('',(-4.025,1.96,6.4));
#14530=CARTESIAN_POINT('',(-4.525,1.96,7.07));
#14531=CARTESIAN_POINT('',(-4.525,1.96,7.07));
#14532=CARTESIAN_POINT('',(-4.525,1.96,7.57));
#14533=CARTESIAN_POINT('',(-4.525,1.96,7.57));
#14534=CARTESIAN_POINT('',(-4.2,1.96,8.97));
#14535=CARTESIAN_POINT('',(-4.2,1.96,8.97));
#14536=CARTESIAN_POINT('',(-5.,1.96,8.17));
#14537=CARTESIAN_POINT('Origin',(5.5,-0.84,12.));
#14538=CARTESIAN_POINT('',(5.5,-0.84,3.));
#14539=CARTESIAN_POINT('Origin',(0.,0.,3.));
#14540=CARTESIAN_POINT('',(-5.5,1.96,3.));
#14541=CARTESIAN_POINT('',(-5.2,-0.69,3.));
#14542=CARTESIAN_POINT('',(-5.2,-0.84,3.));
#14543=CARTESIAN_POINT('',(-4.8,-0.69,3.));
#14544=CARTESIAN_POINT('',(-4.8,-0.69,3.));
#14545=CARTESIAN_POINT('',(-4.8,1.81,3.));
#14546=CARTESIAN_POINT('',(-4.8,1.81,3.));
#14547=CARTESIAN_POINT('',(-5.2,1.81,3.));
#14548=CARTESIAN_POINT('',(-4.8,1.81,3.));
#14549=CARTESIAN_POINT('',(-5.2,1.81,3.));
#14550=CARTESIAN_POINT('Origin',(0.,0.,3.));
#14551=CARTESIAN_POINT('',(5.2,1.81,3.));
#14552=CARTESIAN_POINT('',(5.2,1.81,3.));
#14553=CARTESIAN_POINT('',(4.8,1.81,3.));
#14554=CARTESIAN_POINT('',(5.2,1.81,3.));
#14555=CARTESIAN_POINT('',(4.8,-0.69,3.));
#14556=CARTESIAN_POINT('',(4.8,1.81,3.));
#14557=CARTESIAN_POINT('',(5.2,-0.69,3.));
#14558=CARTESIAN_POINT('',(5.2,-0.69,3.));
#14559=CARTESIAN_POINT('',(5.2,-0.84,3.));
#14560=CARTESIAN_POINT('Origin',(-5.2,-3.8,0.));
#14561=CARTESIAN_POINT('',(-5.2,-3.8,4.4));
#14562=CARTESIAN_POINT('',(-5.2,-3.8,0.));
#14563=CARTESIAN_POINT('',(-5.2,4.45,4.4));
#14564=CARTESIAN_POINT('',(-5.2,4.45,0.));
#14565=CARTESIAN_POINT('',(-5.2,3.85,4.4));
#14566=CARTESIAN_POINT('',(-5.2,3.85,4.4));
#14567=CARTESIAN_POINT('',(-5.2,3.85,5.9));
#14568=CARTESIAN_POINT('',(-5.2,3.85,4.4));
#14569=CARTESIAN_POINT('',(-5.2,2.56,5.9));
#14570=CARTESIAN_POINT('',(-5.2,2.56,5.9));
#14571=CARTESIAN_POINT('',(-5.2,2.56,4.4));
#14572=CARTESIAN_POINT('',(-5.2,2.56,4.4));
#14573=CARTESIAN_POINT('',(-5.2,1.96,4.4));
#14574=CARTESIAN_POINT('',(-5.2,1.81,2.));
#14575=CARTESIAN_POINT('',(-5.2,1.81,3.));
#14576=CARTESIAN_POINT('',(-5.2,-0.69,2.));
#14577=CARTESIAN_POINT('',(-5.2,1.81,2.));
#14578=CARTESIAN_POINT('',(-5.2,-0.69,3.));
#14579=CARTESIAN_POINT('',(-5.2,-1.44,4.4));
#14580=CARTESIAN_POINT('',(-5.2,-1.44,4.4));
#14581=CARTESIAN_POINT('',(-5.2,-1.44,5.9));
#14582=CARTESIAN_POINT('',(-5.2,-1.44,4.4));
#14583=CARTESIAN_POINT('',(-5.2,-3.2,5.9));
#14584=CARTESIAN_POINT('',(-5.2,-3.2,5.9));
#14585=CARTESIAN_POINT('',(-5.2,-3.2,4.4));
#14586=CARTESIAN_POINT('',(-5.2,-3.2,4.4));
#14587=CARTESIAN_POINT('',(-5.2,-3.8,4.4));
#14588=CARTESIAN_POINT('Origin',(-5.2,4.45,4.4));
#14589=CARTESIAN_POINT('',(-4.4,2.56,4.4));
#14590=CARTESIAN_POINT('',(-5.2,2.56,4.4));
#14591=CARTESIAN_POINT('',(-4.4,3.85,4.4));
#14592=CARTESIAN_POINT('',(-4.4,3.85,4.4));
#14593=CARTESIAN_POINT('',(-5.2,3.85,4.4));
#14594=CARTESIAN_POINT('',(-3.5,4.45,4.4));
#14595=CARTESIAN_POINT('',(-5.2,4.45,4.4));
#14596=CARTESIAN_POINT('',(-3.5,3.475,4.4));
#14597=CARTESIAN_POINT('',(-3.5,4.45,4.4));
#14598=CARTESIAN_POINT('',(-2.4,3.475,4.4));
#14599=CARTESIAN_POINT('',(-2.4,3.475,4.4));
#14600=CARTESIAN_POINT('',(-2.4,-2.825,4.4));
#14601=CARTESIAN_POINT('',(-2.4,3.475,4.4));
#14602=CARTESIAN_POINT('',(-3.5,-2.825,4.4));
#14603=CARTESIAN_POINT('',(-2.4,-2.825,4.4));
#14604=CARTESIAN_POINT('',(-3.5,-3.8,4.4));
#14605=CARTESIAN_POINT('',(-3.5,-3.8,4.4));
#14606=CARTESIAN_POINT('',(-5.2,-3.8,4.4));
#14607=CARTESIAN_POINT('',(-4.4,-3.2,4.4));
#14608=CARTESIAN_POINT('',(-5.2,-3.2,4.4));
#14609=CARTESIAN_POINT('',(-4.4,-1.44,4.4));
#14610=CARTESIAN_POINT('',(-4.4,-1.44,4.4));
#14611=CARTESIAN_POINT('',(-5.2,-1.44,4.4));
#14612=CARTESIAN_POINT('',(-3.625,1.96,4.4));
#14613=CARTESIAN_POINT('Origin',(-3.625,1.96,4.4));
#14614=CARTESIAN_POINT('',(-3.625,1.96,6.4));
#14615=CARTESIAN_POINT('Origin',(0.,4.45,6.4));
#14616=CARTESIAN_POINT('',(-4.025,1.96,6.4));
#14617=CARTESIAN_POINT('Origin',(-4.025,1.96,4.4));
#14618=CARTESIAN_POINT('',(-4.025,1.96,7.07));
#14619=CARTESIAN_POINT('Origin',(0.,0.,7.07));
#14620=CARTESIAN_POINT('',(-4.525,1.96,7.07));
#14621=CARTESIAN_POINT('Origin',(-4.525,5.5,7.82));
#14622=CARTESIAN_POINT('',(-4.525,-0.84,7.57));
#14623=CARTESIAN_POINT('Origin',(-4.2,-0.84,8.97));
#14624=CARTESIAN_POINT('',(-4.2,-0.84,8.97));
#14625=CARTESIAN_POINT('Origin',(-6.,4.75,8.97));
#14626=CARTESIAN_POINT('',(1.75,-3.45,8.97));
#14627=CARTESIAN_POINT('',(0.35,-3.45,8.97));
#14628=CARTESIAN_POINT('',(1.75,-3.45,8.97));
#14629=CARTESIAN_POINT('',(0.35,-4.25,8.97));
#14630=CARTESIAN_POINT('',(0.35,-3.45,8.97));
#14631=CARTESIAN_POINT('',(2.19,-4.25,8.97));
#14632=CARTESIAN_POINT('',(0.35,-4.25,8.97));
#14633=CARTESIAN_POINT('',(2.19,-3.95,8.97));
#14634=CARTESIAN_POINT('',(2.19,-4.25,8.97));
#14635=CARTESIAN_POINT('',(1.75,-3.95,8.97));
#14636=CARTESIAN_POINT('',(1.75,-3.95,8.97));
#14637=CARTESIAN_POINT('',(1.75,-3.45,8.97));
#14638=CARTESIAN_POINT('Origin',(-6.,4.75,8.97));
#14639=CARTESIAN_POINT('',(-2.19,-3.95,8.97));
#14640=CARTESIAN_POINT('',(-2.19,-4.25,8.97));
#14641=CARTESIAN_POINT('',(-2.19,-3.95,8.97));
#14642=CARTESIAN_POINT('',(-0.35,-4.25,8.97));
#14643=CARTESIAN_POINT('',(-2.19,-4.25,8.97));
#14644=CARTESIAN_POINT('',(-0.35,-3.45,8.97));
#14645=CARTESIAN_POINT('',(-0.35,-4.25,8.97));
#14646=CARTESIAN_POINT('',(-1.75,-3.45,8.97));
#14647=CARTESIAN_POINT('',(-0.35,-3.45,8.97));
#14648=CARTESIAN_POINT('',(-1.75,-3.95,8.97));
#14649=CARTESIAN_POINT('',(-1.75,-3.95,8.97));
#14650=CARTESIAN_POINT('',(-2.19,-3.95,8.97));
#14651=CARTESIAN_POINT('Origin',(-6.,4.75,8.97));
#14652=CARTESIAN_POINT('',(4.,4.45,8.97));
#14653=CARTESIAN_POINT('',(4.,4.45,8.97));
#14654=CARTESIAN_POINT('',(4.,-3.45,8.97));
#14655=CARTESIAN_POINT('',(4.,4.45,8.97));
#14656=CARTESIAN_POINT('',(2.89,-3.45,8.97));
#14657=CARTESIAN_POINT('',(4.,-3.45,8.97));
#14658=CARTESIAN_POINT('',(2.89,-4.25,8.97));
#14659=CARTESIAN_POINT('',(2.89,-3.45,8.97));
#14660=CARTESIAN_POINT('',(3.018937303106,-4.25,8.97));
#14661=CARTESIAN_POINT('',(2.89,-4.25,8.97));
#14662=CARTESIAN_POINT('',(4.2,-4.25,8.97));
#14663=CARTESIAN_POINT('Origin',(-6.,4.75,8.97));
#14664=CARTESIAN_POINT('',(-4.2,-4.25,8.97));
#14665=CARTESIAN_POINT('',(-4.2,-0.84,8.97));
#14666=CARTESIAN_POINT('',(-3.018937303106,-4.25,8.97));
#14667=CARTESIAN_POINT('',(-3.018937303106,-4.25,8.97));
#14668=CARTESIAN_POINT('',(-2.89,-4.25,8.97));
#14669=CARTESIAN_POINT('',(-3.018937303106,-4.25,8.97));
#14670=CARTESIAN_POINT('',(-2.89,-3.45,8.97));
#14671=CARTESIAN_POINT('',(-2.89,-4.25,8.97));
#14672=CARTESIAN_POINT('',(-4.,-3.45,8.97));
#14673=CARTESIAN_POINT('',(-2.89,-3.45,8.97));
#14674=CARTESIAN_POINT('',(-4.,4.45,8.97));
#14675=CARTESIAN_POINT('',(-4.,4.45,8.97));
#14676=CARTESIAN_POINT('',(-4.2,4.45,8.97));
#14677=CARTESIAN_POINT('',(-4.2,4.45,8.97));
#14678=CARTESIAN_POINT('',(-4.2,4.45,8.97));
#14679=CARTESIAN_POINT('Origin',(1.75,-3.45,8.97));
#14680=CARTESIAN_POINT('',(1.75,-3.95,8.47));
#14681=CARTESIAN_POINT('',(1.75,-3.95,8.97));
#14682=CARTESIAN_POINT('',(1.75,-3.45,8.47));
#14683=CARTESIAN_POINT('',(1.75,-3.45,8.47));
#14684=CARTESIAN_POINT('',(1.75,-3.45,8.47));
#14685=CARTESIAN_POINT('Origin',(2.19,-3.45,8.6));
#14686=CARTESIAN_POINT('',(0.35,-3.45,8.47));
#14687=CARTESIAN_POINT('',(1.75,-3.45,8.47));
#14688=CARTESIAN_POINT('',(0.35,-3.45,8.47));
#14689=CARTESIAN_POINT('Origin',(0.35,-3.45,8.6));
#14690=CARTESIAN_POINT('',(0.35,-4.25,8.47));
#14691=CARTESIAN_POINT('',(0.35,-4.25,8.47));
#14692=CARTESIAN_POINT('',(0.35,-4.25,8.47));
#14693=CARTESIAN_POINT('Origin',(-6.,0.,8.47));
#14694=CARTESIAN_POINT('',(2.19,-4.25,8.47));
#14695=CARTESIAN_POINT('',(2.89,-4.25,8.47));
#14696=CARTESIAN_POINT('',(2.19,-4.25,8.47));
#14697=CARTESIAN_POINT('',(2.89,-3.45,8.47));
#14698=CARTESIAN_POINT('',(2.89,-4.25,8.47));
#14699=CARTESIAN_POINT('',(4.,-3.45,8.47));
#14700=CARTESIAN_POINT('',(4.,-3.45,8.47));
#14701=CARTESIAN_POINT('',(4.,-1.975,8.47));
#14702=CARTESIAN_POINT('',(4.,-3.45,8.47));
#14703=CARTESIAN_POINT('',(2.85,-1.975,8.47));
#14704=CARTESIAN_POINT('',(4.,-1.975,8.47));
#14705=CARTESIAN_POINT('',(-2.85,-1.975,8.47));
#14706=CARTESIAN_POINT('',(-2.85,-1.975,8.47));
#14707=CARTESIAN_POINT('',(-4.,-1.975,8.47));
#14708=CARTESIAN_POINT('',(-2.85,-1.975,8.47));
#14709=CARTESIAN_POINT('',(-4.,-3.45,8.47));
#14710=CARTESIAN_POINT('',(-4.,-1.975,8.47));
#14711=CARTESIAN_POINT('',(-2.89,-3.45,8.47));
#14712=CARTESIAN_POINT('',(-4.,-3.45,8.47));
#14713=CARTESIAN_POINT('',(-2.89,-4.25,8.47));
#14714=CARTESIAN_POINT('',(-2.89,-4.25,8.47));
#14715=CARTESIAN_POINT('',(-2.19,-4.25,8.47));
#14716=CARTESIAN_POINT('',(-2.89,-4.25,8.47));
#14717=CARTESIAN_POINT('',(-2.19,-3.95,8.47));
#14718=CARTESIAN_POINT('',(-2.19,-4.25,8.47));
#14719=CARTESIAN_POINT('',(-1.75,-3.95,8.47));
#14720=CARTESIAN_POINT('',(-2.19,-3.95,8.47));
#14721=CARTESIAN_POINT('',(-1.75,-3.45,8.47));
#14722=CARTESIAN_POINT('',(-1.75,-3.95,8.47));
#14723=CARTESIAN_POINT('',(-0.35,-3.45,8.47));
#14724=CARTESIAN_POINT('',(-0.35,-3.45,8.47));
#14725=CARTESIAN_POINT('',(-0.35,-4.25,8.47));
#14726=CARTESIAN_POINT('',(-0.35,-4.25,8.47));
#14727=CARTESIAN_POINT('',(-0.35,-4.25,8.47));
#14728=CARTESIAN_POINT('',(2.19,-3.95,8.47));
#14729=CARTESIAN_POINT('',(1.75,-3.95,8.47));
#14730=CARTESIAN_POINT('',(2.19,-4.25,8.47));
#14731=CARTESIAN_POINT('Origin',(2.19,-4.25,8.6));
#14732=CARTESIAN_POINT('',(2.19,-4.25,8.47));
#14733=CARTESIAN_POINT('',(2.19,-3.95,8.47));
#14734=CARTESIAN_POINT('Origin',(1.75,-3.95,8.97));
#14735=CARTESIAN_POINT('Origin',(0.,-4.25,0.));
#14736=CARTESIAN_POINT('',(-3.,-4.25,6.8));
#14737=CARTESIAN_POINT('',(3.,-4.25,6.8));
#14738=CARTESIAN_POINT('',(-3.,-4.25,6.8));
#14739=CARTESIAN_POINT('',(3.018937303106,-4.25,8.97));
#14740=CARTESIAN_POINT('',(2.89,-4.25,8.47));
#14741=CARTESIAN_POINT('',(-0.35,-4.25,8.47));
#14742=CARTESIAN_POINT('',(-2.19,-4.25,8.47));
#14743=CARTESIAN_POINT('',(-2.89,-4.25,8.47));
#14744=CARTESIAN_POINT('',(-3.,-4.25,6.8));
#14745=CARTESIAN_POINT('Origin',(-3.,-4.108601323991,6.8));
#14746=CARTESIAN_POINT('',(-3.045379712512,-4.25,12.));
#14747=CARTESIAN_POINT('',(-3.018937303106,-4.25,8.97));
#14748=CARTESIAN_POINT('',(-3.045379712512,-5.5,12.));
#14749=CARTESIAN_POINT('',(-3.045379712512,-5.5,12.));
#14750=CARTESIAN_POINT('',(-3.,-5.5,6.8));
#14751=CARTESIAN_POINT('',(-3.045379712512,-5.5,12.));
#14752=CARTESIAN_POINT('',(-3.,-5.5,6.8));
#14753=CARTESIAN_POINT('Origin',(-3.,-5.5,6.8));
#14754=CARTESIAN_POINT('',(3.,-5.5,6.8));
#14755=CARTESIAN_POINT('',(3.,-5.5,6.8));
#14756=CARTESIAN_POINT('',(-3.,-5.5,6.8));
#14757=CARTESIAN_POINT('Origin',(3.,-4.108601323991,6.8));
#14758=CARTESIAN_POINT('',(3.045379712512,-5.5,12.));
#14759=CARTESIAN_POINT('',(3.,-5.5,6.8));
#14760=CARTESIAN_POINT('',(3.045379712512,-4.25,12.));
#14761=CARTESIAN_POINT('',(3.045379712512,-5.5,12.));
#14762=CARTESIAN_POINT('',(3.045379712512,-4.25,12.));
#14763=CARTESIAN_POINT('Origin',(-6.,-4.25,9.1));
#14764=CARTESIAN_POINT('',(-5.,-4.25,7.3));
#14765=CARTESIAN_POINT('',(-6.,-4.25,7.3));
#14766=CARTESIAN_POINT('',(-5.,-4.25,7.3));
#14767=CARTESIAN_POINT('',(-6.,-4.25,12.));
#14768=CARTESIAN_POINT('',(-6.,-4.25,12.));
#14769=CARTESIAN_POINT('',(-6.,-4.25,12.));
#14770=CARTESIAN_POINT('',(-5.,-4.25,8.17));
#14771=CARTESIAN_POINT('',(-5.,-4.25,8.17));
#14772=CARTESIAN_POINT('',(-5.,-4.25,7.3));
#14773=CARTESIAN_POINT('Origin',(-6.,-4.25,9.1));
#14774=CARTESIAN_POINT('',(3.045379712512,-4.25,12.));
#14775=CARTESIAN_POINT('Origin',(-5.,5.5,0.));
#14776=CARTESIAN_POINT('',(-5.,4.45,7.3));
#14777=CARTESIAN_POINT('',(-5.,4.45,8.17));
#14778=CARTESIAN_POINT('',(-5.,4.45,7.3));
#14779=CARTESIAN_POINT('',(-5.,1.96,7.3));
#14780=CARTESIAN_POINT('',(-5.,4.45,8.17));
#14781=CARTESIAN_POINT('Origin',(-5.,5.5,0.));
#14782=CARTESIAN_POINT('',(-5.,-4.25,7.3));
#14783=CARTESIAN_POINT('',(-5.,-0.84,8.17));
#14784=CARTESIAN_POINT('Origin',(-5.,-4.25,8.17));
#14785=CARTESIAN_POINT('Origin',(-5.,-4.25,8.17));
#14786=CARTESIAN_POINT('',(-5.,4.45,8.17));
#14787=CARTESIAN_POINT('Origin',(-6.,4.45,12.));
#14788=CARTESIAN_POINT('',(-6.,4.45,12.));
#14789=CARTESIAN_POINT('',(-6.,4.45,12.));
#14790=CARTESIAN_POINT('',(-6.,4.45,7.3));
#14791=CARTESIAN_POINT('',(-6.,4.45,7.3));
#14792=CARTESIAN_POINT('',(-5.,4.45,7.3));
#14793=CARTESIAN_POINT('',(-4.,4.45,8.57));
#14794=CARTESIAN_POINT('',(-4.,4.45,8.97));
#14795=CARTESIAN_POINT('',(4.,4.45,8.57));
#14796=CARTESIAN_POINT('',(4.,4.45,8.57));
#14797=CARTESIAN_POINT('',(4.,4.45,8.97));
#14798=CARTESIAN_POINT('Origin',(4.,-4.25,9.1));
#14799=CARTESIAN_POINT('',(4.,-1.975,8.57));
#14800=CARTESIAN_POINT('',(4.,-1.975,8.57));
#14801=CARTESIAN_POINT('',(4.,-1.975,8.57));
#14802=CARTESIAN_POINT('',(4.,-3.45,8.47));
#14803=CARTESIAN_POINT('Origin',(4.,-3.45,8.6));
#14804=CARTESIAN_POINT('',(2.89,-3.45,8.47));
#14805=CARTESIAN_POINT('Origin',(2.89,-3.45,8.6));
#14806=CARTESIAN_POINT('Origin',(4.,-1.975,8.7));
#14807=CARTESIAN_POINT('',(-4.,-1.975,8.57));
#14808=CARTESIAN_POINT('',(-2.85,-1.975,8.57));
#14809=CARTESIAN_POINT('',(-4.,-1.975,8.57));
#14810=CARTESIAN_POINT('',(-4.,-1.975,8.57));
#14811=CARTESIAN_POINT('',(-2.85,-1.975,8.57));
#14812=CARTESIAN_POINT('Origin',(4.,-1.975,8.7));
#14813=CARTESIAN_POINT('',(2.85,-1.975,8.57));
#14814=CARTESIAN_POINT('',(2.85,-1.975,8.57));
#14815=CARTESIAN_POINT('',(2.85,-1.975,8.57));
#14816=CARTESIAN_POINT('Origin',(-2.85,-1.,9.1));
#14817=CARTESIAN_POINT('',(-2.85,-1.975,6.92));
#14818=CARTESIAN_POINT('',(-2.85,-1.975,8.47));
#14819=CARTESIAN_POINT('',(-2.85,-1.,6.92));
#14820=CARTESIAN_POINT('',(-2.85,-1.,6.92));
#14821=CARTESIAN_POINT('',(-2.85,-1.,8.57));
#14822=CARTESIAN_POINT('',(-2.85,-1.,8.57));
#14823=CARTESIAN_POINT('',(-2.85,-1.,8.57));
#14824=CARTESIAN_POINT('Origin',(-6.,0.,8.57));
#14825=CARTESIAN_POINT('',(-3.75,-1.,8.57));
#14826=CARTESIAN_POINT('',(-3.75,-1.,8.57));
#14827=CARTESIAN_POINT('',(-3.75,2.,8.57));
#14828=CARTESIAN_POINT('',(-3.75,2.,8.57));
#14829=CARTESIAN_POINT('',(-2.85,2.,8.57));
#14830=CARTESIAN_POINT('',(-2.85,2.,8.57));
#14831=CARTESIAN_POINT('',(-2.85,2.975,8.57));
#14832=CARTESIAN_POINT('',(-2.85,2.975,8.57));
#14833=CARTESIAN_POINT('',(2.85,2.975,8.57));
#14834=CARTESIAN_POINT('',(2.85,2.975,8.57));
#14835=CARTESIAN_POINT('',(2.85,2.,8.57));
#14836=CARTESIAN_POINT('',(2.85,2.,8.57));
#14837=CARTESIAN_POINT('',(3.75,2.,8.57));
#14838=CARTESIAN_POINT('',(3.75,2.,8.57));
#14839=CARTESIAN_POINT('',(3.75,-1.,8.57));
#14840=CARTESIAN_POINT('',(3.75,-1.,8.57));
#14841=CARTESIAN_POINT('',(2.85,-1.,8.57));
#14842=CARTESIAN_POINT('',(2.85,-1.,8.57));
#14843=CARTESIAN_POINT('',(2.85,-1.975,8.57));
#14844=CARTESIAN_POINT('',(-4.,4.45,8.57));
#14845=CARTESIAN_POINT('Origin',(-4.,4.75,9.1));
#14846=CARTESIAN_POINT('',(-4.,-3.45,8.47));
#14847=CARTESIAN_POINT('Origin',(-2.89,-3.45,8.6));
#14848=CARTESIAN_POINT('',(-2.89,-3.45,8.47));
#14849=CARTESIAN_POINT('Origin',(-2.89,-4.25,8.6));
#14850=CARTESIAN_POINT('Origin',(2.85,-1.975,9.1));
#14851=CARTESIAN_POINT('',(2.85,-1.,6.92));
#14852=CARTESIAN_POINT('',(2.85,-1.,8.57));
#14853=CARTESIAN_POINT('',(2.85,-1.975,6.92));
#14854=CARTESIAN_POINT('',(2.85,-1.975,6.92));
#14855=CARTESIAN_POINT('',(2.85,-1.975,8.47));
#14856=CARTESIAN_POINT('Origin',(-2.85,-1.975,9.1));
#14857=CARTESIAN_POINT('',(2.,-1.975,6.92));
#14858=CARTESIAN_POINT('',(2.,-1.975,6.92));
#14859=CARTESIAN_POINT('',(2.,-1.975,6.92));
#14860=CARTESIAN_POINT('',(-2.,-1.975,6.92));
#14861=CARTESIAN_POINT('',(-2.,-1.975,6.92));
#14862=CARTESIAN_POINT('',(-2.85,-1.975,6.92));
#14863=CARTESIAN_POINT('Origin',(-6.,0.,6.92));
#14864=CARTESIAN_POINT('',(3.75,-1.,6.92));
#14865=CARTESIAN_POINT('',(2.85,-1.,6.92));
#14866=CARTESIAN_POINT('',(3.75,2.,6.92));
#14867=CARTESIAN_POINT('',(3.75,-1.,6.92));
#14868=CARTESIAN_POINT('',(2.85,2.,6.92));
#14869=CARTESIAN_POINT('',(3.75,2.,6.92));
#14870=CARTESIAN_POINT('',(2.85,2.975,6.92));
#14871=CARTESIAN_POINT('',(2.85,2.,6.92));
#14872=CARTESIAN_POINT('',(2.,2.975,6.92));
#14873=CARTESIAN_POINT('',(2.85,2.975,6.92));
#14874=CARTESIAN_POINT('',(2.,-1.975,6.92));
#14875=CARTESIAN_POINT('Origin',(-6.,0.,6.92));
#14876=CARTESIAN_POINT('',(-2.,2.975,6.92));
#14877=CARTESIAN_POINT('',(-2.85,2.975,6.92));
#14878=CARTESIAN_POINT('',(-2.,2.975,6.92));
#14879=CARTESIAN_POINT('',(-2.85,2.,6.92));
#14880=CARTESIAN_POINT('',(-2.85,2.975,6.92));
#14881=CARTESIAN_POINT('',(-3.75,2.,6.92));
#14882=CARTESIAN_POINT('',(-2.85,2.,6.92));
#14883=CARTESIAN_POINT('',(-3.75,-1.,6.92));
#14884=CARTESIAN_POINT('',(-3.75,2.,6.92));
#14885=CARTESIAN_POINT('',(-3.75,-1.,6.92));
#14886=CARTESIAN_POINT('',(-2.,-1.975,6.92));
#14887=CARTESIAN_POINT('Origin',(2.,-1.975,7.05));
#14888=CARTESIAN_POINT('',(2.,2.975,6.92));
#14889=CARTESIAN_POINT('',(2.,-1.41860267747355,7.22000000000002));
#14890=CARTESIAN_POINT('Origin',(0.,0.5,12.));
#14891=CARTESIAN_POINT('',(0.699999939106244,1.54766403438192,6.24999980171601));
#14892=CARTESIAN_POINT('',(1.54305496692567E-16,-0.76,6.24999980171601));
#14893=CARTESIAN_POINT('Origin',(0.,0.5,6.25));
#14894=CARTESIAN_POINT('',(0.7,1.547664068297,6.5));
#14895=CARTESIAN_POINT('',(0.7,1.547664068297,6.25));
#14896=CARTESIAN_POINT('',(0.7,-0.5476640682967,6.5));
#14897=CARTESIAN_POINT('Origin',(0.,0.5,6.5));
#14898=CARTESIAN_POINT('',(0.6999999391063,-0.54766403438176,6.24999980171603));
#14899=CARTESIAN_POINT('',(0.7,-0.5476640682967,6.25));
#14900=CARTESIAN_POINT('Origin',(0.,0.5,6.25));
#14901=CARTESIAN_POINT('',(0.,-0.76,7.22));
#14902=CARTESIAN_POINT('',(1.54305496692567E-16,-0.76,12.));
#14903=CARTESIAN_POINT('Origin',(0.,0.5,7.22));
#14904=CARTESIAN_POINT('Origin',(0.,0.5,6.125));
#14905=CARTESIAN_POINT('',(0.699999998340567,-0.837946383652454,6.00000009082939));
#14906=CARTESIAN_POINT('Ctrl Pts',(0.700000126318474,-0.837946428697731,
6.00000027248818));
#14907=CARTESIAN_POINT('Ctrl Pts',(0.700000097665195,-0.803057878458636,
6.03091339786423));
#14908=CARTESIAN_POINT('Ctrl Pts',(0.700000103125569,-0.769051707580014,
6.06078457459638));
#14909=CARTESIAN_POINT('Ctrl Pts',(0.700000038037308,-0.735943416817615,
6.08959310607909));
#14910=CARTESIAN_POINT('Ctrl Pts',(0.699999972949048,-0.702835126055205,
6.11840163756181));
#14911=CARTESIAN_POINT('Ctrl Pts',(0.699999931898801,-0.67062488863285,
6.14614772108284));
#14912=CARTESIAN_POINT('Ctrl Pts',(0.699999945361732,-0.639252228629185,
6.17287767120642));
#14913=CARTESIAN_POINT('Ctrl Pts',(0.69999995882465,-0.60787959590543,6.19960759808713));
#14914=CARTESIAN_POINT('Ctrl Pts',(0.699999881473458,-0.577344307447664,
6.22532111989061));
#14915=CARTESIAN_POINT('Ctrl Pts',(0.699999848618414,-0.547663919154615,
6.24999966313453));
#14916=CARTESIAN_POINT('',(-1.39999991771304,-0.0657744837546807,6.00000008875275));
#14917=CARTESIAN_POINT('Origin',(0.,0.5,6.));
#14918=CARTESIAN_POINT('',(-1.39999991771304,1.06577448375468,6.00000008875275));
#14919=CARTESIAN_POINT('Ctrl Pts',(-1.4,1.06577455026307,6.00000026625825));
#14920=CARTESIAN_POINT('Ctrl Pts',(-1.4,0.499999999999998,6.21198661530993));
#14921=CARTESIAN_POINT('Ctrl Pts',(-1.4,-0.0657745502630789,6.00000026625825));
#14922=CARTESIAN_POINT('',(0.699999998340527,1.83794638365255,6.00000009082935));
#14923=CARTESIAN_POINT('Origin',(0.,0.5,6.));
#14924=CARTESIAN_POINT('Ctrl Pts',(0.700000126318413,1.83794642869791,6.00000027248805));
#14925=CARTESIAN_POINT('Ctrl Pts',(0.700000097665174,1.8030578784587,6.03091339786419));
#14926=CARTESIAN_POINT('Ctrl Pts',(0.700000103125568,1.76905170758002,6.06078457459638));
#14927=CARTESIAN_POINT('Ctrl Pts',(0.700000038037307,1.73594341681762,6.08959310607909));
#14928=CARTESIAN_POINT('Ctrl Pts',(0.699999972949047,1.70283512605521,6.11840163756181));
#14929=CARTESIAN_POINT('Ctrl Pts',(0.699999931898777,1.67062488863291,6.14614772108279));
#14930=CARTESIAN_POINT('Ctrl Pts',(0.69999994536169,1.6392522286293,6.17287767120634));
#14931=CARTESIAN_POINT('Ctrl Pts',(0.699999958824592,1.60787959590557,6.19960759808705));
#14932=CARTESIAN_POINT('Ctrl Pts',(0.699999881473389,1.57734430744781,6.22532111989053));
#14933=CARTESIAN_POINT('Ctrl Pts',(0.699999848618345,1.54766391915474,6.24999966313446));
#14934=CARTESIAN_POINT('Origin',(-1.4,4.45,6.));
#14935=CARTESIAN_POINT('',(-1.4,3.475,6.));
#14936=CARTESIAN_POINT('',(0.7,3.475,6.));
#14937=CARTESIAN_POINT('',(-1.4,3.475,6.));
#14938=CARTESIAN_POINT('',(0.7,3.475,6.));
#14939=CARTESIAN_POINT('',(-1.4,3.475,6.));
#14940=CARTESIAN_POINT('Origin',(-1.4,4.45,6.));
#14941=CARTESIAN_POINT('',(0.7,-2.825,6.));
#14942=CARTESIAN_POINT('',(0.7,-0.8379461872587,6.));
#14943=CARTESIAN_POINT('',(-1.4,-2.825,6.));
#14944=CARTESIAN_POINT('',(-1.4,-2.825,6.));
#14945=CARTESIAN_POINT('',(-1.4,-0.06577380639262,6.));
#14946=CARTESIAN_POINT('Origin',(-1.4,4.45,5.5));
#14947=CARTESIAN_POINT('',(-1.4,-2.825,5.5));
#14948=CARTESIAN_POINT('',(-1.4,-2.825,5.5));
#14949=CARTESIAN_POINT('',(-1.4,3.475,5.5));
#14950=CARTESIAN_POINT('',(-1.4,3.475,5.5));
#14951=CARTESIAN_POINT('',(-1.4,3.475,5.5));
#14952=CARTESIAN_POINT('Origin',(0.7,4.45,6.));
#14953=CARTESIAN_POINT('',(0.7,-2.825,6.5));
#14954=CARTESIAN_POINT('',(0.7,-2.825,6.5));
#14955=CARTESIAN_POINT('',(0.7,-2.825,6.));
#14956=CARTESIAN_POINT('Origin',(0.7,4.45,6.));
#14957=CARTESIAN_POINT('',(0.7,3.475,6.5));
#14958=CARTESIAN_POINT('',(0.7,3.475,6.));
#14959=CARTESIAN_POINT('',(0.7,1.547664068297,6.5));
#14960=CARTESIAN_POINT('Origin',(3.8,-2.825,0.));
#14961=CARTESIAN_POINT('',(3.18,-2.825,-0.6));
#14962=CARTESIAN_POINT('',(4.,-2.825,-0.6));
#14963=CARTESIAN_POINT('',(3.18,-2.825,-0.6));
#14964=CARTESIAN_POINT('',(2.7,-2.825,0.6));
#14965=CARTESIAN_POINT('',(3.18,-2.825,-0.6));
#14966=CARTESIAN_POINT('',(2.7,-2.825,2.4));
#14967=CARTESIAN_POINT('',(2.7,-2.825,2.4));
#14968=CARTESIAN_POINT('',(-3.5,-2.825,2.4));
#14969=CARTESIAN_POINT('',(-3.5,-2.825,2.4));
#14970=CARTESIAN_POINT('',(-3.5,-2.825,4.4));
#14971=CARTESIAN_POINT('',(-2.4,-2.825,5.));
#14972=CARTESIAN_POINT('',(-2.4,-2.825,4.4));
#14973=CARTESIAN_POINT('',(-2.4,-2.825,5.));
#14974=CARTESIAN_POINT('',(4.4,-2.825,6.5));
#14975=CARTESIAN_POINT('',(0.7,-2.825,6.5));
#14976=CARTESIAN_POINT('',(4.4,-2.825,6.));
#14977=CARTESIAN_POINT('',(4.4,-2.825,6.5));
#14978=CARTESIAN_POINT('',(4.25,-2.825,6.));
#14979=CARTESIAN_POINT('',(4.25,-2.825,6.));
#14980=CARTESIAN_POINT('',(4.25,-2.825,4.470809924355));
#14981=CARTESIAN_POINT('',(4.25,-2.825,4.470809924355));
#14982=CARTESIAN_POINT('',(4.,-2.825,4.1));
#14983=CARTESIAN_POINT('Origin',(4.4,-2.825,4.1));
#14984=CARTESIAN_POINT('',(4.,-2.825,-0.6));
#14985=CARTESIAN_POINT('Origin',(4.,-3.8,-0.4));
#14986=CARTESIAN_POINT('',(4.,-3.8,0.6));
#14987=CARTESIAN_POINT('',(4.,-3.8,4.1));
#14988=CARTESIAN_POINT('',(4.,-3.8,0.6));
#14989=CARTESIAN_POINT('',(4.,-3.45,0.6));
#14990=CARTESIAN_POINT('',(4.,-3.8,0.6));
#14991=CARTESIAN_POINT('',(4.,-3.45,0.497));
#14992=CARTESIAN_POINT('',(4.,-3.45,0.6));
#14993=CARTESIAN_POINT('',(4.,-3.45,-0.6));
#14994=CARTESIAN_POINT('',(4.,-3.45,1.975));
#14995=CARTESIAN_POINT('',(4.,-3.45,-0.6));
#14996=CARTESIAN_POINT('',(4.,-2.825,4.1));
#14997=CARTESIAN_POINT('Origin',(4.4,-3.081562350184,4.1));
#14998=CARTESIAN_POINT('',(4.25,-3.8,4.470809924355));
#14999=CARTESIAN_POINT('',(4.25,-2.825,4.470809924355));
#15000=CARTESIAN_POINT('Origin',(4.4,-3.8,4.1));
#15001=CARTESIAN_POINT('Origin',(5.2,-3.8,0.));
#15002=CARTESIAN_POINT('',(4.25,-3.8,6.));
#15003=CARTESIAN_POINT('',(4.25,-3.8,6.));
#15004=CARTESIAN_POINT('',(5.2,-3.8,6.));
#15005=CARTESIAN_POINT('',(5.2,-3.8,6.));
#15006=CARTESIAN_POINT('',(5.2,-3.8,0.));
#15007=CARTESIAN_POINT('',(-3.5,-3.8,2.4));
#15008=CARTESIAN_POINT('',(-3.5,-3.8,4.4));
#15009=CARTESIAN_POINT('',(2.7,-3.8,2.4));
#15010=CARTESIAN_POINT('',(-3.5,-3.8,2.4));
#15011=CARTESIAN_POINT('',(2.7,-3.8,0.6));
#15012=CARTESIAN_POINT('',(2.7,-3.8,0.6));
#15013=CARTESIAN_POINT('',(4.,-3.8,0.6));
#15014=CARTESIAN_POINT('Origin',(0.,0.,0.6));
#15015=CARTESIAN_POINT('',(2.7,4.45,0.6));
#15016=CARTESIAN_POINT('',(4.,4.45,0.6));
#15017=CARTESIAN_POINT('',(2.7,4.45,0.6));
#15018=CARTESIAN_POINT('',(4.,4.45,0.6));
#15019=CARTESIAN_POINT('',(2.7,4.45,0.6));
#15020=CARTESIAN_POINT('Origin',(0.,0.,0.6));
#15021=CARTESIAN_POINT('',(2.7,-3.45,0.6));
#15022=CARTESIAN_POINT('',(2.7,-3.45,0.6));
#15023=CARTESIAN_POINT('',(2.7,-3.8,0.6));
#15024=CARTESIAN_POINT('Origin',(2.7,4.45,2.4));
#15025=CARTESIAN_POINT('',(2.7,3.475,2.4));
#15026=CARTESIAN_POINT('',(2.7,3.475,0.6));
#15027=CARTESIAN_POINT('',(2.7,3.475,2.4));
#15028=CARTESIAN_POINT('',(2.7,4.45,2.4));
#15029=CARTESIAN_POINT('',(2.7,4.45,2.4));
#15030=CARTESIAN_POINT('',(2.7,4.45,0.6));
#15031=CARTESIAN_POINT('',(2.7,4.1,0.6));
#15032=CARTESIAN_POINT('Origin',(3.1,4.3,-0.4));
#15033=CARTESIAN_POINT('',(3.18,3.475,-0.6));
#15034=CARTESIAN_POINT('',(3.18,3.475,-0.6));
#15035=CARTESIAN_POINT('',(3.18,4.1,-0.6));
#15036=CARTESIAN_POINT('',(2.0672413793104,4.1,2.18189655172415));
#15037=CARTESIAN_POINT('',(3.18,4.1,-0.6));
#15038=CARTESIAN_POINT('Origin',(2.7,4.45,-0.6));
#15039=CARTESIAN_POINT('',(4.,4.1,-0.6));
#15040=CARTESIAN_POINT('',(4.,3.475,-0.6));
#15041=CARTESIAN_POINT('',(4.,4.1,-0.6));
#15042=CARTESIAN_POINT('',(3.18,3.475,-0.6));
#15043=CARTESIAN_POINT('',(1.35,4.1,-0.6));
#15044=CARTESIAN_POINT('Origin',(4.,4.45,-0.4));
#15045=CARTESIAN_POINT('',(4.,3.475,4.1));
#15046=CARTESIAN_POINT('',(4.,3.475,-0.6));
#15047=CARTESIAN_POINT('',(4.,4.1,1.975));
#15048=CARTESIAN_POINT('',(4.,4.45,4.1));
#15049=CARTESIAN_POINT('',(4.,4.45,0.6));
#15050=CARTESIAN_POINT('',(4.,4.45,4.1));
#15051=CARTESIAN_POINT('Origin',(4.4,4.465754010295,4.1));
#15052=CARTESIAN_POINT('',(4.25,3.475,4.470809924355));
#15053=CARTESIAN_POINT('Origin',(4.4,3.475,4.1));
#15054=CARTESIAN_POINT('',(4.25,4.45,4.470809924355));
#15055=CARTESIAN_POINT('Origin',(4.4,4.45,4.1));
#15056=CARTESIAN_POINT('',(4.25,4.45,4.470809924355));
#15057=CARTESIAN_POINT('Origin',(4.25,4.45,4.5));
#15058=CARTESIAN_POINT('',(4.25,4.45,6.));
#15059=CARTESIAN_POINT('',(4.25,4.45,6.));
#15060=CARTESIAN_POINT('',(4.25,3.475,6.));
#15061=CARTESIAN_POINT('',(4.25,4.45,6.));
#15062=CARTESIAN_POINT('',(4.25,3.475,4.470809924355));
#15063=CARTESIAN_POINT('Origin',(3.8,3.475,0.));
#15064=CARTESIAN_POINT('',(4.4,3.475,6.));
#15065=CARTESIAN_POINT('',(4.25,3.475,6.));
#15066=CARTESIAN_POINT('',(4.4,3.475,6.5));
#15067=CARTESIAN_POINT('',(4.4,3.475,6.5));
#15068=CARTESIAN_POINT('',(0.7,3.475,6.5));
#15069=CARTESIAN_POINT('',(-2.4,3.475,5.));
#15070=CARTESIAN_POINT('',(-2.4,3.475,5.));
#15071=CARTESIAN_POINT('',(-2.4,3.475,4.4));
#15072=CARTESIAN_POINT('',(-3.5,3.475,2.4));
#15073=CARTESIAN_POINT('',(-3.5,3.475,4.4));
#15074=CARTESIAN_POINT('',(-3.5,3.475,2.4));
#15075=CARTESIAN_POINT('Origin',(-3.5,4.45,2.4));
#15076=CARTESIAN_POINT('',(-3.5,4.45,2.4));
#15077=CARTESIAN_POINT('',(-3.5,4.45,2.4));
#15078=CARTESIAN_POINT('',(-3.5,4.45,2.4));
#15079=CARTESIAN_POINT('Origin',(-5.2,4.45,0.));
#15080=CARTESIAN_POINT('',(-3.5,4.45,4.4));
#15081=CARTESIAN_POINT('',(5.2,4.45,6.));
#15082=CARTESIAN_POINT('',(5.2,4.45,0.));
#15083=CARTESIAN_POINT('',(5.2,4.45,6.));
#15084=CARTESIAN_POINT('Origin',(0.,0.,6.));
#15085=CARTESIAN_POINT('',(4.25,-3.8,6.));
#15086=CARTESIAN_POINT('',(4.4,-2.825,6.));
#15087=CARTESIAN_POINT('',(5.2,-0.84,6.));
#15088=CARTESIAN_POINT('Origin',(0.,0.,6.));
#15089=CARTESIAN_POINT('',(5.2,4.45,6.));
#15090=CARTESIAN_POINT('',(4.4,1.96,6.));
#15091=CARTESIAN_POINT('Origin',(5.2,4.45,0.));
#15092=CARTESIAN_POINT('',(5.2,-0.69,2.));
#15093=CARTESIAN_POINT('',(5.2,-0.69,3.));
#15094=CARTESIAN_POINT('',(5.2,1.81,2.));
#15095=CARTESIAN_POINT('',(5.2,1.81,2.));
#15096=CARTESIAN_POINT('',(5.2,1.81,3.));
#15097=CARTESIAN_POINT('Origin',(0.,1.81,3.));
#15098=CARTESIAN_POINT('',(-4.8,1.81,2.6));
#15099=CARTESIAN_POINT('',(-4.8,1.81,2.6));
#15100=CARTESIAN_POINT('',(-5.2,1.81,2.));
#15101=CARTESIAN_POINT('Origin',(0.,1.81,3.));
#15102=CARTESIAN_POINT('',(4.8,1.81,2.6));
#15103=CARTESIAN_POINT('',(4.8,1.81,2.6));
#15104=CARTESIAN_POINT('',(4.8,1.81,3.));
#15105=CARTESIAN_POINT('Origin',(-5.2,1.81,2.));
#15106=CARTESIAN_POINT('',(-4.8,-0.69,2.6));
#15107=CARTESIAN_POINT('',(-4.8,1.81,2.6));
#15108=CARTESIAN_POINT('',(-5.2,-0.69,2.));
#15109=CARTESIAN_POINT('Origin',(0.,-0.69,3.));
#15110=CARTESIAN_POINT('',(-4.8,-0.69,2.6));
#15111=CARTESIAN_POINT('Origin',(0.,-0.69,3.));
#15112=CARTESIAN_POINT('',(4.8,-0.69,2.6));
#15113=CARTESIAN_POINT('',(4.8,-0.69,3.));
#15114=CARTESIAN_POINT('',(4.8,-0.69,2.6));
#15115=CARTESIAN_POINT('Origin',(-4.8,1.81,2.6));
#15116=CARTESIAN_POINT('Origin',(4.8,1.81,2.6));
#15117=CARTESIAN_POINT('',(4.8,1.81,2.6));
#15118=CARTESIAN_POINT('Origin',(4.8,1.81,3.));
#15119=CARTESIAN_POINT('Origin',(4.4,-3.8,6.4));
#15120=CARTESIAN_POINT('',(4.4,-2.825,6.5));
#15121=CARTESIAN_POINT('Origin',(0.,0.,6.5));
#15122=CARTESIAN_POINT('',(4.4,3.475,6.5));
#15123=CARTESIAN_POINT('',(4.025,-0.84,6.5));
#15124=CARTESIAN_POINT('Origin',(4.025,-0.84,6.4));
#15125=CARTESIAN_POINT('',(4.025,-0.84,7.07));
#15126=CARTESIAN_POINT('Origin',(0.,0.,7.07));
#15127=CARTESIAN_POINT('Origin',(4.4,1.96,6.4));
#15128=CARTESIAN_POINT('Origin',(4.25,-3.8,4.5));
#15129=CARTESIAN_POINT('Origin',(-3.5,4.45,6.4));
#15130=CARTESIAN_POINT('Origin',(-2.4,4.45,4.4));
#15131=CARTESIAN_POINT('',(-2.4,3.475,5.));
#15132=CARTESIAN_POINT('Origin',(-2.4,4.45,5.));
#15133=CARTESIAN_POINT('Origin',(2.7,-3.8,2.4));
#15134=CARTESIAN_POINT('',(2.7,-3.8,2.4));
#15135=CARTESIAN_POINT('',(2.7,-3.45,0.6));
#15136=CARTESIAN_POINT('Origin',(3.1,-3.65,-0.4));
#15137=CARTESIAN_POINT('',(2.74120000000002,-3.45,0.497));
#15138=CARTESIAN_POINT('',(3.18,-3.45,-0.6));
#15139=CARTESIAN_POINT('',(2.0672413793104,-3.45,2.18189655172415));
#15140=CARTESIAN_POINT('',(3.18,-3.45,-0.6));
#15141=CARTESIAN_POINT('',(3.18,-3.45,-0.6));
#15142=CARTESIAN_POINT('Origin',(2.7,-3.8,-0.6));
#15143=CARTESIAN_POINT('',(1.35,-3.45,-0.6));
#15144=CARTESIAN_POINT('Origin',(2.7,-3.45,0.));
#15145=CARTESIAN_POINT('',(4.1,-3.45,0.497));
#15146=CARTESIAN_POINT('Origin',(-3.5,-3.8,2.4));
#15147=CARTESIAN_POINT('',(-3.5,-3.8,2.4));
#15148=CARTESIAN_POINT('Origin',(-3.5,-3.8,6.4));
#15149=CARTESIAN_POINT('Origin',(-2.,2.975,7.05));
#15150=CARTESIAN_POINT('',(-2.,1.05639732252645,7.21999999999992));
#15151=CARTESIAN_POINT('',(-2.,2.975,6.92));
#15152=CARTESIAN_POINT('Origin',(2.85,2.975,9.1));
#15153=CARTESIAN_POINT('',(-2.85,2.975,8.57));
#15154=CARTESIAN_POINT('',(2.85,2.975,8.57));
#15155=CARTESIAN_POINT('Origin',(2.85,2.,9.1));
#15156=CARTESIAN_POINT('',(2.85,2.,8.57));
#15157=CARTESIAN_POINT('Origin',(3.75,2.,9.1));
#15158=CARTESIAN_POINT('',(3.75,2.,8.57));
#15159=CARTESIAN_POINT('Origin',(3.75,-1.,9.1));
#15160=CARTESIAN_POINT('',(3.75,-1.,8.57));
#15161=CARTESIAN_POINT('Origin',(2.85,-1.,9.1));
#15162=CARTESIAN_POINT('Origin',(-2.85,2.975,9.1));
#15163=CARTESIAN_POINT('',(-2.85,2.,8.57));
#15164=CARTESIAN_POINT('Origin',(-2.85,2.,9.1));
#15165=CARTESIAN_POINT('',(-3.75,2.,8.57));
#15166=CARTESIAN_POINT('Origin',(-3.75,2.,9.1));
#15167=CARTESIAN_POINT('',(-3.75,-1.,8.57));
#15168=CARTESIAN_POINT('Origin',(-3.75,-1.,9.1));
#15169=CARTESIAN_POINT('Origin',(-4.325,5.5,7.3));
#15170=CARTESIAN_POINT('',(-5.5,1.96,7.3));
#15171=CARTESIAN_POINT('',(-6.,4.45,7.3));
#15172=CARTESIAN_POINT('Origin',(-6.,5.5,0.));
#15173=CARTESIAN_POINT('',(-6.,5.5,1.6));
#15174=CARTESIAN_POINT('',(-6.,5.5,0.));
#15175=CARTESIAN_POINT('',(-6.,-5.5,12.));
#15176=CARTESIAN_POINT('',(-6.,-5.5,0.));
#15177=CARTESIAN_POINT('',(-6.,-4.25,12.));
#15178=CARTESIAN_POINT('',(-6.,5.5,12.));
#15179=CARTESIAN_POINT('',(-6.,5.5,12.));
#15180=CARTESIAN_POINT('',(-6.,5.5,12.));
#15181=CARTESIAN_POINT('Origin',(6.,5.5,0.));
#15182=CARTESIAN_POINT('',(3.8,5.5,1.6));
#15183=CARTESIAN_POINT('',(6.,5.5,1.6));
#15184=CARTESIAN_POINT('',(3.8,5.5,1.6));
#15185=CARTESIAN_POINT('',(-3.8,5.5,7.5));
#15186=CARTESIAN_POINT('Origin',(-2.8,5.5,7.5));
#15187=CARTESIAN_POINT('',(-3.8,5.5,1.6));
#15188=CARTESIAN_POINT('',(-3.8,5.5,1.6));
#15189=CARTESIAN_POINT('',(-3.8,5.5,1.6));
#15190=CARTESIAN_POINT('',(6.,5.5,12.));
#15191=CARTESIAN_POINT('Origin',(0.,0.,12.));
#15192=CARTESIAN_POINT('Origin',(0.,0.,12.));
#15193=CARTESIAN_POINT('',(-6.,-5.5,12.));
#15194=CARTESIAN_POINT('Origin',(0.,0.,12.));
#15195=CARTESIAN_POINT('',(3.045379712512,-5.5,12.));
#15196=CARTESIAN_POINT('Origin',(0.,0.,1.6));
#15197=CARTESIAN_POINT('',(3.8,5.5,1.6));
#15198=CARTESIAN_POINT('Origin',(0.,0.,1.6));
#15199=CARTESIAN_POINT('',(-3.8,12.5,1.6));
#15200=CARTESIAN_POINT('',(-3.8,12.5,1.6));
#15201=CARTESIAN_POINT('',(-3.8,12.5,1.6));
#15202=CARTESIAN_POINT('Origin',(3.8,5.5,0.));
#15203=CARTESIAN_POINT('Origin',(-3.8,12.5,0.));
#15204=CARTESIAN_POINT('',(-3.8,12.5,0.));
#15205=CARTESIAN_POINT('Origin',(-2.8,12.5,8.51660934752));
#15206=CARTESIAN_POINT('',(-3.8,12.5,7.5));
#15207=CARTESIAN_POINT('',(-3.8,12.5,7.5));
#15208=CARTESIAN_POINT('',(-2.8,13.5,7.5));
#15209=CARTESIAN_POINT('Origin',(-2.8,12.5,7.5));
#15210=CARTESIAN_POINT('',(-2.8,13.5,7.5));
#15211=CARTESIAN_POINT('Origin',(3.8,13.5,0.));
#15212=CARTESIAN_POINT('',(2.8,13.5,7.5));
#15213=CARTESIAN_POINT('Origin',(3.815693540705,12.5,7.5));
#15214=CARTESIAN_POINT('Origin',(-2.8,12.5,7.5));
#15215=CARTESIAN_POINT('Origin',(-2.8,12.5,7.5));
#15216=CARTESIAN_POINT('Origin',(-2.8,12.5,7.5));
#15217=CARTESIAN_POINT('Origin',(-2.8,13.51632148613,7.5));
#15218=CARTESIAN_POINT('',(-3.8,12.5,7.5));
#15219=CARTESIAN_POINT('Origin',(-3.8,13.5,0.));
#15220=CARTESIAN_POINT('Origin',(-5.5,1.96,12.));
#15221=CARTESIAN_POINT('Origin',(-2.19,-3.45,8.6));
#15222=CARTESIAN_POINT('',(-2.19,-3.95,8.47));
#15223=CARTESIAN_POINT('Origin',(-2.19,-3.95,8.97));
#15224=CARTESIAN_POINT('',(-1.75,-3.95,8.97));
#15225=CARTESIAN_POINT('Origin',(-1.75,-3.95,8.97));
#15226=CARTESIAN_POINT('',(-1.75,-3.45,8.47));
#15227=CARTESIAN_POINT('Origin',(-0.35,-3.45,8.6));
#15228=CARTESIAN_POINT('',(-0.35,-3.45,8.47));
#15229=CARTESIAN_POINT('Origin',(-0.35,-4.25,8.6));
#15230=CARTESIAN_POINT('Origin',(-5.2,-1.44,4.4));
#15231=CARTESIAN_POINT('',(-4.4,-1.44,5.9));
#15232=CARTESIAN_POINT('',(-4.4,-1.44,4.4));
#15233=CARTESIAN_POINT('',(-5.2,-1.44,5.9));
#15234=CARTESIAN_POINT('Origin',(0.,4.45,5.9));
#15235=CARTESIAN_POINT('',(-4.4,3.85,5.9));
#15236=CARTESIAN_POINT('',(-5.2,3.85,5.9));
#15237=CARTESIAN_POINT('',(-4.4,2.56,5.9));
#15238=CARTESIAN_POINT('',(-4.4,3.85,5.9));
#15239=CARTESIAN_POINT('',(-4.4,2.56,5.9));
#15240=CARTESIAN_POINT('Origin',(0.,4.45,5.9));
#15241=CARTESIAN_POINT('',(-4.4,-3.2,5.9));
#15242=CARTESIAN_POINT('',(-4.4,-3.2,5.9));
#15243=CARTESIAN_POINT('',(-4.4,-1.44,5.9));
#15244=CARTESIAN_POINT('Origin',(-4.4,2.56,4.4));
#15245=CARTESIAN_POINT('',(-4.4,2.56,4.4));
#15246=CARTESIAN_POINT('Origin',(-4.4,3.85,4.4));
#15247=CARTESIAN_POINT('',(-4.4,3.85,4.4));
#15248=CARTESIAN_POINT('Origin',(-5.2,3.85,4.4));
#15249=CARTESIAN_POINT('Origin',(-4.4,-1.44,4.4));
#15250=CARTESIAN_POINT('',(-4.4,-3.2,4.4));
#15251=CARTESIAN_POINT('Origin',(-4.4,-3.2,4.4));
#15252=CARTESIAN_POINT('Origin',(-6.,-5.5,0.));
#15253=CARTESIAN_POINT('Origin',(0.,4.1,4.35));
#15254=CARTESIAN_POINT('',(2.633496703857,4.1,0.497));
#15255=CARTESIAN_POINT('',(4.1,4.1,0.497));
#15256=CARTESIAN_POINT('',(2.95,4.1,-0.2942582403567));
#15257=CARTESIAN_POINT('',(2.633496703857,4.1,0.497));
#15258=CARTESIAN_POINT('',(2.95,4.1,-1.653));
#15259=CARTESIAN_POINT('',(2.95,4.1,-0.2942582403567));
#15260=CARTESIAN_POINT('',(3.6,4.1,-1.653));
#15261=CARTESIAN_POINT('',(2.95,4.1,-1.653));
#15262=CARTESIAN_POINT('',(4.1,4.1,-1.153));
#15263=CARTESIAN_POINT('Origin',(3.6,4.1,-1.153));
#15264=CARTESIAN_POINT('',(4.1,4.1,0.497));
#15265=CARTESIAN_POINT('',(4.1,4.1,-1.153));
#15266=CARTESIAN_POINT('',(4.1,4.1,0.497));
#15267=CARTESIAN_POINT('Origin',(3.5,-0.675,-0.653));
#15268=CARTESIAN_POINT('',(3.5,-0.850000000000001,-0.859833456765655));
#15269=CARTESIAN_POINT('',(3.5,-0.850000000000001,-0.853));
#15270=CARTESIAN_POINT('',(3.5,-0.850000000000001,-0.303));
#15271=CARTESIAN_POINT('',(3.5,-2.075,-0.859833456765655));
#15272=CARTESIAN_POINT('',(3.5,2.725,-0.859833456765655));
#15273=CARTESIAN_POINT('',(3.5,-2.075,-0.853));
#15274=CARTESIAN_POINT('',(3.5,-2.075,-0.6041709380375));
#15275=CARTESIAN_POINT('',(3.5,-2.175,-0.853));
#15276=CARTESIAN_POINT('',(3.5,-2.175,-0.853));
#15277=CARTESIAN_POINT('',(3.5,-2.175,-1.153));
#15278=CARTESIAN_POINT('',(3.5,-2.175,-0.853));
#15279=CARTESIAN_POINT('',(3.5,-0.675,-1.153));
#15280=CARTESIAN_POINT('',(3.5,-0.675,-1.153));
#15281=CARTESIAN_POINT('',(3.5,-0.675,-0.853));
#15282=CARTESIAN_POINT('',(3.5,-0.675,-0.853));
#15283=CARTESIAN_POINT('',(3.5,-2.175,-0.853));
#15284=CARTESIAN_POINT('Origin',(3.2,1.29532401931,-0.853));
#15285=CARTESIAN_POINT('',(3.46182444112413,1.5,-0.706548772521239));
#15286=CARTESIAN_POINT('',(3.5,1.5,-0.853));
#15287=CARTESIAN_POINT('Origin',(3.2,1.5,-0.853));
#15288=CARTESIAN_POINT('',(3.46182444112413,2.725,-0.706548772521239));
#15289=CARTESIAN_POINT('',(3.46182444112413,1.29532401931,-0.706548772521239));
#15290=CARTESIAN_POINT('',(3.5,2.725,-0.853));
#15291=CARTESIAN_POINT('Origin',(3.2,2.725,-0.853));
#15292=CARTESIAN_POINT('',(3.5,2.825,-0.853));
#15293=CARTESIAN_POINT('',(3.5,1.325,-0.853));
#15294=CARTESIAN_POINT('',(3.42360679775,2.825,-0.653));
#15295=CARTESIAN_POINT('Origin',(3.2,2.825,-0.853));
#15296=CARTESIAN_POINT('',(3.2,2.825,-0.553));
#15297=CARTESIAN_POINT('Origin',(3.2,2.825,-0.853));
#15298=CARTESIAN_POINT('',(3.2,1.325,-0.553));
#15299=CARTESIAN_POINT('',(3.2,1.325,-0.553));
#15300=CARTESIAN_POINT('',(3.42360679775,1.325,-0.653));
#15301=CARTESIAN_POINT('Origin',(3.2,1.325,-0.853));
#15302=CARTESIAN_POINT('',(3.5,1.325,-0.853));
#15303=CARTESIAN_POINT('Origin',(3.2,1.325,-0.853));
#15304=CARTESIAN_POINT('',(3.5,1.325,-0.853));
#15305=CARTESIAN_POINT('Origin',(-2.7,-3.225,-1.653));
#15306=CARTESIAN_POINT('',(-2.7,1.075,-1.653));
#15307=CARTESIAN_POINT('',(-2.7,-0.425,-1.653));
#15308=CARTESIAN_POINT('Origin',(-2.7,0.325,-1.82175));
#15309=CARTESIAN_POINT('',(-2.7,1.075,-1.653));
#15310=CARTESIAN_POINT('Origin',(11.45,0.325,-1.82175));
#15311=CARTESIAN_POINT('',(-2.7,-0.425,-1.653));
#15312=CARTESIAN_POINT('',(-2.7,1.075,-1.653));
#15313=CARTESIAN_POINT('Ctrl Pts',(4.,-0.0541438406096393,-1.15300003878297));
#15314=CARTESIAN_POINT('Ctrl Pts',(4.00000000145207,-0.0211239363497794,
-1.13427959909149));
#15315=CARTESIAN_POINT('Ctrl Pts',(3.99895309121922,0.0136318421074758,
-1.11783418820602));
#15316=CARTESIAN_POINT('Ctrl Pts',(3.99423295178122,0.138689333227782,-1.06981562986966));
#15317=CARTESIAN_POINT('Ctrl Pts',(3.98989794855664,0.234894493553421,-1.053));
#15318=CARTESIAN_POINT('Ctrl Pts',(3.98989794855664,0.41510550644658,-1.053));
#15319=CARTESIAN_POINT('Ctrl Pts',(3.99423295178122,0.511310666772218,-1.06981562986966));
#15320=CARTESIAN_POINT('Ctrl Pts',(3.99895309121922,0.636368157892524,-1.11783418820602));
#15321=CARTESIAN_POINT('Ctrl Pts',(4.00000000145207,0.67112393634978,-1.13427959909149));
#15322=CARTESIAN_POINT('Ctrl Pts',(4.,0.704143840609639,-1.15300003878297));
#15323=CARTESIAN_POINT('Origin',(-0.1,4.05,4.2));
#15324=CARTESIAN_POINT('Origin',(-0.1,0.,-1.203));
#15325=CARTESIAN_POINT('',(-3.4,-0.2994997998398,-1.203));
#15326=CARTESIAN_POINT('',(-3.4,0.9494997998398,-1.203));
#15327=CARTESIAN_POINT('Origin',(-2.9,0.325,-1.203));
#15328=CARTESIAN_POINT('',(-3.4,0.9494997998398,-1.203));
#15329=CARTESIAN_POINT('Origin',(-2.9,0.325,-1.653));
#15330=CARTESIAN_POINT('',(-3.4,0.9494997998398,-1.653));
#15331=CARTESIAN_POINT('',(-3.4,0.9494997998398,-1.203));
#15332=CARTESIAN_POINT('',(-3.4,-0.2994997998398,-1.653));
#15333=CARTESIAN_POINT('Origin',(-2.9,0.325,-1.653));
#15334=CARTESIAN_POINT('',(-3.4,-0.2994997998398,-1.203));
#15335=CARTESIAN_POINT('Origin',(-3.4,4.505217003333,-1.653));
#15336=CARTESIAN_POINT('',(-3.4,3.425,-0.653));
#15337=CARTESIAN_POINT('',(-3.4,-1.975,-0.653));
#15338=CARTESIAN_POINT('',(-3.4,3.425,-0.653));
#15339=CARTESIAN_POINT('',(-3.4,3.425,-1.653));
#15340=CARTESIAN_POINT('',(-3.4,3.425,-0.653));
#15341=CARTESIAN_POINT('',(-3.4,1.19102540378444,-1.653));
#15342=CARTESIAN_POINT('',(-3.4,-0.3973914983335,-1.653));
#15343=CARTESIAN_POINT('',(-3.4,3.425,-1.653));
#15344=CARTESIAN_POINT('',(-3.4,-0.541025403784439,-1.653));
#15345=CARTESIAN_POINT('',(-3.4,-0.2994997998398,-1.653));
#15346=CARTESIAN_POINT('',(-3.4,-1.975,-1.653));
#15347=CARTESIAN_POINT('',(-3.4,-0.3973914983335,-1.653));
#15348=CARTESIAN_POINT('',(-3.4,-1.975,-0.653));
#15349=CARTESIAN_POINT('Origin',(-3.75,3.425,-1.653));
#15350=CARTESIAN_POINT('',(-3.4,3.425,-0.653));
#15351=CARTESIAN_POINT('',(3.15,3.425,-1.653));
#15352=CARTESIAN_POINT('',(-1.875,3.425,-1.653));
#15353=CARTESIAN_POINT('',(-3.15,3.425,-1.653));
#15354=CARTESIAN_POINT('',(-3.4,3.425,-1.653));
#15355=CARTESIAN_POINT('',(-1.875,3.425,-1.653));
#15356=CARTESIAN_POINT('Origin',(4.,-2.775,-1.653));
#15357=CARTESIAN_POINT('',(2.2,-2.775,-1.653));
#15358=CARTESIAN_POINT('',(2.,-2.775,-1.653));
#15359=CARTESIAN_POINT('',(-2.6,-2.775,-0.653));
#15360=CARTESIAN_POINT('',(3.5,-2.775,-0.653));
#15361=CARTESIAN_POINT('',(-2.6,-2.775,-1.653));
#15362=CARTESIAN_POINT('',(-2.6,-2.775,-0.653));
#15363=CARTESIAN_POINT('',(-2.2,-2.775,-1.653));
#15364=CARTESIAN_POINT('',(2.,-2.775,-1.653));
#15365=CARTESIAN_POINT('',(3.5,-2.775,-1.653));
#15366=CARTESIAN_POINT('Origin',(-0.1,-3.4,-0.15));
#15367=CARTESIAN_POINT('Origin',(3.5,-3.4,-1.153));
#15368=CARTESIAN_POINT('',(3.5,1.325,-0.653));
#15369=CARTESIAN_POINT('Origin',(3.5,1.325,-1.153));
#15370=CARTESIAN_POINT('',(3.5,-0.675,-0.653));
#15371=CARTESIAN_POINT('',(3.5,-0.675,-0.653));
#15372=CARTESIAN_POINT('Origin',(3.5,-0.675,-1.153));
#15373=CARTESIAN_POINT('Origin',(4.45,2.825,-1.653));
#15374=CARTESIAN_POINT('',(3.5,2.825,-1.153));
#15375=CARTESIAN_POINT('',(3.5,2.825,-1.153));
#15376=CARTESIAN_POINT('',(3.5,2.825,-0.653));
#15377=CARTESIAN_POINT('',(3.5,2.825,-0.853));
#15378=CARTESIAN_POINT('Origin',(3.5,-0.675,-0.653));
#15379=CARTESIAN_POINT('',(3.42360679775,-0.675,-0.653));
#15380=CARTESIAN_POINT('',(2.8,-0.675,-0.653));
#15381=CARTESIAN_POINT('',(3.42360679775,-0.675,-0.653));
#15382=CARTESIAN_POINT('',(2.8,-0.675,-0.553));
#15383=CARTESIAN_POINT('',(2.8,-0.675,-0.653));
#15384=CARTESIAN_POINT('',(3.2,-0.675,-0.553));
#15385=CARTESIAN_POINT('',(3.2,-0.675,-0.553));
#15386=CARTESIAN_POINT('Origin',(3.2,-0.675,-0.853));
#15387=CARTESIAN_POINT('Origin',(2.8,-0.675,-0.653));
#15388=CARTESIAN_POINT('',(2.8,-2.175,-0.653));
#15389=CARTESIAN_POINT('',(2.8,-2.175,-0.553));
#15390=CARTESIAN_POINT('',(2.8,-2.175,-0.653));
#15391=CARTESIAN_POINT('',(2.8,-0.675,-0.553));
#15392=CARTESIAN_POINT('',(2.8,-0.675,-0.653));
#15393=CARTESIAN_POINT('Origin',(2.8,-2.175,-0.653));
#15394=CARTESIAN_POINT('',(3.2,-2.175,-0.553));
#15395=CARTESIAN_POINT('',(2.8,-2.175,-0.553));
#15396=CARTESIAN_POINT('',(3.42360679775,-2.175,-0.653));
#15397=CARTESIAN_POINT('',(3.42360679775,-2.175,-0.653));
#15398=CARTESIAN_POINT('Origin',(3.2,-2.175,-0.853));
#15399=CARTESIAN_POINT('Origin',(4.45,-2.175,-1.653));
#15400=CARTESIAN_POINT('',(3.5,-2.175,-1.153));
#15401=CARTESIAN_POINT('Origin',(3.2,-2.175,-0.853));
#15402=CARTESIAN_POINT('',(3.42360679775,-2.175,-0.653));
#15403=CARTESIAN_POINT('Origin',(3.5,-0.675,-1.153));
#15404=CARTESIAN_POINT('',(3.5,-0.675,-1.153));
#15405=CARTESIAN_POINT('Origin',(4.45,-0.675,-1.653));
#15406=CARTESIAN_POINT('',(3.5,-0.675,-0.653));
#15407=CARTESIAN_POINT('Origin',(3.2,-0.675,-0.853));
#15408=CARTESIAN_POINT('Origin',(3.2,-2.192190900325,-0.853));
#15409=CARTESIAN_POINT('',(3.46182444112413,-0.850000000000001,-0.706548772521239));
#15410=CARTESIAN_POINT('Origin',(3.2,-0.850000000000001,-0.853));
#15411=CARTESIAN_POINT('',(3.2,-2.175,-0.553));
#15412=CARTESIAN_POINT('',(3.46182444112413,-2.075,-0.706548772521239));
#15413=CARTESIAN_POINT('Origin',(3.2,-2.075,-0.853));
#15414=CARTESIAN_POINT('',(3.46182444112413,-2.192190900325,-0.706548772521239));
#15415=CARTESIAN_POINT('Origin',(-0.1,0.,-0.553));
#15416=CARTESIAN_POINT('Origin',(-0.1,0.,-0.553));
#15417=CARTESIAN_POINT('',(2.8,2.825,-0.553));
#15418=CARTESIAN_POINT('',(3.2,2.825,-0.553));
#15419=CARTESIAN_POINT('',(2.8,1.325,-0.553));
#15420=CARTESIAN_POINT('',(2.8,2.825,-0.553));
#15421=CARTESIAN_POINT('',(2.8,1.325,-0.553));
#15422=CARTESIAN_POINT('Origin',(3.5,2.825,-0.653));
#15423=CARTESIAN_POINT('',(2.8,2.825,-0.653));
#15424=CARTESIAN_POINT('',(3.42360679775,2.825,-0.653));
#15425=CARTESIAN_POINT('',(2.8,2.825,-0.653));
#15426=CARTESIAN_POINT('Origin',(2.8,2.825,-0.653));
#15427=CARTESIAN_POINT('',(2.8,1.325,-0.653));
#15428=CARTESIAN_POINT('',(2.8,1.325,-0.653));
#15429=CARTESIAN_POINT('',(2.8,2.825,-0.653));
#15430=CARTESIAN_POINT('Origin',(2.8,1.325,-0.653));
#15431=CARTESIAN_POINT('',(3.42360679775,1.325,-0.653));
#15432=CARTESIAN_POINT('Origin',(3.5,1.325,-0.653));
#15433=CARTESIAN_POINT('',(3.5,1.5,-0.859833456765655));
#15434=CARTESIAN_POINT('',(3.5,1.5,-2.032950156665));
#15435=CARTESIAN_POINT('',(3.5,1.325,-1.153));
#15436=CARTESIAN_POINT('',(3.5,1.325,-0.853));
#15437=CARTESIAN_POINT('',(3.5,1.325,-1.153));
#15438=CARTESIAN_POINT('',(3.5,2.725,-0.859833456765655));
#15439=CARTESIAN_POINT('',(3.5,2.725,2.622));
#15440=CARTESIAN_POINT('',(3.5,2.725,-0.859833456765655));
#15441=CARTESIAN_POINT('Origin',(3.5,1.325,-1.153));
#15442=CARTESIAN_POINT('',(3.5,1.325,-1.153));
#15443=CARTESIAN_POINT('Origin',(4.45,1.325,-1.653));
#15444=CARTESIAN_POINT('',(3.42360679775,1.325,-0.653));
#15445=CARTESIAN_POINT('Origin',(4.45,-3.225,-0.653));
#15446=CARTESIAN_POINT('',(-3.4,-1.975,-0.653));
#15447=CARTESIAN_POINT('Origin',(-3.4,-1.975,-1.653));
#15448=CARTESIAN_POINT('',(-1.71875,-3.65625,-1.653));
#15449=CARTESIAN_POINT('Origin',(4.45,-3.225,-1.653));
#15450=CARTESIAN_POINT('',(-3.15,1.293245836552,-1.653));
#15451=CARTESIAN_POINT('',(-3.15,3.475,-1.653));
#15452=CARTESIAN_POINT('',(3.15,1.293245836552,-1.653));
#15453=CARTESIAN_POINT('',(3.15,1.293245836552,-1.653));
#15454=CARTESIAN_POINT('Origin',(2.9,0.325,-1.653));
#15455=CARTESIAN_POINT('',(3.15,-0.6432458365519,-1.653));
#15456=CARTESIAN_POINT('Origin',(2.9,0.325,-1.653));
#15457=CARTESIAN_POINT('',(3.15,-1.825,-1.653));
#15458=CARTESIAN_POINT('',(3.15,-1.825,-1.653));
#15459=CARTESIAN_POINT('',(2.15,-2.825,-1.653));
#15460=CARTESIAN_POINT('',(-3.15,-1.825,-1.653));
#15461=CARTESIAN_POINT('',(-3.15,-1.825,-1.653));
#15462=CARTESIAN_POINT('',(-3.15,-0.6432458365519,-1.653));
#15463=CARTESIAN_POINT('',(-3.15,-0.6432458365519,-1.653));
#15464=CARTESIAN_POINT('Origin',(-2.9,0.325,-1.653));
#15465=CARTESIAN_POINT('Origin',(-2.9,0.325,-1.653));
#15466=CARTESIAN_POINT('Origin',(0.,-5.3,-1.653));
#15467=CARTESIAN_POINT('',(3.5,-3.4,-1.653));
#15468=CARTESIAN_POINT('',(2.15,-2.825,-1.653));
#15469=CARTESIAN_POINT('',(2.15,-2.825,-1.653));
#15470=CARTESIAN_POINT('',(2.95,-2.825,-1.653));
#15471=CARTESIAN_POINT('',(2.15,-2.825,-1.653));
#15472=CARTESIAN_POINT('',(2.95,-3.45,-1.653));
#15473=CARTESIAN_POINT('',(2.95,-2.825,-1.653));
#15474=CARTESIAN_POINT('',(3.6,-3.45,-1.653));
#15475=CARTESIAN_POINT('',(3.6,-3.45,-1.653));
#15476=CARTESIAN_POINT('',(3.6,-0.3891428428543,-1.653));
#15477=CARTESIAN_POINT('',(3.6,-0.3891428428543,-1.653));
#15478=CARTESIAN_POINT('Origin',(2.9,0.325,-1.653));
#15479=CARTESIAN_POINT('Origin',(3.96,2.725,-0.663874277343));
#15480=CARTESIAN_POINT('',(3.78,-0.850000000000001,-1.13035042893));
#15481=CARTESIAN_POINT('Origin',(3.96,-0.850000000000001,-0.663874277343));
#15482=CARTESIAN_POINT('',(3.78,-2.075,-1.13035042893));
#15483=CARTESIAN_POINT('',(3.78,-0.850000000000001,-1.13035042893));
#15484=CARTESIAN_POINT('Origin',(3.96,-2.075,-0.663874277343));
#15485=CARTESIAN_POINT('Origin',(3.96,2.725,-0.663874277343));
#15486=CARTESIAN_POINT('',(3.475021503062,-2.075,-0.542236053467));
#15487=CARTESIAN_POINT('Origin',(3.96,-2.075,-0.663874277343));
#15488=CARTESIAN_POINT('',(3.475021503062,-0.850000000000001,-0.542236053467));
#15489=CARTESIAN_POINT('',(3.475021503062,-0.850000000000001,-0.542236053467));
#15490=CARTESIAN_POINT('Origin',(3.96,-0.850000000000001,-0.663874277343));
#15491=CARTESIAN_POINT('Origin',(4.3,-2.075,-0.555341876074999));
#15492=CARTESIAN_POINT('',(3.860080841353,-2.075,-0.976843782198999));
#15493=CARTESIAN_POINT('',(3.78,-2.075,-1.13035042893));
#15494=CARTESIAN_POINT('',(3.682017202449,-2.075,-0.539042458976));
#15495=CARTESIAN_POINT('Origin',(4.07,-2.075,-0.636353038076));
#15496=CARTESIAN_POINT('',(4.3,-2.075,1.924890001894));
#15497=CARTESIAN_POINT('',(3.682017202449,-2.075,-0.539042458976));
#15498=CARTESIAN_POINT('',(4.3,-2.075,2.808746639269));
#15499=CARTESIAN_POINT('',(4.3,-2.075,2.808746639269));
#15500=CARTESIAN_POINT('',(4.2849784969381,-2.075,2.687108415393));
#15501=CARTESIAN_POINT('Origin',(3.8,-2.075,2.808746639269));
#15502=CARTESIAN_POINT('',(4.2849784969381,-2.075,2.687108415393));
#15503=CARTESIAN_POINT('Origin',(3.96,2.725,-0.663874277343));
#15504=CARTESIAN_POINT('',(3.475021503062,1.5,-0.542236053467));
#15505=CARTESIAN_POINT('Origin',(3.96,1.5,-0.663874277343));
#15506=CARTESIAN_POINT('',(3.475021503062,2.725,-0.542236053467));
#15507=CARTESIAN_POINT('',(3.475021503062,2.725,-0.542236053467));
#15508=CARTESIAN_POINT('Origin',(3.96,2.725,-0.663874277343));
#15509=CARTESIAN_POINT('Origin',(3.96,2.725,-0.663874277343));
#15510=CARTESIAN_POINT('',(3.78,2.725,-1.13035042893));
#15511=CARTESIAN_POINT('Origin',(3.96,2.725,-0.663874277343));
#15512=CARTESIAN_POINT('',(3.78,1.5,-1.13035042893));
#15513=CARTESIAN_POINT('',(3.78,2.725,-1.13035042893));
#15514=CARTESIAN_POINT('Origin',(3.96,1.5,-0.663874277343));
#15515=CARTESIAN_POINT('Origin',(4.3,2.725,5.897));
#15516=CARTESIAN_POINT('',(4.2849784969381,2.725,2.687108415393));
#15517=CARTESIAN_POINT('',(4.2849784969381,2.725,2.687108415393));
#15518=CARTESIAN_POINT('',(4.3,2.725,2.808746639269));
#15519=CARTESIAN_POINT('Origin',(3.8,2.725,2.808746639269));
#15520=CARTESIAN_POINT('',(4.3,2.725,1.924890001894));
#15521=CARTESIAN_POINT('',(4.3,2.725,1.924890001894));
#15522=CARTESIAN_POINT('',(3.682017202449,2.725,-0.539042458976));
#15523=CARTESIAN_POINT('',(3.682017202449,2.725,-0.539042458976));
#15524=CARTESIAN_POINT('',(3.860080841353,2.725,-0.976843782198999));
#15525=CARTESIAN_POINT('Origin',(4.07,2.725,-0.636353038076));
#15526=CARTESIAN_POINT('',(3.78,2.725,-1.13035042893));
#15527=CARTESIAN_POINT('Origin',(4.5131234145221,2.925,0.647));
#15528=CARTESIAN_POINT('',(4.5,2.925,0.447));
#15529=CARTESIAN_POINT('',(4.3,2.925,0.447));
#15530=CARTESIAN_POINT('',(4.5,2.925,0.447));
#15531=CARTESIAN_POINT('',(4.5,2.725,0.647));
#15532=CARTESIAN_POINT('Origin',(4.5,2.925,0.647));
#15533=CARTESIAN_POINT('',(4.3,2.725,0.647));
#15534=CARTESIAN_POINT('',(4.5,2.725,0.647));
#15535=CARTESIAN_POINT('Origin',(4.3,2.925,0.647));
#15536=CARTESIAN_POINT('Origin',(4.3,2.725,2.747));
#15537=CARTESIAN_POINT('',(4.3,2.725,0.647));
#15538=CARTESIAN_POINT('',(4.5,2.725,2.784047983561));
#15539=CARTESIAN_POINT('',(4.5,2.725,2.784047983561));
#15540=CARTESIAN_POINT('',(4.4849784969381,2.725,2.662409759686));
#15541=CARTESIAN_POINT('Origin',(4.,2.725,2.784047983561));
#15542=CARTESIAN_POINT('',(4.3,2.725,1.924890001894));
#15543=CARTESIAN_POINT('Origin',(4.07,2.725,-0.636353038076));
#15544=CARTESIAN_POINT('',(3.860080841353,1.5,-0.976843782198999));
#15545=CARTESIAN_POINT('',(3.860080841353,2.725,-0.976843782198999));
#15546=CARTESIAN_POINT('',(3.682017202449,1.5,-0.539042458976));
#15547=CARTESIAN_POINT('',(3.682017202449,2.725,-0.539042458976));
#15548=CARTESIAN_POINT('Origin',(4.07,1.5,-0.636353038076));
#15549=CARTESIAN_POINT('Origin',(4.07,2.725,-0.636353038076));
#15550=CARTESIAN_POINT('',(3.682017202449,-0.850000000000001,-0.539042458976));
#15551=CARTESIAN_POINT('',(3.682017202449,-0.850000000000001,-0.539042458976));
#15552=CARTESIAN_POINT('',(3.860080841353,-0.850000000000001,-0.976843782198999));
#15553=CARTESIAN_POINT('',(3.860080841353,-0.850000000000001,-0.976843782198999));
#15554=CARTESIAN_POINT('Origin',(4.07,-0.850000000000001,-0.636353038076));
#15555=CARTESIAN_POINT('Origin',(3.78,2.725,-1.13035042893));
#15556=CARTESIAN_POINT('',(3.78,1.5,-1.13035042893));
#15557=CARTESIAN_POINT('Origin',(3.78,2.725,-1.13035042893));
#15558=CARTESIAN_POINT('',(3.78,-0.850000000000001,-1.13035042893));
#15559=CARTESIAN_POINT('Origin',(3.8,-3.050407089892,2.808746639269));
#15560=CARTESIAN_POINT('',(4.2849784969381,-2.075,2.687108415393));
#15561=CARTESIAN_POINT('',(4.3,-2.075,2.808746639269));
#15562=CARTESIAN_POINT('Origin',(4.3,2.725,2.747));
#15563=CARTESIAN_POINT('',(3.622808729588,-0.65,0.047000000000001));
#15564=CARTESIAN_POINT('',(3.572646413261,-0.850000000000001,-0.152999999999999));
#15565=CARTESIAN_POINT('Origin',(3.57264641326103,-0.65,-0.152999999999999));
#15566=CARTESIAN_POINT('',(3.475021503062,-0.850000000000001,-0.542236053467));
#15567=CARTESIAN_POINT('',(3.572646413261,1.5,-0.152999999999999));
#15568=CARTESIAN_POINT('',(3.475021503062,1.5,-0.542236053467));
#15569=CARTESIAN_POINT('',(3.622808729588,1.3,0.047000000000001));
#15570=CARTESIAN_POINT('Origin',(3.57264641326103,1.3,-0.152999999999999));
#15571=CARTESIAN_POINT('',(3.622808729588,1.3,0.047000000000001));
#15572=CARTESIAN_POINT('Origin',(4.5,-0.850000000000001,0.047000000000001));
#15573=CARTESIAN_POINT('',(3.778841122163,-0.850000000000001,-0.152999999999999));
#15574=CARTESIAN_POINT('',(3.778841122163,-0.850000000000001,-0.152999999999999));
#15575=CARTESIAN_POINT('',(3.682017202449,-0.850000000000001,-0.539042458976));
#15576=CARTESIAN_POINT('Origin',(3.876082305571,-0.65,-0.152999999999999));
#15577=CARTESIAN_POINT('',(3.82900343849,-0.65,0.047000000000001));
#15578=CARTESIAN_POINT('',(3.82900343849,-0.65,0.047000000000001));
#15579=CARTESIAN_POINT('Origin',(3.7788411221627,-0.65,-0.152999999999999));
#15580=CARTESIAN_POINT('Origin',(4.5,1.5,0.047000000000001));
#15581=CARTESIAN_POINT('',(3.82900343849,1.3,0.047000000000001));
#15582=CARTESIAN_POINT('',(3.82900343849,1.3,0.047000000000001));
#15583=CARTESIAN_POINT('',(3.82900343849,1.3,0.047000000000001));
#15584=CARTESIAN_POINT('Origin',(3.883163421403,1.3,-0.152999999999999));
#15585=CARTESIAN_POINT('',(3.778841122163,1.5,-0.152999999999999));
#15586=CARTESIAN_POINT('',(3.778841122163,1.5,-0.152999999999999));
#15587=CARTESIAN_POINT('Origin',(3.7788411221627,1.3,-0.152999999999999));
#15588=CARTESIAN_POINT('Origin',(4.5,1.5,-3.41290031333));
#15589=CARTESIAN_POINT('',(3.682017202449,1.5,-0.539042458976));
#15590=CARTESIAN_POINT('Origin',(3.682017202449,2.725,-0.539042458976));
#15591=CARTESIAN_POINT('',(4.4849784969381,-2.075,2.662409759686));
#15592=CARTESIAN_POINT('',(4.4849784969381,-2.075,2.662409759686));
#15593=CARTESIAN_POINT('',(4.3,-2.075,1.924890001894));
#15594=CARTESIAN_POINT('Origin',(4.,-3.050407089892,2.784047983561));
#15595=CARTESIAN_POINT('',(4.5,-2.075,2.784047983561));
#15596=CARTESIAN_POINT('',(4.5,-2.075,2.784047983561));
#15597=CARTESIAN_POINT('Origin',(4.,-2.075,2.784047983561));
#15598=CARTESIAN_POINT('Origin',(4.3,-2.075,-0.555341876074999));
#15599=CARTESIAN_POINT('',(4.3,-2.075,0.647));
#15600=CARTESIAN_POINT('',(4.5,-2.075,0.647));
#15601=CARTESIAN_POINT('',(4.3,-2.075,0.647));
#15602=CARTESIAN_POINT('',(4.3,-2.075,0.647));
#15603=CARTESIAN_POINT('',(4.5,-2.075,0.647));
#15604=CARTESIAN_POINT('Origin',(4.2841793480649,-2.275,0.647));
#15605=CARTESIAN_POINT('',(4.3,-2.275,0.447));
#15606=CARTESIAN_POINT('',(4.5,-2.275,0.447));
#15607=CARTESIAN_POINT('',(4.3,-2.275,0.447));
#15608=CARTESIAN_POINT('Origin',(4.3,-2.275,0.647));
#15609=CARTESIAN_POINT('Origin',(4.5,-2.275,0.647));
#15610=CARTESIAN_POINT('Origin',(4.3,3.675,0.447));
#15611=CARTESIAN_POINT('',(4.3,3.475,0.447));
#15612=CARTESIAN_POINT('',(4.3,3.325,0.447));
#15613=CARTESIAN_POINT('',(4.3,3.575,0.447));
#15614=CARTESIAN_POINT('',(4.5,3.475,0.447));
#15615=CARTESIAN_POINT('',(4.5,3.475,0.447));
#15616=CARTESIAN_POINT('',(4.5,3.475,0.447));
#15617=CARTESIAN_POINT('',(4.3,3.475,0.447));
#15618=CARTESIAN_POINT('Origin',(4.3,3.675,0.447));
#15619=CARTESIAN_POINT('',(4.5,-2.825,0.447));
#15620=CARTESIAN_POINT('',(4.5,-2.275,0.447));
#15621=CARTESIAN_POINT('',(4.3,-2.825,0.447));
#15622=CARTESIAN_POINT('',(4.3,-2.825,0.447));
#15623=CARTESIAN_POINT('',(4.3,-2.675,0.447));
#15624=CARTESIAN_POINT('',(4.3,0.225,0.447));
#15625=CARTESIAN_POINT('',(4.3,-2.275,0.447));
#15626=CARTESIAN_POINT('Origin',(4.2866880506931,-2.825,0.647));
#15627=CARTESIAN_POINT('',(4.3,-3.025,0.647));
#15628=CARTESIAN_POINT('',(4.5,-3.025,0.647));
#15629=CARTESIAN_POINT('',(4.3,-3.025,0.647));
#15630=CARTESIAN_POINT('Origin',(4.3,-2.825,0.647));
#15631=CARTESIAN_POINT('Origin',(4.5,-2.825,0.647));
#15632=CARTESIAN_POINT('Origin',(4.9,-3.025,5.897));
#15633=CARTESIAN_POINT('',(4.5,-3.025,5.697));
#15634=CARTESIAN_POINT('',(4.5,-3.025,0.647));
#15635=CARTESIAN_POINT('',(4.9,-3.025,5.697));
#15636=CARTESIAN_POINT('',(4.5,-3.025,5.697));
#15637=CARTESIAN_POINT('',(4.9,-3.025,5.897));
#15638=CARTESIAN_POINT('',(4.9,-3.025,5.697));
#15639=CARTESIAN_POINT('',(4.5,-3.025,5.897));
#15640=CARTESIAN_POINT('',(4.9,-3.025,5.897));
#15641=CARTESIAN_POINT('',(4.3,-3.025,5.697));
#15642=CARTESIAN_POINT('Origin',(4.5,-3.025,5.697));
#15643=CARTESIAN_POINT('',(4.3,-3.025,3.797));
#15644=CARTESIAN_POINT('',(4.3,-3.025,5.697));
#15645=CARTESIAN_POINT('',(4.3,-3.025,2.197));
#15646=CARTESIAN_POINT('Origin',(4.5,-3.038546731619,5.697));
#15647=CARTESIAN_POINT('',(4.3,-1.65,5.697));
#15648=CARTESIAN_POINT('',(4.3,-3.025,5.697));
#15649=CARTESIAN_POINT('',(4.5,-1.65,5.897));
#15650=CARTESIAN_POINT('',(4.5,-3.025,5.897));
#15651=CARTESIAN_POINT('Origin',(4.5,-1.65,5.697));
#15652=CARTESIAN_POINT('Origin',(4.5,-3.038546731619,5.697));
#15653=CARTESIAN_POINT('',(4.5,2.3,5.897));
#15654=CARTESIAN_POINT('',(4.5,3.675,5.897));
#15655=CARTESIAN_POINT('',(4.5,2.3,5.897));
#15656=CARTESIAN_POINT('',(4.3,3.675,5.697));
#15657=CARTESIAN_POINT('Origin',(4.5,3.675,5.697));
#15658=CARTESIAN_POINT('',(4.3,2.3,5.697));
#15659=CARTESIAN_POINT('',(4.3,2.3,5.697));
#15660=CARTESIAN_POINT('Origin',(4.5,2.3,5.697));
#15661=CARTESIAN_POINT('Origin',(4.9,3.675,5.897));
#15662=CARTESIAN_POINT('',(4.9,-1.65,5.897));
#15663=CARTESIAN_POINT('',(4.9,-1.65,5.897));
#15664=CARTESIAN_POINT('',(4.9,-1.65,5.897));
#15665=CARTESIAN_POINT('Origin',(4.9,3.675,5.897));
#15666=CARTESIAN_POINT('',(4.9,3.675,5.897));
#15667=CARTESIAN_POINT('',(4.9,2.3,5.897));
#15668=CARTESIAN_POINT('',(4.9,3.675,5.897));
#15669=CARTESIAN_POINT('',(4.9,3.675,5.897));
#15670=CARTESIAN_POINT('',(4.9,2.3,5.897));
#15671=CARTESIAN_POINT('Origin',(4.9,3.675,5.697));
#15672=CARTESIAN_POINT('',(4.9,-1.65,5.697));
#15673=CARTESIAN_POINT('',(4.9,-1.65,5.697));
#15674=CARTESIAN_POINT('',(4.9,-1.65,5.697));
#15675=CARTESIAN_POINT('Origin',(4.9,3.675,5.697));
#15676=CARTESIAN_POINT('',(4.9,3.675,5.697));
#15677=CARTESIAN_POINT('',(4.9,2.3,5.697));
#15678=CARTESIAN_POINT('',(4.9,3.675,5.697));
#15679=CARTESIAN_POINT('',(4.9,3.675,5.697));
#15680=CARTESIAN_POINT('',(4.9,2.3,5.697));
#15681=CARTESIAN_POINT('Origin',(4.5,3.675,5.697));
#15682=CARTESIAN_POINT('',(4.5,-1.65,5.697));
#15683=CARTESIAN_POINT('',(4.5,-1.65,5.697));
#15684=CARTESIAN_POINT('',(4.5,-1.65,5.697));
#15685=CARTESIAN_POINT('Origin',(4.5,3.675,5.697));
#15686=CARTESIAN_POINT('',(4.5,3.675,5.697));
#15687=CARTESIAN_POINT('',(4.5,2.3,5.697));
#15688=CARTESIAN_POINT('',(4.5,3.675,5.697));
#15689=CARTESIAN_POINT('',(4.5,3.675,5.697));
#15690=CARTESIAN_POINT('',(4.5,2.3,5.697));
#15691=CARTESIAN_POINT('Origin',(4.5,3.675,0.447));
#15692=CARTESIAN_POINT('',(4.5,-1.45,4.597));
#15693=CARTESIAN_POINT('',(4.5,-1.65,4.797));
#15694=CARTESIAN_POINT('Origin',(4.5,-1.45,4.797));
#15695=CARTESIAN_POINT('',(4.5,-1.65,5.697));
#15696=CARTESIAN_POINT('',(4.5,3.675,0.647));
#15697=CARTESIAN_POINT('Origin',(4.5,3.475,0.647));
#15698=CARTESIAN_POINT('',(4.5,3.675,0.647));
#15699=CARTESIAN_POINT('',(4.5,2.3,4.797));
#15700=CARTESIAN_POINT('',(4.5,2.3,5.697));
#15701=CARTESIAN_POINT('',(4.5,2.1,4.597));
#15702=CARTESIAN_POINT('Origin',(4.5,2.1,4.797));
#15703=CARTESIAN_POINT('',(4.5,2.1,4.597));
#15704=CARTESIAN_POINT('Origin',(4.3,-1.65,4.597));
#15705=CARTESIAN_POINT('',(4.3,-1.65,4.797));
#15706=CARTESIAN_POINT('',(4.3,-1.65,5.697));
#15707=CARTESIAN_POINT('',(4.3,-1.65,4.797));
#15708=CARTESIAN_POINT('Origin',(4.2846410401881,-1.45,4.797));
#15709=CARTESIAN_POINT('',(4.3,-1.45,4.597));
#15710=CARTESIAN_POINT('',(4.3,-1.45,4.597));
#15711=CARTESIAN_POINT('Origin',(4.3,-1.45,4.797));
#15712=CARTESIAN_POINT('Origin',(4.3,2.3,4.597));
#15713=CARTESIAN_POINT('',(4.3,2.1,4.597));
#15714=CARTESIAN_POINT('',(4.3,2.1,4.597));
#15715=CARTESIAN_POINT('',(4.3,2.1,4.597));
#15716=CARTESIAN_POINT('Origin',(4.2846410401881,2.1,4.797));
#15717=CARTESIAN_POINT('',(4.3,2.3,4.797));
#15718=CARTESIAN_POINT('',(4.3,2.3,4.797));
#15719=CARTESIAN_POINT('Origin',(4.3,2.1,4.797));
#15720=CARTESIAN_POINT('Origin',(4.3,2.3,6.1821241005158));
#15721=CARTESIAN_POINT('',(4.3,2.3,5.697));
#15722=CARTESIAN_POINT('Origin',(4.3,3.675,5.897));
#15723=CARTESIAN_POINT('',(4.3,-2.675,3.797));
#15724=CARTESIAN_POINT('',(4.3,-3.075,3.797));
#15725=CARTESIAN_POINT('',(4.3,3.675,3.797));
#15726=CARTESIAN_POINT('',(4.3,3.675,5.697));
#15727=CARTESIAN_POINT('',(4.3,3.325,3.797));
#15728=CARTESIAN_POINT('',(4.3,3.325,3.797));
#15729=CARTESIAN_POINT('',(4.3,3.325,3.797));
#15730=CARTESIAN_POINT('',(4.3,-2.675,3.797));
#15731=CARTESIAN_POINT('Origin',(4.5189103646975,3.475,0.647));
#15732=CARTESIAN_POINT('',(4.3,3.675,0.647));
#15733=CARTESIAN_POINT('',(4.5,3.675,0.647));
#15734=CARTESIAN_POINT('Origin',(4.3,3.475,0.647));
#15735=CARTESIAN_POINT('Origin',(4.9,3.675,5.897));
#15736=CARTESIAN_POINT('',(4.3,3.675,2.197));
#15737=CARTESIAN_POINT('Origin',(4.1,-3.45,0.497));
#15738=CARTESIAN_POINT('',(4.1,-3.45,0.497));
#15739=CARTESIAN_POINT('',(4.1,-3.75,0.497));
#15740=CARTESIAN_POINT('',(4.1,-3.45,0.497));
#15741=CARTESIAN_POINT('',(4.1,-3.45,0.497));
#15742=CARTESIAN_POINT('',(2.633496703857,-3.45,0.497));
#15743=CARTESIAN_POINT('',(4.1,-3.45,0.497));
#15744=CARTESIAN_POINT('',(2.633496703857,-3.75,0.497));
#15745=CARTESIAN_POINT('',(2.633496703857,-3.45,0.497));
#15746=CARTESIAN_POINT('',(4.1,-3.75,0.497));
#15747=CARTESIAN_POINT('Origin',(3.6,4.123673528412,-1.153));
#15748=CARTESIAN_POINT('',(4.1,-3.45,-1.153));
#15749=CARTESIAN_POINT('Origin',(3.6,-3.45,-1.153));
#15750=CARTESIAN_POINT('',(4.1,4.1,-1.153));
#15751=CARTESIAN_POINT('',(3.6,1.039142842854,-1.653));
#15752=CARTESIAN_POINT('',(3.6,4.1,-1.653));
#15753=CARTESIAN_POINT('Ctrl Pts',(3.60000000000014,1.03914284285415,-1.653));
#15754=CARTESIAN_POINT('Ctrl Pts',(3.60908070583751,1.03024197078105,-1.653));
#15755=CARTESIAN_POINT('Ctrl Pts',(3.61785450802842,1.02130090811295,-1.65275225354095));
#15756=CARTESIAN_POINT('Ctrl Pts',(3.71098351450534,0.922905769167074,-1.64785158229743));
#15757=CARTESIAN_POINT('Ctrl Pts',(3.78165628586363,0.813838836560924,-1.62185525575576));
#15758=CARTESIAN_POINT('Ctrl Pts',(3.87615718881031,0.576788663151618,-1.57319301202882));
#15759=CARTESIAN_POINT('Ctrl Pts',(3.9,0.448310338416249,-1.553));
#15760=CARTESIAN_POINT('Ctrl Pts',(3.9,0.20168966158375,-1.553));
#15761=CARTESIAN_POINT('Ctrl Pts',(3.87615718881031,0.0732113368483824,
-1.57319301202882));
#15762=CARTESIAN_POINT('Ctrl Pts',(3.78165628586363,-0.163838836560924,
-1.62185525575576));
#15763=CARTESIAN_POINT('Ctrl Pts',(3.71098351450534,-0.272905769167074,
-1.64785158229743));
#15764=CARTESIAN_POINT('Ctrl Pts',(3.61785450802838,-0.371300908113002,
-1.65275225354095));
#15765=CARTESIAN_POINT('Ctrl Pts',(3.60908070583742,-0.38024197078115,-1.653));
#15766=CARTESIAN_POINT('Ctrl Pts',(3.59999999999999,-0.389142842854292,
-1.653));
#15767=CARTESIAN_POINT('Origin',(2.15,-2.825,-1.903));
#15768=CARTESIAN_POINT('',(3.15,-1.825,-1.953));
#15769=CARTESIAN_POINT('',(3.15,-1.825,-1.953));
#15770=CARTESIAN_POINT('',(2.15,-2.825,-1.953));
#15771=CARTESIAN_POINT('',(2.15,-2.825,-1.953));
#15772=CARTESIAN_POINT('',(2.15,-2.825,-1.953));
#15773=CARTESIAN_POINT('Origin',(2.9,0.325,-2.028));
#15774=CARTESIAN_POINT('',(3.15000000038683,1.29324583632902,-1.95300000054358));
#15775=CARTESIAN_POINT('',(3.2999999997299,1.40319293303406,-2.103));
#15776=CARTESIAN_POINT('Ctrl Pts',(3.15,1.293245836552,-1.953));
#15777=CARTESIAN_POINT('Ctrl Pts',(3.199393052878,1.331505530795,-2.002393052878));
#15778=CARTESIAN_POINT('Ctrl Pts',(3.249465493593,1.368040708344,-2.052465493593));
#15779=CARTESIAN_POINT('Ctrl Pts',(3.3,1.403192932642,-2.103));
#15780=CARTESIAN_POINT('',(3.29999999972987,-0.753192933034282,-2.103));
#15781=CARTESIAN_POINT('Origin',(2.9,0.325,-2.103));
#15782=CARTESIAN_POINT('',(3.15000000038683,-0.643245836328949,-1.95300000054358));
#15783=CARTESIAN_POINT('Ctrl Pts',(3.15,-0.6432458365519,-1.953));
#15784=CARTESIAN_POINT('Ctrl Pts',(3.199393052878,-0.6815055307947,-2.002393052878));
#15785=CARTESIAN_POINT('Ctrl Pts',(3.249465493593,-0.7180407083439,-2.052465493593));
#15786=CARTESIAN_POINT('Ctrl Pts',(3.3,-0.7531929326424,-2.103));
#15787=CARTESIAN_POINT('Origin',(2.9,0.325,-1.953));
#15788=CARTESIAN_POINT('Origin',(3.15,1.293245836552,-1.953));
#15789=CARTESIAN_POINT('',(3.3,3.625,-2.103));
#15790=CARTESIAN_POINT('',(3.15,3.475,-1.953));
#15791=CARTESIAN_POINT('',(3.3,3.625,-2.103));
#15792=CARTESIAN_POINT('',(3.3,1.403192932642,-2.103));
#15793=CARTESIAN_POINT('',(3.15,1.293245836552,-1.953));
#15794=CARTESIAN_POINT('Origin',(-1.425,-2.975,-1.56));
#15795=CARTESIAN_POINT('',(1.554841538983,-2.975,-1.56));
#15796=CARTESIAN_POINT('',(1.502460384746,-2.825,-0.06000000000003));
#15797=CARTESIAN_POINT('',(1.554841538983,-2.975,-1.56));
#15798=CARTESIAN_POINT('',(-1.554841538983,-2.975,-1.56));
#15799=CARTESIAN_POINT('',(-1.554841538983,-2.975,-1.56));
#15800=CARTESIAN_POINT('',(-1.502460384746,-2.825,-0.06000000000003));
#15801=CARTESIAN_POINT('',(-1.554841538983,-2.975,-1.56));
#15802=CARTESIAN_POINT('',(1.502460384746,-2.825,-0.06000000000003));
#15803=CARTESIAN_POINT('Origin',(-1.425,-2.975,-3.648491216578));
#15804=CARTESIAN_POINT('',(1.573803516818,-2.975,-2.103));
#15805=CARTESIAN_POINT('',(1.573803516818,-2.975,-2.103));
#15806=CARTESIAN_POINT('',(-1.573803516818,-2.975,-2.103));
#15807=CARTESIAN_POINT('',(1.573803516818,-2.975,-2.103));
#15808=CARTESIAN_POINT('',(-1.573803516818,-2.975,-2.103));
#15809=CARTESIAN_POINT('Origin',(-5.338386053879,2.06,3.05));
#15810=CARTESIAN_POINT('',(-4.75,2.219843726813,0.));
#15811=CARTESIAN_POINT('',(-4.75,2.06,3.05));
#15812=CARTESIAN_POINT('',(-4.75,2.219843726813,0.));
#15813=CARTESIAN_POINT('',(-5.15,2.06,3.05));
#15814=CARTESIAN_POINT('',(-5.15,2.06,3.05));
#15815=CARTESIAN_POINT('',(-5.15,2.219843726813,0.));
#15816=CARTESIAN_POINT('',(-5.15,2.06,3.05));
#15817=CARTESIAN_POINT('',(-4.75,2.219843726813,0.));
#15818=CARTESIAN_POINT('Origin',(-4.75,2.06,-1.903));
#15819=CARTESIAN_POINT('',(-4.75,-1.099843726813,0.));
#15820=CARTESIAN_POINT('',(-4.75,-0.94,3.05));
#15821=CARTESIAN_POINT('',(-4.75,-1.099843726813,0.));
#15822=CARTESIAN_POINT('',(-4.75,2.06,3.05));
#15823=CARTESIAN_POINT('',(-4.75,2.219843726813,0.));
#15824=CARTESIAN_POINT('Origin',(-4.561613946121,-0.94,3.05));
#15825=CARTESIAN_POINT('',(-5.15,-0.94,3.05));
#15826=CARTESIAN_POINT('',(-5.15,-1.099843726813,0.));
#15827=CARTESIAN_POINT('',(-5.15,-0.94,3.05));
#15828=CARTESIAN_POINT('',(-4.75,-0.94,3.05));
#15829=CARTESIAN_POINT('',(-4.75,-1.099843726813,0.));
#15830=CARTESIAN_POINT('Origin',(0.,0.,3.05));
#15831=CARTESIAN_POINT('',(-5.15,-0.94,3.05));
#15832=CARTESIAN_POINT('Origin',(0.,0.,3.05));
#15833=CARTESIAN_POINT('',(5.15,-0.94,3.05));
#15834=CARTESIAN_POINT('',(4.75,-0.94,3.05));
#15835=CARTESIAN_POINT('',(5.15,-0.94,3.05));
#15836=CARTESIAN_POINT('',(4.75,2.06,3.05));
#15837=CARTESIAN_POINT('',(4.75,-0.94,3.05));
#15838=CARTESIAN_POINT('',(5.15,2.06,3.05));
#15839=CARTESIAN_POINT('',(4.75,2.06,3.05));
#15840=CARTESIAN_POINT('',(5.15,-0.94,3.05));
#15841=CARTESIAN_POINT('Origin',(4.1,-3.075,4.35));
#15842=CARTESIAN_POINT('',(4.3,-3.075,0.397));
#15843=CARTESIAN_POINT('',(4.3,-3.075,3.797));
#15844=CARTESIAN_POINT('',(4.3,-3.075,0.397));
#15845=CARTESIAN_POINT('',(4.55,-3.075,3.797));
#15846=CARTESIAN_POINT('',(4.3,-3.075,3.797));
#15847=CARTESIAN_POINT('',(4.55,-3.075,0.397));
#15848=CARTESIAN_POINT('',(4.55,-3.075,0.397));
#15849=CARTESIAN_POINT('',(4.3,-3.075,0.397));
#15850=CARTESIAN_POINT('Origin',(4.3,-3.225,-1.503));
#15851=CARTESIAN_POINT('',(4.3,-3.075,3.797));
#15852=CARTESIAN_POINT('',(4.3,-2.675,0.397));
#15853=CARTESIAN_POINT('',(4.3,-3.075,0.397));
#15854=CARTESIAN_POINT('',(4.3,-2.675,3.797));
#15855=CARTESIAN_POINT('Origin',(4.35,3.898511541199,-0.603));
#15856=CARTESIAN_POINT('',(4.55,3.325,-0.603));
#15857=CARTESIAN_POINT('',(4.55,-2.675,-0.603));
#15858=CARTESIAN_POINT('',(4.55,3.325,-0.603));
#15859=CARTESIAN_POINT('',(4.35,3.325,-0.803));
#15860=CARTESIAN_POINT('Origin',(4.35,3.325,-0.603));
#15861=CARTESIAN_POINT('',(4.35,-2.675,-0.803));
#15862=CARTESIAN_POINT('',(4.35,3.325,-0.803));
#15863=CARTESIAN_POINT('Origin',(4.35,-2.675,-0.603));
#15864=CARTESIAN_POINT('Origin',(0.,-5.3,-0.803));
#15865=CARTESIAN_POINT('',(4.1,3.325,-0.803));
#15866=CARTESIAN_POINT('',(4.35,3.325,-0.803));
#15867=CARTESIAN_POINT('',(4.1,-2.675,-0.803));
#15868=CARTESIAN_POINT('',(4.1,3.325,-0.803));
#15869=CARTESIAN_POINT('',(4.1,-2.675,-0.803));
#15870=CARTESIAN_POINT('Origin',(4.1,-2.675,3.797));
#15871=CARTESIAN_POINT('',(4.1,-2.675,3.797));
#15872=CARTESIAN_POINT('',(4.1,-2.675,3.797));
#15873=CARTESIAN_POINT('',(4.1,-2.675,3.797));
#15874=CARTESIAN_POINT('',(4.55,-2.675,0.397));
#15875=CARTESIAN_POINT('',(4.55,-2.675,0.397));
#15876=CARTESIAN_POINT('',(4.55,-2.675,-0.603));
#15877=CARTESIAN_POINT('Origin',(4.55,3.725,4.35));
#15878=CARTESIAN_POINT('',(4.55,3.725,0.397));
#15879=CARTESIAN_POINT('',(4.55,3.725,3.797));
#15880=CARTESIAN_POINT('',(4.55,3.725,0.397));
#15881=CARTESIAN_POINT('',(4.3,3.725,3.797));
#15882=CARTESIAN_POINT('',(4.55,3.725,3.797));
#15883=CARTESIAN_POINT('',(4.3,3.725,0.397));
#15884=CARTESIAN_POINT('',(4.3,3.725,0.397));
#15885=CARTESIAN_POINT('',(4.55,3.725,0.397));
#15886=CARTESIAN_POINT('Origin',(3.95,-3.75,3.797));
#15887=CARTESIAN_POINT('',(4.1,-3.75,3.797));
#15888=CARTESIAN_POINT('',(4.55,-3.75,3.797));
#15889=CARTESIAN_POINT('',(4.1,-3.75,3.797));
#15890=CARTESIAN_POINT('',(4.55,-3.75,3.797));
#15891=CARTESIAN_POINT('',(4.1,-2.675,3.797));
#15892=CARTESIAN_POINT('Origin',(3.95,-3.75,3.797));
#15893=CARTESIAN_POINT('',(4.55,4.4,3.797));
#15894=CARTESIAN_POINT('',(4.55,3.725,3.797));
#15895=CARTESIAN_POINT('',(4.1,4.4,3.797));
#15896=CARTESIAN_POINT('',(4.1,4.4,3.797));
#15897=CARTESIAN_POINT('',(4.1,3.325,3.797));
#15898=CARTESIAN_POINT('',(4.1,4.4,3.797));
#15899=CARTESIAN_POINT('',(4.3,3.325,3.797));
#15900=CARTESIAN_POINT('',(4.3,3.325,3.797));
#15901=CARTESIAN_POINT('Origin',(4.3,3.475,-1.503));
#15902=CARTESIAN_POINT('',(4.3,3.325,0.397));
#15903=CARTESIAN_POINT('',(4.3,3.325,3.797));
#15904=CARTESIAN_POINT('',(4.3,3.325,0.397));
#15905=CARTESIAN_POINT('Origin',(4.3,3.325,3.797));
#15906=CARTESIAN_POINT('',(4.1,3.325,3.797));
#15907=CARTESIAN_POINT('',(4.55,3.325,0.397));
#15908=CARTESIAN_POINT('',(4.55,3.325,-0.603));
#15909=CARTESIAN_POINT('',(4.3,3.325,0.397));
#15910=CARTESIAN_POINT('Origin',(5.15,-3.75,0.397));
#15911=CARTESIAN_POINT('',(4.55,-2.675,0.397));
#15912=CARTESIAN_POINT('Origin',(5.15,-3.75,0.397));
#15913=CARTESIAN_POINT('',(4.55,3.725,0.397));
#15914=CARTESIAN_POINT('Origin',(4.55,-3.225,4.35));
#15915=CARTESIAN_POINT('',(4.55,-3.75,4.45));
#15916=CARTESIAN_POINT('',(4.55,-3.75,4.45));
#15917=CARTESIAN_POINT('',(4.55,4.4,4.45));
#15918=CARTESIAN_POINT('',(4.55,4.4,4.45));
#15919=CARTESIAN_POINT('',(4.55,4.4,4.45));
#15920=CARTESIAN_POINT('Origin',(5.15,-3.75,4.45));
#15921=CARTESIAN_POINT('',(4.85,4.4,4.45));
#15922=CARTESIAN_POINT('',(4.85,4.4,4.45));
#15923=CARTESIAN_POINT('',(4.85,-3.75,4.45));
#15924=CARTESIAN_POINT('',(4.55,-3.75,4.45));
#15925=CARTESIAN_POINT('',(4.85,-3.75,4.45));
#15926=CARTESIAN_POINT('Origin',(4.85,-3.773210117257,4.15));
#15927=CARTESIAN_POINT('',(5.15,4.4,4.15));
#15928=CARTESIAN_POINT('Origin',(4.85,4.4,4.15));
#15929=CARTESIAN_POINT('',(5.15,-3.75,4.15));
#15930=CARTESIAN_POINT('Origin',(4.85,-3.75,4.15));
#15931=CARTESIAN_POINT('',(5.15,-3.75,4.15));
#15932=CARTESIAN_POINT('Origin',(5.15,-3.75,4.35));
#15933=CARTESIAN_POINT('',(5.15,-3.75,0.));
#15934=CARTESIAN_POINT('',(5.15,-3.75,0.));
#15935=CARTESIAN_POINT('',(5.15,-1.099843726813,0.));
#15936=CARTESIAN_POINT('',(5.15,-1.099843726813,0.));
#15937=CARTESIAN_POINT('',(5.15,-0.94,3.05));
#15938=CARTESIAN_POINT('',(5.15,2.219843726813,0.));
#15939=CARTESIAN_POINT('',(5.15,2.06,3.05));
#15940=CARTESIAN_POINT('',(5.15,4.4,0.));
#15941=CARTESIAN_POINT('',(5.15,4.4,0.));
#15942=CARTESIAN_POINT('',(5.15,4.4,0.));
#15943=CARTESIAN_POINT('Origin',(5.338386053879,-0.94,3.05));
#15944=CARTESIAN_POINT('',(4.75,-1.099843726813,0.));
#15945=CARTESIAN_POINT('',(4.75,-1.099843726813,0.));
#15946=CARTESIAN_POINT('',(5.15,-1.099843726813,0.));
#15947=CARTESIAN_POINT('Origin',(4.75,-0.94,-1.903));
#15948=CARTESIAN_POINT('',(4.75,2.219843726813,0.));
#15949=CARTESIAN_POINT('',(4.75,2.219843726813,0.));
#15950=CARTESIAN_POINT('',(4.75,-1.099843726813,0.));
#15951=CARTESIAN_POINT('Origin',(4.561613946121,2.06,3.05));
#15952=CARTESIAN_POINT('',(5.15,2.219843726813,0.));
#15953=CARTESIAN_POINT('Origin',(5.15,-3.75,0.));
#15954=CARTESIAN_POINT('',(4.75,-3.75,0.));
#15955=CARTESIAN_POINT('',(5.15,-3.75,0.));
#15956=CARTESIAN_POINT('',(4.75,-1.099843726813,0.));
#15957=CARTESIAN_POINT('Origin',(5.15,-3.75,0.));
#15958=CARTESIAN_POINT('',(4.75,4.4,0.));
#15959=CARTESIAN_POINT('',(5.15,4.4,0.));
#15960=CARTESIAN_POINT('',(4.75,4.4,0.));
#15961=CARTESIAN_POINT('Origin',(5.15,4.4,4.35));
#15962=CARTESIAN_POINT('',(-4.75,4.4,0.));
#15963=CARTESIAN_POINT('',(4.75,4.4,0.));
#15964=CARTESIAN_POINT('',(-5.15,4.4,0.));
#15965=CARTESIAN_POINT('',(-4.75,4.4,0.));
#15966=CARTESIAN_POINT('',(-5.15,4.4,4.05));
#15967=CARTESIAN_POINT('',(-5.15,4.4,4.05));
#15968=CARTESIAN_POINT('',(-4.85,4.4,4.35));
#15969=CARTESIAN_POINT('Origin',(-4.85,4.4,4.05));
#15970=CARTESIAN_POINT('',(-3.75,4.4,4.35));
#15971=CARTESIAN_POINT('',(-3.75,4.4,4.35));
#15972=CARTESIAN_POINT('',(-3.75,4.4,2.3));
#15973=CARTESIAN_POINT('',(-3.75,4.4,4.35));
#15974=CARTESIAN_POINT('',(2.6,4.4,2.3));
#15975=CARTESIAN_POINT('',(-3.75,4.4,2.3));
#15976=CARTESIAN_POINT('',(2.6,4.4,0.5807417596433));
#15977=CARTESIAN_POINT('',(2.6,4.4,2.3));
#15978=CARTESIAN_POINT('',(2.633496703857,4.4,0.497));
#15979=CARTESIAN_POINT('',(2.633496703857,4.4,0.497));
#15980=CARTESIAN_POINT('',(4.1,4.4,0.497));
#15981=CARTESIAN_POINT('',(4.1,4.4,0.497));
#15982=CARTESIAN_POINT('',(4.1,4.4,0.497));
#15983=CARTESIAN_POINT('Origin',(-3.75,3.475,4.35));
#15984=CARTESIAN_POINT('',(-3.75,3.475,2.3));
#15985=CARTESIAN_POINT('',(-3.75,3.475,-1.653));
#15986=CARTESIAN_POINT('',(-3.75,3.475,2.3));
#15987=CARTESIAN_POINT('',(-3.75,4.4,2.3));
#15988=CARTESIAN_POINT('',(-3.75,0.8517826876426,4.35));
#15989=CARTESIAN_POINT('',(-3.75,0.8517826876426,4.35));
#15990=CARTESIAN_POINT('',(-3.75,0.8517826876426,-1.653));
#15991=CARTESIAN_POINT('',(-3.75,0.8517826876426,4.35));
#15992=CARTESIAN_POINT('',(-3.75,0.8517826876426,-1.653));
#15993=CARTESIAN_POINT('Origin',(-2.9,0.325,-1.903));
#15994=CARTESIAN_POINT('Origin',(-2.9,0.325,-1.653));
#15995=CARTESIAN_POINT('',(-3.6,-0.3891428428543,4.35));
#15996=CARTESIAN_POINT('Origin',(-2.9,0.325,4.35));
#15997=CARTESIAN_POINT('',(-3.6,-0.3891428428543,-1.653));
#15998=CARTESIAN_POINT('',(-3.6,-0.3891428428543,4.35));
#15999=CARTESIAN_POINT('Origin',(-2.9,0.325,-1.653));
#16000=CARTESIAN_POINT('',(-3.15000000038683,-0.643245836328949,-1.95300000054358));
#16001=CARTESIAN_POINT('',(-3.15,-0.6432458365519,-1.953));
#16002=CARTESIAN_POINT('',(-3.15000000038683,1.29324583632902,-1.95300000054358));
#16003=CARTESIAN_POINT('Origin',(-2.9,0.325,-1.953));
#16004=CARTESIAN_POINT('',(-3.15,1.293245836552,-1.653));
#16005=CARTESIAN_POINT('Origin',(-3.15,-2.825,-1.903));
#16006=CARTESIAN_POINT('',(-3.15,-1.825,-1.953));
#16007=CARTESIAN_POINT('',(-3.15,-1.825,-1.953));
#16008=CARTESIAN_POINT('',(-3.15,-1.825,-1.953));
#16009=CARTESIAN_POINT('Origin',(-3.15,-2.825,-1.903));
#16010=CARTESIAN_POINT('',(-3.15,3.475,-1.953));
#16011=CARTESIAN_POINT('',(-3.15,1.293245836552,-1.953));
#16012=CARTESIAN_POINT('',(-3.15,3.475,-1.653));
#16013=CARTESIAN_POINT('',(-3.15,3.475,-1.953));
#16014=CARTESIAN_POINT('',(-3.15,3.475,-1.653));
#16015=CARTESIAN_POINT('Origin',(-3.15,-1.825,-1.903));
#16016=CARTESIAN_POINT('',(-2.15,-2.825,-1.953));
#16017=CARTESIAN_POINT('',(-2.15,-2.825,-1.653));
#16018=CARTESIAN_POINT('',(-2.15,-2.825,-1.953));
#16019=CARTESIAN_POINT('',(-3.15,-1.825,-1.953));
#16020=CARTESIAN_POINT('',(-3.15,-1.825,-1.653));
#16021=CARTESIAN_POINT('Origin',(-1.425,-2.975,-2.103));
#16022=CARTESIAN_POINT('',(-2.212132034356,-2.975,-2.103));
#16023=CARTESIAN_POINT('',(-2.212132034356,-2.975,-2.103));
#16024=CARTESIAN_POINT('',(-1.568565401394,-2.825,-1.953));
#16025=CARTESIAN_POINT('',(-1.568565401394,-2.825,-1.953));
#16026=CARTESIAN_POINT('',(-1.573803516818,-2.975,-2.103));
#16027=CARTESIAN_POINT('',(-1.573803516818,-2.975,-2.103));
#16028=CARTESIAN_POINT('Origin',(-3.256066017178,-1.931066017178,-2.103));
#16029=CARTESIAN_POINT('',(-3.3,-1.887132034356,-2.103));
#16030=CARTESIAN_POINT('',(-3.3,-1.887132034356,-2.103));
#16031=CARTESIAN_POINT('',(-3.3,-1.887132034356,-2.103));
#16032=CARTESIAN_POINT('Origin',(-3.3,-1.825,-2.103));
#16033=CARTESIAN_POINT('',(-3.29999999972987,-0.753192933034282,-2.103));
#16034=CARTESIAN_POINT('Ctrl Pts',(-3.3,-0.7531929326424,-2.103));
#16035=CARTESIAN_POINT('Ctrl Pts',(-3.249465493593,-0.7180407083439,-2.052465493593));
#16036=CARTESIAN_POINT('Ctrl Pts',(-3.199393052878,-0.6815055307947,-2.002393052878));
#16037=CARTESIAN_POINT('Ctrl Pts',(-3.15,-0.6432458365519,-1.953));
#16038=CARTESIAN_POINT('',(-3.3,-1.887132034356,-2.103));
#16039=CARTESIAN_POINT('Origin',(-2.9,0.325,-2.028));
#16040=CARTESIAN_POINT('',(-3.2999999997299,1.40319293303406,-2.103));
#16041=CARTESIAN_POINT('Ctrl Pts',(-3.3,1.403192932642,-2.103));
#16042=CARTESIAN_POINT('Ctrl Pts',(-3.249465493593,1.368040708344,-2.052465493593));
#16043=CARTESIAN_POINT('Ctrl Pts',(-3.199393052878,1.331505530795,-2.002393052878));
#16044=CARTESIAN_POINT('Ctrl Pts',(-3.15,1.293245836552,-1.953));
#16045=CARTESIAN_POINT('Origin',(-2.9,0.325,-2.103));
#16046=CARTESIAN_POINT('Origin',(-3.3,1.293245836552,-2.103));
#16047=CARTESIAN_POINT('',(-3.3,3.625,-2.103));
#16048=CARTESIAN_POINT('',(-3.3,3.625,-2.103));
#16049=CARTESIAN_POINT('',(-3.3,1.403192932642,-2.103));
#16050=CARTESIAN_POINT('Origin',(-3.15,3.625,-2.103));
#16051=CARTESIAN_POINT('',(-1.573803516818,3.625,-2.103));
#16052=CARTESIAN_POINT('',(-1.568565401394,3.475,-1.953));
#16053=CARTESIAN_POINT('',(-1.573803516818,3.625,-2.103));
#16054=CARTESIAN_POINT('',(-3.15,3.475,-1.953));
#16055=CARTESIAN_POINT('',(-3.3,3.625,-2.103));
#16056=CARTESIAN_POINT('Origin',(-1.425,3.475,-0.06));
#16057=CARTESIAN_POINT('',(-1.502460384746,3.475,-0.06));
#16058=CARTESIAN_POINT('',(-1.554841538983,3.625,-1.56));
#16059=CARTESIAN_POINT('',(-1.502460384746,3.475,-0.06));
#16060=CARTESIAN_POINT('',(1.554841538983,3.625,-1.56));
#16061=CARTESIAN_POINT('',(-1.554841538983,3.625,-1.56));
#16062=CARTESIAN_POINT('',(1.502460384746,3.475,-0.06));
#16063=CARTESIAN_POINT('',(1.502460384746,3.475,-0.06));
#16064=CARTESIAN_POINT('',(1.502460384746,3.475,-0.06));
#16065=CARTESIAN_POINT('Origin',(-1.485,-3.163386053879,0.44));
#16066=CARTESIAN_POINT('',(-1.568565401394,-2.825,-1.953));
#16067=CARTESIAN_POINT('Origin',(-1.485,-3.163386053879,0.44));
#16068=CARTESIAN_POINT('',(-1.554841538983,3.625,-1.56));
#16069=CARTESIAN_POINT('',(-1.568565401394,3.475,-1.953));
#16070=CARTESIAN_POINT('Origin',(-1.425,3.625,-1.56));
#16071=CARTESIAN_POINT('',(1.573803516818,3.625,-2.103));
#16072=CARTESIAN_POINT('',(1.573803516818,3.625,-2.103));
#16073=CARTESIAN_POINT('',(1.554841538983,3.625,-1.56));
#16074=CARTESIAN_POINT('Origin',(1.485,-4.513386053879,0.44));
#16075=CARTESIAN_POINT('',(1.568565401394,-2.825,-1.953));
#16076=CARTESIAN_POINT('',(1.573803516818,-2.975,-2.103));
#16077=CARTESIAN_POINT('',(1.568565401394,-2.825,-1.953));
#16078=CARTESIAN_POINT('Origin',(1.485,-4.513386053879,0.44));
#16079=CARTESIAN_POINT('',(1.568565401394,3.475,-1.953));
#16080=CARTESIAN_POINT('',(1.573803516818,3.625,-2.103));
#16081=CARTESIAN_POINT('',(1.568565401394,3.475,-1.953));
#16082=CARTESIAN_POINT('Origin',(1.425,3.625,-2.103));
#16083=CARTESIAN_POINT('',(1.568565401394,3.475,-1.953));
#16084=CARTESIAN_POINT('',(1.573803516818,3.625,-2.103));
#16085=CARTESIAN_POINT('Origin',(2.95,3.475,-0.2942582403567));
#16086=CARTESIAN_POINT('',(2.95,3.475,-1.653));
#16087=CARTESIAN_POINT('',(2.95,3.475,-1.653));
#16088=CARTESIAN_POINT('',(2.95,3.475,-0.2942582403567));
#16089=CARTESIAN_POINT('',(2.95,3.475,-0.2942582403567));
#16090=CARTESIAN_POINT('',(2.95,3.475,-0.2942582403567));
#16091=CARTESIAN_POINT('Origin',(-3.15,3.475,-1.903));
#16092=CARTESIAN_POINT('',(2.6,3.475,2.3));
#16093=CARTESIAN_POINT('',(1.489952631255,3.475,2.3));
#16094=CARTESIAN_POINT('',(2.6,3.475,2.3));
#16095=CARTESIAN_POINT('',(1.425,3.475,0.44));
#16096=CARTESIAN_POINT('',(1.489952631255,3.475,2.3));
#16097=CARTESIAN_POINT('',(-1.425,3.475,0.44));
#16098=CARTESIAN_POINT('',(-1.425,3.475,0.44));
#16099=CARTESIAN_POINT('',(-1.489952631255,3.475,2.3));
#16100=CARTESIAN_POINT('',(-1.489952631255,3.475,2.3));
#16101=CARTESIAN_POINT('',(-1.489952631255,3.475,2.3));
#16102=CARTESIAN_POINT('',(-3.15,3.475,-1.653));
#16103=CARTESIAN_POINT('',(3.15,3.475,-1.653));
#16104=CARTESIAN_POINT('',(3.15,3.475,-1.953));
#16105=CARTESIAN_POINT('',(2.95,3.475,-1.653));
#16106=CARTESIAN_POINT('',(2.6,3.475,0.5807417596433));
#16107=CARTESIAN_POINT('',(2.6,3.475,0.5807417596433));
#16108=CARTESIAN_POINT('',(2.6,3.475,0.5807417596433));
#16109=CARTESIAN_POINT('Origin',(5.15,4.4,0.44));
#16110=CARTESIAN_POINT('',(-1.425,-2.825,0.44));
#16111=CARTESIAN_POINT('',(-1.425,-3.325,0.44));
#16112=CARTESIAN_POINT('',(-1.425,-2.825,0.44));
#16113=CARTESIAN_POINT('',(1.425,-3.325,0.44));
#16114=CARTESIAN_POINT('',(-1.425,-3.325,0.44));
#16115=CARTESIAN_POINT('',(1.425,-2.825,0.44));
#16116=CARTESIAN_POINT('',(1.425,-3.325,0.44));
#16117=CARTESIAN_POINT('',(-1.425,-2.825,0.44));
#16118=CARTESIAN_POINT('Origin',(5.15,4.4,0.44));
#16119=CARTESIAN_POINT('',(1.425,3.975,0.44));
#16120=CARTESIAN_POINT('',(1.425,3.475,0.44));
#16121=CARTESIAN_POINT('',(-1.425,3.975,0.44));
#16122=CARTESIAN_POINT('',(1.425,3.975,0.44));
#16123=CARTESIAN_POINT('',(-1.425,3.975,0.44));
#16124=CARTESIAN_POINT('Origin',(-2.613386053879,-3.325,0.44));
#16125=CARTESIAN_POINT('',(1.489952631255,-3.389952631255,2.3));
#16126=CARTESIAN_POINT('',(1.489952631255,-3.389952631255,2.3));
#16127=CARTESIAN_POINT('',(-1.489952631255,-3.389952631255,2.3));
#16128=CARTESIAN_POINT('',(-1.489952631255,-3.389952631255,2.3));
#16129=CARTESIAN_POINT('',(-1.489952631255,-3.389952631255,2.3));
#16130=CARTESIAN_POINT('Origin',(1.425,-4.513386053879,0.44));
#16131=CARTESIAN_POINT('',(1.489952631255,4.039952631255,2.3));
#16132=CARTESIAN_POINT('',(1.489952631255,4.039952631255,2.3));
#16133=CARTESIAN_POINT('',(1.489952631255,3.475,2.3));
#16134=CARTESIAN_POINT('Origin',(1.425,-4.513386053879,0.44));
#16135=CARTESIAN_POINT('',(1.489952631255,-2.825,2.3));
#16136=CARTESIAN_POINT('',(1.489952631255,-2.825,2.3));
#16137=CARTESIAN_POINT('',(1.489952631255,-3.389952631255,2.3));
#16138=CARTESIAN_POINT('Origin',(2.613386053879,3.975,0.44));
#16139=CARTESIAN_POINT('',(-1.489952631255,4.039952631255,2.3));
#16140=CARTESIAN_POINT('',(-1.489952631255,4.039952631255,2.3));
#16141=CARTESIAN_POINT('',(1.489952631255,4.039952631255,2.3));
#16142=CARTESIAN_POINT('Origin',(-1.425,5.163386053879,0.44));
#16143=CARTESIAN_POINT('',(-1.489952631255,-2.825,2.3));
#16144=CARTESIAN_POINT('',(-1.489952631255,-2.825,2.3));
#16145=CARTESIAN_POINT('',(-1.489952631255,-2.825,2.3));
#16146=CARTESIAN_POINT('Origin',(-1.425,5.163386053879,0.44));
#16147=CARTESIAN_POINT('',(-1.489952631255,4.039952631255,2.3));
#16148=CARTESIAN_POINT('Origin',(-3.6,-3.75,2.3));
#16149=CARTESIAN_POINT('',(2.6,3.475,2.3));
#16150=CARTESIAN_POINT('Origin',(-3.6,-3.75,2.3));
#16151=CARTESIAN_POINT('',(-3.6,-3.75,2.3));
#16152=CARTESIAN_POINT('',(-3.6,-2.825,2.3));
#16153=CARTESIAN_POINT('',(-3.6,-3.75,2.3));
#16154=CARTESIAN_POINT('',(2.6,-3.75,2.3));
#16155=CARTESIAN_POINT('',(-3.6,-3.75,2.3));
#16156=CARTESIAN_POINT('',(2.6,-2.825,2.3));
#16157=CARTESIAN_POINT('',(2.6,-3.75,2.3));
#16158=CARTESIAN_POINT('',(2.6,-2.825,2.3));
#16159=CARTESIAN_POINT('',(-1.489952631255,-2.825,2.3));
#16160=CARTESIAN_POINT('Origin',(3.15,-2.825,-1.903));
#16161=CARTESIAN_POINT('',(2.95,-2.825,-0.2942582403567));
#16162=CARTESIAN_POINT('',(2.6,-2.825,0.5807417596433));
#16163=CARTESIAN_POINT('',(2.95,-2.825,-0.2942582403567));
#16164=CARTESIAN_POINT('',(2.95,-2.825,-1.653));
#16165=CARTESIAN_POINT('',(2.15,-2.825,-1.953));
#16166=CARTESIAN_POINT('',(-3.6,-2.825,-1.653));
#16167=CARTESIAN_POINT('',(-3.6,-2.825,-1.653));
#16168=CARTESIAN_POINT('',(-3.6,-2.825,2.3));
#16169=CARTESIAN_POINT('',(2.6,-2.825,2.3));
#16170=CARTESIAN_POINT('Origin',(2.95,-2.825,-1.503));
#16171=CARTESIAN_POINT('',(2.95,-3.45,-0.2942582403567));
#16172=CARTESIAN_POINT('',(2.95,-2.825,-0.2942582403567));
#16173=CARTESIAN_POINT('',(2.95,-3.45,-1.653));
#16174=CARTESIAN_POINT('Origin',(0.,-3.45,4.35));
#16175=CARTESIAN_POINT('',(4.1,-3.45,0.497));
#16176=CARTESIAN_POINT('',(2.95,-3.45,-0.2942582403567));
#16177=CARTESIAN_POINT('Origin',(2.95,-2.825,-0.2942582403567));
#16178=CARTESIAN_POINT('',(2.6,-3.75,0.5807417596433));
#16179=CARTESIAN_POINT('',(2.6,-3.75,0.5807417596433));
#16180=CARTESIAN_POINT('',(2.633496703857,-3.75,0.497));
#16181=CARTESIAN_POINT('Origin',(2.6,-3.75,2.3));
#16182=CARTESIAN_POINT('',(2.6,3.475,0.5807417596433));
#16183=CARTESIAN_POINT('Origin',(2.6,-3.75,2.3));
#16184=CARTESIAN_POINT('',(2.6,-3.75,0.5807417596433));
#16185=CARTESIAN_POINT('Origin',(2.6,3.475,0.5807417596433));
#16186=CARTESIAN_POINT('',(2.633496703857,4.1,0.497));
#16187=CARTESIAN_POINT('Origin',(4.1,3.45,0.497));
#16188=CARTESIAN_POINT('',(4.1,4.1,0.497));
#16189=CARTESIAN_POINT('Origin',(4.1,-3.75,0.747));
#16190=CARTESIAN_POINT('',(4.1,-3.75,3.797));
#16191=CARTESIAN_POINT('Origin',(-5.15,-3.75,4.35));
#16192=CARTESIAN_POINT('',(-3.6,-3.75,4.35));
#16193=CARTESIAN_POINT('',(-3.6,-3.75,4.35));
#16194=CARTESIAN_POINT('',(-4.85,-3.75,4.35));
#16195=CARTESIAN_POINT('',(-4.85,-3.75,4.35));
#16196=CARTESIAN_POINT('',(-5.15,-3.75,4.05));
#16197=CARTESIAN_POINT('Origin',(-4.85,-3.75,4.05));
#16198=CARTESIAN_POINT('',(-5.15,-3.75,0.));
#16199=CARTESIAN_POINT('',(-5.15,-3.75,4.05));
#16200=CARTESIAN_POINT('',(-4.75,-3.75,0.));
#16201=CARTESIAN_POINT('',(-4.75,-3.75,0.));
#16202=CARTESIAN_POINT('',(-4.75,-3.75,0.));
#16203=CARTESIAN_POINT('Origin',(-5.15,4.4,4.35));
#16204=CARTESIAN_POINT('',(-5.15,4.4,0.));
#16205=CARTESIAN_POINT('',(-5.15,-1.099843726813,0.));
#16206=CARTESIAN_POINT('',(-5.15,4.4,4.05));
#16207=CARTESIAN_POINT('Origin',(-4.85,4.423673528412,4.05));
#16208=CARTESIAN_POINT('',(-4.85,4.4,4.35));
#16209=CARTESIAN_POINT('Origin',(0.,-5.3,4.35));
#16210=CARTESIAN_POINT('',(-3.6,-3.75,4.35));
#16211=CARTESIAN_POINT('Origin',(-3.6,-3.75,4.35));
#16212=CARTESIAN_POINT('',(-3.6,-2.825,-1.653));
#16213=CARTESIAN_POINT('Origin',(0.,-5.3,-1.653));
#16214=CARTESIAN_POINT('Origin',(2.9,0.325,-1.653));
#16215=CARTESIAN_POINT('',(3.15,1.293245836552,-1.653));
#16216=CARTESIAN_POINT('',(3.5,-3.4,-1.653));
#16217=CARTESIAN_POINT('Origin',(0.,-5.3,-1.653));
#16218=CARTESIAN_POINT('Origin',(0.,-5.3,-1.653));
#16219=CARTESIAN_POINT('Origin',(2.9,0.325,-1.903));
#16220=CARTESIAN_POINT('',(3.15,1.293245836552,-1.653));
#16221=CARTESIAN_POINT('',(3.15,-0.6432458365519,-1.953));
#16222=CARTESIAN_POINT('Origin',(3.15,3.475,-1.903));
#16223=CARTESIAN_POINT('',(3.15,-1.825,-1.953));
#16224=CARTESIAN_POINT('Origin',(3.15,3.475,-1.903));
#16225=CARTESIAN_POINT('Origin',(3.15,-1.825,-1.953));
#16226=CARTESIAN_POINT('',(3.3,-1.887132034356,-2.103));
#16227=CARTESIAN_POINT('',(3.3,-1.887132034356,-2.103));
#16228=CARTESIAN_POINT('',(3.15,-1.825,-1.953));
#16229=CARTESIAN_POINT('Origin',(2.256066017178,-2.931066017178,-2.103));
#16230=CARTESIAN_POINT('',(2.212132034356,-2.975,-2.103));
#16231=CARTESIAN_POINT('',(2.212132034356,-2.975,-2.103));
#16232=CARTESIAN_POINT('',(2.212132034356,-2.975,-2.103));
#16233=CARTESIAN_POINT('Origin',(2.15,-2.975,-2.103));
#16234=CARTESIAN_POINT('',(2.212132034356,-2.975,-2.103));
#16235=CARTESIAN_POINT('Origin',(0.,-5.3,-2.103));
#16236=CARTESIAN_POINT('',(-4.35,4.,-2.103));
#16237=CARTESIAN_POINT('',(-4.35,-3.35,-2.103));
#16238=CARTESIAN_POINT('',(-4.35,4.,-2.103));
#16239=CARTESIAN_POINT('',(4.35,4.,-2.103));
#16240=CARTESIAN_POINT('',(4.35,4.,-2.103));
#16241=CARTESIAN_POINT('',(4.35,-3.35,-2.103));
#16242=CARTESIAN_POINT('',(4.35,4.,-2.103));
#16243=CARTESIAN_POINT('',(-4.35,-3.35,-2.103));
#16244=CARTESIAN_POINT('Origin',(4.35,4.4,-2.103));
#16245=CARTESIAN_POINT('',(4.688378043414,-3.688378043414,-1.764621956586));
#16246=CARTESIAN_POINT('',(4.35,-3.35,-2.103));
#16247=CARTESIAN_POINT('',(4.688378043414,4.338378043414,-1.764621956586));
#16248=CARTESIAN_POINT('',(4.35,4.,-2.103));
#16249=CARTESIAN_POINT('',(4.688378043414,4.338378043414,-1.764621956586));
#16250=CARTESIAN_POINT('Origin',(4.60162719927,4.4,-4.248841102006));
#16251=CARTESIAN_POINT('',(4.688378043414,-3.688378043414,-1.764621956586));
#16252=CARTESIAN_POINT('',(4.688378043414,4.338378043414,-1.764621956586));
#16253=CARTESIAN_POINT('Origin',(-5.15,-3.75,0.));
#16254=CARTESIAN_POINT('',(-4.688378043414,-3.688378043414,-1.764621956586));
#16255=CARTESIAN_POINT('',(-4.75,-3.75,0.));
#16256=CARTESIAN_POINT('',(-4.688378043414,-3.688378043414,-1.764621956586));
#16257=CARTESIAN_POINT('Origin',(-4.75,-3.35,-2.103));
#16258=CARTESIAN_POINT('',(-4.35,-3.35,-2.103));
#16259=CARTESIAN_POINT('Origin',(-4.35,4.4,-2.103));
#16260=CARTESIAN_POINT('',(-4.688378043414,4.338378043414,-1.764621956586));
#16261=CARTESIAN_POINT('',(-4.35,4.,-2.103));
#16262=CARTESIAN_POINT('',(-4.688378043414,4.338378043414,-1.764621956586));
#16263=CARTESIAN_POINT('Origin',(4.75,4.,-2.103));
#16264=CARTESIAN_POINT('',(4.688378043414,4.338378043414,-1.764621956586));
#16265=CARTESIAN_POINT('Origin',(-5.15,4.320396794917,-2.279537542883));
#16266=CARTESIAN_POINT('',(-4.75,4.4,0.));
#16267=CARTESIAN_POINT('Origin',(-4.75,4.4,0.));
#16268=CARTESIAN_POINT('',(-4.75,-1.099843726813,0.));
#16269=CARTESIAN_POINT('',(-4.75,4.4,0.));
#16270=CARTESIAN_POINT('Origin',(-4.75,-3.75,0.));
#16271=CARTESIAN_POINT('Origin',(-4.75,-3.75,0.));
#16272=CARTESIAN_POINT('Origin',(3.75,-0.8622053549471,7.22));
#16273=CARTESIAN_POINT('',(3.63189030424,1.8622053549469,7.22));
#16274=CARTESIAN_POINT('',(-3.63189030424,1.8622053549469,7.22));
#16275=CARTESIAN_POINT('',(3.63189030424,-0.8622053549471,7.22));
#16276=CARTESIAN_POINT('',(3.63189030424,1.8622053549469,7.22));
#16277=CARTESIAN_POINT('',(-3.63189030424,-0.8622053549471,7.22));
#16278=CARTESIAN_POINT('Origin',(3.75,-0.8622053549471,7.22));
#16279=CARTESIAN_POINT('',(-3.63189030424,-0.8622053549471,7.22));
#16280=CARTESIAN_POINT('',(-3.63189030424,-0.8622053549471,7.22));
#16281=CARTESIAN_POINT('',(-3.63189030424,1.8622053549469,7.22));
#16282=CARTESIAN_POINT('',(-3.63189030424,1.8622053549469,7.22));
#16283=CARTESIAN_POINT('',(-3.63189030424,1.8622053549469,7.22));
#16284=CARTESIAN_POINT('Origin',(-4.675,1.81,6.95));
#16285=CARTESIAN_POINT('',(-4.575,1.81,6.95));
#16286=CARTESIAN_POINT('',(-4.575,-0.69,6.95));
#16287=CARTESIAN_POINT('',(-4.575,1.81,6.95));
#16288=CARTESIAN_POINT('',(-4.125,-0.69,6.95));
#16289=CARTESIAN_POINT('',(-4.575,-0.69,6.95));
#16290=CARTESIAN_POINT('',(-4.125,1.81,6.95));
#16291=CARTESIAN_POINT('',(-4.125,1.81,6.95));
#16292=CARTESIAN_POINT('',(-4.575,1.81,6.95));
#16293=CARTESIAN_POINT('Origin',(-4.125,1.81,6.95));
#16294=CARTESIAN_POINT('',(-4.125,-0.69,6.8));
#16295=CARTESIAN_POINT('',(-4.125,-0.69,6.95));
#16296=CARTESIAN_POINT('',(-4.125,1.81,6.8));
#16297=CARTESIAN_POINT('',(-4.125,1.81,6.8));
#16298=CARTESIAN_POINT('',(-4.125,1.81,6.95));
#16299=CARTESIAN_POINT('Origin',(-4.575,1.81,6.35));
#16300=CARTESIAN_POINT('',(-4.575,1.81,6.35));
#16301=CARTESIAN_POINT('',(-4.575,1.81,6.35));
#16302=CARTESIAN_POINT('',(-4.575,-0.69,6.35));
#16303=CARTESIAN_POINT('',(-4.575,-0.69,6.35));
#16304=CARTESIAN_POINT('',(-4.575,1.81,6.35));
#16305=CARTESIAN_POINT('Origin',(-4.675,1.81,6.35));
#16306=CARTESIAN_POINT('',(-5.1,1.81,6.35));
#16307=CARTESIAN_POINT('',(-5.1,-0.69,6.35));
#16308=CARTESIAN_POINT('',(-5.1,1.81,6.35));
#16309=CARTESIAN_POINT('',(-4.575,1.81,6.35));
#16310=CARTESIAN_POINT('',(-5.1,-0.69,6.35));
#16311=CARTESIAN_POINT('Origin',(-5.1,1.81,6.35));
#16312=CARTESIAN_POINT('',(-5.1,1.81,7.35));
#16313=CARTESIAN_POINT('',(-5.1,1.81,6.35));
#16314=CARTESIAN_POINT('',(-5.1,-0.69,7.35));
#16315=CARTESIAN_POINT('',(-5.1,-0.69,6.35));
#16316=CARTESIAN_POINT('',(-5.1,-0.69,7.35));
#16317=CARTESIAN_POINT('Origin',(5.05,-0.69,8.325));
#16318=CARTESIAN_POINT('',(5.05,1.81,8.325));
#16319=CARTESIAN_POINT('',(4.575,1.81,7.85));
#16320=CARTESIAN_POINT('',(5.05,1.81,8.325));
#16321=CARTESIAN_POINT('',(4.575,-0.69,7.85));
#16322=CARTESIAN_POINT('',(4.575,-0.69,7.85));
#16323=CARTESIAN_POINT('',(5.05,-0.69,8.325));
#16324=CARTESIAN_POINT('',(5.05,-0.69,8.325));
#16325=CARTESIAN_POINT('',(5.05,-0.69,8.325));
#16326=CARTESIAN_POINT('Origin',(4.575,4.4,7.35));
#16327=CARTESIAN_POINT('',(4.575,1.81,6.95));
#16328=CARTESIAN_POINT('',(4.575,-0.69,6.95));
#16329=CARTESIAN_POINT('',(4.575,1.81,6.95));
#16330=CARTESIAN_POINT('',(4.575,-0.69,6.95));
#16331=CARTESIAN_POINT('',(4.575,1.81,6.95));
#16332=CARTESIAN_POINT('Origin',(4.125,1.81,6.95));
#16333=CARTESIAN_POINT('',(4.125,1.81,6.95));
#16334=CARTESIAN_POINT('',(4.125,-0.69,6.95));
#16335=CARTESIAN_POINT('',(4.125,1.81,6.95));
#16336=CARTESIAN_POINT('',(4.125,-0.69,6.95));
#16337=CARTESIAN_POINT('',(4.125,1.81,6.95));
#16338=CARTESIAN_POINT('Origin',(4.125,1.81,6.65));
#16339=CARTESIAN_POINT('',(4.125,1.81,6.8));
#16340=CARTESIAN_POINT('',(4.125,-0.69,6.8));
#16341=CARTESIAN_POINT('',(4.125,1.81,6.8));
#16342=CARTESIAN_POINT('',(4.125,-0.69,6.8));
#16343=CARTESIAN_POINT('',(4.125,1.81,6.8));
#16344=CARTESIAN_POINT('Origin',(4.575,1.81,6.35));
#16345=CARTESIAN_POINT('',(4.575,-0.69,6.35));
#16346=CARTESIAN_POINT('',(4.575,-0.69,6.35));
#16347=CARTESIAN_POINT('',(4.575,1.81,6.35));
#16348=CARTESIAN_POINT('',(4.575,1.81,6.35));
#16349=CARTESIAN_POINT('',(4.575,1.81,6.35));
#16350=CARTESIAN_POINT('Origin',(5.15,1.81,6.35));
#16351=CARTESIAN_POINT('',(5.1,1.81,6.35));
#16352=CARTESIAN_POINT('',(5.1,-0.69,6.35));
#16353=CARTESIAN_POINT('',(5.1,1.81,6.35));
#16354=CARTESIAN_POINT('',(4.575,-0.69,6.35));
#16355=CARTESIAN_POINT('',(5.1,1.81,6.35));
#16356=CARTESIAN_POINT('Origin',(5.1,1.81,7.35));
#16357=CARTESIAN_POINT('',(5.1,-0.69,7.35));
#16358=CARTESIAN_POINT('',(5.1,-0.69,7.35));
#16359=CARTESIAN_POINT('',(5.1,1.81,7.35));
#16360=CARTESIAN_POINT('',(5.1,1.81,7.35));
#16361=CARTESIAN_POINT('',(5.1,-0.69,7.35));
#16362=CARTESIAN_POINT('Origin',(4.075,2.31,12.));
#16363=CARTESIAN_POINT('',(4.075,-1.19,12.));
#16364=CARTESIAN_POINT('',(4.075,-1.19,9.02));
#16365=CARTESIAN_POINT('',(4.075,-1.19,12.));
#16366=CARTESIAN_POINT('',(4.075,2.31,9.02));
#16367=CARTESIAN_POINT('',(4.075,2.31,9.02));
#16368=CARTESIAN_POINT('',(4.075,2.31,12.));
#16369=CARTESIAN_POINT('',(4.075,2.31,12.));
#16370=CARTESIAN_POINT('',(4.075,2.31,12.));
#16371=CARTESIAN_POINT('Origin',(3.825,-1.19,12.));
#16372=CARTESIAN_POINT('',(5.05,-1.19,9.02));
#16373=CARTESIAN_POINT('',(5.05,-1.19,12.));
#16374=CARTESIAN_POINT('',(5.05,-1.19,9.02));
#16375=CARTESIAN_POINT('',(4.075,-1.19,9.02));
#16376=CARTESIAN_POINT('',(5.05,-1.19,12.));
#16377=CARTESIAN_POINT('Origin',(-4.675,-1.19,12.));
#16378=CARTESIAN_POINT('',(-5.05,-1.19,12.));
#16379=CARTESIAN_POINT('',(-5.05,-1.19,9.02));
#16380=CARTESIAN_POINT('',(-5.05,-1.19,12.));
#16381=CARTESIAN_POINT('',(-4.075,-1.19,12.));
#16382=CARTESIAN_POINT('',(-4.075,-1.19,12.));
#16383=CARTESIAN_POINT('',(-4.075,-1.19,9.02));
#16384=CARTESIAN_POINT('',(-4.075,-1.19,12.));
#16385=CARTESIAN_POINT('',(-5.05,-1.19,9.02));
#16386=CARTESIAN_POINT('Origin',(-4.075,-1.19,12.));
#16387=CARTESIAN_POINT('',(-4.075,2.31,12.));
#16388=CARTESIAN_POINT('',(-4.075,2.31,9.02));
#16389=CARTESIAN_POINT('',(-4.075,2.31,12.));
#16390=CARTESIAN_POINT('',(-4.075,-1.19,9.02));
#16391=CARTESIAN_POINT('',(-4.075,-1.19,12.));
#16392=CARTESIAN_POINT('Origin',(-3.825,2.31,12.));
#16393=CARTESIAN_POINT('',(-5.05,2.31,9.02));
#16394=CARTESIAN_POINT('',(-5.05,2.31,12.));
#16395=CARTESIAN_POINT('',(-5.05,2.31,9.02));
#16396=CARTESIAN_POINT('',(-4.075,2.31,9.02));
#16397=CARTESIAN_POINT('',(-5.05,2.31,12.));
#16398=CARTESIAN_POINT('Origin',(4.,-2.8,9.15));
#16399=CARTESIAN_POINT('',(3.4,-2.8,10.75));
#16400=CARTESIAN_POINT('Origin',(4.,-2.8,10.75));
#16401=CARTESIAN_POINT('',(3.4,-2.8,9.02));
#16402=CARTESIAN_POINT('',(3.4,-2.8,9.15));
#16403=CARTESIAN_POINT('Origin',(4.,-2.8,9.02));
#16404=CARTESIAN_POINT('Origin',(-6.,4.4,10.75));
#16405=CARTESIAN_POINT('Origin',(-6.,4.4,10.75));
#16406=CARTESIAN_POINT('',(-4.6,-2.8,10.75));
#16407=CARTESIAN_POINT('Origin',(-4.,-2.8,10.75));
#16408=CARTESIAN_POINT('Origin',(-4.,-2.8,9.15));
#16409=CARTESIAN_POINT('',(-4.6,-2.8,9.02));
#16410=CARTESIAN_POINT('',(-4.6,-2.8,9.15));
#16411=CARTESIAN_POINT('Origin',(-4.,-2.8,9.02));
#16412=CARTESIAN_POINT('Origin',(0.,0.5,9.95));
#16413=CARTESIAN_POINT('',(-1.,0.5,9.42));
#16414=CARTESIAN_POINT('Origin',(0.,0.5,9.42));
#16415=CARTESIAN_POINT('',(-1.,0.5,9.82));
#16416=CARTESIAN_POINT('',(-1.,0.5,9.95));
#16417=CARTESIAN_POINT('Origin',(0.,0.5,9.82));
#16418=CARTESIAN_POINT('Origin',(3.75,-1.,9.15));
#16419=CARTESIAN_POINT('',(2.85,-1.,9.02));
#16420=CARTESIAN_POINT('',(2.85,-1.,9.82));
#16421=CARTESIAN_POINT('',(2.85,-1.,9.02));
#16422=CARTESIAN_POINT('',(3.75,-1.,9.82));
#16423=CARTESIAN_POINT('',(3.75,-1.,9.82));
#16424=CARTESIAN_POINT('',(3.75,-1.,9.02));
#16425=CARTESIAN_POINT('',(3.75,-1.,9.02));
#16426=CARTESIAN_POINT('',(3.75,-1.,9.02));
#16427=CARTESIAN_POINT('Origin',(3.75,2.,9.15));
#16428=CARTESIAN_POINT('',(3.75,2.,9.82));
#16429=CARTESIAN_POINT('',(3.75,2.,9.82));
#16430=CARTESIAN_POINT('',(3.75,2.,9.02));
#16431=CARTESIAN_POINT('',(3.75,2.,9.02));
#16432=CARTESIAN_POINT('',(3.75,2.,9.02));
#16433=CARTESIAN_POINT('Origin',(2.85,2.,9.15));
#16434=CARTESIAN_POINT('',(2.85,2.,9.82));
#16435=CARTESIAN_POINT('',(2.85,2.,9.82));
#16436=CARTESIAN_POINT('',(2.85,2.,9.02));
#16437=CARTESIAN_POINT('',(2.85,2.,9.02));
#16438=CARTESIAN_POINT('',(2.85,2.,9.02));
#16439=CARTESIAN_POINT('Origin',(2.85,2.975,9.15));
#16440=CARTESIAN_POINT('',(2.85,2.975,9.82));
#16441=CARTESIAN_POINT('',(2.85,2.975,9.82));
#16442=CARTESIAN_POINT('',(2.85,2.975,9.02));
#16443=CARTESIAN_POINT('',(2.85,2.975,9.02));
#16444=CARTESIAN_POINT('',(2.85,2.975,9.02));
#16445=CARTESIAN_POINT('Origin',(-2.85,2.975,9.15));
#16446=CARTESIAN_POINT('',(-2.85,2.975,9.82));
#16447=CARTESIAN_POINT('',(-2.85,2.975,9.82));
#16448=CARTESIAN_POINT('',(-2.85,2.975,9.02));
#16449=CARTESIAN_POINT('',(-2.85,2.975,9.02));
#16450=CARTESIAN_POINT('',(-2.85,2.975,9.02));
#16451=CARTESIAN_POINT('Origin',(-2.85,2.,9.15));
#16452=CARTESIAN_POINT('',(-2.85,2.,9.82));
#16453=CARTESIAN_POINT('',(-2.85,2.,9.82));
#16454=CARTESIAN_POINT('',(-2.85,2.,9.02));
#16455=CARTESIAN_POINT('',(-2.85,2.,9.02));
#16456=CARTESIAN_POINT('',(-2.85,2.,9.02));
#16457=CARTESIAN_POINT('Origin',(-3.75,2.,9.15));
#16458=CARTESIAN_POINT('',(-3.75,2.,9.82));
#16459=CARTESIAN_POINT('',(-3.75,2.,9.82));
#16460=CARTESIAN_POINT('',(-3.75,2.,9.02));
#16461=CARTESIAN_POINT('',(-3.75,2.,9.02));
#16462=CARTESIAN_POINT('',(-3.75,2.,9.02));
#16463=CARTESIAN_POINT('Origin',(-3.75,-1.,9.15));
#16464=CARTESIAN_POINT('',(-3.75,-1.,9.82));
#16465=CARTESIAN_POINT('',(-3.75,-1.,9.82));
#16466=CARTESIAN_POINT('',(-3.75,-1.,9.02));
#16467=CARTESIAN_POINT('',(-3.75,-1.,9.02));
#16468=CARTESIAN_POINT('',(-3.75,-1.,9.02));
#16469=CARTESIAN_POINT('Origin',(-2.85,-1.,9.15));
#16470=CARTESIAN_POINT('',(-2.85,-1.,9.82));
#16471=CARTESIAN_POINT('',(-2.85,-1.,9.82));
#16472=CARTESIAN_POINT('',(-2.85,-1.,9.02));
#16473=CARTESIAN_POINT('',(-2.85,-1.,9.02));
#16474=CARTESIAN_POINT('',(-2.85,-1.,9.02));
#16475=CARTESIAN_POINT('Origin',(-2.85,-1.975,9.15));
#16476=CARTESIAN_POINT('',(-2.85,-2.775,9.82));
#16477=CARTESIAN_POINT('',(-2.85,-1.,9.82));
#16478=CARTESIAN_POINT('',(-2.85,-2.775,9.02));
#16479=CARTESIAN_POINT('',(-2.85,-2.775,9.02));
#16480=CARTESIAN_POINT('',(-2.85,-1.,9.02));
#16481=CARTESIAN_POINT('Origin',(-6.,-4.2,9.82));
#16482=CARTESIAN_POINT('',(2.85,-2.775,9.82));
#16483=CARTESIAN_POINT('',(2.85,-2.775,9.82));
#16484=CARTESIAN_POINT('',(2.85,-2.775,9.82));
#16485=CARTESIAN_POINT('Origin',(2.85,-1.,9.15));
#16486=CARTESIAN_POINT('',(2.85,-2.775,9.02));
#16487=CARTESIAN_POINT('',(2.85,-2.775,9.02));
#16488=CARTESIAN_POINT('',(2.85,-2.775,9.02));
#16489=CARTESIAN_POINT('Origin',(2.85,-2.775,9.15));
#16490=CARTESIAN_POINT('',(2.85,-2.775,9.02));
#16491=CARTESIAN_POINT('Origin',(-4.,3.2,9.15));
#16492=CARTESIAN_POINT('',(-3.5,3.2,10.75));
#16493=CARTESIAN_POINT('Origin',(-4.,3.2,10.75));
#16494=CARTESIAN_POINT('',(-3.5,3.2,9.02));
#16495=CARTESIAN_POINT('',(-3.5,3.2,9.15));
#16496=CARTESIAN_POINT('Origin',(-4.,3.2,9.02));
#16497=CARTESIAN_POINT('Origin',(-6.,4.4,10.75));
#16498=CARTESIAN_POINT('Origin',(-6.,4.4,10.75));
#16499=CARTESIAN_POINT('',(4.5,3.2,10.75));
#16500=CARTESIAN_POINT('Origin',(4.,3.2,10.75));
#16501=CARTESIAN_POINT('Origin',(4.,3.2,9.15));
#16502=CARTESIAN_POINT('',(4.5,3.2,9.02));
#16503=CARTESIAN_POINT('',(4.5,3.2,9.15));
#16504=CARTESIAN_POINT('Origin',(4.,3.2,9.02));
#16505=CARTESIAN_POINT('Origin',(4.675,4.4,9.02));
#16506=CARTESIAN_POINT('',(5.05,-4.2,9.02));
#16507=CARTESIAN_POINT('',(5.05,-4.2,9.02));
#16508=CARTESIAN_POINT('',(-5.05,-4.2,9.02));
#16509=CARTESIAN_POINT('',(-5.05,-4.2,9.02));
#16510=CARTESIAN_POINT('',(-5.05,-1.19,9.02));
#16511=CARTESIAN_POINT('',(-5.05,4.4,9.02));
#16512=CARTESIAN_POINT('',(-5.05,4.4,9.02));
#16513=CARTESIAN_POINT('',(5.05,4.4,9.02));
#16514=CARTESIAN_POINT('',(5.05,4.4,9.02));
#16515=CARTESIAN_POINT('',(5.05,2.31,9.02));
#16516=CARTESIAN_POINT('',(5.05,2.31,9.02));
#16517=CARTESIAN_POINT('',(5.05,2.31,9.02));
#16518=CARTESIAN_POINT('Origin',(4.675,2.31,12.));
#16519=CARTESIAN_POINT('',(5.05,2.31,12.));
#16520=CARTESIAN_POINT('',(5.05,2.31,12.));
#16521=CARTESIAN_POINT('',(4.075,2.31,12.));
#16522=CARTESIAN_POINT('Origin',(-6.,4.4,10.8));
#16523=CARTESIAN_POINT('',(-0.420144630667,-0.167135255366,10.8));
#16524=CARTESIAN_POINT('',(-0.420144630667,-1.401904295428,10.8));
#16525=CARTESIAN_POINT('',(-0.420144630667,-0.167135255366,10.8));
#16526=CARTESIAN_POINT('',(-0.9069285791531,-1.401904295428,10.8));
#16527=CARTESIAN_POINT('',(-0.420144630667,-1.401904295428,10.8));
#16528=CARTESIAN_POINT('',(0.,-2.3754721924,10.8));
#16529=CARTESIAN_POINT('',(-0.9069285791531,-1.401904295428,10.8));
#16530=CARTESIAN_POINT('',(0.9069285791531,-1.401904295428,10.8));
#16531=CARTESIAN_POINT('',(0.,-2.3754721924,10.8));
#16532=CARTESIAN_POINT('',(0.420144630667,-1.401904295428,10.8));
#16533=CARTESIAN_POINT('',(0.9069285791531,-1.401904295428,10.8));
#16534=CARTESIAN_POINT('',(0.420144630667,-0.167135255366,10.8));
#16535=CARTESIAN_POINT('',(0.420144630667,-1.401904295428,10.8));
#16536=CARTESIAN_POINT('',(0.420144630667,-0.167135255366,10.8));
#16537=CARTESIAN_POINT('Origin',(-0.420144630667,-0.167135255366,11.));
#16538=CARTESIAN_POINT('',(-0.420144630667,-1.401904295428,11.));
#16539=CARTESIAN_POINT('',(-0.420144630667,-1.401904295428,11.));
#16540=CARTESIAN_POINT('',(-0.420144630667,-0.167135255366,11.));
#16541=CARTESIAN_POINT('',(-0.420144630667,-0.167135255366,11.));
#16542=CARTESIAN_POINT('',(-0.420144630667,-0.167135255366,11.));
#16543=CARTESIAN_POINT('Origin',(-0.420144630667,-1.401904295428,11.));
#16544=CARTESIAN_POINT('',(-0.9069285791531,-1.401904295428,11.));
#16545=CARTESIAN_POINT('',(-0.9069285791531,-1.401904295428,11.));
#16546=CARTESIAN_POINT('',(-0.420144630667,-1.401904295428,11.));
#16547=CARTESIAN_POINT('Origin',(-0.9069285791531,-1.401904295428,11.));
#16548=CARTESIAN_POINT('',(0.,-2.3754721924,11.));
#16549=CARTESIAN_POINT('',(0.,-2.3754721924,11.));
#16550=CARTESIAN_POINT('',(-0.9069285791531,-1.401904295428,11.));
#16551=CARTESIAN_POINT('Origin',(0.,-2.3754721924,11.));
#16552=CARTESIAN_POINT('',(0.9069285791531,-1.401904295428,11.));
#16553=CARTESIAN_POINT('',(0.9069285791531,-1.401904295428,11.));
#16554=CARTESIAN_POINT('',(0.,-2.3754721924,11.));
#16555=CARTESIAN_POINT('Origin',(0.9069285791531,-1.401904295428,11.));
#16556=CARTESIAN_POINT('',(0.420144630667,-1.401904295428,11.));
#16557=CARTESIAN_POINT('',(0.420144630667,-1.401904295428,11.));
#16558=CARTESIAN_POINT('',(0.9069285791531,-1.401904295428,11.));
#16559=CARTESIAN_POINT('Origin',(0.420144630667,-1.401904295428,11.));
#16560=CARTESIAN_POINT('',(0.420144630667,-0.167135255366,11.));
#16561=CARTESIAN_POINT('',(0.420144630667,-0.167135255366,11.));
#16562=CARTESIAN_POINT('',(0.420144630667,-1.401904295428,11.));
#16563=CARTESIAN_POINT('Origin',(0.420144630667,-0.167135255366,11.));
#16564=CARTESIAN_POINT('',(0.420144630667,-0.167135255366,11.));
#16565=CARTESIAN_POINT('Origin',(-6.,4.4,11.));
#16566=CARTESIAN_POINT('',(-3.125,-3.2,11.));
#16567=CARTESIAN_POINT('',(3.125,-3.2,11.));
#16568=CARTESIAN_POINT('',(-3.125,-3.2,11.));
#16569=CARTESIAN_POINT('',(3.125,3.4,11.));
#16570=CARTESIAN_POINT('',(3.125,-3.2,11.));
#16571=CARTESIAN_POINT('',(-3.125,3.4,11.));
#16572=CARTESIAN_POINT('',(3.125,3.4,11.));
#16573=CARTESIAN_POINT('',(-3.125,3.4,11.));
#16574=CARTESIAN_POINT('Origin',(-3.125,-3.2,12.));
#16575=CARTESIAN_POINT('',(3.125,-3.2,12.));
#16576=CARTESIAN_POINT('',(3.125,-3.2,12.));
#16577=CARTESIAN_POINT('',(-3.125,-3.2,12.));
#16578=CARTESIAN_POINT('',(-3.125,-3.2,12.));
#16579=CARTESIAN_POINT('',(-3.125,-3.2,12.));
#16580=CARTESIAN_POINT('Origin',(3.125,-3.2,12.));
#16581=CARTESIAN_POINT('',(3.125,3.4,12.));
#16582=CARTESIAN_POINT('',(3.125,3.4,12.));
#16583=CARTESIAN_POINT('',(3.125,-3.2,12.));
#16584=CARTESIAN_POINT('Origin',(3.125,3.4,12.));
#16585=CARTESIAN_POINT('',(-3.125,3.4,12.));
#16586=CARTESIAN_POINT('',(-3.125,3.4,12.));
#16587=CARTESIAN_POINT('',(3.125,3.4,12.));
#16588=CARTESIAN_POINT('Origin',(-3.125,3.4,12.));
#16589=CARTESIAN_POINT('',(-3.125,3.4,12.));
#16590=CARTESIAN_POINT('Origin',(-6.,4.4,7.35));
#16591=CARTESIAN_POINT('',(-6.,4.4,7.35));
#16592=CARTESIAN_POINT('',(-6.,-4.2,7.35));
#16593=CARTESIAN_POINT('',(-6.,4.4,7.35));
#16594=CARTESIAN_POINT('',(-6.,-4.2,12.));
#16595=CARTESIAN_POINT('',(-6.,-4.2,7.35));
#16596=CARTESIAN_POINT('',(-6.,4.4,12.));
#16597=CARTESIAN_POINT('',(-6.,4.4,12.));
#16598=CARTESIAN_POINT('',(-6.,4.4,7.35));
#16599=CARTESIAN_POINT('Origin',(-6.,4.4,12.));
#16600=CARTESIAN_POINT('',(6.,-4.2,12.));
#16601=CARTESIAN_POINT('',(-6.,-4.2,12.));
#16602=CARTESIAN_POINT('',(6.,4.4,12.));
#16603=CARTESIAN_POINT('',(6.,4.4,12.));
#16604=CARTESIAN_POINT('',(-6.,4.4,12.));
#16605=CARTESIAN_POINT('',(-5.05,-1.19,12.));
#16606=CARTESIAN_POINT('',(5.05,-1.19,12.));
#16607=CARTESIAN_POINT('Origin',(-6.,4.4,0.));
#16608=CARTESIAN_POINT('',(-5.05,4.4,7.35));
#16609=CARTESIAN_POINT('',(-5.05,4.4,7.35));
#16610=CARTESIAN_POINT('',(-5.05,4.4,7.35));
#16611=CARTESIAN_POINT('',(6.,4.4,7.35));
#16612=CARTESIAN_POINT('',(6.,4.4,12.));
#16613=CARTESIAN_POINT('',(5.05,4.4,7.35));
#16614=CARTESIAN_POINT('',(6.,4.4,7.35));
#16615=CARTESIAN_POINT('',(5.05,4.4,7.35));
#16616=CARTESIAN_POINT('Origin',(6.,4.4,12.));
#16617=CARTESIAN_POINT('',(6.,-4.2,7.35));
#16618=CARTESIAN_POINT('',(6.,-4.2,12.));
#16619=CARTESIAN_POINT('',(6.,4.4,7.35));
#16620=CARTESIAN_POINT('Origin',(6.,4.4,7.35));
#16621=CARTESIAN_POINT('',(5.05,-0.69,7.35));
#16622=CARTESIAN_POINT('',(5.1,-0.69,7.35));
#16623=CARTESIAN_POINT('',(5.05,1.81,7.35));
#16624=CARTESIAN_POINT('',(5.1,1.81,7.35));
#16625=CARTESIAN_POINT('',(5.05,1.81,7.35));
#16626=CARTESIAN_POINT('',(5.05,-4.2,7.35));
#16627=CARTESIAN_POINT('',(6.,-4.2,7.35));
#16628=CARTESIAN_POINT('',(5.05,-4.2,7.35));
#16629=CARTESIAN_POINT('Origin',(5.05,4.4,12.));
#16630=CARTESIAN_POINT('',(5.05,-0.69,7.35));
#16631=CARTESIAN_POINT('',(5.05,-4.2,9.02));
#16632=CARTESIAN_POINT('',(5.05,1.81,7.35));
#16633=CARTESIAN_POINT('Origin',(-6.,-4.2,9.1));
#16634=CARTESIAN_POINT('',(-5.05,-4.2,7.35));
#16635=CARTESIAN_POINT('',(-5.05,-4.2,7.35));
#16636=CARTESIAN_POINT('',(-5.05,-4.2,9.02));
#16637=CARTESIAN_POINT('Origin',(-5.05,-0.69,8.325));
#16638=CARTESIAN_POINT('',(-5.05,-0.69,8.325));
#16639=CARTESIAN_POINT('',(-4.575,-0.69,7.85));
#16640=CARTESIAN_POINT('',(-5.05,-0.69,8.325));
#16641=CARTESIAN_POINT('',(-4.575,1.81,7.85));
#16642=CARTESIAN_POINT('',(-4.575,-0.69,7.85));
#16643=CARTESIAN_POINT('',(-5.05,1.81,8.325));
#16644=CARTESIAN_POINT('',(-5.05,1.81,8.325));
#16645=CARTESIAN_POINT('',(-5.05,-0.69,8.325));
#16646=CARTESIAN_POINT('Origin',(-5.05,4.4,12.));
#16647=CARTESIAN_POINT('',(-5.05,1.81,7.35));
#16648=CARTESIAN_POINT('',(-5.05,1.81,7.35));
#16649=CARTESIAN_POINT('',(-5.05,-0.69,7.35));
#16650=CARTESIAN_POINT('',(-5.05,-4.2,7.35));
#16651=CARTESIAN_POINT('',(-5.05,-0.69,7.35));
#16652=CARTESIAN_POINT('',(-5.05,1.81,7.35));
#16653=CARTESIAN_POINT('Origin',(-4.645,4.4,7.35));
#16654=CARTESIAN_POINT('',(-5.1,1.81,7.35));
#16655=CARTESIAN_POINT('',(-5.1,-0.69,7.35));
#16656=CARTESIAN_POINT('Origin',(0.,-0.69,3.));
#16657=CARTESIAN_POINT('Origin',(0.,-0.69,3.));
#16658=CARTESIAN_POINT('',(-4.575,-0.69,7.85));
#16659=CARTESIAN_POINT('Origin',(-4.575,1.81,7.35));
#16660=CARTESIAN_POINT('',(-4.575,1.81,7.85));
#16661=CARTESIAN_POINT('Origin',(0.,1.81,3.));
#16662=CARTESIAN_POINT('Origin',(0.,1.81,3.));
#16663=CARTESIAN_POINT('Origin',(-2.89,-9.6000000000001,8.5449999999991));
#16664=CARTESIAN_POINT('',(1.52,-0.9781278341191,8.5449999999998));
#16665=CARTESIAN_POINT('',(1.02,-0.9781278341191,8.5449999999998));
#16666=CARTESIAN_POINT('',(1.52,-0.9781278341191,8.5449999999998));
#16667=CARTESIAN_POINT('',(1.52,-1.4000000000001,8.5449999999997));
#16668=CARTESIAN_POINT('',(1.52,-1.4000000000001,8.5449999999997));
#16669=CARTESIAN_POINT('',(1.02,-1.4000000000001,8.5449999999997));
#16670=CARTESIAN_POINT('',(1.52,-1.4000000000001,8.5449999999997));
#16671=CARTESIAN_POINT('',(1.02,-1.4000000000001,8.5449999999997));
#16672=CARTESIAN_POINT('Origin',(1.52,-1.4000000000001,8.5449999999997));
#16673=CARTESIAN_POINT('',(1.52,-1.4000000000001,8.7949999999998));
#16674=CARTESIAN_POINT('',(1.52,-1.4000000000001,8.7949999999998));
#16675=CARTESIAN_POINT('',(1.52,-1.0000000000001,8.7949999999998));
#16676=CARTESIAN_POINT('',(1.52,-1.0000000000001,8.7949999999998));
#16677=CARTESIAN_POINT('',(1.52,-1.4000000000001,8.7949999999998));
#16678=CARTESIAN_POINT('Origin',(1.02,-1.4000000000001,8.5449999999997));
#16679=CARTESIAN_POINT('',(1.02,-1.4000000000001,8.7949999999998));
#16680=CARTESIAN_POINT('',(1.02,-1.4000000000001,8.7949999999998));
#16681=CARTESIAN_POINT('',(1.52,-1.4000000000001,8.7949999999998));
#16682=CARTESIAN_POINT('Origin',(1.02,-0.9781278341191,8.5449999999998));
#16683=CARTESIAN_POINT('',(1.02,-1.0000000000001,8.7949999999998));
#16684=CARTESIAN_POINT('',(1.02,-1.4000000000001,8.7949999999998));
#16685=CARTESIAN_POINT('',(1.02,-0.9781278341191,8.5449999999998));
#16686=CARTESIAN_POINT('Origin',(-2.89,-0.9167071409671,8.7949999999998));
#16687=CARTESIAN_POINT('',(1.52,-1.0000000000001,8.7949999999998));
#16688=CARTESIAN_POINT('Origin',(-2.89,-9.6000000000001,8.5449999999991));
#16689=CARTESIAN_POINT('',(2.79,-0.9781278341191,8.5449999999998));
#16690=CARTESIAN_POINT('',(2.29,-0.9781278341191,8.5449999999998));
#16691=CARTESIAN_POINT('',(2.79,-0.9781278341191,8.5449999999998));
#16692=CARTESIAN_POINT('',(2.79,-2.5000000000001,8.5449999999996));
#16693=CARTESIAN_POINT('',(2.79,-2.5000000000001,8.5449999999996));
#16694=CARTESIAN_POINT('',(2.889999999999,-2.5000000000001,8.5449999999996));
#16695=CARTESIAN_POINT('',(2.79,-2.5000000000001,8.5449999999996));
#16696=CARTESIAN_POINT('',(2.889999999999,-3.0000000000001,8.5449999999996));
#16697=CARTESIAN_POINT('',(2.889999999999,-2.5000000000001,8.5449999999996));
#16698=CARTESIAN_POINT('',(2.7899999851628,-3.0000000000001,8.5449999999996));
#16699=CARTESIAN_POINT('',(2.789999984644,-3.0000000000001,8.5449999999996));
#16700=CARTESIAN_POINT('',(2.78999992270307,-9.6000000000001,8.5449999999991));
#16701=CARTESIAN_POINT('',(2.789999984644,-3.0000000000001,8.5449999999996));
#16702=CARTESIAN_POINT('',(2.290000000001,-9.6000000000001,8.5449999999991));
#16703=CARTESIAN_POINT('',(2.789999923222,-9.6000000000001,8.5449999999991));
#16704=CARTESIAN_POINT('',(2.290000000001,-3.0000000000001,8.5449999999996));
#16705=CARTESIAN_POINT('',(2.290000000001,-3.0000000000001,8.5449999999996));
#16706=CARTESIAN_POINT('',(2.19,-3.0000000000001,8.5449999999996));
#16707=CARTESIAN_POINT('',(2.290000000001,-3.0000000000001,8.5449999999996));
#16708=CARTESIAN_POINT('',(2.19,-2.5000000000001,8.5449999999996));
#16709=CARTESIAN_POINT('',(2.19,-3.0000000000001,8.5449999999996));
#16710=CARTESIAN_POINT('',(2.29,-2.5000000000001,8.5449999999996));
#16711=CARTESIAN_POINT('',(2.19,-2.5000000000001,8.5449999999996));
#16712=CARTESIAN_POINT('',(2.29,-2.5000000000001,8.5449999999996));
#16713=CARTESIAN_POINT('Origin',(2.79,-2.5000000000001,8.5449999999996));
#16714=CARTESIAN_POINT('',(2.79,-2.5000000000001,8.7949999999998));
#16715=CARTESIAN_POINT('',(2.79,-2.5000000000001,8.7949999999998));
#16716=CARTESIAN_POINT('',(2.79,-1.0000000000001,8.7949999999999));
#16717=CARTESIAN_POINT('',(2.79,-1.0000000000001,8.7949999999999));
#16718=CARTESIAN_POINT('',(2.79,-2.5000000000001,8.7949999999998));
#16719=CARTESIAN_POINT('Origin',(2.889999999999,-2.5000000000001,8.5449999999996));
#16720=CARTESIAN_POINT('',(2.889999999999,-2.5000000000001,8.7949999999998));
#16721=CARTESIAN_POINT('',(2.79,-2.5000000000001,8.7949999999998));
#16722=CARTESIAN_POINT('',(2.889999999999,-2.5000000000001,8.5449999999996));
#16723=CARTESIAN_POINT('Origin',(2.889999999999,0.4999999999999,9.42));
#16724=CARTESIAN_POINT('',(2.889999999999,-3.0000000000001,8.7949999999998));
#16725=CARTESIAN_POINT('',(2.889999999999,-3.0000000000001,8.7949999999998));
#16726=CARTESIAN_POINT('',(2.889999999999,-3.0000000000001,8.5449999999996));
#16727=CARTESIAN_POINT('Origin',(2.789999999999,-3.0000000000001,8.5449999999996));
#16728=CARTESIAN_POINT('',(2.7899999851628,-3.0000000000001,8.7949999999999));
#16729=CARTESIAN_POINT('',(2.789999984644,-3.0000000000001,8.7949999999999));
#16730=CARTESIAN_POINT('',(2.789999984644,-3.0000000000001,8.7949999999999));
#16731=CARTESIAN_POINT('Origin',(2.789999907866,-9.6000000000001,8.5449999999991));
#16732=CARTESIAN_POINT('',(2.78999992270307,-9.60000000000011,8.7949999999998));
#16733=CARTESIAN_POINT('',(2.789999923222,-9.6000000000001,8.5449999999991));
#16734=CARTESIAN_POINT('',(2.789999984644,-3.0000000000001,8.7949999999999));
#16735=CARTESIAN_POINT('Origin',(-2.89,-9.6000000000001,8.7949999999999));
#16736=CARTESIAN_POINT('',(2.290000000001,-9.6000000000001,8.7949999999998));
#16737=CARTESIAN_POINT('',(2.789999923222,-9.6000000000001,8.7949999999998));
#16738=CARTESIAN_POINT('',(2.290000000001,-9.6000000000001,8.5449999999991));
#16739=CARTESIAN_POINT('Origin',(2.290000000001,-3.0000000000001,8.5449999999996));
#16740=CARTESIAN_POINT('',(2.290000000001,-3.0000000000001,8.7949999999999));
#16741=CARTESIAN_POINT('',(2.290000000001,-3.0000000000001,8.7949999999999));
#16742=CARTESIAN_POINT('',(2.290000000001,-3.0000000000001,8.7949999999999));
#16743=CARTESIAN_POINT('Origin',(2.19,-3.0000000000001,8.5449999999996));
#16744=CARTESIAN_POINT('',(2.19,-3.0000000000001,8.7949999999998));
#16745=CARTESIAN_POINT('',(2.19,-3.0000000000001,8.7949999999998));
#16746=CARTESIAN_POINT('',(2.290000000001,-3.0000000000001,8.7949999999999));
#16747=CARTESIAN_POINT('Origin',(2.19,-2.5000000000011,8.5449999999996));
#16748=CARTESIAN_POINT('',(2.19,-2.5000000000001,8.7949999999998));
#16749=CARTESIAN_POINT('',(2.19,-2.5000000000001,8.7949999999998));
#16750=CARTESIAN_POINT('',(2.19,-3.0000000000001,8.7949999999998));
#16751=CARTESIAN_POINT('Origin',(2.29,-2.5000000000001,8.5449999999996));
#16752=CARTESIAN_POINT('',(2.29,-2.5000000000001,8.7949999999998));
#16753=CARTESIAN_POINT('',(2.29,-2.5000000000001,8.7949999999998));
#16754=CARTESIAN_POINT('',(2.19,-2.5000000000001,8.7949999999998));
#16755=CARTESIAN_POINT('Origin',(2.29,-0.9781278341191,8.5449999999998));
#16756=CARTESIAN_POINT('',(2.29,-1.0000000000001,8.7949999999998));
#16757=CARTESIAN_POINT('',(2.29,-2.5000000000001,8.7949999999998));
#16758=CARTESIAN_POINT('',(2.29,-0.9781278341191,8.5449999999998));
#16759=CARTESIAN_POINT('Origin',(-2.89,-0.9167071409671,8.7949999999998));
#16760=CARTESIAN_POINT('',(2.79,-1.0000000000001,8.7949999999999));
#16761=CARTESIAN_POINT('Origin',(0.,0.4999999999999,8.009285714286));
#16762=CARTESIAN_POINT('',(7.34788079488167E-17,1.0999999999997,7.67));
#16763=CARTESIAN_POINT('Origin',(0.,0.4999999999999,7.67));
#16764=CARTESIAN_POINT('',(5.16881496524522E-33,0.4999999999999,7.3200000000003));
#16765=CARTESIAN_POINT('Origin',(0.,0.4999999999999,8.009285714286));
#16766=CARTESIAN_POINT('Origin',(0.,0.4999999999999,7.67));
#16767=CARTESIAN_POINT('',(0.,1.3999999999999,7.67));
#16768=CARTESIAN_POINT('Origin',(0.,0.4999999999999,7.67));
#16769=CARTESIAN_POINT('Origin',(0.,0.4999999999999,7.445));
#16770=CARTESIAN_POINT('',(0.,1.4499999999999,7.22));
#16771=CARTESIAN_POINT('',(1.1327982892113E-16,1.4249999999999,7.445));
#16772=CARTESIAN_POINT('Origin',(0.,0.4999999999999,7.22));
#16773=CARTESIAN_POINT('Origin',(3.75,1.8622053549469,7.22));
#16774=CARTESIAN_POINT('',(-3.75,1.9999999999999,8.795));
#16775=CARTESIAN_POINT('',(-3.75,1.9999999999999,8.795));
#16776=CARTESIAN_POINT('',(3.75,1.9999999999999,8.795));
#16777=CARTESIAN_POINT('',(-3.75,1.9999999999999,8.795));
#16778=CARTESIAN_POINT('',(3.75,1.9999999999999,8.795));
#16779=CARTESIAN_POINT('Origin',(3.75,-0.8622053549471,7.22));
#16780=CARTESIAN_POINT('Origin',(-3.75,3.1599999999999,8.795));
#16781=CARTESIAN_POINT('',(-3.75,-1.0000000000001,8.7949999999999));
#16782=CARTESIAN_POINT('',(-3.75,-1.0000000000001,8.7949999999999));
#16783=CARTESIAN_POINT('',(-3.63189030424,-0.8622053549471,7.22));
#16784=CARTESIAN_POINT('Origin',(3.75,1.9453195852959,9.42));
#16785=CARTESIAN_POINT('',(-3.63189030424,1.9453195852959,9.42000000000005));
#16786=CARTESIAN_POINT('',(3.63189030424,1.9453195852959,9.42000000000003));
#16787=CARTESIAN_POINT('',(-3.63189030424,1.9453195852959,9.42000000000005));
#16788=CARTESIAN_POINT('',(-3.63189030424,-0.9453195852961,9.42000000000012));
#16789=CARTESIAN_POINT('',(-3.63189030424,-0.9453195852961,9.42000000000012));
#16790=CARTESIAN_POINT('',(3.63189030424,-0.9453195852961,9.4200000000001));
#16791=CARTESIAN_POINT('',(-3.63189030424,-0.9453195852961,9.42000000000012));
#16792=CARTESIAN_POINT('',(3.63189030424,-0.9453195852961,9.4200000000001));
#16793=CARTESIAN_POINT('Origin',(-3.568920528512,3.1599999999999,9.7532165879952));
#16794=CARTESIAN_POINT('',(-3.75,-1.0000000000001,8.7949999999999));
#16795=CARTESIAN_POINT('',(-3.75,1.9999999999999,8.795));
#16796=CARTESIAN_POINT('Origin',(-2.290000000001,-9.6000000000001,8.5449999999991));
#16797=CARTESIAN_POINT('',(-2.290000000001,-9.6000000000001,8.5449999999991));
#16798=CARTESIAN_POINT('',(-2.290000000001,-9.6000000000001,8.7949999999998));
#16799=CARTESIAN_POINT('',(-2.290000000001,-9.6000000000001,8.5449999999991));
#16800=CARTESIAN_POINT('',(-2.290000000001,-3.0000000000001,8.5449999999996));
#16801=CARTESIAN_POINT('',(-2.290000000001,-3.0000000000001,8.5449999999996));
#16802=CARTESIAN_POINT('',(-2.290000000001,-3.0000000000001,8.7949999999999));
#16803=CARTESIAN_POINT('',(-2.290000000001,-3.0000000000001,8.7949999999999));
#16804=CARTESIAN_POINT('',(-2.290000000001,-3.0000000000001,8.7949999999999));
#16805=CARTESIAN_POINT('Origin',(-2.89,-9.6000000000001,8.7949999999999));
#16806=CARTESIAN_POINT('',(-2.79,-9.6000000000001,8.7949999999998));
#16807=CARTESIAN_POINT('',(-2.290000000001,-9.6000000000001,8.7949999999998));
#16808=CARTESIAN_POINT('',(-2.79,-9.6000000000001,8.5449999999991));
#16809=CARTESIAN_POINT('',(-2.79,-9.6000000000001,8.5449999999991));
#16810=CARTESIAN_POINT('',(-2.290000000001,-9.6000000000001,8.5449999999991));
#16811=CARTESIAN_POINT('Origin',(-2.79,-3.0000000000001,8.5449999999996));
#16812=CARTESIAN_POINT('',(-2.79,-3.0000000000001,8.7949999999999));
#16813=CARTESIAN_POINT('',(-2.79,-3.0000000000001,8.5449999999996));
#16814=CARTESIAN_POINT('',(-2.79,-3.0000000000001,8.7949999999999));
#16815=CARTESIAN_POINT('',(-2.79,-3.0000000000001,8.5449999999996));
#16816=CARTESIAN_POINT('',(-2.79,-3.0000000000001,8.7949999999999));
#16817=CARTESIAN_POINT('Origin',(-2.89,-3.0000000000001,8.5449999999996));
#16818=CARTESIAN_POINT('',(-2.89,-3.0000000000001,8.5449999999996));
#16819=CARTESIAN_POINT('',(-2.79,-3.0000000000001,8.5449999999996));
#16820=CARTESIAN_POINT('',(-2.89,-3.0000000000001,8.7949999999998));
#16821=CARTESIAN_POINT('',(-2.79,-3.0000000000001,8.7949999999999));
#16822=CARTESIAN_POINT('',(-2.89,-3.0000000000001,8.5449999999996));
#16823=CARTESIAN_POINT('Origin',(-2.89,0.4999999999999,9.42));
#16824=CARTESIAN_POINT('',(-2.89,-2.5000000000001,8.5449999999996));
#16825=CARTESIAN_POINT('',(-2.89,-2.5000000000001,8.5449999999996));
#16826=CARTESIAN_POINT('',(-2.89,-2.5000000000001,8.7949999999998));
#16827=CARTESIAN_POINT('',(-2.89,-3.0000000000001,8.7949999999998));
#16828=CARTESIAN_POINT('',(-2.89,-2.5000000000001,8.5449999999996));
#16829=CARTESIAN_POINT('Origin',(-2.79,-2.5000000000001,8.5449999999996));
#16830=CARTESIAN_POINT('',(-2.79,-2.5000000000001,8.7949999999998));
#16831=CARTESIAN_POINT('',(-2.79,-2.5000000000001,8.7949999999998));
#16832=CARTESIAN_POINT('',(-2.79,-2.5000000000001,8.5449999999996));
#16833=CARTESIAN_POINT('',(-2.79,-2.5000000000001,8.7949999999998));
#16834=CARTESIAN_POINT('',(-2.79,-2.5000000000001,8.5449999999996));
#16835=CARTESIAN_POINT('Origin',(-2.79,-0.9781278341191,8.5449999999998));
#16836=CARTESIAN_POINT('',(-2.79,-0.9781278341191,8.5449999999998));
#16837=CARTESIAN_POINT('',(-2.79,-2.5000000000001,8.5449999999996));
#16838=CARTESIAN_POINT('',(-2.79,-1.0000000000001,8.7949999999998));
#16839=CARTESIAN_POINT('',(-2.79,-2.5000000000001,8.7949999999998));
#16840=CARTESIAN_POINT('',(-2.79,-0.9781278341191,8.5449999999998));
#16841=CARTESIAN_POINT('Origin',(-2.89,-9.6000000000001,8.5449999999991));
#16842=CARTESIAN_POINT('',(-2.29,-0.9781278341191,8.5449999999998));
#16843=CARTESIAN_POINT('',(-2.29,-0.9781278341191,8.5449999999998));
#16844=CARTESIAN_POINT('',(-2.29,-2.5000000000001,8.5449999999996));
#16845=CARTESIAN_POINT('',(-2.29,-2.5000000000001,8.5449999999996));
#16846=CARTESIAN_POINT('',(-2.190000000001,-2.5000000000001,8.5449999999996));
#16847=CARTESIAN_POINT('',(-2.29,-2.5000000000001,8.5449999999996));
#16848=CARTESIAN_POINT('',(-2.190000000001,-3.0000000000001,8.5449999999996));
#16849=CARTESIAN_POINT('',(-2.190000000001,-2.5000000000001,8.5449999999996));
#16850=CARTESIAN_POINT('',(-2.190000000001,-3.0000000000001,8.5449999999996));
#16851=CARTESIAN_POINT('Origin',(-2.29,-2.5000000000001,8.5449999999996));
#16852=CARTESIAN_POINT('',(-2.29,-2.5000000000001,8.7949999999998));
#16853=CARTESIAN_POINT('',(-2.29,-2.5000000000001,8.7949999999998));
#16854=CARTESIAN_POINT('',(-2.29,-1.0000000000001,8.7949999999998));
#16855=CARTESIAN_POINT('',(-2.29,-1.0000000000001,8.7949999999998));
#16856=CARTESIAN_POINT('',(-2.29,-2.5000000000001,8.7949999999998));
#16857=CARTESIAN_POINT('Origin',(-2.190000000001,-2.5000000000001,8.5449999999996));
#16858=CARTESIAN_POINT('',(-2.190000000001,-2.5000000000001,8.7949999999998));
#16859=CARTESIAN_POINT('',(-2.190000000001,-2.5000000000001,8.7949999999998));
#16860=CARTESIAN_POINT('',(-2.29,-2.5000000000001,8.7949999999998));
#16861=CARTESIAN_POINT('Origin',(-2.190000000001,-3.0000000000001,8.5449999999996));
#16862=CARTESIAN_POINT('',(-2.190000000001,-3.0000000000001,8.7949999999998));
#16863=CARTESIAN_POINT('',(-2.190000000001,-3.0000000000001,8.7949999999998));
#16864=CARTESIAN_POINT('',(-2.190000000001,-2.5000000000001,8.7949999999998));
#16865=CARTESIAN_POINT('Origin',(-2.290000000001,-3.0000000000001,8.5449999999996));
#16866=CARTESIAN_POINT('',(-2.190000000001,-3.0000000000001,8.7949999999998));
#16867=CARTESIAN_POINT('Origin',(-2.89,-0.9167071409671,8.7949999999998));
#16868=CARTESIAN_POINT('',(-2.29,-1.0000000000001,8.7949999999998));
#16869=CARTESIAN_POINT('Origin',(-2.89,-9.6000000000001,8.5449999999991));
#16870=CARTESIAN_POINT('',(-1.02,-0.9781278341191,8.5449999999998));
#16871=CARTESIAN_POINT('',(-1.52,-0.9781278341191,8.5449999999998));
#16872=CARTESIAN_POINT('',(-1.02,-0.9781278341191,8.5449999999998));
#16873=CARTESIAN_POINT('',(-1.02,-1.4000000000001,8.5449999999997));
#16874=CARTESIAN_POINT('',(-1.02,-1.4000000000001,8.5449999999997));
#16875=CARTESIAN_POINT('',(-1.52,-1.4000000000001,8.5449999999997));
#16876=CARTESIAN_POINT('',(-1.02,-1.4000000000001,8.5449999999997));
#16877=CARTESIAN_POINT('',(-1.52,-1.4000000000001,8.5449999999997));
#16878=CARTESIAN_POINT('Origin',(-1.02,-1.4000000000001,8.5449999999997));
#16879=CARTESIAN_POINT('',(-1.02,-1.4000000000001,8.7949999999998));
#16880=CARTESIAN_POINT('',(-1.02,-1.4000000000001,8.7949999999998));
#16881=CARTESIAN_POINT('',(-1.02,-1.0000000000001,8.7949999999998));
#16882=CARTESIAN_POINT('',(-1.02,-1.0000000000001,8.7949999999998));
#16883=CARTESIAN_POINT('',(-1.02,-1.4000000000001,8.7949999999998));
#16884=CARTESIAN_POINT('Origin',(-1.52,-1.4000000000001,8.5449999999997));
#16885=CARTESIAN_POINT('',(-1.52,-1.4000000000001,8.7949999999998));
#16886=CARTESIAN_POINT('',(-1.52,-1.4000000000001,8.7949999999998));
#16887=CARTESIAN_POINT('',(-1.02,-1.4000000000001,8.7949999999998));
#16888=CARTESIAN_POINT('Origin',(-1.52,-0.9781278341191,8.5449999999998));
#16889=CARTESIAN_POINT('',(-1.52,-1.0000000000001,8.7949999999998));
#16890=CARTESIAN_POINT('',(-1.52,-1.4000000000001,8.7949999999998));
#16891=CARTESIAN_POINT('',(-1.52,-0.9781278341191,8.5449999999998));
#16892=CARTESIAN_POINT('Origin',(-2.89,-0.9167071409671,8.7949999999998));
#16893=CARTESIAN_POINT('',(-1.02,-1.0000000000001,8.7949999999998));
#16894=CARTESIAN_POINT('Origin',(-2.89,-9.6000000000001,8.7949999999999));
#16895=CARTESIAN_POINT('',(0.2500000000005,-9.6000000000001,8.7949999999998));
#16896=CARTESIAN_POINT('',(-0.2500000000002,-9.6000000000001,8.7949999999998));
#16897=CARTESIAN_POINT('',(0.2500000000005,-9.6000000000001,8.7949999999998));
#16898=CARTESIAN_POINT('',(-0.2500000000002,-9.6000000000001,8.5449999999991));
#16899=CARTESIAN_POINT('',(-0.2500000000002,-9.6000000000001,8.5449999999991));
#16900=CARTESIAN_POINT('',(0.2500000000005,-9.6000000000001,8.5449999999991));
#16901=CARTESIAN_POINT('',(0.2500000000005,-9.6000000000001,8.5449999999991));
#16902=CARTESIAN_POINT('',(0.2500000000005,-9.6000000000001,8.5449999999991));
#16903=CARTESIAN_POINT('Origin',(-0.2500000000002,-3.0000000000001,8.5449999999996));
#16904=CARTESIAN_POINT('',(-0.2500000000002,-3.0000000000001,8.7949999999999));
#16905=CARTESIAN_POINT('',(-0.2500000000002,-3.0000000000001,8.5449999999996));
#16906=CARTESIAN_POINT('',(-0.2500000000002,-3.0000000000001,8.7949999999999));
#16907=CARTESIAN_POINT('',(-0.2500000000002,-3.0000000000001,8.5449999999996));
#16908=CARTESIAN_POINT('',(-0.2500000000002,-3.0000000000001,8.7949999999999));
#16909=CARTESIAN_POINT('Origin',(-0.3499999999992,-3.0000000000001,8.5449999999996));
#16910=CARTESIAN_POINT('',(-0.3499999999992,-3.0000000000001,8.7949999999998));
#16911=CARTESIAN_POINT('',(-0.3499999999992,-3.0000000000001,8.5449999999996));
#16912=CARTESIAN_POINT('',(-0.3499999999992,-3.0000000000001,8.7949999999998));
#16913=CARTESIAN_POINT('',(-0.2500000000002,-3.0000000000001,8.5449999999996));
#16914=CARTESIAN_POINT('',(-0.2500000000002,-3.0000000000001,8.7949999999999));
#16915=CARTESIAN_POINT('Origin',(-0.349999999999,-2.5000000000001,8.5449999999996));
#16916=CARTESIAN_POINT('',(-0.349999999999,-2.5000000000001,8.7949999999998));
#16917=CARTESIAN_POINT('',(-0.349999999999,-2.5000000000001,8.5449999999996));
#16918=CARTESIAN_POINT('',(-0.349999999999,-2.5000000000001,8.7949999999998));
#16919=CARTESIAN_POINT('',(-0.3499999999992,-3.0000000000001,8.5449999999996));
#16920=CARTESIAN_POINT('',(-0.3499999999992,-3.0000000000001,8.7949999999998));
#16921=CARTESIAN_POINT('Origin',(-0.25,-2.5000000000001,8.5449999999996));
#16922=CARTESIAN_POINT('',(-0.25,-2.5000000000001,8.7949999999998));
#16923=CARTESIAN_POINT('',(-0.25,-2.5000000000001,8.5449999999996));
#16924=CARTESIAN_POINT('',(-0.25,-2.5000000000001,8.7949999999998));
#16925=CARTESIAN_POINT('',(-0.349999999999,-2.5000000000001,8.5449999999996));
#16926=CARTESIAN_POINT('',(-0.349999999999,-2.5000000000001,8.7949999999998));
#16927=CARTESIAN_POINT('Origin',(-0.2500000000002,-0.9781278341191,8.5449999999998));
#16928=CARTESIAN_POINT('',(-0.2500000000002,-0.9781278341191,8.5449999999998));
#16929=CARTESIAN_POINT('',(-0.25,-2.5000000000001,8.5449999999996));
#16930=CARTESIAN_POINT('',(-0.2500000000002,-1.0000000000001,8.7949999999998));
#16931=CARTESIAN_POINT('',(-0.25,-2.5000000000001,8.7949999999998));
#16932=CARTESIAN_POINT('',(-0.2500000000002,-0.9781278341191,8.5449999999998));
#16933=CARTESIAN_POINT('Origin',(-2.89,-9.6000000000001,8.5449999999991));
#16934=CARTESIAN_POINT('',(0.25,-0.9781278341191,8.5449999999998));
#16935=CARTESIAN_POINT('',(0.25,-0.9781278341191,8.5449999999998));
#16936=CARTESIAN_POINT('',(0.2499999999997,-2.5000000000001,8.5449999999996));
#16937=CARTESIAN_POINT('',(0.2499999999997,-2.5000000000001,8.5449999999996));
#16938=CARTESIAN_POINT('',(0.3499999999988,-2.5000000000001,8.5449999999996));
#16939=CARTESIAN_POINT('',(0.2499999999997,-2.5000000000001,8.5449999999996));
#16940=CARTESIAN_POINT('',(0.349999999999,-3.0000000000001,8.5449999999996));
#16941=CARTESIAN_POINT('',(0.3499999999988,-2.5000000000001,8.5449999999996));
#16942=CARTESIAN_POINT('',(0.2500000000005,-3.0000000000001,8.5449999999996));
#16943=CARTESIAN_POINT('',(0.349999999999,-3.0000000000001,8.5449999999996));
#16944=CARTESIAN_POINT('',(0.2500000000005,-3.0000000000001,8.5449999999996));
#16945=CARTESIAN_POINT('Origin',(0.2499999999997,-2.5000000000001,8.5449999999996));
#16946=CARTESIAN_POINT('',(0.2499999999997,-2.5000000000001,8.7949999999998));
#16947=CARTESIAN_POINT('',(0.2499999999997,-2.5000000000001,8.7949999999998));
#16948=CARTESIAN_POINT('',(0.25,-1.0000000000001,8.7949999999998));
#16949=CARTESIAN_POINT('',(0.25,-1.0000000000001,8.7949999999998));
#16950=CARTESIAN_POINT('',(0.2499999999997,-2.5000000000001,8.7949999999998));
#16951=CARTESIAN_POINT('Origin',(0.3499999999988,-2.5000000000001,8.5449999999996));
#16952=CARTESIAN_POINT('',(0.3499999999988,-2.5000000000001,8.7949999999998));
#16953=CARTESIAN_POINT('',(0.3499999999988,-2.5000000000001,8.7949999999998));
#16954=CARTESIAN_POINT('',(0.2499999999997,-2.5000000000001,8.7949999999998));
#16955=CARTESIAN_POINT('Origin',(0.349999999999,-3.0000000000001,8.5449999999996));
#16956=CARTESIAN_POINT('',(0.349999999999,-3.0000000000001,8.7949999999998));
#16957=CARTESIAN_POINT('',(0.349999999999,-3.0000000000001,8.7949999999998));
#16958=CARTESIAN_POINT('',(0.3499999999988,-2.5000000000001,8.7949999999998));
#16959=CARTESIAN_POINT('Origin',(0.249999999999,-3.0000000000001,8.5449999999996));
#16960=CARTESIAN_POINT('',(0.2500000000005,-3.0000000000001,8.7949999999999));
#16961=CARTESIAN_POINT('',(0.2500000000005,-3.0000000000001,8.7949999999999));
#16962=CARTESIAN_POINT('',(0.349999999999,-3.0000000000001,8.7949999999998));
#16963=CARTESIAN_POINT('Origin',(0.2500000000005,-9.6000000000001,8.5449999999991));
#16964=CARTESIAN_POINT('',(0.2500000000005,-3.0000000000001,8.7949999999999));
#16965=CARTESIAN_POINT('Origin',(-2.89,-0.9167071409671,8.7949999999998));
#16966=CARTESIAN_POINT('',(0.25,-1.0000000000001,8.7949999999998));
#16967=CARTESIAN_POINT('Origin',(3.75,-0.9453195852961,9.42000000000011));
#16968=CARTESIAN_POINT('',(1.52,-1.0000000000001,8.7949999999998));
#16969=CARTESIAN_POINT('',(3.75,-1.0000000000001,8.795));
#16970=CARTESIAN_POINT('',(2.79,-1.0000000000001,8.7949999999999));
#16971=CARTESIAN_POINT('',(3.63189030424,-0.9453195852961,9.4200000000001));
#16972=CARTESIAN_POINT('',(-3.75,-1.0000000000001,8.7949999999999));
#16973=CARTESIAN_POINT('',(-2.29,-1.0000000000001,8.7949999999998));
#16974=CARTESIAN_POINT('',(-1.02,-1.0000000000001,8.7949999999998));
#16975=CARTESIAN_POINT('',(0.25,-1.0000000000001,8.7949999999998));
#16976=CARTESIAN_POINT('Origin',(3.75,-1.0000000000001,8.795));
#16977=CARTESIAN_POINT('',(3.63189030424,-0.8622053549471,7.22));
#16978=CARTESIAN_POINT('Origin',(3.63189030424,3.1599999999999,7.22));
#16979=CARTESIAN_POINT('',(3.75,-1.0000000000001,8.795));
#16980=CARTESIAN_POINT('Origin',(3.75,3.1599999999999,8.795));
#16981=CARTESIAN_POINT('',(3.63189030424,1.9453195852959,9.42000000000003));
#16982=CARTESIAN_POINT('Origin',(3.75,1.9999999999999,8.795));
#16983=UNCERTAINTY_MEASURE_WITH_UNIT(LENGTH_MEASURE(0.01),#16987,
'DISTANCE_ACCURACY_VALUE',
'Maximum model space distance between geometric entities at asserted c
onnectivities');
#16984=UNCERTAINTY_MEASURE_WITH_UNIT(LENGTH_MEASURE(0.01),#16987,
'DISTANCE_ACCURACY_VALUE',
'Maximum model space distance between geometric entities at asserted c
onnectivities');
#16985=(
GEOMETRIC_REPRESENTATION_CONTEXT(3)
GLOBAL_UNCERTAINTY_ASSIGNED_CONTEXT((#16983))
GLOBAL_UNIT_ASSIGNED_CONTEXT((#16987,#16989,#16990))
REPRESENTATION_CONTEXT('','3D')
);
#16986=(
GEOMETRIC_REPRESENTATION_CONTEXT(3)
GLOBAL_UNCERTAINTY_ASSIGNED_CONTEXT((#16984))
GLOBAL_UNIT_ASSIGNED_CONTEXT((#16987,#16989,#16990))
REPRESENTATION_CONTEXT('','3D')
);
#16987=(
LENGTH_UNIT()
NAMED_UNIT(*)
SI_UNIT(.MILLI.,.METRE.)
);
#16988=(
LENGTH_UNIT()
NAMED_UNIT(*)
SI_UNIT(.CENTI.,.METRE.)
);
#16989=(
NAMED_UNIT(*)
PLANE_ANGLE_UNIT()
SI_UNIT($,.RADIAN.)
);
#16990=(
NAMED_UNIT(*)
SI_UNIT($,.STERADIAN.)
SOLID_ANGLE_UNIT()
);
#16991=SHAPE_DEFINITION_REPRESENTATION(#16992,#16993);
#16992=PRODUCT_DEFINITION_SHAPE('',$,#16995);
#16993=SHAPE_REPRESENTATION('',(#10571),#16985);
#16994=PRODUCT_DEFINITION_CONTEXT('part definition',#16999,'design');
#16995=PRODUCT_DEFINITION('Part19','Part19',#16996,#16994);
#16996=PRODUCT_DEFINITION_FORMATION('',$,#17001);
#16997=PRODUCT_RELATED_PRODUCT_CATEGORY('Part19','Part19',(#17001));
#16998=APPLICATION_PROTOCOL_DEFINITION('international standard',
'automotive_design',2009,#16999);
#16999=APPLICATION_CONTEXT(
'Core Data for Automotive Mechanical Design Process');
#17000=PRODUCT_CONTEXT('part definition',#16999,'mechanical');
#17001=PRODUCT('Part19','Part19',$,(#17000));
#17002=PRESENTATION_STYLE_ASSIGNMENT((#17007));
#17003=PRESENTATION_STYLE_ASSIGNMENT((#17008));
#17004=PRESENTATION_STYLE_ASSIGNMENT((#17009));
#17005=PRESENTATION_STYLE_ASSIGNMENT((#17010));
#17006=PRESENTATION_STYLE_ASSIGNMENT((#17011));
#17007=SURFACE_STYLE_USAGE(.BOTH.,#17022);
#17008=SURFACE_STYLE_USAGE(.BOTH.,#17023);
#17009=SURFACE_STYLE_USAGE(.BOTH.,#17024);
#17010=SURFACE_STYLE_USAGE(.BOTH.,#17025);
#17011=SURFACE_STYLE_USAGE(.BOTH.,#17026);
#17012=SURFACE_STYLE_RENDERING_WITH_PROPERTIES($,#17042,(#17017));
#17013=SURFACE_STYLE_RENDERING_WITH_PROPERTIES($,#17043,(#17018));
#17014=SURFACE_STYLE_RENDERING_WITH_PROPERTIES($,#17044,(#17019));
#17015=SURFACE_STYLE_RENDERING_WITH_PROPERTIES($,#17045,(#17020));
#17016=SURFACE_STYLE_RENDERING_WITH_PROPERTIES($,#17046,(#17021));
#17017=SURFACE_STYLE_TRANSPARENT(0.);
#17018=SURFACE_STYLE_TRANSPARENT(0.);
#17019=SURFACE_STYLE_TRANSPARENT(0.);
#17020=SURFACE_STYLE_TRANSPARENT(0.);
#17021=SURFACE_STYLE_TRANSPARENT(0.);
#17022=SURFACE_SIDE_STYLE('',(#17027,#17012));
#17023=SURFACE_SIDE_STYLE('',(#17028,#17013));
#17024=SURFACE_SIDE_STYLE('',(#17029,#17014));
#17025=SURFACE_SIDE_STYLE('',(#17030,#17015));
#17026=SURFACE_SIDE_STYLE('',(#17031,#17016));
#17027=SURFACE_STYLE_FILL_AREA(#17032);
#17028=SURFACE_STYLE_FILL_AREA(#17033);
#17029=SURFACE_STYLE_FILL_AREA(#17034);
#17030=SURFACE_STYLE_FILL_AREA(#17035);
#17031=SURFACE_STYLE_FILL_AREA(#17036);
#17032=FILL_AREA_STYLE('',(#17037));
#17033=FILL_AREA_STYLE('',(#17038));
#17034=FILL_AREA_STYLE('',(#17039));
#17035=FILL_AREA_STYLE('',(#17040));
#17036=FILL_AREA_STYLE('',(#17041));
#17037=FILL_AREA_STYLE_COLOUR('',#17042);
#17038=FILL_AREA_STYLE_COLOUR('',#17043);
#17039=FILL_AREA_STYLE_COLOUR('',#17044);
#17040=FILL_AREA_STYLE_COLOUR('',#17045);
#17041=FILL_AREA_STYLE_COLOUR('',#17046);
#17042=COLOUR_RGB('',0.749019607843137,0.749019607843137,0.749019607843137);
#17043=COLOUR_RGB('',0.,0.,0.);
#17044=COLOUR_RGB('',1.,0.,1.);
#17045=COLOUR_RGB('',0.611764705882353,0.658823529411765,0.670588235294118);
#17046=COLOUR_RGB('',1.,0.996078431372549,0.964705882352941);
ENDSEC;
END-ISO-10303-21;
