ISO-10303-21;
HEADER;
/* Generated by software containing ST-Developer
 * from STEP Tools, Inc. (www.steptools.com) 
 */

FILE_DESCRIPTION(
/* description */ (''),
/* implementation_level */ '2;1');

FILE_NAME(
/* name */ 'GT-B0802 FSR 51-26.step',
/* time_stamp */ '2026-08-25T23:48:45+02:00',
/* author */ (''),
/* organization */ (''),
/* preprocessor_version */ 'ST-DEVELOPER v20.1',
/* originating_system */ 'Autodesk Translation Framework v15.8.0.0',
/* authorisation */ '');

FILE_SCHEMA (('AUTOMOTIVE_DESIGN { 1 0 10303 214 3 1 1 }'));
ENDSEC;

DATA;
#10=MECHANICAL_DESIGN_GEOMETRIC_PRESENTATION_REPRESENTATION('',(#13),#3880);
#11=SHAPE_REPRESENTATION_RELATIONSHIP('SRR','None',#3887,#12);
#12=ADVANCED_BREP_SHAPE_REPRESENTATION('',(#14),#3879);
#13=STYLED_ITEM('',(#3896),#14);
#14=MANIFOLD_SOLID_BREP('Body1',#2452);
#15=CIRCLE('',#2475,0.375);
#16=CIRCLE('',#2476,0.375);
#17=CIRCLE('',#2479,0.375);
#18=CIRCLE('',#2480,0.375);
#19=CYLINDRICAL_SURFACE('',#2474,0.375);
#20=CYLINDRICAL_SURFACE('',#2478,0.375);
#21=FACE_BOUND('',#152,.T.);
#22=FACE_BOUND('',#265,.T.);
#23=FACE_BOUND('',#266,.T.);
#24=FACE_OUTER_BOUND('',#144,.T.);
#25=FACE_OUTER_BOUND('',#145,.T.);
#26=FACE_OUTER_BOUND('',#146,.T.);
#27=FACE_OUTER_BOUND('',#147,.T.);
#28=FACE_OUTER_BOUND('',#148,.T.);
#29=FACE_OUTER_BOUND('',#149,.T.);
#30=FACE_OUTER_BOUND('',#150,.T.);
#31=FACE_OUTER_BOUND('',#151,.T.);
#32=FACE_OUTER_BOUND('',#153,.T.);
#33=FACE_OUTER_BOUND('',#154,.T.);
#34=FACE_OUTER_BOUND('',#155,.T.);
#35=FACE_OUTER_BOUND('',#156,.T.);
#36=FACE_OUTER_BOUND('',#157,.T.);
#37=FACE_OUTER_BOUND('',#158,.T.);
#38=FACE_OUTER_BOUND('',#159,.T.);
#39=FACE_OUTER_BOUND('',#160,.T.);
#40=FACE_OUTER_BOUND('',#161,.T.);
#41=FACE_OUTER_BOUND('',#162,.T.);
#42=FACE_OUTER_BOUND('',#163,.T.);
#43=FACE_OUTER_BOUND('',#164,.T.);
#44=FACE_OUTER_BOUND('',#165,.T.);
#45=FACE_OUTER_BOUND('',#166,.T.);
#46=FACE_OUTER_BOUND('',#167,.T.);
#47=FACE_OUTER_BOUND('',#168,.T.);
#48=FACE_OUTER_BOUND('',#169,.T.);
#49=FACE_OUTER_BOUND('',#170,.T.);
#50=FACE_OUTER_BOUND('',#171,.T.);
#51=FACE_OUTER_BOUND('',#172,.T.);
#52=FACE_OUTER_BOUND('',#173,.T.);
#53=FACE_OUTER_BOUND('',#174,.T.);
#54=FACE_OUTER_BOUND('',#175,.T.);
#55=FACE_OUTER_BOUND('',#176,.T.);
#56=FACE_OUTER_BOUND('',#177,.T.);
#57=FACE_OUTER_BOUND('',#178,.T.);
#58=FACE_OUTER_BOUND('',#179,.T.);
#59=FACE_OUTER_BOUND('',#180,.T.);
#60=FACE_OUTER_BOUND('',#181,.T.);
#61=FACE_OUTER_BOUND('',#182,.T.);
#62=FACE_OUTER_BOUND('',#183,.T.);
#63=FACE_OUTER_BOUND('',#184,.T.);
#64=FACE_OUTER_BOUND('',#185,.T.);
#65=FACE_OUTER_BOUND('',#186,.T.);
#66=FACE_OUTER_BOUND('',#187,.T.);
#67=FACE_OUTER_BOUND('',#188,.T.);
#68=FACE_OUTER_BOUND('',#189,.T.);
#69=FACE_OUTER_BOUND('',#190,.T.);
#70=FACE_OUTER_BOUND('',#191,.T.);
#71=FACE_OUTER_BOUND('',#192,.T.);
#72=FACE_OUTER_BOUND('',#193,.T.);
#73=FACE_OUTER_BOUND('',#194,.T.);
#74=FACE_OUTER_BOUND('',#195,.T.);
#75=FACE_OUTER_BOUND('',#196,.T.);
#76=FACE_OUTER_BOUND('',#197,.T.);
#77=FACE_OUTER_BOUND('',#198,.T.);
#78=FACE_OUTER_BOUND('',#199,.T.);
#79=FACE_OUTER_BOUND('',#200,.T.);
#80=FACE_OUTER_BOUND('',#201,.T.);
#81=FACE_OUTER_BOUND('',#202,.T.);
#82=FACE_OUTER_BOUND('',#203,.T.);
#83=FACE_OUTER_BOUND('',#204,.T.);
#84=FACE_OUTER_BOUND('',#205,.T.);
#85=FACE_OUTER_BOUND('',#206,.T.);
#86=FACE_OUTER_BOUND('',#207,.T.);
#87=FACE_OUTER_BOUND('',#208,.T.);
#88=FACE_OUTER_BOUND('',#209,.T.);
#89=FACE_OUTER_BOUND('',#210,.T.);
#90=FACE_OUTER_BOUND('',#211,.T.);
#91=FACE_OUTER_BOUND('',#212,.T.);
#92=FACE_OUTER_BOUND('',#213,.T.);
#93=FACE_OUTER_BOUND('',#214,.T.);
#94=FACE_OUTER_BOUND('',#215,.T.);
#95=FACE_OUTER_BOUND('',#216,.T.);
#96=FACE_OUTER_BOUND('',#217,.T.);
#97=FACE_OUTER_BOUND('',#218,.T.);
#98=FACE_OUTER_BOUND('',#219,.T.);
#99=FACE_OUTER_BOUND('',#220,.T.);
#100=FACE_OUTER_BOUND('',#221,.T.);
#101=FACE_OUTER_BOUND('',#222,.T.);
#102=FACE_OUTER_BOUND('',#223,.T.);
#103=FACE_OUTER_BOUND('',#224,.T.);
#104=FACE_OUTER_BOUND('',#225,.T.);
#105=FACE_OUTER_BOUND('',#226,.T.);
#106=FACE_OUTER_BOUND('',#227,.T.);
#107=FACE_OUTER_BOUND('',#228,.T.);
#108=FACE_OUTER_BOUND('',#229,.T.);
#109=FACE_OUTER_BOUND('',#230,.T.);
#110=FACE_OUTER_BOUND('',#231,.T.);
#111=FACE_OUTER_BOUND('',#232,.T.);
#112=FACE_OUTER_BOUND('',#233,.T.);
#113=FACE_OUTER_BOUND('',#234,.T.);
#114=FACE_OUTER_BOUND('',#235,.T.);
#115=FACE_OUTER_BOUND('',#236,.T.);
#116=FACE_OUTER_BOUND('',#237,.T.);
#117=FACE_OUTER_BOUND('',#238,.T.);
#118=FACE_OUTER_BOUND('',#239,.T.);
#119=FACE_OUTER_BOUND('',#240,.T.);
#120=FACE_OUTER_BOUND('',#241,.T.);
#121=FACE_OUTER_BOUND('',#242,.T.);
#122=FACE_OUTER_BOUND('',#243,.T.);
#123=FACE_OUTER_BOUND('',#244,.T.);
#124=FACE_OUTER_BOUND('',#245,.T.);
#125=FACE_OUTER_BOUND('',#246,.T.);
#126=FACE_OUTER_BOUND('',#247,.T.);
#127=FACE_OUTER_BOUND('',#248,.T.);
#128=FACE_OUTER_BOUND('',#249,.T.);
#129=FACE_OUTER_BOUND('',#250,.T.);
#130=FACE_OUTER_BOUND('',#251,.T.);
#131=FACE_OUTER_BOUND('',#252,.T.);
#132=FACE_OUTER_BOUND('',#253,.T.);
#133=FACE_OUTER_BOUND('',#254,.T.);
#134=FACE_OUTER_BOUND('',#255,.T.);
#135=FACE_OUTER_BOUND('',#256,.T.);
#136=FACE_OUTER_BOUND('',#257,.T.);
#137=FACE_OUTER_BOUND('',#258,.T.);
#138=FACE_OUTER_BOUND('',#259,.T.);
#139=FACE_OUTER_BOUND('',#260,.T.);
#140=FACE_OUTER_BOUND('',#261,.T.);
#141=FACE_OUTER_BOUND('',#262,.T.);
#142=FACE_OUTER_BOUND('',#263,.T.);
#143=FACE_OUTER_BOUND('',#264,.T.);
#144=EDGE_LOOP('',(#1524,#1525,#1526,#1527));
#145=EDGE_LOOP('',(#1528,#1529,#1530,#1531));
#146=EDGE_LOOP('',(#1532,#1533,#1534,#1535));
#147=EDGE_LOOP('',(#1536,#1537,#1538,#1539));
#148=EDGE_LOOP('',(#1540,#1541,#1542,#1543));
#149=EDGE_LOOP('',(#1544,#1545,#1546,#1547));
#150=EDGE_LOOP('',(#1548,#1549,#1550,#1551));
#151=EDGE_LOOP('',(#1552,#1553,#1554,#1555,#1556,#1557,#1558,#1559,#1560,
#1561,#1562,#1563,#1564,#1565,#1566,#1567,#1568,#1569,#1570,#1571,#1572,
#1573,#1574,#1575,#1576,#1577,#1578,#1579,#1580,#1581,#1582,#1583,#1584,
#1585,#1586,#1587,#1588,#1589,#1590,#1591,#1592,#1593,#1594,#1595,#1596,
#1597,#1598,#1599,#1600,#1601,#1602,#1603,#1604,#1605,#1606,#1607,#1608));
#152=EDGE_LOOP('',(#1609,#1610,#1611,#1612));
#153=EDGE_LOOP('',(#1613,#1614,#1615,#1616));
#154=EDGE_LOOP('',(#1617));
#155=EDGE_LOOP('',(#1618,#1619,#1620,#1621));
#156=EDGE_LOOP('',(#1622));
#157=EDGE_LOOP('',(#1623,#1624,#1625,#1626));
#158=EDGE_LOOP('',(#1627,#1628,#1629,#1630));
#159=EDGE_LOOP('',(#1631,#1632,#1633,#1634));
#160=EDGE_LOOP('',(#1635,#1636,#1637,#1638));
#161=EDGE_LOOP('',(#1639,#1640,#1641,#1642));
#162=EDGE_LOOP('',(#1643,#1644,#1645,#1646));
#163=EDGE_LOOP('',(#1647,#1648,#1649,#1650));
#164=EDGE_LOOP('',(#1651,#1652,#1653,#1654));
#165=EDGE_LOOP('',(#1655,#1656,#1657,#1658));
#166=EDGE_LOOP('',(#1659,#1660,#1661,#1662));
#167=EDGE_LOOP('',(#1663,#1664,#1665,#1666));
#168=EDGE_LOOP('',(#1667,#1668,#1669,#1670));
#169=EDGE_LOOP('',(#1671,#1672,#1673,#1674));
#170=EDGE_LOOP('',(#1675,#1676,#1677,#1678));
#171=EDGE_LOOP('',(#1679,#1680,#1681,#1682));
#172=EDGE_LOOP('',(#1683,#1684,#1685,#1686));
#173=EDGE_LOOP('',(#1687,#1688,#1689,#1690));
#174=EDGE_LOOP('',(#1691,#1692,#1693,#1694));
#175=EDGE_LOOP('',(#1695,#1696,#1697,#1698));
#176=EDGE_LOOP('',(#1699,#1700,#1701,#1702));
#177=EDGE_LOOP('',(#1703,#1704,#1705,#1706));
#178=EDGE_LOOP('',(#1707,#1708,#1709,#1710));
#179=EDGE_LOOP('',(#1711,#1712,#1713,#1714));
#180=EDGE_LOOP('',(#1715,#1716,#1717,#1718));
#181=EDGE_LOOP('',(#1719,#1720,#1721,#1722));
#182=EDGE_LOOP('',(#1723,#1724,#1725,#1726));
#183=EDGE_LOOP('',(#1727,#1728,#1729,#1730));
#184=EDGE_LOOP('',(#1731,#1732,#1733,#1734));
#185=EDGE_LOOP('',(#1735,#1736,#1737,#1738));
#186=EDGE_LOOP('',(#1739,#1740,#1741,#1742));
#187=EDGE_LOOP('',(#1743,#1744,#1745,#1746));
#188=EDGE_LOOP('',(#1747,#1748,#1749,#1750));
#189=EDGE_LOOP('',(#1751,#1752,#1753,#1754));
#190=EDGE_LOOP('',(#1755,#1756,#1757,#1758));
#191=EDGE_LOOP('',(#1759,#1760,#1761,#1762));
#192=EDGE_LOOP('',(#1763,#1764,#1765,#1766));
#193=EDGE_LOOP('',(#1767,#1768,#1769,#1770));
#194=EDGE_LOOP('',(#1771,#1772,#1773,#1774));
#195=EDGE_LOOP('',(#1775,#1776,#1777,#1778));
#196=EDGE_LOOP('',(#1779,#1780,#1781,#1782));
#197=EDGE_LOOP('',(#1783,#1784,#1785,#1786));
#198=EDGE_LOOP('',(#1787,#1788,#1789,#1790));
#199=EDGE_LOOP('',(#1791,#1792,#1793,#1794));
#200=EDGE_LOOP('',(#1795,#1796,#1797,#1798));
#201=EDGE_LOOP('',(#1799,#1800,#1801,#1802));
#202=EDGE_LOOP('',(#1803,#1804,#1805,#1806));
#203=EDGE_LOOP('',(#1807,#1808,#1809,#1810));
#204=EDGE_LOOP('',(#1811,#1812,#1813,#1814));
#205=EDGE_LOOP('',(#1815,#1816,#1817,#1818,#1819,#1820,#1821,#1822,#1823,
#1824,#1825,#1826,#1827,#1828,#1829,#1830,#1831,#1832,#1833,#1834,#1835,
#1836,#1837,#1838,#1839,#1840,#1841,#1842,#1843,#1844,#1845,#1846,#1847,
#1848,#1849,#1850,#1851,#1852,#1853,#1854,#1855,#1856,#1857,#1858,#1859,
#1860,#1861,#1862,#1863,#1864,#1865,#1866,#1867,#1868,#1869,#1870,#1871));
#206=EDGE_LOOP('',(#1872,#1873,#1874,#1875));
#207=EDGE_LOOP('',(#1876,#1877,#1878,#1879));
#208=EDGE_LOOP('',(#1880,#1881,#1882,#1883));
#209=EDGE_LOOP('',(#1884,#1885,#1886,#1887));
#210=EDGE_LOOP('',(#1888,#1889,#1890,#1891));
#211=EDGE_LOOP('',(#1892,#1893,#1894,#1895));
#212=EDGE_LOOP('',(#1896,#1897,#1898,#1899));
#213=EDGE_LOOP('',(#1900,#1901,#1902,#1903));
#214=EDGE_LOOP('',(#1904,#1905,#1906,#1907));
#215=EDGE_LOOP('',(#1908,#1909,#1910,#1911));
#216=EDGE_LOOP('',(#1912,#1913,#1914,#1915));
#217=EDGE_LOOP('',(#1916,#1917,#1918,#1919));
#218=EDGE_LOOP('',(#1920,#1921,#1922,#1923));
#219=EDGE_LOOP('',(#1924,#1925,#1926,#1927));
#220=EDGE_LOOP('',(#1928,#1929,#1930,#1931));
#221=EDGE_LOOP('',(#1932,#1933,#1934,#1935));
#222=EDGE_LOOP('',(#1936,#1937,#1938,#1939));
#223=EDGE_LOOP('',(#1940,#1941,#1942,#1943));
#224=EDGE_LOOP('',(#1944,#1945,#1946,#1947));
#225=EDGE_LOOP('',(#1948,#1949,#1950,#1951));
#226=EDGE_LOOP('',(#1952,#1953,#1954,#1955));
#227=EDGE_LOOP('',(#1956,#1957,#1958,#1959));
#228=EDGE_LOOP('',(#1960,#1961,#1962,#1963));
#229=EDGE_LOOP('',(#1964,#1965,#1966,#1967));
#230=EDGE_LOOP('',(#1968,#1969,#1970,#1971));
#231=EDGE_LOOP('',(#1972,#1973,#1974,#1975));
#232=EDGE_LOOP('',(#1976,#1977,#1978,#1979));
#233=EDGE_LOOP('',(#1980,#1981,#1982,#1983));
#234=EDGE_LOOP('',(#1984,#1985,#1986,#1987));
#235=EDGE_LOOP('',(#1988,#1989,#1990,#1991));
#236=EDGE_LOOP('',(#1992,#1993,#1994,#1995));
#237=EDGE_LOOP('',(#1996,#1997,#1998,#1999));
#238=EDGE_LOOP('',(#2000,#2001,#2002,#2003));
#239=EDGE_LOOP('',(#2004,#2005,#2006,#2007));
#240=EDGE_LOOP('',(#2008,#2009,#2010,#2011));
#241=EDGE_LOOP('',(#2012,#2013,#2014,#2015));
#242=EDGE_LOOP('',(#2016,#2017,#2018,#2019));
#243=EDGE_LOOP('',(#2020,#2021,#2022,#2023));
#244=EDGE_LOOP('',(#2024,#2025,#2026,#2027));
#245=EDGE_LOOP('',(#2028,#2029,#2030,#2031));
#246=EDGE_LOOP('',(#2032,#2033,#2034,#2035));
#247=EDGE_LOOP('',(#2036,#2037,#2038,#2039));
#248=EDGE_LOOP('',(#2040,#2041,#2042,#2043));
#249=EDGE_LOOP('',(#2044,#2045,#2046,#2047));
#250=EDGE_LOOP('',(#2048,#2049,#2050,#2051));
#251=EDGE_LOOP('',(#2052,#2053,#2054,#2055));
#252=EDGE_LOOP('',(#2056,#2057,#2058,#2059));
#253=EDGE_LOOP('',(#2060,#2061,#2062,#2063));
#254=EDGE_LOOP('',(#2064,#2065,#2066,#2067));
#255=EDGE_LOOP('',(#2068,#2069,#2070,#2071));
#256=EDGE_LOOP('',(#2072,#2073,#2074,#2075));
#257=EDGE_LOOP('',(#2076,#2077,#2078,#2079));
#258=EDGE_LOOP('',(#2080,#2081,#2082,#2083));
#259=EDGE_LOOP('',(#2084,#2085,#2086,#2087));
#260=EDGE_LOOP('',(#2088,#2089,#2090,#2091));
#261=EDGE_LOOP('',(#2092,#2093,#2094,#2095));
#262=EDGE_LOOP('',(#2096,#2097,#2098,#2099));
#263=EDGE_LOOP('',(#2100,#2101,#2102,#2103));
#264=EDGE_LOOP('',(#2104,#2105,#2106,#2107,#2108,#2109,#2110,#2111,#2112,
#2113,#2114,#2115,#2116,#2117,#2118,#2119,#2120,#2121,#2122,#2123,#2124,
#2125,#2126,#2127,#2128,#2129,#2130,#2131,#2132,#2133,#2134,#2135,#2136,
#2137,#2138,#2139,#2140,#2141,#2142,#2143,#2144,#2145,#2146,#2147,#2148,
#2149,#2150,#2151,#2152,#2153,#2154,#2155,#2156,#2157,#2158,#2159,#2160,
#2161,#2162,#2163,#2164,#2165,#2166,#2167,#2168,#2169,#2170,#2171,#2172,
#2173,#2174,#2175,#2176,#2177,#2178,#2179,#2180,#2181,#2182,#2183,#2184,
#2185,#2186,#2187,#2188,#2189,#2190,#2191,#2192,#2193,#2194,#2195,#2196,
#2197,#2198,#2199,#2200,#2201,#2202,#2203,#2204,#2205,#2206,#2207,#2208,
#2209,#2210,#2211));
#265=EDGE_LOOP('',(#2212));
#266=EDGE_LOOP('',(#2213));
#267=LINE('',#3185,#608);
#268=LINE('',#3187,#609);
#269=LINE('',#3189,#610);
#270=LINE('',#3190,#611);
#271=LINE('',#3193,#612);
#272=LINE('',#3195,#613);
#273=LINE('',#3196,#614);
#274=LINE('',#3199,#615);
#275=LINE('',#3201,#616);
#276=LINE('',#3202,#617);
#277=LINE('',#3204,#618);
#278=LINE('',#3205,#619);
#279=LINE('',#3210,#620);
#280=LINE('',#3212,#621);
#281=LINE('',#3214,#622);
#282=LINE('',#3215,#623);
#283=LINE('',#3218,#624);
#284=LINE('',#3220,#625);
#285=LINE('',#3221,#626);
#286=LINE('',#3224,#627);
#287=LINE('',#3226,#628);
#288=LINE('',#3228,#629);
#289=LINE('',#3230,#630);
#290=LINE('',#3232,#631);
#291=LINE('',#3234,#632);
#292=LINE('',#3236,#633);
#293=LINE('',#3238,#634);
#294=LINE('',#3240,#635);
#295=LINE('',#3242,#636);
#296=LINE('',#3244,#637);
#297=LINE('',#3246,#638);
#298=LINE('',#3248,#639);
#299=LINE('',#3250,#640);
#300=LINE('',#3252,#641);
#301=LINE('',#3254,#642);
#302=LINE('',#3256,#643);
#303=LINE('',#3258,#644);
#304=LINE('',#3260,#645);
#305=LINE('',#3262,#646);
#306=LINE('',#3264,#647);
#307=LINE('',#3266,#648);
#308=LINE('',#3268,#649);
#309=LINE('',#3270,#650);
#310=LINE('',#3272,#651);
#311=LINE('',#3274,#652);
#312=LINE('',#3276,#653);
#313=LINE('',#3278,#654);
#314=LINE('',#3280,#655);
#315=LINE('',#3282,#656);
#316=LINE('',#3284,#657);
#317=LINE('',#3286,#658);
#318=LINE('',#3288,#659);
#319=LINE('',#3290,#660);
#320=LINE('',#3292,#661);
#321=LINE('',#3294,#662);
#322=LINE('',#3296,#663);
#323=LINE('',#3298,#664);
#324=LINE('',#3300,#665);
#325=LINE('',#3302,#666);
#326=LINE('',#3304,#667);
#327=LINE('',#3306,#668);
#328=LINE('',#3308,#669);
#329=LINE('',#3310,#670);
#330=LINE('',#3312,#671);
#331=LINE('',#3314,#672);
#332=LINE('',#3316,#673);
#333=LINE('',#3318,#674);
#334=LINE('',#3320,#675);
#335=LINE('',#3322,#676);
#336=LINE('',#3324,#677);
#337=LINE('',#3326,#678);
#338=LINE('',#3328,#679);
#339=LINE('',#3330,#680);
#340=LINE('',#3331,#681);
#341=LINE('',#3336,#682);
#342=LINE('',#3343,#683);
#343=LINE('',#3349,#684);
#344=LINE('',#3351,#685);
#345=LINE('',#3353,#686);
#346=LINE('',#3354,#687);
#347=LINE('',#3357,#688);
#348=LINE('',#3359,#689);
#349=LINE('',#3360,#690);
#350=LINE('',#3363,#691);
#351=LINE('',#3364,#692);
#352=LINE('',#3367,#693);
#353=LINE('',#3368,#694);
#354=LINE('',#3372,#695);
#355=LINE('',#3373,#696);
#356=LINE('',#3374,#697);
#357=LINE('',#3377,#698);
#358=LINE('',#3378,#699);
#359=LINE('',#3381,#700);
#360=LINE('',#3382,#701);
#361=LINE('',#3384,#702);
#362=LINE('',#3388,#703);
#363=LINE('',#3390,#704);
#364=LINE('',#3392,#705);
#365=LINE('',#3393,#706);
#366=LINE('',#3396,#707);
#367=LINE('',#3398,#708);
#368=LINE('',#3399,#709);
#369=LINE('',#3402,#710);
#370=LINE('',#3403,#711);
#371=LINE('',#3406,#712);
#372=LINE('',#3407,#713);
#373=LINE('',#3411,#714);
#374=LINE('',#3412,#715);
#375=LINE('',#3413,#716);
#376=LINE('',#3416,#717);
#377=LINE('',#3417,#718);
#378=LINE('',#3420,#719);
#379=LINE('',#3421,#720);
#380=LINE('',#3423,#721);
#381=LINE('',#3427,#722);
#382=LINE('',#3429,#723);
#383=LINE('',#3431,#724);
#384=LINE('',#3432,#725);
#385=LINE('',#3435,#726);
#386=LINE('',#3437,#727);
#387=LINE('',#3438,#728);
#388=LINE('',#3441,#729);
#389=LINE('',#3442,#730);
#390=LINE('',#3445,#731);
#391=LINE('',#3446,#732);
#392=LINE('',#3450,#733);
#393=LINE('',#3451,#734);
#394=LINE('',#3452,#735);
#395=LINE('',#3455,#736);
#396=LINE('',#3456,#737);
#397=LINE('',#3459,#738);
#398=LINE('',#3460,#739);
#399=LINE('',#3462,#740);
#400=LINE('',#3466,#741);
#401=LINE('',#3468,#742);
#402=LINE('',#3470,#743);
#403=LINE('',#3471,#744);
#404=LINE('',#3474,#745);
#405=LINE('',#3476,#746);
#406=LINE('',#3477,#747);
#407=LINE('',#3480,#748);
#408=LINE('',#3481,#749);
#409=LINE('',#3484,#750);
#410=LINE('',#3485,#751);
#411=LINE('',#3489,#752);
#412=LINE('',#3490,#753);
#413=LINE('',#3491,#754);
#414=LINE('',#3494,#755);
#415=LINE('',#3495,#756);
#416=LINE('',#3498,#757);
#417=LINE('',#3499,#758);
#418=LINE('',#3501,#759);
#419=LINE('',#3505,#760);
#420=LINE('',#3507,#761);
#421=LINE('',#3509,#762);
#422=LINE('',#3510,#763);
#423=LINE('',#3513,#764);
#424=LINE('',#3515,#765);
#425=LINE('',#3516,#766);
#426=LINE('',#3519,#767);
#427=LINE('',#3520,#768);
#428=LINE('',#3523,#769);
#429=LINE('',#3524,#770);
#430=LINE('',#3528,#771);
#431=LINE('',#3529,#772);
#432=LINE('',#3530,#773);
#433=LINE('',#3533,#774);
#434=LINE('',#3534,#775);
#435=LINE('',#3537,#776);
#436=LINE('',#3538,#777);
#437=LINE('',#3540,#778);
#438=LINE('',#3544,#779);
#439=LINE('',#3546,#780);
#440=LINE('',#3548,#781);
#441=LINE('',#3549,#782);
#442=LINE('',#3552,#783);
#443=LINE('',#3554,#784);
#444=LINE('',#3555,#785);
#445=LINE('',#3558,#786);
#446=LINE('',#3559,#787);
#447=LINE('',#3562,#788);
#448=LINE('',#3563,#789);
#449=LINE('',#3567,#790);
#450=LINE('',#3568,#791);
#451=LINE('',#3569,#792);
#452=LINE('',#3572,#793);
#453=LINE('',#3573,#794);
#454=LINE('',#3576,#795);
#455=LINE('',#3577,#796);
#456=LINE('',#3579,#797);
#457=LINE('',#3581,#798);
#458=LINE('',#3582,#799);
#459=LINE('',#3583,#800);
#460=LINE('',#3584,#801);
#461=LINE('',#3585,#802);
#462=LINE('',#3586,#803);
#463=LINE('',#3588,#804);
#464=LINE('',#3590,#805);
#465=LINE('',#3592,#806);
#466=LINE('',#3594,#807);
#467=LINE('',#3596,#808);
#468=LINE('',#3598,#809);
#469=LINE('',#3600,#810);
#470=LINE('',#3602,#811);
#471=LINE('',#3604,#812);
#472=LINE('',#3606,#813);
#473=LINE('',#3608,#814);
#474=LINE('',#3610,#815);
#475=LINE('',#3612,#816);
#476=LINE('',#3614,#817);
#477=LINE('',#3616,#818);
#478=LINE('',#3618,#819);
#479=LINE('',#3620,#820);
#480=LINE('',#3622,#821);
#481=LINE('',#3624,#822);
#482=LINE('',#3626,#823);
#483=LINE('',#3628,#824);
#484=LINE('',#3630,#825);
#485=LINE('',#3632,#826);
#486=LINE('',#3634,#827);
#487=LINE('',#3636,#828);
#488=LINE('',#3638,#829);
#489=LINE('',#3640,#830);
#490=LINE('',#3642,#831);
#491=LINE('',#3644,#832);
#492=LINE('',#3646,#833);
#493=LINE('',#3647,#834);
#494=LINE('',#3650,#835);
#495=LINE('',#3652,#836);
#496=LINE('',#3653,#837);
#497=LINE('',#3656,#838);
#498=LINE('',#3658,#839);
#499=LINE('',#3659,#840);
#500=LINE('',#3661,#841);
#501=LINE('',#3663,#842);
#502=LINE('',#3667,#843);
#503=LINE('',#3668,#844);
#504=LINE('',#3669,#845);
#505=LINE('',#3672,#846);
#506=LINE('',#3673,#847);
#507=LINE('',#3676,#848);
#508=LINE('',#3677,#849);
#509=LINE('',#3679,#850);
#510=LINE('',#3682,#851);
#511=LINE('',#3684,#852);
#512=LINE('',#3685,#853);
#513=LINE('',#3688,#854);
#514=LINE('',#3690,#855);
#515=LINE('',#3691,#856);
#516=LINE('',#3693,#857);
#517=LINE('',#3695,#858);
#518=LINE('',#3699,#859);
#519=LINE('',#3700,#860);
#520=LINE('',#3701,#861);
#521=LINE('',#3704,#862);
#522=LINE('',#3705,#863);
#523=LINE('',#3708,#864);
#524=LINE('',#3709,#865);
#525=LINE('',#3711,#866);
#526=LINE('',#3714,#867);
#527=LINE('',#3716,#868);
#528=LINE('',#3717,#869);
#529=LINE('',#3720,#870);
#530=LINE('',#3722,#871);
#531=LINE('',#3723,#872);
#532=LINE('',#3725,#873);
#533=LINE('',#3727,#874);
#534=LINE('',#3731,#875);
#535=LINE('',#3732,#876);
#536=LINE('',#3733,#877);
#537=LINE('',#3736,#878);
#538=LINE('',#3737,#879);
#539=LINE('',#3740,#880);
#540=LINE('',#3741,#881);
#541=LINE('',#3743,#882);
#542=LINE('',#3746,#883);
#543=LINE('',#3748,#884);
#544=LINE('',#3749,#885);
#545=LINE('',#3752,#886);
#546=LINE('',#3754,#887);
#547=LINE('',#3755,#888);
#548=LINE('',#3757,#889);
#549=LINE('',#3759,#890);
#550=LINE('',#3763,#891);
#551=LINE('',#3764,#892);
#552=LINE('',#3765,#893);
#553=LINE('',#3768,#894);
#554=LINE('',#3769,#895);
#555=LINE('',#3772,#896);
#556=LINE('',#3773,#897);
#557=LINE('',#3775,#898);
#558=LINE('',#3778,#899);
#559=LINE('',#3780,#900);
#560=LINE('',#3781,#901);
#561=LINE('',#3784,#902);
#562=LINE('',#3786,#903);
#563=LINE('',#3787,#904);
#564=LINE('',#3789,#905);
#565=LINE('',#3791,#906);
#566=LINE('',#3795,#907);
#567=LINE('',#3796,#908);
#568=LINE('',#3797,#909);
#569=LINE('',#3800,#910);
#570=LINE('',#3801,#911);
#571=LINE('',#3804,#912);
#572=LINE('',#3805,#913);
#573=LINE('',#3807,#914);
#574=LINE('',#3810,#915);
#575=LINE('',#3812,#916);
#576=LINE('',#3813,#917);
#577=LINE('',#3816,#918);
#578=LINE('',#3818,#919);
#579=LINE('',#3819,#920);
#580=LINE('',#3821,#921);
#581=LINE('',#3823,#922);
#582=LINE('',#3827,#923);
#583=LINE('',#3828,#924);
#584=LINE('',#3829,#925);
#585=LINE('',#3832,#926);
#586=LINE('',#3833,#927);
#587=LINE('',#3836,#928);
#588=LINE('',#3837,#929);
#589=LINE('',#3839,#930);
#590=LINE('',#3842,#931);
#591=LINE('',#3844,#932);
#592=LINE('',#3845,#933);
#593=LINE('',#3848,#934);
#594=LINE('',#3850,#935);
#595=LINE('',#3851,#936);
#596=LINE('',#3853,#937);
#597=LINE('',#3855,#938);
#598=LINE('',#3859,#939);
#599=LINE('',#3860,#940);
#600=LINE('',#3861,#941);
#601=LINE('',#3864,#942);
#602=LINE('',#3865,#943);
#603=LINE('',#3868,#944);
#604=LINE('',#3869,#945);
#605=LINE('',#3871,#946);
#606=LINE('',#3873,#947);
#607=LINE('',#3874,#948);
#608=VECTOR('',#2594,10.);
#609=VECTOR('',#2595,10.);
#610=VECTOR('',#2596,10.);
#611=VECTOR('',#2597,10.);
#612=VECTOR('',#2600,10.);
#613=VECTOR('',#2601,10.);
#614=VECTOR('',#2602,10.);
#615=VECTOR('',#2605,10.);
#616=VECTOR('',#2606,10.);
#617=VECTOR('',#2607,10.);
#618=VECTOR('',#2610,10.);
#619=VECTOR('',#2611,10.);
#620=VECTOR('',#2616,10.);
#621=VECTOR('',#2617,10.);
#622=VECTOR('',#2618,10.);
#623=VECTOR('',#2619,10.);
#624=VECTOR('',#2622,10.);
#625=VECTOR('',#2623,10.);
#626=VECTOR('',#2624,10.);
#627=VECTOR('',#2627,10.);
#628=VECTOR('',#2628,10.);
#629=VECTOR('',#2629,10.);
#630=VECTOR('',#2630,10.);
#631=VECTOR('',#2631,10.);
#632=VECTOR('',#2632,10.);
#633=VECTOR('',#2633,10.);
#634=VECTOR('',#2634,10.);
#635=VECTOR('',#2635,10.);
#636=VECTOR('',#2636,10.);
#637=VECTOR('',#2637,10.);
#638=VECTOR('',#2638,10.);
#639=VECTOR('',#2639,10.);
#640=VECTOR('',#2640,10.);
#641=VECTOR('',#2641,10.);
#642=VECTOR('',#2642,10.);
#643=VECTOR('',#2643,10.);
#644=VECTOR('',#2644,10.);
#645=VECTOR('',#2645,10.);
#646=VECTOR('',#2646,10.);
#647=VECTOR('',#2647,10.);
#648=VECTOR('',#2648,10.);
#649=VECTOR('',#2649,10.);
#650=VECTOR('',#2650,10.);
#651=VECTOR('',#2651,10.);
#652=VECTOR('',#2652,10.);
#653=VECTOR('',#2653,10.);
#654=VECTOR('',#2654,10.);
#655=VECTOR('',#2655,10.);
#656=VECTOR('',#2656,10.);
#657=VECTOR('',#2657,10.);
#658=VECTOR('',#2658,10.);
#659=VECTOR('',#2659,10.);
#660=VECTOR('',#2660,10.);
#661=VECTOR('',#2661,10.);
#662=VECTOR('',#2662,10.);
#663=VECTOR('',#2663,10.);
#664=VECTOR('',#2664,10.);
#665=VECTOR('',#2665,10.);
#666=VECTOR('',#2666,10.);
#667=VECTOR('',#2667,10.);
#668=VECTOR('',#2668,10.);
#669=VECTOR('',#2669,10.);
#670=VECTOR('',#2670,10.);
#671=VECTOR('',#2671,10.);
#672=VECTOR('',#2672,10.);
#673=VECTOR('',#2673,10.);
#674=VECTOR('',#2674,10.);
#675=VECTOR('',#2675,10.);
#676=VECTOR('',#2676,10.);
#677=VECTOR('',#2677,10.);
#678=VECTOR('',#2678,10.);
#679=VECTOR('',#2679,10.);
#680=VECTOR('',#2680,10.);
#681=VECTOR('',#2681,10.);
#682=VECTOR('',#2686,0.375);
#683=VECTOR('',#2695,0.375);
#684=VECTOR('',#2702,10.);
#685=VECTOR('',#2703,10.);
#686=VECTOR('',#2704,10.);
#687=VECTOR('',#2705,10.);
#688=VECTOR('',#2708,10.);
#689=VECTOR('',#2709,10.);
#690=VECTOR('',#2710,10.);
#691=VECTOR('',#2713,10.);
#692=VECTOR('',#2714,10.);
#693=VECTOR('',#2717,10.);
#694=VECTOR('',#2718,10.);
#695=VECTOR('',#2721,10.);
#696=VECTOR('',#2722,10.);
#697=VECTOR('',#2723,10.);
#698=VECTOR('',#2726,10.);
#699=VECTOR('',#2727,10.);
#700=VECTOR('',#2730,10.);
#701=VECTOR('',#2731,10.);
#702=VECTOR('',#2734,10.);
#703=VECTOR('',#2737,10.);
#704=VECTOR('',#2738,10.);
#705=VECTOR('',#2739,10.);
#706=VECTOR('',#2740,10.);
#707=VECTOR('',#2743,10.);
#708=VECTOR('',#2744,10.);
#709=VECTOR('',#2745,10.);
#710=VECTOR('',#2748,10.);
#711=VECTOR('',#2749,10.);
#712=VECTOR('',#2752,10.);
#713=VECTOR('',#2753,10.);
#714=VECTOR('',#2756,10.);
#715=VECTOR('',#2757,10.);
#716=VECTOR('',#2758,10.);
#717=VECTOR('',#2761,10.);
#718=VECTOR('',#2762,10.);
#719=VECTOR('',#2765,10.);
#720=VECTOR('',#2766,10.);
#721=VECTOR('',#2769,10.);
#722=VECTOR('',#2772,10.);
#723=VECTOR('',#2773,10.);
#724=VECTOR('',#2774,10.);
#725=VECTOR('',#2775,10.);
#726=VECTOR('',#2778,10.);
#727=VECTOR('',#2779,10.);
#728=VECTOR('',#2780,10.);
#729=VECTOR('',#2783,10.);
#730=VECTOR('',#2784,10.);
#731=VECTOR('',#2787,10.);
#732=VECTOR('',#2788,10.);
#733=VECTOR('',#2791,10.);
#734=VECTOR('',#2792,10.);
#735=VECTOR('',#2793,10.);
#736=VECTOR('',#2796,10.);
#737=VECTOR('',#2797,10.);
#738=VECTOR('',#2800,10.);
#739=VECTOR('',#2801,10.);
#740=VECTOR('',#2804,10.);
#741=VECTOR('',#2807,10.);
#742=VECTOR('',#2808,10.);
#743=VECTOR('',#2809,10.);
#744=VECTOR('',#2810,10.);
#745=VECTOR('',#2813,10.);
#746=VECTOR('',#2814,10.);
#747=VECTOR('',#2815,10.);
#748=VECTOR('',#2818,10.);
#749=VECTOR('',#2819,10.);
#750=VECTOR('',#2822,10.);
#751=VECTOR('',#2823,10.);
#752=VECTOR('',#2826,10.);
#753=VECTOR('',#2827,10.);
#754=VECTOR('',#2828,10.);
#755=VECTOR('',#2831,10.);
#756=VECTOR('',#2832,10.);
#757=VECTOR('',#2835,10.);
#758=VECTOR('',#2836,10.);
#759=VECTOR('',#2839,10.);
#760=VECTOR('',#2842,10.);
#761=VECTOR('',#2843,10.);
#762=VECTOR('',#2844,10.);
#763=VECTOR('',#2845,10.);
#764=VECTOR('',#2848,10.);
#765=VECTOR('',#2849,10.);
#766=VECTOR('',#2850,10.);
#767=VECTOR('',#2853,10.);
#768=VECTOR('',#2854,10.);
#769=VECTOR('',#2857,10.);
#770=VECTOR('',#2858,10.);
#771=VECTOR('',#2861,10.);
#772=VECTOR('',#2862,10.);
#773=VECTOR('',#2863,10.);
#774=VECTOR('',#2866,10.);
#775=VECTOR('',#2867,10.);
#776=VECTOR('',#2870,10.);
#777=VECTOR('',#2871,10.);
#778=VECTOR('',#2874,10.);
#779=VECTOR('',#2877,10.);
#780=VECTOR('',#2878,10.);
#781=VECTOR('',#2879,10.);
#782=VECTOR('',#2880,10.);
#783=VECTOR('',#2883,10.);
#784=VECTOR('',#2884,10.);
#785=VECTOR('',#2885,10.);
#786=VECTOR('',#2888,10.);
#787=VECTOR('',#2889,10.);
#788=VECTOR('',#2892,10.);
#789=VECTOR('',#2893,10.);
#790=VECTOR('',#2896,10.);
#791=VECTOR('',#2897,10.);
#792=VECTOR('',#2898,10.);
#793=VECTOR('',#2901,10.);
#794=VECTOR('',#2902,10.);
#795=VECTOR('',#2905,10.);
#796=VECTOR('',#2906,10.);
#797=VECTOR('',#2909,10.);
#798=VECTOR('',#2912,10.);
#799=VECTOR('',#2913,10.);
#800=VECTOR('',#2914,10.);
#801=VECTOR('',#2915,10.);
#802=VECTOR('',#2916,10.);
#803=VECTOR('',#2917,10.);
#804=VECTOR('',#2918,10.);
#805=VECTOR('',#2919,10.);
#806=VECTOR('',#2920,10.);
#807=VECTOR('',#2921,10.);
#808=VECTOR('',#2922,10.);
#809=VECTOR('',#2923,10.);
#810=VECTOR('',#2924,10.);
#811=VECTOR('',#2925,10.);
#812=VECTOR('',#2926,10.);
#813=VECTOR('',#2927,10.);
#814=VECTOR('',#2928,10.);
#815=VECTOR('',#2929,10.);
#816=VECTOR('',#2930,10.);
#817=VECTOR('',#2931,10.);
#818=VECTOR('',#2932,10.);
#819=VECTOR('',#2933,10.);
#820=VECTOR('',#2934,10.);
#821=VECTOR('',#2935,10.);
#822=VECTOR('',#2936,10.);
#823=VECTOR('',#2937,10.);
#824=VECTOR('',#2938,10.);
#825=VECTOR('',#2939,10.);
#826=VECTOR('',#2940,10.);
#827=VECTOR('',#2941,10.);
#828=VECTOR('',#2942,10.);
#829=VECTOR('',#2943,10.);
#830=VECTOR('',#2944,10.);
#831=VECTOR('',#2945,10.);
#832=VECTOR('',#2946,10.);
#833=VECTOR('',#2947,10.);
#834=VECTOR('',#2948,10.);
#835=VECTOR('',#2951,10.);
#836=VECTOR('',#2952,10.);
#837=VECTOR('',#2953,10.);
#838=VECTOR('',#2956,10.);
#839=VECTOR('',#2957,10.);
#840=VECTOR('',#2958,10.);
#841=VECTOR('',#2961,10.);
#842=VECTOR('',#2964,10.);
#843=VECTOR('',#2967,10.);
#844=VECTOR('',#2968,10.);
#845=VECTOR('',#2969,10.);
#846=VECTOR('',#2972,10.);
#847=VECTOR('',#2973,10.);
#848=VECTOR('',#2976,10.);
#849=VECTOR('',#2977,10.);
#850=VECTOR('',#2980,10.);
#851=VECTOR('',#2983,10.);
#852=VECTOR('',#2984,10.);
#853=VECTOR('',#2985,10.);
#854=VECTOR('',#2988,10.);
#855=VECTOR('',#2989,10.);
#856=VECTOR('',#2990,10.);
#857=VECTOR('',#2993,10.);
#858=VECTOR('',#2996,10.);
#859=VECTOR('',#2999,10.);
#860=VECTOR('',#3000,10.);
#861=VECTOR('',#3001,10.);
#862=VECTOR('',#3004,10.);
#863=VECTOR('',#3005,10.);
#864=VECTOR('',#3008,10.);
#865=VECTOR('',#3009,10.);
#866=VECTOR('',#3012,10.);
#867=VECTOR('',#3015,10.);
#868=VECTOR('',#3016,10.);
#869=VECTOR('',#3017,10.);
#870=VECTOR('',#3020,10.);
#871=VECTOR('',#3021,10.);
#872=VECTOR('',#3022,10.);
#873=VECTOR('',#3025,10.);
#874=VECTOR('',#3028,10.);
#875=VECTOR('',#3031,10.);
#876=VECTOR('',#3032,10.);
#877=VECTOR('',#3033,10.);
#878=VECTOR('',#3036,10.);
#879=VECTOR('',#3037,10.);
#880=VECTOR('',#3040,10.);
#881=VECTOR('',#3041,10.);
#882=VECTOR('',#3044,10.);
#883=VECTOR('',#3047,10.);
#884=VECTOR('',#3048,10.);
#885=VECTOR('',#3049,10.);
#886=VECTOR('',#3052,10.);
#887=VECTOR('',#3053,10.);
#888=VECTOR('',#3054,10.);
#889=VECTOR('',#3057,10.);
#890=VECTOR('',#3060,10.);
#891=VECTOR('',#3063,10.);
#892=VECTOR('',#3064,10.);
#893=VECTOR('',#3065,10.);
#894=VECTOR('',#3068,10.);
#895=VECTOR('',#3069,10.);
#896=VECTOR('',#3072,10.);
#897=VECTOR('',#3073,10.);
#898=VECTOR('',#3076,10.);
#899=VECTOR('',#3079,10.);
#900=VECTOR('',#3080,10.);
#901=VECTOR('',#3081,10.);
#902=VECTOR('',#3084,10.);
#903=VECTOR('',#3085,10.);
#904=VECTOR('',#3086,10.);
#905=VECTOR('',#3089,10.);
#906=VECTOR('',#3092,10.);
#907=VECTOR('',#3095,10.);
#908=VECTOR('',#3096,10.);
#909=VECTOR('',#3097,10.);
#910=VECTOR('',#3100,10.);
#911=VECTOR('',#3101,10.);
#912=VECTOR('',#3104,10.);
#913=VECTOR('',#3105,10.);
#914=VECTOR('',#3108,10.);
#915=VECTOR('',#3111,10.);
#916=VECTOR('',#3112,10.);
#917=VECTOR('',#3113,10.);
#918=VECTOR('',#3116,10.);
#919=VECTOR('',#3117,10.);
#920=VECTOR('',#3118,10.);
#921=VECTOR('',#3121,10.);
#922=VECTOR('',#3124,10.);
#923=VECTOR('',#3127,10.);
#924=VECTOR('',#3128,10.);
#925=VECTOR('',#3129,10.);
#926=VECTOR('',#3132,10.);
#927=VECTOR('',#3133,10.);
#928=VECTOR('',#3136,10.);
#929=VECTOR('',#3137,10.);
#930=VECTOR('',#3140,10.);
#931=VECTOR('',#3143,10.);
#932=VECTOR('',#3144,10.);
#933=VECTOR('',#3145,10.);
#934=VECTOR('',#3148,10.);
#935=VECTOR('',#3149,10.);
#936=VECTOR('',#3150,10.);
#937=VECTOR('',#3153,10.);
#938=VECTOR('',#3156,10.);
#939=VECTOR('',#3159,10.);
#940=VECTOR('',#3160,10.);
#941=VECTOR('',#3161,10.);
#942=VECTOR('',#3164,10.);
#943=VECTOR('',#3165,10.);
#944=VECTOR('',#3168,10.);
#945=VECTOR('',#3169,10.);
#946=VECTOR('',#3172,10.);
#947=VECTOR('',#3175,10.);
#948=VECTOR('',#3176,10.);
#949=VERTEX_POINT('',#3183);
#950=VERTEX_POINT('',#3184);
#951=VERTEX_POINT('',#3186);
#952=VERTEX_POINT('',#3188);
#953=VERTEX_POINT('',#3192);
#954=VERTEX_POINT('',#3194);
#955=VERTEX_POINT('',#3198);
#956=VERTEX_POINT('',#3200);
#957=VERTEX_POINT('',#3208);
#958=VERTEX_POINT('',#3209);
#959=VERTEX_POINT('',#3211);
#960=VERTEX_POINT('',#3213);
#961=VERTEX_POINT('',#3217);
#962=VERTEX_POINT('',#3219);
#963=VERTEX_POINT('',#3223);
#964=VERTEX_POINT('',#3225);
#965=VERTEX_POINT('',#3227);
#966=VERTEX_POINT('',#3229);
#967=VERTEX_POINT('',#3231);
#968=VERTEX_POINT('',#3233);
#969=VERTEX_POINT('',#3235);
#970=VERTEX_POINT('',#3237);
#971=VERTEX_POINT('',#3239);
#972=VERTEX_POINT('',#3241);
#973=VERTEX_POINT('',#3243);
#974=VERTEX_POINT('',#3245);
#975=VERTEX_POINT('',#3247);
#976=VERTEX_POINT('',#3249);
#977=VERTEX_POINT('',#3251);
#978=VERTEX_POINT('',#3253);
#979=VERTEX_POINT('',#3255);
#980=VERTEX_POINT('',#3257);
#981=VERTEX_POINT('',#3259);
#982=VERTEX_POINT('',#3261);
#983=VERTEX_POINT('',#3263);
#984=VERTEX_POINT('',#3265);
#985=VERTEX_POINT('',#3267);
#986=VERTEX_POINT('',#3269);
#987=VERTEX_POINT('',#3271);
#988=VERTEX_POINT('',#3273);
#989=VERTEX_POINT('',#3275);
#990=VERTEX_POINT('',#3277);
#991=VERTEX_POINT('',#3279);
#992=VERTEX_POINT('',#3281);
#993=VERTEX_POINT('',#3283);
#994=VERTEX_POINT('',#3285);
#995=VERTEX_POINT('',#3287);
#996=VERTEX_POINT('',#3289);
#997=VERTEX_POINT('',#3291);
#998=VERTEX_POINT('',#3293);
#999=VERTEX_POINT('',#3295);
#1000=VERTEX_POINT('',#3297);
#1001=VERTEX_POINT('',#3299);
#1002=VERTEX_POINT('',#3301);
#1003=VERTEX_POINT('',#3303);
#1004=VERTEX_POINT('',#3305);
#1005=VERTEX_POINT('',#3307);
#1006=VERTEX_POINT('',#3309);
#1007=VERTEX_POINT('',#3311);
#1008=VERTEX_POINT('',#3313);
#1009=VERTEX_POINT('',#3315);
#1010=VERTEX_POINT('',#3317);
#1011=VERTEX_POINT('',#3319);
#1012=VERTEX_POINT('',#3321);
#1013=VERTEX_POINT('',#3323);
#1014=VERTEX_POINT('',#3325);
#1015=VERTEX_POINT('',#3327);
#1016=VERTEX_POINT('',#3329);
#1017=VERTEX_POINT('',#3333);
#1018=VERTEX_POINT('',#3335);
#1019=VERTEX_POINT('',#3340);
#1020=VERTEX_POINT('',#3342);
#1021=VERTEX_POINT('',#3347);
#1022=VERTEX_POINT('',#3348);
#1023=VERTEX_POINT('',#3350);
#1024=VERTEX_POINT('',#3352);
#1025=VERTEX_POINT('',#3356);
#1026=VERTEX_POINT('',#3358);
#1027=VERTEX_POINT('',#3362);
#1028=VERTEX_POINT('',#3366);
#1029=VERTEX_POINT('',#3370);
#1030=VERTEX_POINT('',#3371);
#1031=VERTEX_POINT('',#3376);
#1032=VERTEX_POINT('',#3380);
#1033=VERTEX_POINT('',#3386);
#1034=VERTEX_POINT('',#3387);
#1035=VERTEX_POINT('',#3389);
#1036=VERTEX_POINT('',#3391);
#1037=VERTEX_POINT('',#3395);
#1038=VERTEX_POINT('',#3397);
#1039=VERTEX_POINT('',#3401);
#1040=VERTEX_POINT('',#3405);
#1041=VERTEX_POINT('',#3409);
#1042=VERTEX_POINT('',#3410);
#1043=VERTEX_POINT('',#3415);
#1044=VERTEX_POINT('',#3419);
#1045=VERTEX_POINT('',#3425);
#1046=VERTEX_POINT('',#3426);
#1047=VERTEX_POINT('',#3428);
#1048=VERTEX_POINT('',#3430);
#1049=VERTEX_POINT('',#3434);
#1050=VERTEX_POINT('',#3436);
#1051=VERTEX_POINT('',#3440);
#1052=VERTEX_POINT('',#3444);
#1053=VERTEX_POINT('',#3448);
#1054=VERTEX_POINT('',#3449);
#1055=VERTEX_POINT('',#3454);
#1056=VERTEX_POINT('',#3458);
#1057=VERTEX_POINT('',#3464);
#1058=VERTEX_POINT('',#3465);
#1059=VERTEX_POINT('',#3467);
#1060=VERTEX_POINT('',#3469);
#1061=VERTEX_POINT('',#3473);
#1062=VERTEX_POINT('',#3475);
#1063=VERTEX_POINT('',#3479);
#1064=VERTEX_POINT('',#3483);
#1065=VERTEX_POINT('',#3487);
#1066=VERTEX_POINT('',#3488);
#1067=VERTEX_POINT('',#3493);
#1068=VERTEX_POINT('',#3497);
#1069=VERTEX_POINT('',#3503);
#1070=VERTEX_POINT('',#3504);
#1071=VERTEX_POINT('',#3506);
#1072=VERTEX_POINT('',#3508);
#1073=VERTEX_POINT('',#3512);
#1074=VERTEX_POINT('',#3514);
#1075=VERTEX_POINT('',#3518);
#1076=VERTEX_POINT('',#3522);
#1077=VERTEX_POINT('',#3526);
#1078=VERTEX_POINT('',#3527);
#1079=VERTEX_POINT('',#3532);
#1080=VERTEX_POINT('',#3536);
#1081=VERTEX_POINT('',#3542);
#1082=VERTEX_POINT('',#3543);
#1083=VERTEX_POINT('',#3545);
#1084=VERTEX_POINT('',#3547);
#1085=VERTEX_POINT('',#3551);
#1086=VERTEX_POINT('',#3553);
#1087=VERTEX_POINT('',#3557);
#1088=VERTEX_POINT('',#3561);
#1089=VERTEX_POINT('',#3565);
#1090=VERTEX_POINT('',#3566);
#1091=VERTEX_POINT('',#3571);
#1092=VERTEX_POINT('',#3575);
#1093=VERTEX_POINT('',#3587);
#1094=VERTEX_POINT('',#3589);
#1095=VERTEX_POINT('',#3591);
#1096=VERTEX_POINT('',#3593);
#1097=VERTEX_POINT('',#3595);
#1098=VERTEX_POINT('',#3597);
#1099=VERTEX_POINT('',#3599);
#1100=VERTEX_POINT('',#3601);
#1101=VERTEX_POINT('',#3603);
#1102=VERTEX_POINT('',#3605);
#1103=VERTEX_POINT('',#3607);
#1104=VERTEX_POINT('',#3609);
#1105=VERTEX_POINT('',#3611);
#1106=VERTEX_POINT('',#3613);
#1107=VERTEX_POINT('',#3615);
#1108=VERTEX_POINT('',#3617);
#1109=VERTEX_POINT('',#3619);
#1110=VERTEX_POINT('',#3621);
#1111=VERTEX_POINT('',#3623);
#1112=VERTEX_POINT('',#3625);
#1113=VERTEX_POINT('',#3627);
#1114=VERTEX_POINT('',#3629);
#1115=VERTEX_POINT('',#3631);
#1116=VERTEX_POINT('',#3633);
#1117=VERTEX_POINT('',#3635);
#1118=VERTEX_POINT('',#3637);
#1119=VERTEX_POINT('',#3639);
#1120=VERTEX_POINT('',#3641);
#1121=VERTEX_POINT('',#3643);
#1122=VERTEX_POINT('',#3645);
#1123=VERTEX_POINT('',#3649);
#1124=VERTEX_POINT('',#3651);
#1125=VERTEX_POINT('',#3655);
#1126=VERTEX_POINT('',#3657);
#1127=VERTEX_POINT('',#3665);
#1128=VERTEX_POINT('',#3666);
#1129=VERTEX_POINT('',#3671);
#1130=VERTEX_POINT('',#3675);
#1131=VERTEX_POINT('',#3681);
#1132=VERTEX_POINT('',#3683);
#1133=VERTEX_POINT('',#3687);
#1134=VERTEX_POINT('',#3689);
#1135=VERTEX_POINT('',#3697);
#1136=VERTEX_POINT('',#3698);
#1137=VERTEX_POINT('',#3703);
#1138=VERTEX_POINT('',#3707);
#1139=VERTEX_POINT('',#3713);
#1140=VERTEX_POINT('',#3715);
#1141=VERTEX_POINT('',#3719);
#1142=VERTEX_POINT('',#3721);
#1143=VERTEX_POINT('',#3729);
#1144=VERTEX_POINT('',#3730);
#1145=VERTEX_POINT('',#3735);
#1146=VERTEX_POINT('',#3739);
#1147=VERTEX_POINT('',#3745);
#1148=VERTEX_POINT('',#3747);
#1149=VERTEX_POINT('',#3751);
#1150=VERTEX_POINT('',#3753);
#1151=VERTEX_POINT('',#3761);
#1152=VERTEX_POINT('',#3762);
#1153=VERTEX_POINT('',#3767);
#1154=VERTEX_POINT('',#3771);
#1155=VERTEX_POINT('',#3777);
#1156=VERTEX_POINT('',#3779);
#1157=VERTEX_POINT('',#3783);
#1158=VERTEX_POINT('',#3785);
#1159=VERTEX_POINT('',#3793);
#1160=VERTEX_POINT('',#3794);
#1161=VERTEX_POINT('',#3799);
#1162=VERTEX_POINT('',#3803);
#1163=VERTEX_POINT('',#3809);
#1164=VERTEX_POINT('',#3811);
#1165=VERTEX_POINT('',#3815);
#1166=VERTEX_POINT('',#3817);
#1167=VERTEX_POINT('',#3825);
#1168=VERTEX_POINT('',#3826);
#1169=VERTEX_POINT('',#3831);
#1170=VERTEX_POINT('',#3835);
#1171=VERTEX_POINT('',#3841);
#1172=VERTEX_POINT('',#3843);
#1173=VERTEX_POINT('',#3847);
#1174=VERTEX_POINT('',#3849);
#1175=VERTEX_POINT('',#3857);
#1176=VERTEX_POINT('',#3858);
#1177=VERTEX_POINT('',#3863);
#1178=VERTEX_POINT('',#3867);
#1179=EDGE_CURVE('',#949,#950,#267,.T.);
#1180=EDGE_CURVE('',#949,#951,#268,.T.);
#1181=EDGE_CURVE('',#951,#952,#269,.T.);
#1182=EDGE_CURVE('',#950,#952,#270,.T.);
#1183=EDGE_CURVE('',#953,#949,#271,.T.);
#1184=EDGE_CURVE('',#953,#954,#272,.T.);
#1185=EDGE_CURVE('',#954,#951,#273,.T.);
#1186=EDGE_CURVE('',#955,#953,#274,.T.);
#1187=EDGE_CURVE('',#955,#956,#275,.T.);
#1188=EDGE_CURVE('',#956,#954,#276,.T.);
#1189=EDGE_CURVE('',#950,#955,#277,.T.);
#1190=EDGE_CURVE('',#952,#956,#278,.T.);
#1191=EDGE_CURVE('',#957,#958,#279,.T.);
#1192=EDGE_CURVE('',#958,#959,#280,.T.);
#1193=EDGE_CURVE('',#959,#960,#281,.T.);
#1194=EDGE_CURVE('',#960,#957,#282,.T.);
#1195=EDGE_CURVE('',#961,#960,#283,.T.);
#1196=EDGE_CURVE('',#961,#962,#284,.T.);
#1197=EDGE_CURVE('',#962,#957,#285,.T.);
#1198=EDGE_CURVE('',#963,#959,#286,.T.);
#1199=EDGE_CURVE('',#964,#963,#287,.T.);
#1200=EDGE_CURVE('',#964,#965,#288,.T.);
#1201=EDGE_CURVE('',#965,#966,#289,.T.);
#1202=EDGE_CURVE('',#966,#967,#290,.T.);
#1203=EDGE_CURVE('',#967,#968,#291,.T.);
#1204=EDGE_CURVE('',#968,#969,#292,.T.);
#1205=EDGE_CURVE('',#969,#970,#293,.T.);
#1206=EDGE_CURVE('',#970,#971,#294,.T.);
#1207=EDGE_CURVE('',#971,#972,#295,.T.);
#1208=EDGE_CURVE('',#972,#973,#296,.T.);
#1209=EDGE_CURVE('',#973,#974,#297,.T.);
#1210=EDGE_CURVE('',#974,#975,#298,.T.);
#1211=EDGE_CURVE('',#975,#976,#299,.T.);
#1212=EDGE_CURVE('',#976,#977,#300,.T.);
#1213=EDGE_CURVE('',#977,#978,#301,.T.);
#1214=EDGE_CURVE('',#978,#979,#302,.T.);
#1215=EDGE_CURVE('',#979,#980,#303,.T.);
#1216=EDGE_CURVE('',#980,#981,#304,.T.);
#1217=EDGE_CURVE('',#981,#982,#305,.T.);
#1218=EDGE_CURVE('',#982,#983,#306,.T.);
#1219=EDGE_CURVE('',#983,#984,#307,.T.);
#1220=EDGE_CURVE('',#984,#985,#308,.T.);
#1221=EDGE_CURVE('',#985,#986,#309,.T.);
#1222=EDGE_CURVE('',#986,#987,#310,.T.);
#1223=EDGE_CURVE('',#987,#988,#311,.T.);
#1224=EDGE_CURVE('',#988,#989,#312,.T.);
#1225=EDGE_CURVE('',#989,#990,#313,.T.);
#1226=EDGE_CURVE('',#990,#991,#314,.T.);
#1227=EDGE_CURVE('',#991,#992,#315,.T.);
#1228=EDGE_CURVE('',#992,#993,#316,.T.);
#1229=EDGE_CURVE('',#993,#994,#317,.T.);
#1230=EDGE_CURVE('',#994,#995,#318,.T.);
#1231=EDGE_CURVE('',#995,#996,#319,.T.);
#1232=EDGE_CURVE('',#996,#997,#320,.T.);
#1233=EDGE_CURVE('',#997,#998,#321,.T.);
#1234=EDGE_CURVE('',#998,#999,#322,.T.);
#1235=EDGE_CURVE('',#999,#1000,#323,.T.);
#1236=EDGE_CURVE('',#1000,#1001,#324,.T.);
#1237=EDGE_CURVE('',#1001,#1002,#325,.T.);
#1238=EDGE_CURVE('',#1002,#1003,#326,.T.);
#1239=EDGE_CURVE('',#1003,#1004,#327,.T.);
#1240=EDGE_CURVE('',#1004,#1005,#328,.T.);
#1241=EDGE_CURVE('',#1005,#1006,#329,.T.);
#1242=EDGE_CURVE('',#1006,#1007,#330,.T.);
#1243=EDGE_CURVE('',#1007,#1008,#331,.T.);
#1244=EDGE_CURVE('',#1008,#1009,#332,.T.);
#1245=EDGE_CURVE('',#1009,#1010,#333,.T.);
#1246=EDGE_CURVE('',#1010,#1011,#334,.T.);
#1247=EDGE_CURVE('',#1011,#1012,#335,.T.);
#1248=EDGE_CURVE('',#1012,#1013,#336,.T.);
#1249=EDGE_CURVE('',#1013,#1014,#337,.T.);
#1250=EDGE_CURVE('',#1014,#1015,#338,.T.);
#1251=EDGE_CURVE('',#1015,#1016,#339,.T.);
#1252=EDGE_CURVE('',#1016,#961,#340,.T.);
#1253=EDGE_CURVE('',#1017,#1017,#15,.T.);
#1254=EDGE_CURVE('',#1017,#1018,#341,.T.);
#1255=EDGE_CURVE('',#1018,#1018,#16,.T.);
#1256=EDGE_CURVE('',#1019,#1019,#17,.T.);
#1257=EDGE_CURVE('',#1019,#1020,#342,.T.);
#1258=EDGE_CURVE('',#1020,#1020,#18,.T.);
#1259=EDGE_CURVE('',#1021,#1022,#343,.T.);
#1260=EDGE_CURVE('',#1023,#1021,#344,.T.);
#1261=EDGE_CURVE('',#1024,#1023,#345,.T.);
#1262=EDGE_CURVE('',#1022,#1024,#346,.T.);
#1263=EDGE_CURVE('',#1025,#1022,#347,.T.);
#1264=EDGE_CURVE('',#1024,#1026,#348,.T.);
#1265=EDGE_CURVE('',#1026,#1025,#349,.T.);
#1266=EDGE_CURVE('',#1027,#1023,#350,.T.);
#1267=EDGE_CURVE('',#1027,#1026,#351,.T.);
#1268=EDGE_CURVE('',#1025,#1028,#352,.T.);
#1269=EDGE_CURVE('',#1028,#1027,#353,.T.);
#1270=EDGE_CURVE('',#1029,#1030,#354,.T.);
#1271=EDGE_CURVE('',#1014,#1029,#355,.T.);
#1272=EDGE_CURVE('',#1030,#1013,#356,.T.);
#1273=EDGE_CURVE('',#1029,#1031,#357,.T.);
#1274=EDGE_CURVE('',#1031,#1015,#358,.T.);
#1275=EDGE_CURVE('',#1032,#1030,#359,.T.);
#1276=EDGE_CURVE('',#1032,#1031,#360,.T.);
#1277=EDGE_CURVE('',#1016,#1032,#361,.T.);
#1278=EDGE_CURVE('',#1033,#1034,#362,.T.);
#1279=EDGE_CURVE('',#1035,#1033,#363,.T.);
#1280=EDGE_CURVE('',#1036,#1035,#364,.T.);
#1281=EDGE_CURVE('',#1034,#1036,#365,.T.);
#1282=EDGE_CURVE('',#1037,#1034,#366,.T.);
#1283=EDGE_CURVE('',#1036,#1038,#367,.T.);
#1284=EDGE_CURVE('',#1038,#1037,#368,.T.);
#1285=EDGE_CURVE('',#1039,#1035,#369,.T.);
#1286=EDGE_CURVE('',#1039,#1038,#370,.T.);
#1287=EDGE_CURVE('',#1037,#1040,#371,.T.);
#1288=EDGE_CURVE('',#1040,#1039,#372,.T.);
#1289=EDGE_CURVE('',#1041,#1042,#373,.T.);
#1290=EDGE_CURVE('',#1010,#1041,#374,.T.);
#1291=EDGE_CURVE('',#1042,#1009,#375,.T.);
#1292=EDGE_CURVE('',#1041,#1043,#376,.T.);
#1293=EDGE_CURVE('',#1043,#1011,#377,.T.);
#1294=EDGE_CURVE('',#1044,#1042,#378,.T.);
#1295=EDGE_CURVE('',#1044,#1043,#379,.T.);
#1296=EDGE_CURVE('',#1012,#1044,#380,.T.);
#1297=EDGE_CURVE('',#1045,#1046,#381,.T.);
#1298=EDGE_CURVE('',#1047,#1045,#382,.T.);
#1299=EDGE_CURVE('',#1048,#1047,#383,.T.);
#1300=EDGE_CURVE('',#1046,#1048,#384,.T.);
#1301=EDGE_CURVE('',#1049,#1046,#385,.T.);
#1302=EDGE_CURVE('',#1048,#1050,#386,.T.);
#1303=EDGE_CURVE('',#1050,#1049,#387,.T.);
#1304=EDGE_CURVE('',#1051,#1047,#388,.T.);
#1305=EDGE_CURVE('',#1051,#1050,#389,.T.);
#1306=EDGE_CURVE('',#1049,#1052,#390,.T.);
#1307=EDGE_CURVE('',#1052,#1051,#391,.T.);
#1308=EDGE_CURVE('',#1053,#1054,#392,.T.);
#1309=EDGE_CURVE('',#1006,#1053,#393,.T.);
#1310=EDGE_CURVE('',#1054,#1005,#394,.T.);
#1311=EDGE_CURVE('',#1053,#1055,#395,.T.);
#1312=EDGE_CURVE('',#1055,#1007,#396,.T.);
#1313=EDGE_CURVE('',#1056,#1054,#397,.T.);
#1314=EDGE_CURVE('',#1056,#1055,#398,.T.);
#1315=EDGE_CURVE('',#1008,#1056,#399,.T.);
#1316=EDGE_CURVE('',#1057,#1058,#400,.T.);
#1317=EDGE_CURVE('',#1059,#1057,#401,.T.);
#1318=EDGE_CURVE('',#1060,#1059,#402,.T.);
#1319=EDGE_CURVE('',#1058,#1060,#403,.T.);
#1320=EDGE_CURVE('',#1061,#1058,#404,.T.);
#1321=EDGE_CURVE('',#1060,#1062,#405,.T.);
#1322=EDGE_CURVE('',#1062,#1061,#406,.T.);
#1323=EDGE_CURVE('',#1063,#1059,#407,.T.);
#1324=EDGE_CURVE('',#1063,#1062,#408,.T.);
#1325=EDGE_CURVE('',#1061,#1064,#409,.T.);
#1326=EDGE_CURVE('',#1064,#1063,#410,.T.);
#1327=EDGE_CURVE('',#1065,#1066,#411,.T.);
#1328=EDGE_CURVE('',#1002,#1065,#412,.T.);
#1329=EDGE_CURVE('',#1066,#1001,#413,.T.);
#1330=EDGE_CURVE('',#1065,#1067,#414,.T.);
#1331=EDGE_CURVE('',#1067,#1003,#415,.T.);
#1332=EDGE_CURVE('',#1068,#1066,#416,.T.);
#1333=EDGE_CURVE('',#1068,#1067,#417,.T.);
#1334=EDGE_CURVE('',#1004,#1068,#418,.T.);
#1335=EDGE_CURVE('',#1069,#1070,#419,.T.);
#1336=EDGE_CURVE('',#1071,#1069,#420,.T.);
#1337=EDGE_CURVE('',#1072,#1071,#421,.T.);
#1338=EDGE_CURVE('',#1070,#1072,#422,.T.);
#1339=EDGE_CURVE('',#1073,#1070,#423,.T.);
#1340=EDGE_CURVE('',#1072,#1074,#424,.T.);
#1341=EDGE_CURVE('',#1074,#1073,#425,.T.);
#1342=EDGE_CURVE('',#1075,#1071,#426,.T.);
#1343=EDGE_CURVE('',#1075,#1074,#427,.T.);
#1344=EDGE_CURVE('',#1073,#1076,#428,.T.);
#1345=EDGE_CURVE('',#1076,#1075,#429,.T.);
#1346=EDGE_CURVE('',#1077,#1078,#430,.T.);
#1347=EDGE_CURVE('',#998,#1077,#431,.T.);
#1348=EDGE_CURVE('',#1078,#997,#432,.T.);
#1349=EDGE_CURVE('',#1077,#1079,#433,.T.);
#1350=EDGE_CURVE('',#1079,#999,#434,.T.);
#1351=EDGE_CURVE('',#1080,#1078,#435,.T.);
#1352=EDGE_CURVE('',#1080,#1079,#436,.T.);
#1353=EDGE_CURVE('',#1000,#1080,#437,.T.);
#1354=EDGE_CURVE('',#1081,#1082,#438,.T.);
#1355=EDGE_CURVE('',#1083,#1081,#439,.T.);
#1356=EDGE_CURVE('',#1084,#1083,#440,.T.);
#1357=EDGE_CURVE('',#1082,#1084,#441,.T.);
#1358=EDGE_CURVE('',#1085,#1082,#442,.T.);
#1359=EDGE_CURVE('',#1084,#1086,#443,.T.);
#1360=EDGE_CURVE('',#1086,#1085,#444,.T.);
#1361=EDGE_CURVE('',#1087,#1083,#445,.T.);
#1362=EDGE_CURVE('',#1087,#1086,#446,.T.);
#1363=EDGE_CURVE('',#1085,#1088,#447,.T.);
#1364=EDGE_CURVE('',#1088,#1087,#448,.T.);
#1365=EDGE_CURVE('',#1089,#1090,#449,.T.);
#1366=EDGE_CURVE('',#994,#1089,#450,.T.);
#1367=EDGE_CURVE('',#1090,#993,#451,.T.);
#1368=EDGE_CURVE('',#1089,#1091,#452,.T.);
#1369=EDGE_CURVE('',#1091,#995,#453,.T.);
#1370=EDGE_CURVE('',#1092,#1090,#454,.T.);
#1371=EDGE_CURVE('',#1092,#1091,#455,.T.);
#1372=EDGE_CURVE('',#996,#1092,#456,.T.);
#1373=EDGE_CURVE('',#962,#1028,#457,.T.);
#1374=EDGE_CURVE('',#1021,#1040,#458,.T.);
#1375=EDGE_CURVE('',#1033,#1052,#459,.T.);
#1376=EDGE_CURVE('',#1045,#1064,#460,.T.);
#1377=EDGE_CURVE('',#1057,#1076,#461,.T.);
#1378=EDGE_CURVE('',#1069,#1088,#462,.T.);
#1379=EDGE_CURVE('',#1081,#1093,#463,.T.);
#1380=EDGE_CURVE('',#1093,#1094,#464,.T.);
#1381=EDGE_CURVE('',#1094,#1095,#465,.T.);
#1382=EDGE_CURVE('',#1095,#1096,#466,.T.);
#1383=EDGE_CURVE('',#1096,#1097,#467,.T.);
#1384=EDGE_CURVE('',#1097,#1098,#468,.T.);
#1385=EDGE_CURVE('',#1098,#1099,#469,.T.);
#1386=EDGE_CURVE('',#1099,#1100,#470,.T.);
#1387=EDGE_CURVE('',#1100,#1101,#471,.T.);
#1388=EDGE_CURVE('',#1101,#1102,#472,.T.);
#1389=EDGE_CURVE('',#1102,#1103,#473,.T.);
#1390=EDGE_CURVE('',#1103,#1104,#474,.T.);
#1391=EDGE_CURVE('',#1104,#1105,#475,.T.);
#1392=EDGE_CURVE('',#1105,#1106,#476,.T.);
#1393=EDGE_CURVE('',#1106,#1107,#477,.T.);
#1394=EDGE_CURVE('',#1107,#1108,#478,.T.);
#1395=EDGE_CURVE('',#1108,#1109,#479,.T.);
#1396=EDGE_CURVE('',#1109,#1110,#480,.T.);
#1397=EDGE_CURVE('',#1110,#1111,#481,.T.);
#1398=EDGE_CURVE('',#1111,#1112,#482,.T.);
#1399=EDGE_CURVE('',#1112,#1113,#483,.T.);
#1400=EDGE_CURVE('',#1113,#1114,#484,.T.);
#1401=EDGE_CURVE('',#1114,#1115,#485,.T.);
#1402=EDGE_CURVE('',#1115,#1116,#486,.T.);
#1403=EDGE_CURVE('',#1116,#1117,#487,.T.);
#1404=EDGE_CURVE('',#1117,#1118,#488,.T.);
#1405=EDGE_CURVE('',#1118,#1119,#489,.T.);
#1406=EDGE_CURVE('',#1119,#1120,#490,.T.);
#1407=EDGE_CURVE('',#1120,#1121,#491,.T.);
#1408=EDGE_CURVE('',#1121,#1122,#492,.T.);
#1409=EDGE_CURVE('',#958,#1122,#493,.T.);
#1410=EDGE_CURVE('',#1117,#1123,#494,.T.);
#1411=EDGE_CURVE('',#1123,#1124,#495,.T.);
#1412=EDGE_CURVE('',#1124,#1118,#496,.T.);
#1413=EDGE_CURVE('',#1125,#1123,#497,.T.);
#1414=EDGE_CURVE('',#1126,#1125,#498,.T.);
#1415=EDGE_CURVE('',#1124,#1126,#499,.T.);
#1416=EDGE_CURVE('',#1119,#1126,#500,.T.);
#1417=EDGE_CURVE('',#1125,#1120,#501,.T.);
#1418=EDGE_CURVE('',#1127,#1128,#502,.T.);
#1419=EDGE_CURVE('',#1128,#968,#503,.T.);
#1420=EDGE_CURVE('',#967,#1127,#504,.T.);
#1421=EDGE_CURVE('',#1129,#966,#505,.T.);
#1422=EDGE_CURVE('',#1127,#1129,#506,.T.);
#1423=EDGE_CURVE('',#1130,#1129,#507,.T.);
#1424=EDGE_CURVE('',#1130,#1128,#508,.T.);
#1425=EDGE_CURVE('',#965,#1130,#509,.T.);
#1426=EDGE_CURVE('',#1113,#1131,#510,.T.);
#1427=EDGE_CURVE('',#1131,#1132,#511,.T.);
#1428=EDGE_CURVE('',#1132,#1114,#512,.T.);
#1429=EDGE_CURVE('',#1133,#1131,#513,.T.);
#1430=EDGE_CURVE('',#1134,#1133,#514,.T.);
#1431=EDGE_CURVE('',#1132,#1134,#515,.T.);
#1432=EDGE_CURVE('',#1115,#1134,#516,.T.);
#1433=EDGE_CURVE('',#1133,#1116,#517,.T.);
#1434=EDGE_CURVE('',#1135,#1136,#518,.T.);
#1435=EDGE_CURVE('',#1136,#972,#519,.T.);
#1436=EDGE_CURVE('',#971,#1135,#520,.T.);
#1437=EDGE_CURVE('',#1137,#970,#521,.T.);
#1438=EDGE_CURVE('',#1135,#1137,#522,.T.);
#1439=EDGE_CURVE('',#1138,#1137,#523,.T.);
#1440=EDGE_CURVE('',#1138,#1136,#524,.T.);
#1441=EDGE_CURVE('',#969,#1138,#525,.T.);
#1442=EDGE_CURVE('',#1109,#1139,#526,.T.);
#1443=EDGE_CURVE('',#1139,#1140,#527,.T.);
#1444=EDGE_CURVE('',#1140,#1110,#528,.T.);
#1445=EDGE_CURVE('',#1141,#1139,#529,.T.);
#1446=EDGE_CURVE('',#1142,#1141,#530,.T.);
#1447=EDGE_CURVE('',#1140,#1142,#531,.T.);
#1448=EDGE_CURVE('',#1111,#1142,#532,.T.);
#1449=EDGE_CURVE('',#1141,#1112,#533,.T.);
#1450=EDGE_CURVE('',#1143,#1144,#534,.T.);
#1451=EDGE_CURVE('',#1144,#976,#535,.T.);
#1452=EDGE_CURVE('',#975,#1143,#536,.T.);
#1453=EDGE_CURVE('',#1145,#974,#537,.T.);
#1454=EDGE_CURVE('',#1143,#1145,#538,.T.);
#1455=EDGE_CURVE('',#1146,#1145,#539,.T.);
#1456=EDGE_CURVE('',#1146,#1144,#540,.T.);
#1457=EDGE_CURVE('',#973,#1146,#541,.T.);
#1458=EDGE_CURVE('',#1105,#1147,#542,.T.);
#1459=EDGE_CURVE('',#1147,#1148,#543,.T.);
#1460=EDGE_CURVE('',#1148,#1106,#544,.T.);
#1461=EDGE_CURVE('',#1149,#1147,#545,.T.);
#1462=EDGE_CURVE('',#1150,#1149,#546,.T.);
#1463=EDGE_CURVE('',#1148,#1150,#547,.T.);
#1464=EDGE_CURVE('',#1107,#1150,#548,.T.);
#1465=EDGE_CURVE('',#1149,#1108,#549,.T.);
#1466=EDGE_CURVE('',#1151,#1152,#550,.T.);
#1467=EDGE_CURVE('',#1152,#980,#551,.T.);
#1468=EDGE_CURVE('',#979,#1151,#552,.T.);
#1469=EDGE_CURVE('',#1153,#978,#553,.T.);
#1470=EDGE_CURVE('',#1151,#1153,#554,.T.);
#1471=EDGE_CURVE('',#1154,#1153,#555,.T.);
#1472=EDGE_CURVE('',#1154,#1152,#556,.T.);
#1473=EDGE_CURVE('',#977,#1154,#557,.T.);
#1474=EDGE_CURVE('',#1101,#1155,#558,.T.);
#1475=EDGE_CURVE('',#1155,#1156,#559,.T.);
#1476=EDGE_CURVE('',#1156,#1102,#560,.T.);
#1477=EDGE_CURVE('',#1157,#1155,#561,.T.);
#1478=EDGE_CURVE('',#1158,#1157,#562,.T.);
#1479=EDGE_CURVE('',#1156,#1158,#563,.T.);
#1480=EDGE_CURVE('',#1103,#1158,#564,.T.);
#1481=EDGE_CURVE('',#1157,#1104,#565,.T.);
#1482=EDGE_CURVE('',#1159,#1160,#566,.T.);
#1483=EDGE_CURVE('',#1160,#984,#567,.T.);
#1484=EDGE_CURVE('',#983,#1159,#568,.T.);
#1485=EDGE_CURVE('',#1161,#982,#569,.T.);
#1486=EDGE_CURVE('',#1159,#1161,#570,.T.);
#1487=EDGE_CURVE('',#1162,#1161,#571,.T.);
#1488=EDGE_CURVE('',#1162,#1160,#572,.T.);
#1489=EDGE_CURVE('',#981,#1162,#573,.T.);
#1490=EDGE_CURVE('',#1097,#1163,#574,.T.);
#1491=EDGE_CURVE('',#1163,#1164,#575,.T.);
#1492=EDGE_CURVE('',#1164,#1098,#576,.T.);
#1493=EDGE_CURVE('',#1165,#1163,#577,.T.);
#1494=EDGE_CURVE('',#1166,#1165,#578,.T.);
#1495=EDGE_CURVE('',#1164,#1166,#579,.T.);
#1496=EDGE_CURVE('',#1099,#1166,#580,.T.);
#1497=EDGE_CURVE('',#1165,#1100,#581,.T.);
#1498=EDGE_CURVE('',#1167,#1168,#582,.T.);
#1499=EDGE_CURVE('',#1168,#988,#583,.T.);
#1500=EDGE_CURVE('',#987,#1167,#584,.T.);
#1501=EDGE_CURVE('',#1169,#986,#585,.T.);
#1502=EDGE_CURVE('',#1167,#1169,#586,.T.);
#1503=EDGE_CURVE('',#1170,#1169,#587,.T.);
#1504=EDGE_CURVE('',#1170,#1168,#588,.T.);
#1505=EDGE_CURVE('',#985,#1170,#589,.T.);
#1506=EDGE_CURVE('',#1093,#1171,#590,.T.);
#1507=EDGE_CURVE('',#1171,#1172,#591,.T.);
#1508=EDGE_CURVE('',#1172,#1094,#592,.T.);
#1509=EDGE_CURVE('',#1173,#1171,#593,.T.);
#1510=EDGE_CURVE('',#1174,#1173,#594,.T.);
#1511=EDGE_CURVE('',#1172,#1174,#595,.T.);
#1512=EDGE_CURVE('',#1095,#1174,#596,.T.);
#1513=EDGE_CURVE('',#1173,#1096,#597,.T.);
#1514=EDGE_CURVE('',#1175,#1176,#598,.T.);
#1515=EDGE_CURVE('',#1176,#992,#599,.T.);
#1516=EDGE_CURVE('',#991,#1175,#600,.T.);
#1517=EDGE_CURVE('',#1177,#990,#601,.T.);
#1518=EDGE_CURVE('',#1175,#1177,#602,.T.);
#1519=EDGE_CURVE('',#1178,#1177,#603,.T.);
#1520=EDGE_CURVE('',#1178,#1176,#604,.T.);
#1521=EDGE_CURVE('',#989,#1178,#605,.T.);
#1522=EDGE_CURVE('',#1121,#964,#606,.T.);
#1523=EDGE_CURVE('',#1122,#963,#607,.T.);
#1524=ORIENTED_EDGE('',*,*,#1179,.F.);
#1525=ORIENTED_EDGE('',*,*,#1180,.T.);
#1526=ORIENTED_EDGE('',*,*,#1181,.T.);
#1527=ORIENTED_EDGE('',*,*,#1182,.F.);
#1528=ORIENTED_EDGE('',*,*,#1183,.F.);
#1529=ORIENTED_EDGE('',*,*,#1184,.T.);
#1530=ORIENTED_EDGE('',*,*,#1185,.T.);
#1531=ORIENTED_EDGE('',*,*,#1180,.F.);
#1532=ORIENTED_EDGE('',*,*,#1186,.F.);
#1533=ORIENTED_EDGE('',*,*,#1187,.T.);
#1534=ORIENTED_EDGE('',*,*,#1188,.T.);
#1535=ORIENTED_EDGE('',*,*,#1184,.F.);
#1536=ORIENTED_EDGE('',*,*,#1189,.F.);
#1537=ORIENTED_EDGE('',*,*,#1182,.T.);
#1538=ORIENTED_EDGE('',*,*,#1190,.T.);
#1539=ORIENTED_EDGE('',*,*,#1187,.F.);
#1540=ORIENTED_EDGE('',*,*,#1190,.F.);
#1541=ORIENTED_EDGE('',*,*,#1181,.F.);
#1542=ORIENTED_EDGE('',*,*,#1185,.F.);
#1543=ORIENTED_EDGE('',*,*,#1188,.F.);
#1544=ORIENTED_EDGE('',*,*,#1191,.T.);
#1545=ORIENTED_EDGE('',*,*,#1192,.T.);
#1546=ORIENTED_EDGE('',*,*,#1193,.T.);
#1547=ORIENTED_EDGE('',*,*,#1194,.T.);
#1548=ORIENTED_EDGE('',*,*,#1194,.F.);
#1549=ORIENTED_EDGE('',*,*,#1195,.F.);
#1550=ORIENTED_EDGE('',*,*,#1196,.T.);
#1551=ORIENTED_EDGE('',*,*,#1197,.T.);
#1552=ORIENTED_EDGE('',*,*,#1193,.F.);
#1553=ORIENTED_EDGE('',*,*,#1198,.F.);
#1554=ORIENTED_EDGE('',*,*,#1199,.F.);
#1555=ORIENTED_EDGE('',*,*,#1200,.T.);
#1556=ORIENTED_EDGE('',*,*,#1201,.T.);
#1557=ORIENTED_EDGE('',*,*,#1202,.T.);
#1558=ORIENTED_EDGE('',*,*,#1203,.T.);
#1559=ORIENTED_EDGE('',*,*,#1204,.T.);
#1560=ORIENTED_EDGE('',*,*,#1205,.T.);
#1561=ORIENTED_EDGE('',*,*,#1206,.T.);
#1562=ORIENTED_EDGE('',*,*,#1207,.T.);
#1563=ORIENTED_EDGE('',*,*,#1208,.T.);
#1564=ORIENTED_EDGE('',*,*,#1209,.T.);
#1565=ORIENTED_EDGE('',*,*,#1210,.T.);
#1566=ORIENTED_EDGE('',*,*,#1211,.T.);
#1567=ORIENTED_EDGE('',*,*,#1212,.T.);
#1568=ORIENTED_EDGE('',*,*,#1213,.T.);
#1569=ORIENTED_EDGE('',*,*,#1214,.T.);
#1570=ORIENTED_EDGE('',*,*,#1215,.T.);
#1571=ORIENTED_EDGE('',*,*,#1216,.T.);
#1572=ORIENTED_EDGE('',*,*,#1217,.T.);
#1573=ORIENTED_EDGE('',*,*,#1218,.T.);
#1574=ORIENTED_EDGE('',*,*,#1219,.T.);
#1575=ORIENTED_EDGE('',*,*,#1220,.T.);
#1576=ORIENTED_EDGE('',*,*,#1221,.T.);
#1577=ORIENTED_EDGE('',*,*,#1222,.T.);
#1578=ORIENTED_EDGE('',*,*,#1223,.T.);
#1579=ORIENTED_EDGE('',*,*,#1224,.T.);
#1580=ORIENTED_EDGE('',*,*,#1225,.T.);
#1581=ORIENTED_EDGE('',*,*,#1226,.T.);
#1582=ORIENTED_EDGE('',*,*,#1227,.T.);
#1583=ORIENTED_EDGE('',*,*,#1228,.T.);
#1584=ORIENTED_EDGE('',*,*,#1229,.T.);
#1585=ORIENTED_EDGE('',*,*,#1230,.T.);
#1586=ORIENTED_EDGE('',*,*,#1231,.T.);
#1587=ORIENTED_EDGE('',*,*,#1232,.T.);
#1588=ORIENTED_EDGE('',*,*,#1233,.T.);
#1589=ORIENTED_EDGE('',*,*,#1234,.T.);
#1590=ORIENTED_EDGE('',*,*,#1235,.T.);
#1591=ORIENTED_EDGE('',*,*,#1236,.T.);
#1592=ORIENTED_EDGE('',*,*,#1237,.T.);
#1593=ORIENTED_EDGE('',*,*,#1238,.T.);
#1594=ORIENTED_EDGE('',*,*,#1239,.T.);
#1595=ORIENTED_EDGE('',*,*,#1240,.T.);
#1596=ORIENTED_EDGE('',*,*,#1241,.T.);
#1597=ORIENTED_EDGE('',*,*,#1242,.T.);
#1598=ORIENTED_EDGE('',*,*,#1243,.T.);
#1599=ORIENTED_EDGE('',*,*,#1244,.T.);
#1600=ORIENTED_EDGE('',*,*,#1245,.T.);
#1601=ORIENTED_EDGE('',*,*,#1246,.T.);
#1602=ORIENTED_EDGE('',*,*,#1247,.T.);
#1603=ORIENTED_EDGE('',*,*,#1248,.T.);
#1604=ORIENTED_EDGE('',*,*,#1249,.T.);
#1605=ORIENTED_EDGE('',*,*,#1250,.T.);
#1606=ORIENTED_EDGE('',*,*,#1251,.T.);
#1607=ORIENTED_EDGE('',*,*,#1252,.T.);
#1608=ORIENTED_EDGE('',*,*,#1195,.T.);
#1609=ORIENTED_EDGE('',*,*,#1179,.T.);
#1610=ORIENTED_EDGE('',*,*,#1189,.T.);
#1611=ORIENTED_EDGE('',*,*,#1186,.T.);
#1612=ORIENTED_EDGE('',*,*,#1183,.T.);
#1613=ORIENTED_EDGE('',*,*,#1253,.F.);
#1614=ORIENTED_EDGE('',*,*,#1254,.T.);
#1615=ORIENTED_EDGE('',*,*,#1255,.F.);
#1616=ORIENTED_EDGE('',*,*,#1254,.F.);
#1617=ORIENTED_EDGE('',*,*,#1253,.T.);
#1618=ORIENTED_EDGE('',*,*,#1256,.F.);
#1619=ORIENTED_EDGE('',*,*,#1257,.T.);
#1620=ORIENTED_EDGE('',*,*,#1258,.F.);
#1621=ORIENTED_EDGE('',*,*,#1257,.F.);
#1622=ORIENTED_EDGE('',*,*,#1256,.T.);
#1623=ORIENTED_EDGE('',*,*,#1259,.F.);
#1624=ORIENTED_EDGE('',*,*,#1260,.F.);
#1625=ORIENTED_EDGE('',*,*,#1261,.F.);
#1626=ORIENTED_EDGE('',*,*,#1262,.F.);
#1627=ORIENTED_EDGE('',*,*,#1263,.T.);
#1628=ORIENTED_EDGE('',*,*,#1262,.T.);
#1629=ORIENTED_EDGE('',*,*,#1264,.T.);
#1630=ORIENTED_EDGE('',*,*,#1265,.T.);
#1631=ORIENTED_EDGE('',*,*,#1264,.F.);
#1632=ORIENTED_EDGE('',*,*,#1261,.T.);
#1633=ORIENTED_EDGE('',*,*,#1266,.F.);
#1634=ORIENTED_EDGE('',*,*,#1267,.T.);
#1635=ORIENTED_EDGE('',*,*,#1268,.F.);
#1636=ORIENTED_EDGE('',*,*,#1265,.F.);
#1637=ORIENTED_EDGE('',*,*,#1267,.F.);
#1638=ORIENTED_EDGE('',*,*,#1269,.F.);
#1639=ORIENTED_EDGE('',*,*,#1270,.F.);
#1640=ORIENTED_EDGE('',*,*,#1271,.F.);
#1641=ORIENTED_EDGE('',*,*,#1249,.F.);
#1642=ORIENTED_EDGE('',*,*,#1272,.F.);
#1643=ORIENTED_EDGE('',*,*,#1250,.F.);
#1644=ORIENTED_EDGE('',*,*,#1271,.T.);
#1645=ORIENTED_EDGE('',*,*,#1273,.T.);
#1646=ORIENTED_EDGE('',*,*,#1274,.T.);
#1647=ORIENTED_EDGE('',*,*,#1273,.F.);
#1648=ORIENTED_EDGE('',*,*,#1270,.T.);
#1649=ORIENTED_EDGE('',*,*,#1275,.F.);
#1650=ORIENTED_EDGE('',*,*,#1276,.T.);
#1651=ORIENTED_EDGE('',*,*,#1276,.F.);
#1652=ORIENTED_EDGE('',*,*,#1277,.F.);
#1653=ORIENTED_EDGE('',*,*,#1251,.F.);
#1654=ORIENTED_EDGE('',*,*,#1274,.F.);
#1655=ORIENTED_EDGE('',*,*,#1278,.F.);
#1656=ORIENTED_EDGE('',*,*,#1279,.F.);
#1657=ORIENTED_EDGE('',*,*,#1280,.F.);
#1658=ORIENTED_EDGE('',*,*,#1281,.F.);
#1659=ORIENTED_EDGE('',*,*,#1282,.T.);
#1660=ORIENTED_EDGE('',*,*,#1281,.T.);
#1661=ORIENTED_EDGE('',*,*,#1283,.T.);
#1662=ORIENTED_EDGE('',*,*,#1284,.T.);
#1663=ORIENTED_EDGE('',*,*,#1283,.F.);
#1664=ORIENTED_EDGE('',*,*,#1280,.T.);
#1665=ORIENTED_EDGE('',*,*,#1285,.F.);
#1666=ORIENTED_EDGE('',*,*,#1286,.T.);
#1667=ORIENTED_EDGE('',*,*,#1287,.F.);
#1668=ORIENTED_EDGE('',*,*,#1284,.F.);
#1669=ORIENTED_EDGE('',*,*,#1286,.F.);
#1670=ORIENTED_EDGE('',*,*,#1288,.F.);
#1671=ORIENTED_EDGE('',*,*,#1289,.F.);
#1672=ORIENTED_EDGE('',*,*,#1290,.F.);
#1673=ORIENTED_EDGE('',*,*,#1245,.F.);
#1674=ORIENTED_EDGE('',*,*,#1291,.F.);
#1675=ORIENTED_EDGE('',*,*,#1246,.F.);
#1676=ORIENTED_EDGE('',*,*,#1290,.T.);
#1677=ORIENTED_EDGE('',*,*,#1292,.T.);
#1678=ORIENTED_EDGE('',*,*,#1293,.T.);
#1679=ORIENTED_EDGE('',*,*,#1292,.F.);
#1680=ORIENTED_EDGE('',*,*,#1289,.T.);
#1681=ORIENTED_EDGE('',*,*,#1294,.F.);
#1682=ORIENTED_EDGE('',*,*,#1295,.T.);
#1683=ORIENTED_EDGE('',*,*,#1295,.F.);
#1684=ORIENTED_EDGE('',*,*,#1296,.F.);
#1685=ORIENTED_EDGE('',*,*,#1247,.F.);
#1686=ORIENTED_EDGE('',*,*,#1293,.F.);
#1687=ORIENTED_EDGE('',*,*,#1297,.F.);
#1688=ORIENTED_EDGE('',*,*,#1298,.F.);
#1689=ORIENTED_EDGE('',*,*,#1299,.F.);
#1690=ORIENTED_EDGE('',*,*,#1300,.F.);
#1691=ORIENTED_EDGE('',*,*,#1301,.T.);
#1692=ORIENTED_EDGE('',*,*,#1300,.T.);
#1693=ORIENTED_EDGE('',*,*,#1302,.T.);
#1694=ORIENTED_EDGE('',*,*,#1303,.T.);
#1695=ORIENTED_EDGE('',*,*,#1302,.F.);
#1696=ORIENTED_EDGE('',*,*,#1299,.T.);
#1697=ORIENTED_EDGE('',*,*,#1304,.F.);
#1698=ORIENTED_EDGE('',*,*,#1305,.T.);
#1699=ORIENTED_EDGE('',*,*,#1306,.F.);
#1700=ORIENTED_EDGE('',*,*,#1303,.F.);
#1701=ORIENTED_EDGE('',*,*,#1305,.F.);
#1702=ORIENTED_EDGE('',*,*,#1307,.F.);
#1703=ORIENTED_EDGE('',*,*,#1308,.F.);
#1704=ORIENTED_EDGE('',*,*,#1309,.F.);
#1705=ORIENTED_EDGE('',*,*,#1241,.F.);
#1706=ORIENTED_EDGE('',*,*,#1310,.F.);
#1707=ORIENTED_EDGE('',*,*,#1242,.F.);
#1708=ORIENTED_EDGE('',*,*,#1309,.T.);
#1709=ORIENTED_EDGE('',*,*,#1311,.T.);
#1710=ORIENTED_EDGE('',*,*,#1312,.T.);
#1711=ORIENTED_EDGE('',*,*,#1311,.F.);
#1712=ORIENTED_EDGE('',*,*,#1308,.T.);
#1713=ORIENTED_EDGE('',*,*,#1313,.F.);
#1714=ORIENTED_EDGE('',*,*,#1314,.T.);
#1715=ORIENTED_EDGE('',*,*,#1314,.F.);
#1716=ORIENTED_EDGE('',*,*,#1315,.F.);
#1717=ORIENTED_EDGE('',*,*,#1243,.F.);
#1718=ORIENTED_EDGE('',*,*,#1312,.F.);
#1719=ORIENTED_EDGE('',*,*,#1316,.F.);
#1720=ORIENTED_EDGE('',*,*,#1317,.F.);
#1721=ORIENTED_EDGE('',*,*,#1318,.F.);
#1722=ORIENTED_EDGE('',*,*,#1319,.F.);
#1723=ORIENTED_EDGE('',*,*,#1320,.T.);
#1724=ORIENTED_EDGE('',*,*,#1319,.T.);
#1725=ORIENTED_EDGE('',*,*,#1321,.T.);
#1726=ORIENTED_EDGE('',*,*,#1322,.T.);
#1727=ORIENTED_EDGE('',*,*,#1321,.F.);
#1728=ORIENTED_EDGE('',*,*,#1318,.T.);
#1729=ORIENTED_EDGE('',*,*,#1323,.F.);
#1730=ORIENTED_EDGE('',*,*,#1324,.T.);
#1731=ORIENTED_EDGE('',*,*,#1325,.F.);
#1732=ORIENTED_EDGE('',*,*,#1322,.F.);
#1733=ORIENTED_EDGE('',*,*,#1324,.F.);
#1734=ORIENTED_EDGE('',*,*,#1326,.F.);
#1735=ORIENTED_EDGE('',*,*,#1327,.F.);
#1736=ORIENTED_EDGE('',*,*,#1328,.F.);
#1737=ORIENTED_EDGE('',*,*,#1237,.F.);
#1738=ORIENTED_EDGE('',*,*,#1329,.F.);
#1739=ORIENTED_EDGE('',*,*,#1238,.F.);
#1740=ORIENTED_EDGE('',*,*,#1328,.T.);
#1741=ORIENTED_EDGE('',*,*,#1330,.T.);
#1742=ORIENTED_EDGE('',*,*,#1331,.T.);
#1743=ORIENTED_EDGE('',*,*,#1330,.F.);
#1744=ORIENTED_EDGE('',*,*,#1327,.T.);
#1745=ORIENTED_EDGE('',*,*,#1332,.F.);
#1746=ORIENTED_EDGE('',*,*,#1333,.T.);
#1747=ORIENTED_EDGE('',*,*,#1333,.F.);
#1748=ORIENTED_EDGE('',*,*,#1334,.F.);
#1749=ORIENTED_EDGE('',*,*,#1239,.F.);
#1750=ORIENTED_EDGE('',*,*,#1331,.F.);
#1751=ORIENTED_EDGE('',*,*,#1335,.F.);
#1752=ORIENTED_EDGE('',*,*,#1336,.F.);
#1753=ORIENTED_EDGE('',*,*,#1337,.F.);
#1754=ORIENTED_EDGE('',*,*,#1338,.F.);
#1755=ORIENTED_EDGE('',*,*,#1339,.T.);
#1756=ORIENTED_EDGE('',*,*,#1338,.T.);
#1757=ORIENTED_EDGE('',*,*,#1340,.T.);
#1758=ORIENTED_EDGE('',*,*,#1341,.T.);
#1759=ORIENTED_EDGE('',*,*,#1340,.F.);
#1760=ORIENTED_EDGE('',*,*,#1337,.T.);
#1761=ORIENTED_EDGE('',*,*,#1342,.F.);
#1762=ORIENTED_EDGE('',*,*,#1343,.T.);
#1763=ORIENTED_EDGE('',*,*,#1344,.F.);
#1764=ORIENTED_EDGE('',*,*,#1341,.F.);
#1765=ORIENTED_EDGE('',*,*,#1343,.F.);
#1766=ORIENTED_EDGE('',*,*,#1345,.F.);
#1767=ORIENTED_EDGE('',*,*,#1346,.F.);
#1768=ORIENTED_EDGE('',*,*,#1347,.F.);
#1769=ORIENTED_EDGE('',*,*,#1233,.F.);
#1770=ORIENTED_EDGE('',*,*,#1348,.F.);
#1771=ORIENTED_EDGE('',*,*,#1234,.F.);
#1772=ORIENTED_EDGE('',*,*,#1347,.T.);
#1773=ORIENTED_EDGE('',*,*,#1349,.T.);
#1774=ORIENTED_EDGE('',*,*,#1350,.T.);
#1775=ORIENTED_EDGE('',*,*,#1349,.F.);
#1776=ORIENTED_EDGE('',*,*,#1346,.T.);
#1777=ORIENTED_EDGE('',*,*,#1351,.F.);
#1778=ORIENTED_EDGE('',*,*,#1352,.T.);
#1779=ORIENTED_EDGE('',*,*,#1352,.F.);
#1780=ORIENTED_EDGE('',*,*,#1353,.F.);
#1781=ORIENTED_EDGE('',*,*,#1235,.F.);
#1782=ORIENTED_EDGE('',*,*,#1350,.F.);
#1783=ORIENTED_EDGE('',*,*,#1354,.F.);
#1784=ORIENTED_EDGE('',*,*,#1355,.F.);
#1785=ORIENTED_EDGE('',*,*,#1356,.F.);
#1786=ORIENTED_EDGE('',*,*,#1357,.F.);
#1787=ORIENTED_EDGE('',*,*,#1358,.T.);
#1788=ORIENTED_EDGE('',*,*,#1357,.T.);
#1789=ORIENTED_EDGE('',*,*,#1359,.T.);
#1790=ORIENTED_EDGE('',*,*,#1360,.T.);
#1791=ORIENTED_EDGE('',*,*,#1359,.F.);
#1792=ORIENTED_EDGE('',*,*,#1356,.T.);
#1793=ORIENTED_EDGE('',*,*,#1361,.F.);
#1794=ORIENTED_EDGE('',*,*,#1362,.T.);
#1795=ORIENTED_EDGE('',*,*,#1363,.F.);
#1796=ORIENTED_EDGE('',*,*,#1360,.F.);
#1797=ORIENTED_EDGE('',*,*,#1362,.F.);
#1798=ORIENTED_EDGE('',*,*,#1364,.F.);
#1799=ORIENTED_EDGE('',*,*,#1365,.F.);
#1800=ORIENTED_EDGE('',*,*,#1366,.F.);
#1801=ORIENTED_EDGE('',*,*,#1229,.F.);
#1802=ORIENTED_EDGE('',*,*,#1367,.F.);
#1803=ORIENTED_EDGE('',*,*,#1230,.F.);
#1804=ORIENTED_EDGE('',*,*,#1366,.T.);
#1805=ORIENTED_EDGE('',*,*,#1368,.T.);
#1806=ORIENTED_EDGE('',*,*,#1369,.T.);
#1807=ORIENTED_EDGE('',*,*,#1368,.F.);
#1808=ORIENTED_EDGE('',*,*,#1365,.T.);
#1809=ORIENTED_EDGE('',*,*,#1370,.F.);
#1810=ORIENTED_EDGE('',*,*,#1371,.T.);
#1811=ORIENTED_EDGE('',*,*,#1371,.F.);
#1812=ORIENTED_EDGE('',*,*,#1372,.F.);
#1813=ORIENTED_EDGE('',*,*,#1231,.F.);
#1814=ORIENTED_EDGE('',*,*,#1369,.F.);
#1815=ORIENTED_EDGE('',*,*,#1191,.F.);
#1816=ORIENTED_EDGE('',*,*,#1197,.F.);
#1817=ORIENTED_EDGE('',*,*,#1373,.T.);
#1818=ORIENTED_EDGE('',*,*,#1269,.T.);
#1819=ORIENTED_EDGE('',*,*,#1266,.T.);
#1820=ORIENTED_EDGE('',*,*,#1260,.T.);
#1821=ORIENTED_EDGE('',*,*,#1374,.T.);
#1822=ORIENTED_EDGE('',*,*,#1288,.T.);
#1823=ORIENTED_EDGE('',*,*,#1285,.T.);
#1824=ORIENTED_EDGE('',*,*,#1279,.T.);
#1825=ORIENTED_EDGE('',*,*,#1375,.T.);
#1826=ORIENTED_EDGE('',*,*,#1307,.T.);
#1827=ORIENTED_EDGE('',*,*,#1304,.T.);
#1828=ORIENTED_EDGE('',*,*,#1298,.T.);
#1829=ORIENTED_EDGE('',*,*,#1376,.T.);
#1830=ORIENTED_EDGE('',*,*,#1326,.T.);
#1831=ORIENTED_EDGE('',*,*,#1323,.T.);
#1832=ORIENTED_EDGE('',*,*,#1317,.T.);
#1833=ORIENTED_EDGE('',*,*,#1377,.T.);
#1834=ORIENTED_EDGE('',*,*,#1345,.T.);
#1835=ORIENTED_EDGE('',*,*,#1342,.T.);
#1836=ORIENTED_EDGE('',*,*,#1336,.T.);
#1837=ORIENTED_EDGE('',*,*,#1378,.T.);
#1838=ORIENTED_EDGE('',*,*,#1364,.T.);
#1839=ORIENTED_EDGE('',*,*,#1361,.T.);
#1840=ORIENTED_EDGE('',*,*,#1355,.T.);
#1841=ORIENTED_EDGE('',*,*,#1379,.T.);
#1842=ORIENTED_EDGE('',*,*,#1380,.T.);
#1843=ORIENTED_EDGE('',*,*,#1381,.T.);
#1844=ORIENTED_EDGE('',*,*,#1382,.T.);
#1845=ORIENTED_EDGE('',*,*,#1383,.T.);
#1846=ORIENTED_EDGE('',*,*,#1384,.T.);
#1847=ORIENTED_EDGE('',*,*,#1385,.T.);
#1848=ORIENTED_EDGE('',*,*,#1386,.T.);
#1849=ORIENTED_EDGE('',*,*,#1387,.T.);
#1850=ORIENTED_EDGE('',*,*,#1388,.T.);
#1851=ORIENTED_EDGE('',*,*,#1389,.T.);
#1852=ORIENTED_EDGE('',*,*,#1390,.T.);
#1853=ORIENTED_EDGE('',*,*,#1391,.T.);
#1854=ORIENTED_EDGE('',*,*,#1392,.T.);
#1855=ORIENTED_EDGE('',*,*,#1393,.T.);
#1856=ORIENTED_EDGE('',*,*,#1394,.T.);
#1857=ORIENTED_EDGE('',*,*,#1395,.T.);
#1858=ORIENTED_EDGE('',*,*,#1396,.T.);
#1859=ORIENTED_EDGE('',*,*,#1397,.T.);
#1860=ORIENTED_EDGE('',*,*,#1398,.T.);
#1861=ORIENTED_EDGE('',*,*,#1399,.T.);
#1862=ORIENTED_EDGE('',*,*,#1400,.T.);
#1863=ORIENTED_EDGE('',*,*,#1401,.T.);
#1864=ORIENTED_EDGE('',*,*,#1402,.T.);
#1865=ORIENTED_EDGE('',*,*,#1403,.T.);
#1866=ORIENTED_EDGE('',*,*,#1404,.T.);
#1867=ORIENTED_EDGE('',*,*,#1405,.T.);
#1868=ORIENTED_EDGE('',*,*,#1406,.T.);
#1869=ORIENTED_EDGE('',*,*,#1407,.T.);
#1870=ORIENTED_EDGE('',*,*,#1408,.T.);
#1871=ORIENTED_EDGE('',*,*,#1409,.F.);
#1872=ORIENTED_EDGE('',*,*,#1410,.T.);
#1873=ORIENTED_EDGE('',*,*,#1411,.T.);
#1874=ORIENTED_EDGE('',*,*,#1412,.T.);
#1875=ORIENTED_EDGE('',*,*,#1404,.F.);
#1876=ORIENTED_EDGE('',*,*,#1413,.F.);
#1877=ORIENTED_EDGE('',*,*,#1414,.F.);
#1878=ORIENTED_EDGE('',*,*,#1415,.F.);
#1879=ORIENTED_EDGE('',*,*,#1411,.F.);
#1880=ORIENTED_EDGE('',*,*,#1415,.T.);
#1881=ORIENTED_EDGE('',*,*,#1416,.F.);
#1882=ORIENTED_EDGE('',*,*,#1405,.F.);
#1883=ORIENTED_EDGE('',*,*,#1412,.F.);
#1884=ORIENTED_EDGE('',*,*,#1417,.T.);
#1885=ORIENTED_EDGE('',*,*,#1406,.F.);
#1886=ORIENTED_EDGE('',*,*,#1416,.T.);
#1887=ORIENTED_EDGE('',*,*,#1414,.T.);
#1888=ORIENTED_EDGE('',*,*,#1418,.T.);
#1889=ORIENTED_EDGE('',*,*,#1419,.T.);
#1890=ORIENTED_EDGE('',*,*,#1203,.F.);
#1891=ORIENTED_EDGE('',*,*,#1420,.T.);
#1892=ORIENTED_EDGE('',*,*,#1202,.F.);
#1893=ORIENTED_EDGE('',*,*,#1421,.F.);
#1894=ORIENTED_EDGE('',*,*,#1422,.F.);
#1895=ORIENTED_EDGE('',*,*,#1420,.F.);
#1896=ORIENTED_EDGE('',*,*,#1422,.T.);
#1897=ORIENTED_EDGE('',*,*,#1423,.F.);
#1898=ORIENTED_EDGE('',*,*,#1424,.T.);
#1899=ORIENTED_EDGE('',*,*,#1418,.F.);
#1900=ORIENTED_EDGE('',*,*,#1423,.T.);
#1901=ORIENTED_EDGE('',*,*,#1421,.T.);
#1902=ORIENTED_EDGE('',*,*,#1201,.F.);
#1903=ORIENTED_EDGE('',*,*,#1425,.T.);
#1904=ORIENTED_EDGE('',*,*,#1426,.T.);
#1905=ORIENTED_EDGE('',*,*,#1427,.T.);
#1906=ORIENTED_EDGE('',*,*,#1428,.T.);
#1907=ORIENTED_EDGE('',*,*,#1400,.F.);
#1908=ORIENTED_EDGE('',*,*,#1429,.F.);
#1909=ORIENTED_EDGE('',*,*,#1430,.F.);
#1910=ORIENTED_EDGE('',*,*,#1431,.F.);
#1911=ORIENTED_EDGE('',*,*,#1427,.F.);
#1912=ORIENTED_EDGE('',*,*,#1431,.T.);
#1913=ORIENTED_EDGE('',*,*,#1432,.F.);
#1914=ORIENTED_EDGE('',*,*,#1401,.F.);
#1915=ORIENTED_EDGE('',*,*,#1428,.F.);
#1916=ORIENTED_EDGE('',*,*,#1433,.T.);
#1917=ORIENTED_EDGE('',*,*,#1402,.F.);
#1918=ORIENTED_EDGE('',*,*,#1432,.T.);
#1919=ORIENTED_EDGE('',*,*,#1430,.T.);
#1920=ORIENTED_EDGE('',*,*,#1434,.T.);
#1921=ORIENTED_EDGE('',*,*,#1435,.T.);
#1922=ORIENTED_EDGE('',*,*,#1207,.F.);
#1923=ORIENTED_EDGE('',*,*,#1436,.T.);
#1924=ORIENTED_EDGE('',*,*,#1206,.F.);
#1925=ORIENTED_EDGE('',*,*,#1437,.F.);
#1926=ORIENTED_EDGE('',*,*,#1438,.F.);
#1927=ORIENTED_EDGE('',*,*,#1436,.F.);
#1928=ORIENTED_EDGE('',*,*,#1438,.T.);
#1929=ORIENTED_EDGE('',*,*,#1439,.F.);
#1930=ORIENTED_EDGE('',*,*,#1440,.T.);
#1931=ORIENTED_EDGE('',*,*,#1434,.F.);
#1932=ORIENTED_EDGE('',*,*,#1439,.T.);
#1933=ORIENTED_EDGE('',*,*,#1437,.T.);
#1934=ORIENTED_EDGE('',*,*,#1205,.F.);
#1935=ORIENTED_EDGE('',*,*,#1441,.T.);
#1936=ORIENTED_EDGE('',*,*,#1442,.T.);
#1937=ORIENTED_EDGE('',*,*,#1443,.T.);
#1938=ORIENTED_EDGE('',*,*,#1444,.T.);
#1939=ORIENTED_EDGE('',*,*,#1396,.F.);
#1940=ORIENTED_EDGE('',*,*,#1445,.F.);
#1941=ORIENTED_EDGE('',*,*,#1446,.F.);
#1942=ORIENTED_EDGE('',*,*,#1447,.F.);
#1943=ORIENTED_EDGE('',*,*,#1443,.F.);
#1944=ORIENTED_EDGE('',*,*,#1447,.T.);
#1945=ORIENTED_EDGE('',*,*,#1448,.F.);
#1946=ORIENTED_EDGE('',*,*,#1397,.F.);
#1947=ORIENTED_EDGE('',*,*,#1444,.F.);
#1948=ORIENTED_EDGE('',*,*,#1449,.T.);
#1949=ORIENTED_EDGE('',*,*,#1398,.F.);
#1950=ORIENTED_EDGE('',*,*,#1448,.T.);
#1951=ORIENTED_EDGE('',*,*,#1446,.T.);
#1952=ORIENTED_EDGE('',*,*,#1450,.T.);
#1953=ORIENTED_EDGE('',*,*,#1451,.T.);
#1954=ORIENTED_EDGE('',*,*,#1211,.F.);
#1955=ORIENTED_EDGE('',*,*,#1452,.T.);
#1956=ORIENTED_EDGE('',*,*,#1210,.F.);
#1957=ORIENTED_EDGE('',*,*,#1453,.F.);
#1958=ORIENTED_EDGE('',*,*,#1454,.F.);
#1959=ORIENTED_EDGE('',*,*,#1452,.F.);
#1960=ORIENTED_EDGE('',*,*,#1454,.T.);
#1961=ORIENTED_EDGE('',*,*,#1455,.F.);
#1962=ORIENTED_EDGE('',*,*,#1456,.T.);
#1963=ORIENTED_EDGE('',*,*,#1450,.F.);
#1964=ORIENTED_EDGE('',*,*,#1455,.T.);
#1965=ORIENTED_EDGE('',*,*,#1453,.T.);
#1966=ORIENTED_EDGE('',*,*,#1209,.F.);
#1967=ORIENTED_EDGE('',*,*,#1457,.T.);
#1968=ORIENTED_EDGE('',*,*,#1458,.T.);
#1969=ORIENTED_EDGE('',*,*,#1459,.T.);
#1970=ORIENTED_EDGE('',*,*,#1460,.T.);
#1971=ORIENTED_EDGE('',*,*,#1392,.F.);
#1972=ORIENTED_EDGE('',*,*,#1461,.F.);
#1973=ORIENTED_EDGE('',*,*,#1462,.F.);
#1974=ORIENTED_EDGE('',*,*,#1463,.F.);
#1975=ORIENTED_EDGE('',*,*,#1459,.F.);
#1976=ORIENTED_EDGE('',*,*,#1463,.T.);
#1977=ORIENTED_EDGE('',*,*,#1464,.F.);
#1978=ORIENTED_EDGE('',*,*,#1393,.F.);
#1979=ORIENTED_EDGE('',*,*,#1460,.F.);
#1980=ORIENTED_EDGE('',*,*,#1465,.T.);
#1981=ORIENTED_EDGE('',*,*,#1394,.F.);
#1982=ORIENTED_EDGE('',*,*,#1464,.T.);
#1983=ORIENTED_EDGE('',*,*,#1462,.T.);
#1984=ORIENTED_EDGE('',*,*,#1466,.T.);
#1985=ORIENTED_EDGE('',*,*,#1467,.T.);
#1986=ORIENTED_EDGE('',*,*,#1215,.F.);
#1987=ORIENTED_EDGE('',*,*,#1468,.T.);
#1988=ORIENTED_EDGE('',*,*,#1214,.F.);
#1989=ORIENTED_EDGE('',*,*,#1469,.F.);
#1990=ORIENTED_EDGE('',*,*,#1470,.F.);
#1991=ORIENTED_EDGE('',*,*,#1468,.F.);
#1992=ORIENTED_EDGE('',*,*,#1470,.T.);
#1993=ORIENTED_EDGE('',*,*,#1471,.F.);
#1994=ORIENTED_EDGE('',*,*,#1472,.T.);
#1995=ORIENTED_EDGE('',*,*,#1466,.F.);
#1996=ORIENTED_EDGE('',*,*,#1471,.T.);
#1997=ORIENTED_EDGE('',*,*,#1469,.T.);
#1998=ORIENTED_EDGE('',*,*,#1213,.F.);
#1999=ORIENTED_EDGE('',*,*,#1473,.T.);
#2000=ORIENTED_EDGE('',*,*,#1474,.T.);
#2001=ORIENTED_EDGE('',*,*,#1475,.T.);
#2002=ORIENTED_EDGE('',*,*,#1476,.T.);
#2003=ORIENTED_EDGE('',*,*,#1388,.F.);
#2004=ORIENTED_EDGE('',*,*,#1477,.F.);
#2005=ORIENTED_EDGE('',*,*,#1478,.F.);
#2006=ORIENTED_EDGE('',*,*,#1479,.F.);
#2007=ORIENTED_EDGE('',*,*,#1475,.F.);
#2008=ORIENTED_EDGE('',*,*,#1479,.T.);
#2009=ORIENTED_EDGE('',*,*,#1480,.F.);
#2010=ORIENTED_EDGE('',*,*,#1389,.F.);
#2011=ORIENTED_EDGE('',*,*,#1476,.F.);
#2012=ORIENTED_EDGE('',*,*,#1481,.T.);
#2013=ORIENTED_EDGE('',*,*,#1390,.F.);
#2014=ORIENTED_EDGE('',*,*,#1480,.T.);
#2015=ORIENTED_EDGE('',*,*,#1478,.T.);
#2016=ORIENTED_EDGE('',*,*,#1482,.T.);
#2017=ORIENTED_EDGE('',*,*,#1483,.T.);
#2018=ORIENTED_EDGE('',*,*,#1219,.F.);
#2019=ORIENTED_EDGE('',*,*,#1484,.T.);
#2020=ORIENTED_EDGE('',*,*,#1218,.F.);
#2021=ORIENTED_EDGE('',*,*,#1485,.F.);
#2022=ORIENTED_EDGE('',*,*,#1486,.F.);
#2023=ORIENTED_EDGE('',*,*,#1484,.F.);
#2024=ORIENTED_EDGE('',*,*,#1486,.T.);
#2025=ORIENTED_EDGE('',*,*,#1487,.F.);
#2026=ORIENTED_EDGE('',*,*,#1488,.T.);
#2027=ORIENTED_EDGE('',*,*,#1482,.F.);
#2028=ORIENTED_EDGE('',*,*,#1487,.T.);
#2029=ORIENTED_EDGE('',*,*,#1485,.T.);
#2030=ORIENTED_EDGE('',*,*,#1217,.F.);
#2031=ORIENTED_EDGE('',*,*,#1489,.T.);
#2032=ORIENTED_EDGE('',*,*,#1490,.T.);
#2033=ORIENTED_EDGE('',*,*,#1491,.T.);
#2034=ORIENTED_EDGE('',*,*,#1492,.T.);
#2035=ORIENTED_EDGE('',*,*,#1384,.F.);
#2036=ORIENTED_EDGE('',*,*,#1493,.F.);
#2037=ORIENTED_EDGE('',*,*,#1494,.F.);
#2038=ORIENTED_EDGE('',*,*,#1495,.F.);
#2039=ORIENTED_EDGE('',*,*,#1491,.F.);
#2040=ORIENTED_EDGE('',*,*,#1495,.T.);
#2041=ORIENTED_EDGE('',*,*,#1496,.F.);
#2042=ORIENTED_EDGE('',*,*,#1385,.F.);
#2043=ORIENTED_EDGE('',*,*,#1492,.F.);
#2044=ORIENTED_EDGE('',*,*,#1497,.T.);
#2045=ORIENTED_EDGE('',*,*,#1386,.F.);
#2046=ORIENTED_EDGE('',*,*,#1496,.T.);
#2047=ORIENTED_EDGE('',*,*,#1494,.T.);
#2048=ORIENTED_EDGE('',*,*,#1498,.T.);
#2049=ORIENTED_EDGE('',*,*,#1499,.T.);
#2050=ORIENTED_EDGE('',*,*,#1223,.F.);
#2051=ORIENTED_EDGE('',*,*,#1500,.T.);
#2052=ORIENTED_EDGE('',*,*,#1222,.F.);
#2053=ORIENTED_EDGE('',*,*,#1501,.F.);
#2054=ORIENTED_EDGE('',*,*,#1502,.F.);
#2055=ORIENTED_EDGE('',*,*,#1500,.F.);
#2056=ORIENTED_EDGE('',*,*,#1502,.T.);
#2057=ORIENTED_EDGE('',*,*,#1503,.F.);
#2058=ORIENTED_EDGE('',*,*,#1504,.T.);
#2059=ORIENTED_EDGE('',*,*,#1498,.F.);
#2060=ORIENTED_EDGE('',*,*,#1503,.T.);
#2061=ORIENTED_EDGE('',*,*,#1501,.T.);
#2062=ORIENTED_EDGE('',*,*,#1221,.F.);
#2063=ORIENTED_EDGE('',*,*,#1505,.T.);
#2064=ORIENTED_EDGE('',*,*,#1506,.T.);
#2065=ORIENTED_EDGE('',*,*,#1507,.T.);
#2066=ORIENTED_EDGE('',*,*,#1508,.T.);
#2067=ORIENTED_EDGE('',*,*,#1380,.F.);
#2068=ORIENTED_EDGE('',*,*,#1509,.F.);
#2069=ORIENTED_EDGE('',*,*,#1510,.F.);
#2070=ORIENTED_EDGE('',*,*,#1511,.F.);
#2071=ORIENTED_EDGE('',*,*,#1507,.F.);
#2072=ORIENTED_EDGE('',*,*,#1511,.T.);
#2073=ORIENTED_EDGE('',*,*,#1512,.F.);
#2074=ORIENTED_EDGE('',*,*,#1381,.F.);
#2075=ORIENTED_EDGE('',*,*,#1508,.F.);
#2076=ORIENTED_EDGE('',*,*,#1513,.T.);
#2077=ORIENTED_EDGE('',*,*,#1382,.F.);
#2078=ORIENTED_EDGE('',*,*,#1512,.T.);
#2079=ORIENTED_EDGE('',*,*,#1510,.T.);
#2080=ORIENTED_EDGE('',*,*,#1514,.T.);
#2081=ORIENTED_EDGE('',*,*,#1515,.T.);
#2082=ORIENTED_EDGE('',*,*,#1227,.F.);
#2083=ORIENTED_EDGE('',*,*,#1516,.T.);
#2084=ORIENTED_EDGE('',*,*,#1226,.F.);
#2085=ORIENTED_EDGE('',*,*,#1517,.F.);
#2086=ORIENTED_EDGE('',*,*,#1518,.F.);
#2087=ORIENTED_EDGE('',*,*,#1516,.F.);
#2088=ORIENTED_EDGE('',*,*,#1518,.T.);
#2089=ORIENTED_EDGE('',*,*,#1519,.F.);
#2090=ORIENTED_EDGE('',*,*,#1520,.T.);
#2091=ORIENTED_EDGE('',*,*,#1514,.F.);
#2092=ORIENTED_EDGE('',*,*,#1519,.T.);
#2093=ORIENTED_EDGE('',*,*,#1517,.T.);
#2094=ORIENTED_EDGE('',*,*,#1225,.F.);
#2095=ORIENTED_EDGE('',*,*,#1521,.T.);
#2096=ORIENTED_EDGE('',*,*,#1522,.T.);
#2097=ORIENTED_EDGE('',*,*,#1199,.T.);
#2098=ORIENTED_EDGE('',*,*,#1523,.F.);
#2099=ORIENTED_EDGE('',*,*,#1408,.F.);
#2100=ORIENTED_EDGE('',*,*,#1192,.F.);
#2101=ORIENTED_EDGE('',*,*,#1409,.T.);
#2102=ORIENTED_EDGE('',*,*,#1523,.T.);
#2103=ORIENTED_EDGE('',*,*,#1198,.T.);
#2104=ORIENTED_EDGE('',*,*,#1196,.F.);
#2105=ORIENTED_EDGE('',*,*,#1252,.F.);
#2106=ORIENTED_EDGE('',*,*,#1277,.T.);
#2107=ORIENTED_EDGE('',*,*,#1275,.T.);
#2108=ORIENTED_EDGE('',*,*,#1272,.T.);
#2109=ORIENTED_EDGE('',*,*,#1248,.F.);
#2110=ORIENTED_EDGE('',*,*,#1296,.T.);
#2111=ORIENTED_EDGE('',*,*,#1294,.T.);
#2112=ORIENTED_EDGE('',*,*,#1291,.T.);
#2113=ORIENTED_EDGE('',*,*,#1244,.F.);
#2114=ORIENTED_EDGE('',*,*,#1315,.T.);
#2115=ORIENTED_EDGE('',*,*,#1313,.T.);
#2116=ORIENTED_EDGE('',*,*,#1310,.T.);
#2117=ORIENTED_EDGE('',*,*,#1240,.F.);
#2118=ORIENTED_EDGE('',*,*,#1334,.T.);
#2119=ORIENTED_EDGE('',*,*,#1332,.T.);
#2120=ORIENTED_EDGE('',*,*,#1329,.T.);
#2121=ORIENTED_EDGE('',*,*,#1236,.F.);
#2122=ORIENTED_EDGE('',*,*,#1353,.T.);
#2123=ORIENTED_EDGE('',*,*,#1351,.T.);
#2124=ORIENTED_EDGE('',*,*,#1348,.T.);
#2125=ORIENTED_EDGE('',*,*,#1232,.F.);
#2126=ORIENTED_EDGE('',*,*,#1372,.T.);
#2127=ORIENTED_EDGE('',*,*,#1370,.T.);
#2128=ORIENTED_EDGE('',*,*,#1367,.T.);
#2129=ORIENTED_EDGE('',*,*,#1228,.F.);
#2130=ORIENTED_EDGE('',*,*,#1515,.F.);
#2131=ORIENTED_EDGE('',*,*,#1520,.F.);
#2132=ORIENTED_EDGE('',*,*,#1521,.F.);
#2133=ORIENTED_EDGE('',*,*,#1224,.F.);
#2134=ORIENTED_EDGE('',*,*,#1499,.F.);
#2135=ORIENTED_EDGE('',*,*,#1504,.F.);
#2136=ORIENTED_EDGE('',*,*,#1505,.F.);
#2137=ORIENTED_EDGE('',*,*,#1220,.F.);
#2138=ORIENTED_EDGE('',*,*,#1483,.F.);
#2139=ORIENTED_EDGE('',*,*,#1488,.F.);
#2140=ORIENTED_EDGE('',*,*,#1489,.F.);
#2141=ORIENTED_EDGE('',*,*,#1216,.F.);
#2142=ORIENTED_EDGE('',*,*,#1467,.F.);
#2143=ORIENTED_EDGE('',*,*,#1472,.F.);
#2144=ORIENTED_EDGE('',*,*,#1473,.F.);
#2145=ORIENTED_EDGE('',*,*,#1212,.F.);
#2146=ORIENTED_EDGE('',*,*,#1451,.F.);
#2147=ORIENTED_EDGE('',*,*,#1456,.F.);
#2148=ORIENTED_EDGE('',*,*,#1457,.F.);
#2149=ORIENTED_EDGE('',*,*,#1208,.F.);
#2150=ORIENTED_EDGE('',*,*,#1435,.F.);
#2151=ORIENTED_EDGE('',*,*,#1440,.F.);
#2152=ORIENTED_EDGE('',*,*,#1441,.F.);
#2153=ORIENTED_EDGE('',*,*,#1204,.F.);
#2154=ORIENTED_EDGE('',*,*,#1419,.F.);
#2155=ORIENTED_EDGE('',*,*,#1424,.F.);
#2156=ORIENTED_EDGE('',*,*,#1425,.F.);
#2157=ORIENTED_EDGE('',*,*,#1200,.F.);
#2158=ORIENTED_EDGE('',*,*,#1522,.F.);
#2159=ORIENTED_EDGE('',*,*,#1407,.F.);
#2160=ORIENTED_EDGE('',*,*,#1417,.F.);
#2161=ORIENTED_EDGE('',*,*,#1413,.T.);
#2162=ORIENTED_EDGE('',*,*,#1410,.F.);
#2163=ORIENTED_EDGE('',*,*,#1403,.F.);
#2164=ORIENTED_EDGE('',*,*,#1433,.F.);
#2165=ORIENTED_EDGE('',*,*,#1429,.T.);
#2166=ORIENTED_EDGE('',*,*,#1426,.F.);
#2167=ORIENTED_EDGE('',*,*,#1399,.F.);
#2168=ORIENTED_EDGE('',*,*,#1449,.F.);
#2169=ORIENTED_EDGE('',*,*,#1445,.T.);
#2170=ORIENTED_EDGE('',*,*,#1442,.F.);
#2171=ORIENTED_EDGE('',*,*,#1395,.F.);
#2172=ORIENTED_EDGE('',*,*,#1465,.F.);
#2173=ORIENTED_EDGE('',*,*,#1461,.T.);
#2174=ORIENTED_EDGE('',*,*,#1458,.F.);
#2175=ORIENTED_EDGE('',*,*,#1391,.F.);
#2176=ORIENTED_EDGE('',*,*,#1481,.F.);
#2177=ORIENTED_EDGE('',*,*,#1477,.T.);
#2178=ORIENTED_EDGE('',*,*,#1474,.F.);
#2179=ORIENTED_EDGE('',*,*,#1387,.F.);
#2180=ORIENTED_EDGE('',*,*,#1497,.F.);
#2181=ORIENTED_EDGE('',*,*,#1493,.T.);
#2182=ORIENTED_EDGE('',*,*,#1490,.F.);
#2183=ORIENTED_EDGE('',*,*,#1383,.F.);
#2184=ORIENTED_EDGE('',*,*,#1513,.F.);
#2185=ORIENTED_EDGE('',*,*,#1509,.T.);
#2186=ORIENTED_EDGE('',*,*,#1506,.F.);
#2187=ORIENTED_EDGE('',*,*,#1379,.F.);
#2188=ORIENTED_EDGE('',*,*,#1354,.T.);
#2189=ORIENTED_EDGE('',*,*,#1358,.F.);
#2190=ORIENTED_EDGE('',*,*,#1363,.T.);
#2191=ORIENTED_EDGE('',*,*,#1378,.F.);
#2192=ORIENTED_EDGE('',*,*,#1335,.T.);
#2193=ORIENTED_EDGE('',*,*,#1339,.F.);
#2194=ORIENTED_EDGE('',*,*,#1344,.T.);
#2195=ORIENTED_EDGE('',*,*,#1377,.F.);
#2196=ORIENTED_EDGE('',*,*,#1316,.T.);
#2197=ORIENTED_EDGE('',*,*,#1320,.F.);
#2198=ORIENTED_EDGE('',*,*,#1325,.T.);
#2199=ORIENTED_EDGE('',*,*,#1376,.F.);
#2200=ORIENTED_EDGE('',*,*,#1297,.T.);
#2201=ORIENTED_EDGE('',*,*,#1301,.F.);
#2202=ORIENTED_EDGE('',*,*,#1306,.T.);
#2203=ORIENTED_EDGE('',*,*,#1375,.F.);
#2204=ORIENTED_EDGE('',*,*,#1278,.T.);
#2205=ORIENTED_EDGE('',*,*,#1282,.F.);
#2206=ORIENTED_EDGE('',*,*,#1287,.T.);
#2207=ORIENTED_EDGE('',*,*,#1374,.F.);
#2208=ORIENTED_EDGE('',*,*,#1259,.T.);
#2209=ORIENTED_EDGE('',*,*,#1263,.F.);
#2210=ORIENTED_EDGE('',*,*,#1268,.T.);
#2211=ORIENTED_EDGE('',*,*,#1373,.F.);
#2212=ORIENTED_EDGE('',*,*,#1255,.T.);
#2213=ORIENTED_EDGE('',*,*,#1258,.T.);
#2214=PLANE('',#2466);
#2215=PLANE('',#2467);
#2216=PLANE('',#2468);
#2217=PLANE('',#2469);
#2218=PLANE('',#2470);
#2219=PLANE('',#2471);
#2220=PLANE('',#2472);
#2221=PLANE('',#2473);
#2222=PLANE('',#2477);
#2223=PLANE('',#2481);
#2224=PLANE('',#2482);
#2225=PLANE('',#2483);
#2226=PLANE('',#2484);
#2227=PLANE('',#2485);
#2228=PLANE('',#2486);
#2229=PLANE('',#2487);
#2230=PLANE('',#2488);
#2231=PLANE('',#2489);
#2232=PLANE('',#2490);
#2233=PLANE('',#2491);
#2234=PLANE('',#2492);
#2235=PLANE('',#2493);
#2236=PLANE('',#2494);
#2237=PLANE('',#2495);
#2238=PLANE('',#2496);
#2239=PLANE('',#2497);
#2240=PLANE('',#2498);
#2241=PLANE('',#2499);
#2242=PLANE('',#2500);
#2243=PLANE('',#2501);
#2244=PLANE('',#2502);
#2245=PLANE('',#2503);
#2246=PLANE('',#2504);
#2247=PLANE('',#2505);
#2248=PLANE('',#2506);
#2249=PLANE('',#2507);
#2250=PLANE('',#2508);
#2251=PLANE('',#2509);
#2252=PLANE('',#2510);
#2253=PLANE('',#2511);
#2254=PLANE('',#2512);
#2255=PLANE('',#2513);
#2256=PLANE('',#2514);
#2257=PLANE('',#2515);
#2258=PLANE('',#2516);
#2259=PLANE('',#2517);
#2260=PLANE('',#2518);
#2261=PLANE('',#2519);
#2262=PLANE('',#2520);
#2263=PLANE('',#2521);
#2264=PLANE('',#2522);
#2265=PLANE('',#2523);
#2266=PLANE('',#2524);
#2267=PLANE('',#2525);
#2268=PLANE('',#2526);
#2269=PLANE('',#2527);
#2270=PLANE('',#2528);
#2271=PLANE('',#2529);
#2272=PLANE('',#2530);
#2273=PLANE('',#2531);
#2274=PLANE('',#2532);
#2275=PLANE('',#2533);
#2276=PLANE('',#2534);
#2277=PLANE('',#2535);
#2278=PLANE('',#2536);
#2279=PLANE('',#2537);
#2280=PLANE('',#2538);
#2281=PLANE('',#2539);
#2282=PLANE('',#2540);
#2283=PLANE('',#2541);
#2284=PLANE('',#2542);
#2285=PLANE('',#2543);
#2286=PLANE('',#2544);
#2287=PLANE('',#2545);
#2288=PLANE('',#2546);
#2289=PLANE('',#2547);
#2290=PLANE('',#2548);
#2291=PLANE('',#2549);
#2292=PLANE('',#2550);
#2293=PLANE('',#2551);
#2294=PLANE('',#2552);
#2295=PLANE('',#2553);
#2296=PLANE('',#2554);
#2297=PLANE('',#2555);
#2298=PLANE('',#2556);
#2299=PLANE('',#2557);
#2300=PLANE('',#2558);
#2301=PLANE('',#2559);
#2302=PLANE('',#2560);
#2303=PLANE('',#2561);
#2304=PLANE('',#2562);
#2305=PLANE('',#2563);
#2306=PLANE('',#2564);
#2307=PLANE('',#2565);
#2308=PLANE('',#2566);
#2309=PLANE('',#2567);
#2310=PLANE('',#2568);
#2311=PLANE('',#2569);
#2312=PLANE('',#2570);
#2313=PLANE('',#2571);
#2314=PLANE('',#2572);
#2315=PLANE('',#2573);
#2316=PLANE('',#2574);
#2317=PLANE('',#2575);
#2318=PLANE('',#2576);
#2319=PLANE('',#2577);
#2320=PLANE('',#2578);
#2321=PLANE('',#2579);
#2322=PLANE('',#2580);
#2323=PLANE('',#2581);
#2324=PLANE('',#2582);
#2325=PLANE('',#2583);
#2326=PLANE('',#2584);
#2327=PLANE('',#2585);
#2328=PLANE('',#2586);
#2329=PLANE('',#2587);
#2330=PLANE('',#2588);
#2331=PLANE('',#2589);
#2332=ADVANCED_FACE('',(#24),#2214,.F.);
#2333=ADVANCED_FACE('',(#25),#2215,.F.);
#2334=ADVANCED_FACE('',(#26),#2216,.F.);
#2335=ADVANCED_FACE('',(#27),#2217,.F.);
#2336=ADVANCED_FACE('',(#28),#2218,.F.);
#2337=ADVANCED_FACE('',(#29),#2219,.T.);
#2338=ADVANCED_FACE('',(#30),#2220,.T.);
#2339=ADVANCED_FACE('',(#31,#21),#2221,.T.);
#2340=ADVANCED_FACE('',(#32),#19,.T.);
#2341=ADVANCED_FACE('',(#33),#2222,.F.);
#2342=ADVANCED_FACE('',(#34),#20,.T.);
#2343=ADVANCED_FACE('',(#35),#2223,.F.);
#2344=ADVANCED_FACE('',(#36),#2224,.F.);
#2345=ADVANCED_FACE('',(#37),#2225,.F.);
#2346=ADVANCED_FACE('',(#38),#2226,.F.);
#2347=ADVANCED_FACE('',(#39),#2227,.F.);
#2348=ADVANCED_FACE('',(#40),#2228,.F.);
#2349=ADVANCED_FACE('',(#41),#2229,.F.);
#2350=ADVANCED_FACE('',(#42),#2230,.F.);
#2351=ADVANCED_FACE('',(#43),#2231,.F.);
#2352=ADVANCED_FACE('',(#44),#2232,.F.);
#2353=ADVANCED_FACE('',(#45),#2233,.F.);
#2354=ADVANCED_FACE('',(#46),#2234,.F.);
#2355=ADVANCED_FACE('',(#47),#2235,.F.);
#2356=ADVANCED_FACE('',(#48),#2236,.F.);
#2357=ADVANCED_FACE('',(#49),#2237,.F.);
#2358=ADVANCED_FACE('',(#50),#2238,.F.);
#2359=ADVANCED_FACE('',(#51),#2239,.F.);
#2360=ADVANCED_FACE('',(#52),#2240,.F.);
#2361=ADVANCED_FACE('',(#53),#2241,.F.);
#2362=ADVANCED_FACE('',(#54),#2242,.F.);
#2363=ADVANCED_FACE('',(#55),#2243,.F.);
#2364=ADVANCED_FACE('',(#56),#2244,.F.);
#2365=ADVANCED_FACE('',(#57),#2245,.F.);
#2366=ADVANCED_FACE('',(#58),#2246,.F.);
#2367=ADVANCED_FACE('',(#59),#2247,.F.);
#2368=ADVANCED_FACE('',(#60),#2248,.F.);
#2369=ADVANCED_FACE('',(#61),#2249,.F.);
#2370=ADVANCED_FACE('',(#62),#2250,.F.);
#2371=ADVANCED_FACE('',(#63),#2251,.F.);
#2372=ADVANCED_FACE('',(#64),#2252,.F.);
#2373=ADVANCED_FACE('',(#65),#2253,.F.);
#2374=ADVANCED_FACE('',(#66),#2254,.F.);
#2375=ADVANCED_FACE('',(#67),#2255,.F.);
#2376=ADVANCED_FACE('',(#68),#2256,.F.);
#2377=ADVANCED_FACE('',(#69),#2257,.F.);
#2378=ADVANCED_FACE('',(#70),#2258,.F.);
#2379=ADVANCED_FACE('',(#71),#2259,.F.);
#2380=ADVANCED_FACE('',(#72),#2260,.F.);
#2381=ADVANCED_FACE('',(#73),#2261,.F.);
#2382=ADVANCED_FACE('',(#74),#2262,.F.);
#2383=ADVANCED_FACE('',(#75),#2263,.F.);
#2384=ADVANCED_FACE('',(#76),#2264,.F.);
#2385=ADVANCED_FACE('',(#77),#2265,.F.);
#2386=ADVANCED_FACE('',(#78),#2266,.F.);
#2387=ADVANCED_FACE('',(#79),#2267,.F.);
#2388=ADVANCED_FACE('',(#80),#2268,.F.);
#2389=ADVANCED_FACE('',(#81),#2269,.F.);
#2390=ADVANCED_FACE('',(#82),#2270,.F.);
#2391=ADVANCED_FACE('',(#83),#2271,.F.);
#2392=ADVANCED_FACE('',(#84),#2272,.T.);
#2393=ADVANCED_FACE('',(#85),#2273,.T.);
#2394=ADVANCED_FACE('',(#86),#2274,.T.);
#2395=ADVANCED_FACE('',(#87),#2275,.T.);
#2396=ADVANCED_FACE('',(#88),#2276,.T.);
#2397=ADVANCED_FACE('',(#89),#2277,.T.);
#2398=ADVANCED_FACE('',(#90),#2278,.T.);
#2399=ADVANCED_FACE('',(#91),#2279,.T.);
#2400=ADVANCED_FACE('',(#92),#2280,.T.);
#2401=ADVANCED_FACE('',(#93),#2281,.T.);
#2402=ADVANCED_FACE('',(#94),#2282,.T.);
#2403=ADVANCED_FACE('',(#95),#2283,.T.);
#2404=ADVANCED_FACE('',(#96),#2284,.T.);
#2405=ADVANCED_FACE('',(#97),#2285,.T.);
#2406=ADVANCED_FACE('',(#98),#2286,.T.);
#2407=ADVANCED_FACE('',(#99),#2287,.T.);
#2408=ADVANCED_FACE('',(#100),#2288,.T.);
#2409=ADVANCED_FACE('',(#101),#2289,.T.);
#2410=ADVANCED_FACE('',(#102),#2290,.T.);
#2411=ADVANCED_FACE('',(#103),#2291,.T.);
#2412=ADVANCED_FACE('',(#104),#2292,.T.);
#2413=ADVANCED_FACE('',(#105),#2293,.T.);
#2414=ADVANCED_FACE('',(#106),#2294,.T.);
#2415=ADVANCED_FACE('',(#107),#2295,.T.);
#2416=ADVANCED_FACE('',(#108),#2296,.T.);
#2417=ADVANCED_FACE('',(#109),#2297,.T.);
#2418=ADVANCED_FACE('',(#110),#2298,.T.);
#2419=ADVANCED_FACE('',(#111),#2299,.T.);
#2420=ADVANCED_FACE('',(#112),#2300,.T.);
#2421=ADVANCED_FACE('',(#113),#2301,.T.);
#2422=ADVANCED_FACE('',(#114),#2302,.T.);
#2423=ADVANCED_FACE('',(#115),#2303,.T.);
#2424=ADVANCED_FACE('',(#116),#2304,.T.);
#2425=ADVANCED_FACE('',(#117),#2305,.T.);
#2426=ADVANCED_FACE('',(#118),#2306,.T.);
#2427=ADVANCED_FACE('',(#119),#2307,.T.);
#2428=ADVANCED_FACE('',(#120),#2308,.T.);
#2429=ADVANCED_FACE('',(#121),#2309,.T.);
#2430=ADVANCED_FACE('',(#122),#2310,.T.);
#2431=ADVANCED_FACE('',(#123),#2311,.T.);
#2432=ADVANCED_FACE('',(#124),#2312,.T.);
#2433=ADVANCED_FACE('',(#125),#2313,.T.);
#2434=ADVANCED_FACE('',(#126),#2314,.T.);
#2435=ADVANCED_FACE('',(#127),#2315,.T.);
#2436=ADVANCED_FACE('',(#128),#2316,.T.);
#2437=ADVANCED_FACE('',(#129),#2317,.T.);
#2438=ADVANCED_FACE('',(#130),#2318,.T.);
#2439=ADVANCED_FACE('',(#131),#2319,.T.);
#2440=ADVANCED_FACE('',(#132),#2320,.T.);
#2441=ADVANCED_FACE('',(#133),#2321,.T.);
#2442=ADVANCED_FACE('',(#134),#2322,.T.);
#2443=ADVANCED_FACE('',(#135),#2323,.T.);
#2444=ADVANCED_FACE('',(#136),#2324,.T.);
#2445=ADVANCED_FACE('',(#137),#2325,.T.);
#2446=ADVANCED_FACE('',(#138),#2326,.T.);
#2447=ADVANCED_FACE('',(#139),#2327,.T.);
#2448=ADVANCED_FACE('',(#140),#2328,.T.);
#2449=ADVANCED_FACE('',(#141),#2329,.T.);
#2450=ADVANCED_FACE('',(#142),#2330,.T.);
#2451=ADVANCED_FACE('',(#143,#22,#23),#2331,.F.);
#2452=CLOSED_SHELL('',(#2332,#2333,#2334,#2335,#2336,#2337,#2338,#2339,
#2340,#2341,#2342,#2343,#2344,#2345,#2346,#2347,#2348,#2349,#2350,#2351,
#2352,#2353,#2354,#2355,#2356,#2357,#2358,#2359,#2360,#2361,#2362,#2363,
#2364,#2365,#2366,#2367,#2368,#2369,#2370,#2371,#2372,#2373,#2374,#2375,
#2376,#2377,#2378,#2379,#2380,#2381,#2382,#2383,#2384,#2385,#2386,#2387,
#2388,#2389,#2390,#2391,#2392,#2393,#2394,#2395,#2396,#2397,#2398,#2399,
#2400,#2401,#2402,#2403,#2404,#2405,#2406,#2407,#2408,#2409,#2410,#2411,
#2412,#2413,#2414,#2415,#2416,#2417,#2418,#2419,#2420,#2421,#2422,#2423,
#2424,#2425,#2426,#2427,#2428,#2429,#2430,#2431,#2432,#2433,#2434,#2435,
#2436,#2437,#2438,#2439,#2440,#2441,#2442,#2443,#2444,#2445,#2446,#2447,
#2448,#2449,#2450,#2451));
#2453=DERIVED_UNIT_ELEMENT(#2455,1.);
#2454=DERIVED_UNIT_ELEMENT(#3882,-3.);
#2455=(
MASS_UNIT()
NAMED_UNIT(*)
SI_UNIT(.KILO.,.GRAM.)
);
#2456=DERIVED_UNIT((#2453,#2454));
#2457=MEASURE_REPRESENTATION_ITEM('density measure',
POSITIVE_RATIO_MEASURE(7850.),#2456);
#2458=PROPERTY_DEFINITION_REPRESENTATION(#2463,#2460);
#2459=PROPERTY_DEFINITION_REPRESENTATION(#2464,#2461);
#2460=REPRESENTATION('material name',(#2462),#3879);
#2461=REPRESENTATION('density',(#2457),#3879);
#2462=DESCRIPTIVE_REPRESENTATION_ITEM('Steel','Steel');
#2463=PROPERTY_DEFINITION('material property','material name',#3889);
#2464=PROPERTY_DEFINITION('material property','density of part',#3889);
#2465=AXIS2_PLACEMENT_3D('',#3181,#2590,#2591);
#2466=AXIS2_PLACEMENT_3D('',#3182,#2592,#2593);
#2467=AXIS2_PLACEMENT_3D('',#3191,#2598,#2599);
#2468=AXIS2_PLACEMENT_3D('',#3197,#2603,#2604);
#2469=AXIS2_PLACEMENT_3D('',#3203,#2608,#2609);
#2470=AXIS2_PLACEMENT_3D('',#3206,#2612,#2613);
#2471=AXIS2_PLACEMENT_3D('',#3207,#2614,#2615);
#2472=AXIS2_PLACEMENT_3D('',#3216,#2620,#2621);
#2473=AXIS2_PLACEMENT_3D('',#3222,#2625,#2626);
#2474=AXIS2_PLACEMENT_3D('',#3332,#2682,#2683);
#2475=AXIS2_PLACEMENT_3D('',#3334,#2684,#2685);
#2476=AXIS2_PLACEMENT_3D('',#3337,#2687,#2688);
#2477=AXIS2_PLACEMENT_3D('',#3338,#2689,#2690);
#2478=AXIS2_PLACEMENT_3D('',#3339,#2691,#2692);
#2479=AXIS2_PLACEMENT_3D('',#3341,#2693,#2694);
#2480=AXIS2_PLACEMENT_3D('',#3344,#2696,#2697);
#2481=AXIS2_PLACEMENT_3D('',#3345,#2698,#2699);
#2482=AXIS2_PLACEMENT_3D('',#3346,#2700,#2701);
#2483=AXIS2_PLACEMENT_3D('',#3355,#2706,#2707);
#2484=AXIS2_PLACEMENT_3D('',#3361,#2711,#2712);
#2485=AXIS2_PLACEMENT_3D('',#3365,#2715,#2716);
#2486=AXIS2_PLACEMENT_3D('',#3369,#2719,#2720);
#2487=AXIS2_PLACEMENT_3D('',#3375,#2724,#2725);
#2488=AXIS2_PLACEMENT_3D('',#3379,#2728,#2729);
#2489=AXIS2_PLACEMENT_3D('',#3383,#2732,#2733);
#2490=AXIS2_PLACEMENT_3D('',#3385,#2735,#2736);
#2491=AXIS2_PLACEMENT_3D('',#3394,#2741,#2742);
#2492=AXIS2_PLACEMENT_3D('',#3400,#2746,#2747);
#2493=AXIS2_PLACEMENT_3D('',#3404,#2750,#2751);
#2494=AXIS2_PLACEMENT_3D('',#3408,#2754,#2755);
#2495=AXIS2_PLACEMENT_3D('',#3414,#2759,#2760);
#2496=AXIS2_PLACEMENT_3D('',#3418,#2763,#2764);
#2497=AXIS2_PLACEMENT_3D('',#3422,#2767,#2768);
#2498=AXIS2_PLACEMENT_3D('',#3424,#2770,#2771);
#2499=AXIS2_PLACEMENT_3D('',#3433,#2776,#2777);
#2500=AXIS2_PLACEMENT_3D('',#3439,#2781,#2782);
#2501=AXIS2_PLACEMENT_3D('',#3443,#2785,#2786);
#2502=AXIS2_PLACEMENT_3D('',#3447,#2789,#2790);
#2503=AXIS2_PLACEMENT_3D('',#3453,#2794,#2795);
#2504=AXIS2_PLACEMENT_3D('',#3457,#2798,#2799);
#2505=AXIS2_PLACEMENT_3D('',#3461,#2802,#2803);
#2506=AXIS2_PLACEMENT_3D('',#3463,#2805,#2806);
#2507=AXIS2_PLACEMENT_3D('',#3472,#2811,#2812);
#2508=AXIS2_PLACEMENT_3D('',#3478,#2816,#2817);
#2509=AXIS2_PLACEMENT_3D('',#3482,#2820,#2821);
#2510=AXIS2_PLACEMENT_3D('',#3486,#2824,#2825);
#2511=AXIS2_PLACEMENT_3D('',#3492,#2829,#2830);
#2512=AXIS2_PLACEMENT_3D('',#3496,#2833,#2834);
#2513=AXIS2_PLACEMENT_3D('',#3500,#2837,#2838);
#2514=AXIS2_PLACEMENT_3D('',#3502,#2840,#2841);
#2515=AXIS2_PLACEMENT_3D('',#3511,#2846,#2847);
#2516=AXIS2_PLACEMENT_3D('',#3517,#2851,#2852);
#2517=AXIS2_PLACEMENT_3D('',#3521,#2855,#2856);
#2518=AXIS2_PLACEMENT_3D('',#3525,#2859,#2860);
#2519=AXIS2_PLACEMENT_3D('',#3531,#2864,#2865);
#2520=AXIS2_PLACEMENT_3D('',#3535,#2868,#2869);
#2521=AXIS2_PLACEMENT_3D('',#3539,#2872,#2873);
#2522=AXIS2_PLACEMENT_3D('',#3541,#2875,#2876);
#2523=AXIS2_PLACEMENT_3D('',#3550,#2881,#2882);
#2524=AXIS2_PLACEMENT_3D('',#3556,#2886,#2887);
#2525=AXIS2_PLACEMENT_3D('',#3560,#2890,#2891);
#2526=AXIS2_PLACEMENT_3D('',#3564,#2894,#2895);
#2527=AXIS2_PLACEMENT_3D('',#3570,#2899,#2900);
#2528=AXIS2_PLACEMENT_3D('',#3574,#2903,#2904);
#2529=AXIS2_PLACEMENT_3D('',#3578,#2907,#2908);
#2530=AXIS2_PLACEMENT_3D('',#3580,#2910,#2911);
#2531=AXIS2_PLACEMENT_3D('',#3648,#2949,#2950);
#2532=AXIS2_PLACEMENT_3D('',#3654,#2954,#2955);
#2533=AXIS2_PLACEMENT_3D('',#3660,#2959,#2960);
#2534=AXIS2_PLACEMENT_3D('',#3662,#2962,#2963);
#2535=AXIS2_PLACEMENT_3D('',#3664,#2965,#2966);
#2536=AXIS2_PLACEMENT_3D('',#3670,#2970,#2971);
#2537=AXIS2_PLACEMENT_3D('',#3674,#2974,#2975);
#2538=AXIS2_PLACEMENT_3D('',#3678,#2978,#2979);
#2539=AXIS2_PLACEMENT_3D('',#3680,#2981,#2982);
#2540=AXIS2_PLACEMENT_3D('',#3686,#2986,#2987);
#2541=AXIS2_PLACEMENT_3D('',#3692,#2991,#2992);
#2542=AXIS2_PLACEMENT_3D('',#3694,#2994,#2995);
#2543=AXIS2_PLACEMENT_3D('',#3696,#2997,#2998);
#2544=AXIS2_PLACEMENT_3D('',#3702,#3002,#3003);
#2545=AXIS2_PLACEMENT_3D('',#3706,#3006,#3007);
#2546=AXIS2_PLACEMENT_3D('',#3710,#3010,#3011);
#2547=AXIS2_PLACEMENT_3D('',#3712,#3013,#3014);
#2548=AXIS2_PLACEMENT_3D('',#3718,#3018,#3019);
#2549=AXIS2_PLACEMENT_3D('',#3724,#3023,#3024);
#2550=AXIS2_PLACEMENT_3D('',#3726,#3026,#3027);
#2551=AXIS2_PLACEMENT_3D('',#3728,#3029,#3030);
#2552=AXIS2_PLACEMENT_3D('',#3734,#3034,#3035);
#2553=AXIS2_PLACEMENT_3D('',#3738,#3038,#3039);
#2554=AXIS2_PLACEMENT_3D('',#3742,#3042,#3043);
#2555=AXIS2_PLACEMENT_3D('',#3744,#3045,#3046);
#2556=AXIS2_PLACEMENT_3D('',#3750,#3050,#3051);
#2557=AXIS2_PLACEMENT_3D('',#3756,#3055,#3056);
#2558=AXIS2_PLACEMENT_3D('',#3758,#3058,#3059);
#2559=AXIS2_PLACEMENT_3D('',#3760,#3061,#3062);
#2560=AXIS2_PLACEMENT_3D('',#3766,#3066,#3067);
#2561=AXIS2_PLACEMENT_3D('',#3770,#3070,#3071);
#2562=AXIS2_PLACEMENT_3D('',#3774,#3074,#3075);
#2563=AXIS2_PLACEMENT_3D('',#3776,#3077,#3078);
#2564=AXIS2_PLACEMENT_3D('',#3782,#3082,#3083);
#2565=AXIS2_PLACEMENT_3D('',#3788,#3087,#3088);
#2566=AXIS2_PLACEMENT_3D('',#3790,#3090,#3091);
#2567=AXIS2_PLACEMENT_3D('',#3792,#3093,#3094);
#2568=AXIS2_PLACEMENT_3D('',#3798,#3098,#3099);
#2569=AXIS2_PLACEMENT_3D('',#3802,#3102,#3103);
#2570=AXIS2_PLACEMENT_3D('',#3806,#3106,#3107);
#2571=AXIS2_PLACEMENT_3D('',#3808,#3109,#3110);
#2572=AXIS2_PLACEMENT_3D('',#3814,#3114,#3115);
#2573=AXIS2_PLACEMENT_3D('',#3820,#3119,#3120);
#2574=AXIS2_PLACEMENT_3D('',#3822,#3122,#3123);
#2575=AXIS2_PLACEMENT_3D('',#3824,#3125,#3126);
#2576=AXIS2_PLACEMENT_3D('',#3830,#3130,#3131);
#2577=AXIS2_PLACEMENT_3D('',#3834,#3134,#3135);
#2578=AXIS2_PLACEMENT_3D('',#3838,#3138,#3139);
#2579=AXIS2_PLACEMENT_3D('',#3840,#3141,#3142);
#2580=AXIS2_PLACEMENT_3D('',#3846,#3146,#3147);
#2581=AXIS2_PLACEMENT_3D('',#3852,#3151,#3152);
#2582=AXIS2_PLACEMENT_3D('',#3854,#3154,#3155);
#2583=AXIS2_PLACEMENT_3D('',#3856,#3157,#3158);
#2584=AXIS2_PLACEMENT_3D('',#3862,#3162,#3163);
#2585=AXIS2_PLACEMENT_3D('',#3866,#3166,#3167);
#2586=AXIS2_PLACEMENT_3D('',#3870,#3170,#3171);
#2587=AXIS2_PLACEMENT_3D('',#3872,#3173,#3174);
#2588=AXIS2_PLACEMENT_3D('',#3875,#3177,#3178);
#2589=AXIS2_PLACEMENT_3D('',#3876,#3179,#3180);
#2590=DIRECTION('axis',(0.,0.,1.));
#2591=DIRECTION('refdir',(1.,0.,0.));
#2592=DIRECTION('center_axis',(1.,0.,0.));
#2593=DIRECTION('ref_axis',(0.,0.,1.));
#2594=DIRECTION('',(0.,0.,1.));
#2595=DIRECTION('',(0.,-1.,0.));
#2596=DIRECTION('',(0.,0.,1.));
#2597=DIRECTION('',(0.,-1.,0.));
#2598=DIRECTION('center_axis',(0.,0.,-1.));
#2599=DIRECTION('ref_axis',(1.,0.,0.));
#2600=DIRECTION('',(1.,0.,0.));
#2601=DIRECTION('',(0.,-1.,0.));
#2602=DIRECTION('',(1.,0.,0.));
#2603=DIRECTION('center_axis',(-1.,0.,0.));
#2604=DIRECTION('ref_axis',(0.,0.,-1.));
#2605=DIRECTION('',(0.,0.,-1.));
#2606=DIRECTION('',(0.,-1.,0.));
#2607=DIRECTION('',(0.,0.,-1.));
#2608=DIRECTION('center_axis',(4.93432455388958E-17,0.,1.));
#2609=DIRECTION('ref_axis',(-1.,0.,4.93432455388958E-17));
#2610=DIRECTION('',(-1.,0.,4.93432455388958E-17));
#2611=DIRECTION('',(-1.,0.,4.93432455388958E-17));
#2612=DIRECTION('center_axis',(0.,-1.,0.));
#2613=DIRECTION('ref_axis',(0.,0.,-1.));
#2614=DIRECTION('center_axis',(-0.707106781186547,0.,0.707106781186548));
#2615=DIRECTION('ref_axis',(0.707106781186548,0.,0.707106781186547));
#2616=DIRECTION('',(0.707106781186548,1.5827544946409E-17,0.707106781186547));
#2617=DIRECTION('',(0.,1.,0.));
#2618=DIRECTION('',(-0.707106781186548,0.,-0.707106781186547));
#2619=DIRECTION('',(0.,-1.,0.));
#2620=DIRECTION('center_axis',(-1.,0.,0.));
#2621=DIRECTION('ref_axis',(0.,-1.,0.));
#2622=DIRECTION('',(0.,0.,1.));
#2623=DIRECTION('',(0.,-1.,0.));
#2624=DIRECTION('',(0.,0.,1.));
#2625=DIRECTION('center_axis',(0.,1.,0.));
#2626=DIRECTION('ref_axis',(-1.,0.,0.));
#2627=DIRECTION('',(-1.,0.,0.));
#2628=DIRECTION('',(0.,0.,1.));
#2629=DIRECTION('',(-1.,0.,0.));
#2630=DIRECTION('',(0.,0.,1.));
#2631=DIRECTION('',(-1.,0.,0.));
#2632=DIRECTION('',(0.,0.,-1.));
#2633=DIRECTION('',(-1.,0.,0.));
#2634=DIRECTION('',(0.,0.,1.));
#2635=DIRECTION('',(-1.,0.,0.));
#2636=DIRECTION('',(0.,0.,-1.));
#2637=DIRECTION('',(-1.,0.,0.));
#2638=DIRECTION('',(0.,0.,1.));
#2639=DIRECTION('',(-1.,0.,0.));
#2640=DIRECTION('',(0.,0.,-1.));
#2641=DIRECTION('',(-1.,0.,0.));
#2642=DIRECTION('',(0.,0.,1.));
#2643=DIRECTION('',(-1.,0.,0.));
#2644=DIRECTION('',(0.,0.,-1.));
#2645=DIRECTION('',(-1.,0.,0.));
#2646=DIRECTION('',(0.,0.,1.));
#2647=DIRECTION('',(-1.,0.,0.));
#2648=DIRECTION('',(0.,0.,-1.));
#2649=DIRECTION('',(-1.,0.,0.));
#2650=DIRECTION('',(0.,0.,1.));
#2651=DIRECTION('',(-1.,0.,0.));
#2652=DIRECTION('',(0.,0.,-1.));
#2653=DIRECTION('',(-1.,0.,0.));
#2654=DIRECTION('',(0.,0.,1.));
#2655=DIRECTION('',(-1.,0.,0.));
#2656=DIRECTION('',(0.,0.,-1.));
#2657=DIRECTION('',(-1.,0.,0.));
#2658=DIRECTION('',(0.,0.,1.));
#2659=DIRECTION('',(-1.,0.,0.));
#2660=DIRECTION('',(0.,0.,-1.));
#2661=DIRECTION('',(-1.,0.,0.));
#2662=DIRECTION('',(0.,0.,1.));
#2663=DIRECTION('',(-1.,0.,0.));
#2664=DIRECTION('',(0.,0.,-1.));
#2665=DIRECTION('',(-1.,0.,0.));
#2666=DIRECTION('',(0.,0.,1.));
#2667=DIRECTION('',(-1.,0.,0.));
#2668=DIRECTION('',(0.,0.,-1.));
#2669=DIRECTION('',(-1.,0.,0.));
#2670=DIRECTION('',(0.,0.,1.));
#2671=DIRECTION('',(-1.,0.,0.));
#2672=DIRECTION('',(0.,0.,-1.));
#2673=DIRECTION('',(-1.,0.,0.));
#2674=DIRECTION('',(0.,0.,1.));
#2675=DIRECTION('',(-1.,0.,0.));
#2676=DIRECTION('',(0.,0.,-1.));
#2677=DIRECTION('',(-1.,0.,0.));
#2678=DIRECTION('',(0.,0.,1.));
#2679=DIRECTION('',(-1.,0.,0.));
#2680=DIRECTION('',(0.,0.,-1.));
#2681=DIRECTION('',(-1.,0.,0.));
#2682=DIRECTION('center_axis',(0.,0.,-1.));
#2683=DIRECTION('ref_axis',(1.,0.,0.));
#2684=DIRECTION('center_axis',(0.,0.,-1.));
#2685=DIRECTION('ref_axis',(1.,0.,0.));
#2686=DIRECTION('',(0.,0.,1.));
#2687=DIRECTION('center_axis',(0.,0.,1.));
#2688=DIRECTION('ref_axis',(1.,0.,0.));
#2689=DIRECTION('center_axis',(0.,0.,1.));
#2690=DIRECTION('ref_axis',(1.,0.,0.));
#2691=DIRECTION('center_axis',(0.,0.,-1.));
#2692=DIRECTION('ref_axis',(1.,0.,0.));
#2693=DIRECTION('center_axis',(0.,0.,-1.));
#2694=DIRECTION('ref_axis',(1.,0.,0.));
#2695=DIRECTION('',(0.,0.,1.));
#2696=DIRECTION('center_axis',(0.,0.,1.));
#2697=DIRECTION('ref_axis',(1.,0.,0.));
#2698=DIRECTION('center_axis',(0.,0.,1.));
#2699=DIRECTION('ref_axis',(1.,0.,0.));
#2700=DIRECTION('center_axis',(-1.,0.,0.));
#2701=DIRECTION('ref_axis',(0.,0.,1.));
#2702=DIRECTION('',(0.,-1.,0.));
#2703=DIRECTION('',(0.,0.,-1.));
#2704=DIRECTION('',(0.,1.,-1.5770213417971E-16));
#2705=DIRECTION('',(0.,0.,1.));
#2706=DIRECTION('center_axis',(0.,1.,0.));
#2707=DIRECTION('ref_axis',(0.,0.,-1.));
#2708=DIRECTION('',(1.,0.,0.));
#2709=DIRECTION('',(-1.,0.,0.));
#2710=DIRECTION('',(0.,0.,-1.));
#2711=DIRECTION('center_axis',(0.,-1.5770213417971E-16,-1.));
#2712=DIRECTION('ref_axis',(0.,-1.,1.5770213417971E-16));
#2713=DIRECTION('',(1.,2.23835287222814E-17,-3.5299302499766E-33));
#2714=DIRECTION('',(0.,-1.,1.5770213417971E-16));
#2715=DIRECTION('center_axis',(1.,0.,0.));
#2716=DIRECTION('ref_axis',(0.,0.,-1.));
#2717=DIRECTION('',(0.,1.,0.));
#2718=DIRECTION('',(0.,0.,1.));
#2719=DIRECTION('center_axis',(-1.,0.,0.));
#2720=DIRECTION('ref_axis',(0.,0.,1.));
#2721=DIRECTION('',(0.,0.,-1.));
#2722=DIRECTION('',(0.,1.,1.5770213417971E-16));
#2723=DIRECTION('',(0.,-1.,0.));
#2724=DIRECTION('center_axis',(0.,1.5770213417971E-16,-1.));
#2725=DIRECTION('ref_axis',(0.,-1.,-1.5770213417971E-16));
#2726=DIRECTION('',(-1.,0.,0.));
#2727=DIRECTION('',(0.,-1.,-1.5770213417971E-16));
#2728=DIRECTION('center_axis',(0.,-1.,0.));
#2729=DIRECTION('ref_axis',(0.,0.,1.));
#2730=DIRECTION('',(1.,0.,0.));
#2731=DIRECTION('',(0.,0.,1.));
#2732=DIRECTION('center_axis',(1.,0.,0.));
#2733=DIRECTION('ref_axis',(0.,0.,-1.));
#2734=DIRECTION('',(0.,1.,0.));
#2735=DIRECTION('center_axis',(-1.,0.,0.));
#2736=DIRECTION('ref_axis',(0.,0.,1.));
#2737=DIRECTION('',(0.,-1.,0.));
#2738=DIRECTION('',(0.,0.,-1.));
#2739=DIRECTION('',(0.,1.,-1.5770213417971E-16));
#2740=DIRECTION('',(0.,0.,1.));
#2741=DIRECTION('center_axis',(0.,1.,0.));
#2742=DIRECTION('ref_axis',(0.,0.,-1.));
#2743=DIRECTION('',(1.,0.,0.));
#2744=DIRECTION('',(-1.,0.,0.));
#2745=DIRECTION('',(0.,0.,-1.));
#2746=DIRECTION('center_axis',(0.,-1.5770213417971E-16,-1.));
#2747=DIRECTION('ref_axis',(0.,-1.,1.5770213417971E-16));
#2748=DIRECTION('',(1.,2.23835287222814E-17,-3.5299302499766E-33));
#2749=DIRECTION('',(0.,-1.,1.5770213417971E-16));
#2750=DIRECTION('center_axis',(1.,0.,0.));
#2751=DIRECTION('ref_axis',(0.,0.,-1.));
#2752=DIRECTION('',(0.,1.,0.));
#2753=DIRECTION('',(0.,0.,1.));
#2754=DIRECTION('center_axis',(-1.,0.,0.));
#2755=DIRECTION('ref_axis',(0.,0.,1.));
#2756=DIRECTION('',(0.,0.,-1.));
#2757=DIRECTION('',(0.,1.,1.5770213417971E-16));
#2758=DIRECTION('',(0.,-1.,0.));
#2759=DIRECTION('center_axis',(0.,1.5770213417971E-16,-1.));
#2760=DIRECTION('ref_axis',(0.,-1.,-1.5770213417971E-16));
#2761=DIRECTION('',(-1.,0.,0.));
#2762=DIRECTION('',(0.,-1.,-1.5770213417971E-16));
#2763=DIRECTION('center_axis',(0.,-1.,0.));
#2764=DIRECTION('ref_axis',(0.,0.,1.));
#2765=DIRECTION('',(1.,0.,0.));
#2766=DIRECTION('',(0.,0.,1.));
#2767=DIRECTION('center_axis',(1.,0.,0.));
#2768=DIRECTION('ref_axis',(0.,0.,-1.));
#2769=DIRECTION('',(0.,1.,0.));
#2770=DIRECTION('center_axis',(-1.,0.,0.));
#2771=DIRECTION('ref_axis',(0.,0.,1.));
#2772=DIRECTION('',(0.,-1.,0.));
#2773=DIRECTION('',(0.,0.,-1.));
#2774=DIRECTION('',(0.,1.,-1.5770213417971E-16));
#2775=DIRECTION('',(0.,0.,1.));
#2776=DIRECTION('center_axis',(0.,1.,0.));
#2777=DIRECTION('ref_axis',(0.,0.,-1.));
#2778=DIRECTION('',(1.,0.,0.));
#2779=DIRECTION('',(-1.,0.,0.));
#2780=DIRECTION('',(0.,0.,-1.));
#2781=DIRECTION('center_axis',(0.,-1.5770213417971E-16,-1.));
#2782=DIRECTION('ref_axis',(0.,-1.,1.5770213417971E-16));
#2783=DIRECTION('',(1.,2.23835287222814E-17,-3.5299302499766E-33));
#2784=DIRECTION('',(0.,-1.,1.5770213417971E-16));
#2785=DIRECTION('center_axis',(1.,0.,0.));
#2786=DIRECTION('ref_axis',(0.,0.,-1.));
#2787=DIRECTION('',(0.,1.,0.));
#2788=DIRECTION('',(0.,0.,1.));
#2789=DIRECTION('center_axis',(-1.,0.,0.));
#2790=DIRECTION('ref_axis',(0.,0.,1.));
#2791=DIRECTION('',(0.,0.,-1.));
#2792=DIRECTION('',(0.,1.,1.5770213417971E-16));
#2793=DIRECTION('',(0.,-1.,0.));
#2794=DIRECTION('center_axis',(0.,1.5770213417971E-16,-1.));
#2795=DIRECTION('ref_axis',(0.,-1.,-1.5770213417971E-16));
#2796=DIRECTION('',(-1.,0.,0.));
#2797=DIRECTION('',(0.,-1.,-1.5770213417971E-16));
#2798=DIRECTION('center_axis',(0.,-1.,0.));
#2799=DIRECTION('ref_axis',(0.,0.,1.));
#2800=DIRECTION('',(1.,0.,0.));
#2801=DIRECTION('',(0.,0.,1.));
#2802=DIRECTION('center_axis',(1.,0.,0.));
#2803=DIRECTION('ref_axis',(0.,0.,-1.));
#2804=DIRECTION('',(0.,1.,0.));
#2805=DIRECTION('center_axis',(-1.,0.,0.));
#2806=DIRECTION('ref_axis',(0.,0.,1.));
#2807=DIRECTION('',(0.,-1.,0.));
#2808=DIRECTION('',(0.,0.,-1.));
#2809=DIRECTION('',(0.,1.,-1.5770213417971E-16));
#2810=DIRECTION('',(0.,0.,1.));
#2811=DIRECTION('center_axis',(0.,1.,0.));
#2812=DIRECTION('ref_axis',(0.,0.,-1.));
#2813=DIRECTION('',(1.,0.,0.));
#2814=DIRECTION('',(-1.,0.,0.));
#2815=DIRECTION('',(0.,0.,-1.));
#2816=DIRECTION('center_axis',(0.,-1.5770213417971E-16,-1.));
#2817=DIRECTION('ref_axis',(0.,-1.,1.5770213417971E-16));
#2818=DIRECTION('',(1.,2.23835287222814E-17,-3.5299302499766E-33));
#2819=DIRECTION('',(0.,-1.,1.5770213417971E-16));
#2820=DIRECTION('center_axis',(1.,0.,0.));
#2821=DIRECTION('ref_axis',(0.,0.,-1.));
#2822=DIRECTION('',(0.,1.,0.));
#2823=DIRECTION('',(0.,0.,1.));
#2824=DIRECTION('center_axis',(-1.,0.,0.));
#2825=DIRECTION('ref_axis',(0.,0.,1.));
#2826=DIRECTION('',(0.,0.,-1.));
#2827=DIRECTION('',(0.,1.,1.5770213417971E-16));
#2828=DIRECTION('',(0.,-1.,0.));
#2829=DIRECTION('center_axis',(0.,1.5770213417971E-16,-1.));
#2830=DIRECTION('ref_axis',(0.,-1.,-1.5770213417971E-16));
#2831=DIRECTION('',(-1.,0.,0.));
#2832=DIRECTION('',(0.,-1.,-1.5770213417971E-16));
#2833=DIRECTION('center_axis',(0.,-1.,0.));
#2834=DIRECTION('ref_axis',(0.,0.,1.));
#2835=DIRECTION('',(1.,0.,0.));
#2836=DIRECTION('',(0.,0.,1.));
#2837=DIRECTION('center_axis',(1.,0.,0.));
#2838=DIRECTION('ref_axis',(0.,0.,-1.));
#2839=DIRECTION('',(0.,1.,0.));
#2840=DIRECTION('center_axis',(-1.,0.,0.));
#2841=DIRECTION('ref_axis',(0.,0.,1.));
#2842=DIRECTION('',(0.,-1.,0.));
#2843=DIRECTION('',(0.,0.,-1.));
#2844=DIRECTION('',(0.,1.,-1.5770213417971E-16));
#2845=DIRECTION('',(0.,0.,1.));
#2846=DIRECTION('center_axis',(0.,1.,0.));
#2847=DIRECTION('ref_axis',(0.,0.,-1.));
#2848=DIRECTION('',(1.,0.,0.));
#2849=DIRECTION('',(-1.,0.,0.));
#2850=DIRECTION('',(0.,0.,-1.));
#2851=DIRECTION('center_axis',(0.,-1.5770213417971E-16,-1.));
#2852=DIRECTION('ref_axis',(0.,-1.,1.5770213417971E-16));
#2853=DIRECTION('',(1.,2.23835287222814E-17,-3.5299302499766E-33));
#2854=DIRECTION('',(0.,-1.,1.5770213417971E-16));
#2855=DIRECTION('center_axis',(1.,0.,0.));
#2856=DIRECTION('ref_axis',(0.,0.,-1.));
#2857=DIRECTION('',(0.,1.,0.));
#2858=DIRECTION('',(0.,0.,1.));
#2859=DIRECTION('center_axis',(-1.,0.,0.));
#2860=DIRECTION('ref_axis',(0.,0.,1.));
#2861=DIRECTION('',(0.,0.,-1.));
#2862=DIRECTION('',(0.,1.,1.5770213417971E-16));
#2863=DIRECTION('',(0.,-1.,0.));
#2864=DIRECTION('center_axis',(0.,1.5770213417971E-16,-1.));
#2865=DIRECTION('ref_axis',(0.,-1.,-1.5770213417971E-16));
#2866=DIRECTION('',(-1.,0.,0.));
#2867=DIRECTION('',(0.,-1.,-1.5770213417971E-16));
#2868=DIRECTION('center_axis',(0.,-1.,0.));
#2869=DIRECTION('ref_axis',(0.,0.,1.));
#2870=DIRECTION('',(1.,0.,0.));
#2871=DIRECTION('',(0.,0.,1.));
#2872=DIRECTION('center_axis',(1.,0.,0.));
#2873=DIRECTION('ref_axis',(0.,0.,-1.));
#2874=DIRECTION('',(0.,1.,0.));
#2875=DIRECTION('center_axis',(-1.,0.,0.));
#2876=DIRECTION('ref_axis',(0.,0.,1.));
#2877=DIRECTION('',(0.,-1.,0.));
#2878=DIRECTION('',(0.,0.,-1.));
#2879=DIRECTION('',(0.,1.,-1.5770213417971E-16));
#2880=DIRECTION('',(0.,0.,1.));
#2881=DIRECTION('center_axis',(0.,1.,0.));
#2882=DIRECTION('ref_axis',(0.,0.,-1.));
#2883=DIRECTION('',(1.,0.,0.));
#2884=DIRECTION('',(-1.,0.,0.));
#2885=DIRECTION('',(0.,0.,-1.));
#2886=DIRECTION('center_axis',(0.,-1.5770213417971E-16,-1.));
#2887=DIRECTION('ref_axis',(0.,-1.,1.5770213417971E-16));
#2888=DIRECTION('',(1.,2.23835287222814E-17,-3.5299302499766E-33));
#2889=DIRECTION('',(0.,-1.,1.5770213417971E-16));
#2890=DIRECTION('center_axis',(1.,0.,0.));
#2891=DIRECTION('ref_axis',(0.,0.,-1.));
#2892=DIRECTION('',(0.,1.,0.));
#2893=DIRECTION('',(0.,0.,1.));
#2894=DIRECTION('center_axis',(-1.,0.,0.));
#2895=DIRECTION('ref_axis',(0.,0.,1.));
#2896=DIRECTION('',(0.,0.,-1.));
#2897=DIRECTION('',(0.,1.,1.5770213417971E-16));
#2898=DIRECTION('',(0.,-1.,0.));
#2899=DIRECTION('center_axis',(0.,1.5770213417971E-16,-1.));
#2900=DIRECTION('ref_axis',(0.,-1.,-1.5770213417971E-16));
#2901=DIRECTION('',(-1.,0.,0.));
#2902=DIRECTION('',(0.,-1.,-1.5770213417971E-16));
#2903=DIRECTION('center_axis',(0.,-1.,0.));
#2904=DIRECTION('ref_axis',(0.,0.,1.));
#2905=DIRECTION('',(1.,0.,0.));
#2906=DIRECTION('',(0.,0.,1.));
#2907=DIRECTION('center_axis',(1.,0.,0.));
#2908=DIRECTION('ref_axis',(0.,0.,-1.));
#2909=DIRECTION('',(0.,1.,0.));
#2910=DIRECTION('center_axis',(2.23835287222814E-17,-1.,0.));
#2911=DIRECTION('ref_axis',(1.,2.23835287222814E-17,0.));
#2912=DIRECTION('',(1.,2.23835287222814E-17,0.));
#2913=DIRECTION('',(1.,2.23835287222814E-17,0.));
#2914=DIRECTION('',(1.,2.23835287222814E-17,0.));
#2915=DIRECTION('',(1.,2.23835287222814E-17,0.));
#2916=DIRECTION('',(1.,2.23835287222814E-17,0.));
#2917=DIRECTION('',(1.,2.23835287222814E-17,0.));
#2918=DIRECTION('',(1.,2.23835287222814E-17,0.));
#2919=DIRECTION('',(0.,0.,1.));
#2920=DIRECTION('',(1.,2.23835287222814E-17,-3.5299302499766E-33));
#2921=DIRECTION('',(0.,0.,-1.));
#2922=DIRECTION('',(1.,2.23835287222814E-17,0.));
#2923=DIRECTION('',(0.,0.,1.));
#2924=DIRECTION('',(1.,2.23835287222814E-17,-3.5299302499766E-33));
#2925=DIRECTION('',(0.,0.,-1.));
#2926=DIRECTION('',(1.,2.23835287222814E-17,0.));
#2927=DIRECTION('',(0.,0.,1.));
#2928=DIRECTION('',(1.,2.23835287222814E-17,-3.5299302499766E-33));
#2929=DIRECTION('',(0.,0.,-1.));
#2930=DIRECTION('',(1.,2.23835287222814E-17,0.));
#2931=DIRECTION('',(0.,0.,1.));
#2932=DIRECTION('',(1.,2.23835287222814E-17,-3.5299302499766E-33));
#2933=DIRECTION('',(0.,0.,-1.));
#2934=DIRECTION('',(1.,2.23835287222814E-17,0.));
#2935=DIRECTION('',(0.,0.,1.));
#2936=DIRECTION('',(1.,2.23835287222814E-17,-3.5299302499766E-33));
#2937=DIRECTION('',(0.,0.,-1.));
#2938=DIRECTION('',(1.,2.23835287222814E-17,0.));
#2939=DIRECTION('',(0.,0.,1.));
#2940=DIRECTION('',(1.,2.23835287222814E-17,-3.5299302499766E-33));
#2941=DIRECTION('',(0.,0.,-1.));
#2942=DIRECTION('',(1.,2.23835287222814E-17,0.));
#2943=DIRECTION('',(0.,0.,1.));
#2944=DIRECTION('',(1.,2.23835287222814E-17,-3.5299302499766E-33));
#2945=DIRECTION('',(0.,0.,-1.));
#2946=DIRECTION('',(1.,2.23835287222814E-17,0.));
#2947=DIRECTION('',(0.,0.,1.));
#2948=DIRECTION('',(1.,2.23835287222814E-17,0.));
#2949=DIRECTION('center_axis',(-1.,0.,0.));
#2950=DIRECTION('ref_axis',(0.,0.,1.));
#2951=DIRECTION('',(0.,-1.,0.));
#2952=DIRECTION('',(0.,0.,1.));
#2953=DIRECTION('',(0.,1.,-1.5770213417971E-16));
#2954=DIRECTION('center_axis',(0.,-1.,0.));
#2955=DIRECTION('ref_axis',(0.,0.,-1.));
#2956=DIRECTION('',(-1.,0.,0.));
#2957=DIRECTION('',(0.,0.,-1.));
#2958=DIRECTION('',(1.,0.,0.));
#2959=DIRECTION('center_axis',(0.,1.5770213417971E-16,1.));
#2960=DIRECTION('ref_axis',(0.,-1.,1.5770213417971E-16));
#2961=DIRECTION('',(0.,-1.,1.5770213417971E-16));
#2962=DIRECTION('center_axis',(1.,0.,0.));
#2963=DIRECTION('ref_axis',(0.,0.,-1.));
#2964=DIRECTION('',(0.,1.,0.));
#2965=DIRECTION('center_axis',(-1.,0.,0.));
#2966=DIRECTION('ref_axis',(0.,0.,1.));
#2967=DIRECTION('',(0.,0.,-1.));
#2968=DIRECTION('',(0.,-1.,0.));
#2969=DIRECTION('',(0.,1.,1.5770213417971E-16));
#2970=DIRECTION('center_axis',(0.,-1.5770213417971E-16,1.));
#2971=DIRECTION('ref_axis',(0.,-1.,-1.5770213417971E-16));
#2972=DIRECTION('',(0.,-1.,-1.5770213417971E-16));
#2973=DIRECTION('',(1.,0.,0.));
#2974=DIRECTION('center_axis',(0.,1.,0.));
#2975=DIRECTION('ref_axis',(0.,0.,1.));
#2976=DIRECTION('',(0.,0.,1.));
#2977=DIRECTION('',(-1.,0.,0.));
#2978=DIRECTION('center_axis',(1.,0.,0.));
#2979=DIRECTION('ref_axis',(0.,0.,-1.));
#2980=DIRECTION('',(0.,1.,0.));
#2981=DIRECTION('center_axis',(-1.,0.,0.));
#2982=DIRECTION('ref_axis',(0.,0.,1.));
#2983=DIRECTION('',(0.,-1.,0.));
#2984=DIRECTION('',(0.,0.,1.));
#2985=DIRECTION('',(0.,1.,-1.5770213417971E-16));
#2986=DIRECTION('center_axis',(0.,-1.,0.));
#2987=DIRECTION('ref_axis',(0.,0.,-1.));
#2988=DIRECTION('',(-1.,0.,0.));
#2989=DIRECTION('',(0.,0.,-1.));
#2990=DIRECTION('',(1.,0.,0.));
#2991=DIRECTION('center_axis',(0.,1.5770213417971E-16,1.));
#2992=DIRECTION('ref_axis',(0.,-1.,1.5770213417971E-16));
#2993=DIRECTION('',(0.,-1.,1.5770213417971E-16));
#2994=DIRECTION('center_axis',(1.,0.,0.));
#2995=DIRECTION('ref_axis',(0.,0.,-1.));
#2996=DIRECTION('',(0.,1.,0.));
#2997=DIRECTION('center_axis',(-1.,0.,0.));
#2998=DIRECTION('ref_axis',(0.,0.,1.));
#2999=DIRECTION('',(0.,0.,-1.));
#3000=DIRECTION('',(0.,-1.,0.));
#3001=DIRECTION('',(0.,1.,1.5770213417971E-16));
#3002=DIRECTION('center_axis',(0.,-1.5770213417971E-16,1.));
#3003=DIRECTION('ref_axis',(0.,-1.,-1.5770213417971E-16));
#3004=DIRECTION('',(0.,-1.,-1.5770213417971E-16));
#3005=DIRECTION('',(1.,0.,0.));
#3006=DIRECTION('center_axis',(0.,1.,0.));
#3007=DIRECTION('ref_axis',(0.,0.,1.));
#3008=DIRECTION('',(0.,0.,1.));
#3009=DIRECTION('',(-1.,0.,0.));
#3010=DIRECTION('center_axis',(1.,0.,0.));
#3011=DIRECTION('ref_axis',(0.,0.,-1.));
#3012=DIRECTION('',(0.,1.,0.));
#3013=DIRECTION('center_axis',(-1.,0.,0.));
#3014=DIRECTION('ref_axis',(0.,0.,1.));
#3015=DIRECTION('',(0.,-1.,0.));
#3016=DIRECTION('',(0.,0.,1.));
#3017=DIRECTION('',(0.,1.,-1.5770213417971E-16));
#3018=DIRECTION('center_axis',(0.,-1.,0.));
#3019=DIRECTION('ref_axis',(0.,0.,-1.));
#3020=DIRECTION('',(-1.,0.,0.));
#3021=DIRECTION('',(0.,0.,-1.));
#3022=DIRECTION('',(1.,0.,0.));
#3023=DIRECTION('center_axis',(0.,1.5770213417971E-16,1.));
#3024=DIRECTION('ref_axis',(0.,-1.,1.5770213417971E-16));
#3025=DIRECTION('',(0.,-1.,1.5770213417971E-16));
#3026=DIRECTION('center_axis',(1.,0.,0.));
#3027=DIRECTION('ref_axis',(0.,0.,-1.));
#3028=DIRECTION('',(0.,1.,0.));
#3029=DIRECTION('center_axis',(-1.,0.,0.));
#3030=DIRECTION('ref_axis',(0.,0.,1.));
#3031=DIRECTION('',(0.,0.,-1.));
#3032=DIRECTION('',(0.,-1.,0.));
#3033=DIRECTION('',(0.,1.,1.5770213417971E-16));
#3034=DIRECTION('center_axis',(0.,-1.5770213417971E-16,1.));
#3035=DIRECTION('ref_axis',(0.,-1.,-1.5770213417971E-16));
#3036=DIRECTION('',(0.,-1.,-1.5770213417971E-16));
#3037=DIRECTION('',(1.,0.,0.));
#3038=DIRECTION('center_axis',(0.,1.,0.));
#3039=DIRECTION('ref_axis',(0.,0.,1.));
#3040=DIRECTION('',(0.,0.,1.));
#3041=DIRECTION('',(-1.,0.,0.));
#3042=DIRECTION('center_axis',(1.,0.,0.));
#3043=DIRECTION('ref_axis',(0.,0.,-1.));
#3044=DIRECTION('',(0.,1.,0.));
#3045=DIRECTION('center_axis',(-1.,0.,0.));
#3046=DIRECTION('ref_axis',(0.,0.,1.));
#3047=DIRECTION('',(0.,-1.,0.));
#3048=DIRECTION('',(0.,0.,1.));
#3049=DIRECTION('',(0.,1.,-1.5770213417971E-16));
#3050=DIRECTION('center_axis',(0.,-1.,0.));
#3051=DIRECTION('ref_axis',(0.,0.,-1.));
#3052=DIRECTION('',(-1.,0.,0.));
#3053=DIRECTION('',(0.,0.,-1.));
#3054=DIRECTION('',(1.,0.,0.));
#3055=DIRECTION('center_axis',(0.,1.5770213417971E-16,1.));
#3056=DIRECTION('ref_axis',(0.,-1.,1.5770213417971E-16));
#3057=DIRECTION('',(0.,-1.,1.5770213417971E-16));
#3058=DIRECTION('center_axis',(1.,0.,0.));
#3059=DIRECTION('ref_axis',(0.,0.,-1.));
#3060=DIRECTION('',(0.,1.,0.));
#3061=DIRECTION('center_axis',(-1.,0.,0.));
#3062=DIRECTION('ref_axis',(0.,0.,1.));
#3063=DIRECTION('',(0.,0.,-1.));
#3064=DIRECTION('',(0.,-1.,0.));
#3065=DIRECTION('',(0.,1.,1.5770213417971E-16));
#3066=DIRECTION('center_axis',(0.,-1.5770213417971E-16,1.));
#3067=DIRECTION('ref_axis',(0.,-1.,-1.5770213417971E-16));
#3068=DIRECTION('',(0.,-1.,-1.5770213417971E-16));
#3069=DIRECTION('',(1.,0.,0.));
#3070=DIRECTION('center_axis',(0.,1.,0.));
#3071=DIRECTION('ref_axis',(0.,0.,1.));
#3072=DIRECTION('',(0.,0.,1.));
#3073=DIRECTION('',(-1.,0.,0.));
#3074=DIRECTION('center_axis',(1.,0.,0.));
#3075=DIRECTION('ref_axis',(0.,0.,-1.));
#3076=DIRECTION('',(0.,1.,0.));
#3077=DIRECTION('center_axis',(-1.,0.,0.));
#3078=DIRECTION('ref_axis',(0.,0.,1.));
#3079=DIRECTION('',(0.,-1.,0.));
#3080=DIRECTION('',(0.,0.,1.));
#3081=DIRECTION('',(0.,1.,-1.5770213417971E-16));
#3082=DIRECTION('center_axis',(0.,-1.,0.));
#3083=DIRECTION('ref_axis',(0.,0.,-1.));
#3084=DIRECTION('',(-1.,0.,0.));
#3085=DIRECTION('',(0.,0.,-1.));
#3086=DIRECTION('',(1.,0.,0.));
#3087=DIRECTION('center_axis',(0.,1.5770213417971E-16,1.));
#3088=DIRECTION('ref_axis',(0.,-1.,1.5770213417971E-16));
#3089=DIRECTION('',(0.,-1.,1.5770213417971E-16));
#3090=DIRECTION('center_axis',(1.,0.,0.));
#3091=DIRECTION('ref_axis',(0.,0.,-1.));
#3092=DIRECTION('',(0.,1.,0.));
#3093=DIRECTION('center_axis',(-1.,0.,0.));
#3094=DIRECTION('ref_axis',(0.,0.,1.));
#3095=DIRECTION('',(0.,0.,-1.));
#3096=DIRECTION('',(0.,-1.,0.));
#3097=DIRECTION('',(0.,1.,1.5770213417971E-16));
#3098=DIRECTION('center_axis',(0.,-1.5770213417971E-16,1.));
#3099=DIRECTION('ref_axis',(0.,-1.,-1.5770213417971E-16));
#3100=DIRECTION('',(0.,-1.,-1.5770213417971E-16));
#3101=DIRECTION('',(1.,0.,0.));
#3102=DIRECTION('center_axis',(0.,1.,0.));
#3103=DIRECTION('ref_axis',(0.,0.,1.));
#3104=DIRECTION('',(0.,0.,1.));
#3105=DIRECTION('',(-1.,0.,0.));
#3106=DIRECTION('center_axis',(1.,0.,0.));
#3107=DIRECTION('ref_axis',(0.,0.,-1.));
#3108=DIRECTION('',(0.,1.,0.));
#3109=DIRECTION('center_axis',(-1.,0.,0.));
#3110=DIRECTION('ref_axis',(0.,0.,1.));
#3111=DIRECTION('',(0.,-1.,0.));
#3112=DIRECTION('',(0.,0.,1.));
#3113=DIRECTION('',(0.,1.,-1.5770213417971E-16));
#3114=DIRECTION('center_axis',(0.,-1.,0.));
#3115=DIRECTION('ref_axis',(0.,0.,-1.));
#3116=DIRECTION('',(-1.,0.,0.));
#3117=DIRECTION('',(0.,0.,-1.));
#3118=DIRECTION('',(1.,0.,0.));
#3119=DIRECTION('center_axis',(0.,1.5770213417971E-16,1.));
#3120=DIRECTION('ref_axis',(0.,-1.,1.5770213417971E-16));
#3121=DIRECTION('',(0.,-1.,1.5770213417971E-16));
#3122=DIRECTION('center_axis',(1.,0.,0.));
#3123=DIRECTION('ref_axis',(0.,0.,-1.));
#3124=DIRECTION('',(0.,1.,0.));
#3125=DIRECTION('center_axis',(-1.,0.,0.));
#3126=DIRECTION('ref_axis',(0.,0.,1.));
#3127=DIRECTION('',(0.,0.,-1.));
#3128=DIRECTION('',(0.,-1.,0.));
#3129=DIRECTION('',(0.,1.,1.5770213417971E-16));
#3130=DIRECTION('center_axis',(0.,-1.5770213417971E-16,1.));
#3131=DIRECTION('ref_axis',(0.,-1.,-1.5770213417971E-16));
#3132=DIRECTION('',(0.,-1.,-1.5770213417971E-16));
#3133=DIRECTION('',(1.,0.,0.));
#3134=DIRECTION('center_axis',(0.,1.,0.));
#3135=DIRECTION('ref_axis',(0.,0.,1.));
#3136=DIRECTION('',(0.,0.,1.));
#3137=DIRECTION('',(-1.,0.,0.));
#3138=DIRECTION('center_axis',(1.,0.,0.));
#3139=DIRECTION('ref_axis',(0.,0.,-1.));
#3140=DIRECTION('',(0.,1.,0.));
#3141=DIRECTION('center_axis',(-1.,0.,0.));
#3142=DIRECTION('ref_axis',(0.,0.,1.));
#3143=DIRECTION('',(0.,-1.,0.));
#3144=DIRECTION('',(0.,0.,1.));
#3145=DIRECTION('',(0.,1.,-1.5770213417971E-16));
#3146=DIRECTION('center_axis',(0.,-1.,0.));
#3147=DIRECTION('ref_axis',(0.,0.,-1.));
#3148=DIRECTION('',(-1.,0.,0.));
#3149=DIRECTION('',(0.,0.,-1.));
#3150=DIRECTION('',(1.,0.,0.));
#3151=DIRECTION('center_axis',(0.,1.5770213417971E-16,1.));
#3152=DIRECTION('ref_axis',(0.,-1.,1.5770213417971E-16));
#3153=DIRECTION('',(0.,-1.,1.5770213417971E-16));
#3154=DIRECTION('center_axis',(1.,0.,0.));
#3155=DIRECTION('ref_axis',(0.,0.,-1.));
#3156=DIRECTION('',(0.,1.,0.));
#3157=DIRECTION('center_axis',(-1.,0.,0.));
#3158=DIRECTION('ref_axis',(0.,0.,1.));
#3159=DIRECTION('',(0.,0.,-1.));
#3160=DIRECTION('',(0.,-1.,0.));
#3161=DIRECTION('',(0.,1.,1.5770213417971E-16));
#3162=DIRECTION('center_axis',(0.,-1.5770213417971E-16,1.));
#3163=DIRECTION('ref_axis',(0.,-1.,-1.5770213417971E-16));
#3164=DIRECTION('',(0.,-1.,-1.5770213417971E-16));
#3165=DIRECTION('',(1.,0.,0.));
#3166=DIRECTION('center_axis',(0.,1.,0.));
#3167=DIRECTION('ref_axis',(0.,0.,1.));
#3168=DIRECTION('',(0.,0.,1.));
#3169=DIRECTION('',(-1.,0.,0.));
#3170=DIRECTION('center_axis',(1.,0.,0.));
#3171=DIRECTION('ref_axis',(0.,0.,-1.));
#3172=DIRECTION('',(0.,1.,0.));
#3173=DIRECTION('center_axis',(1.,6.0834138335625E-16,0.));
#3174=DIRECTION('ref_axis',(-6.0834138335625E-16,1.,0.));
#3175=DIRECTION('',(-6.0834138335625E-16,1.,0.));
#3176=DIRECTION('',(-6.0834138335625E-16,1.,0.));
#3177=DIRECTION('center_axis',(0.,0.,1.));
#3178=DIRECTION('ref_axis',(1.,0.,0.));
#3179=DIRECTION('center_axis',(0.,0.,1.));
#3180=DIRECTION('ref_axis',(1.,0.,0.));
#3181=CARTESIAN_POINT('',(0.,0.,0.));
#3182=CARTESIAN_POINT('Origin',(5.62500000000001,1.825,1.425));
#3183=CARTESIAN_POINT('',(5.62500000000001,1.825,1.425));
#3184=CARTESIAN_POINT('',(5.62500000000001,1.825,3.875));
#3185=CARTESIAN_POINT('',(5.625,1.825,0.7125));
#3186=CARTESIAN_POINT('',(5.62500000000001,-0.675,1.425));
#3187=CARTESIAN_POINT('',(5.62500000000001,1.825,1.425));
#3188=CARTESIAN_POINT('',(5.62500000000001,-0.675,3.875));
#3189=CARTESIAN_POINT('',(5.62500000000001,-0.675,1.425));
#3190=CARTESIAN_POINT('',(5.62500000000001,1.825,3.875));
#3191=CARTESIAN_POINT('Origin',(-5.62499999999999,1.825,1.425));
#3192=CARTESIAN_POINT('',(-5.62499999999999,1.825,1.425));
#3193=CARTESIAN_POINT('',(0.287500000000004,1.825,1.425));
#3194=CARTESIAN_POINT('',(-5.62499999999999,-0.675,1.425));
#3195=CARTESIAN_POINT('',(-5.62499999999999,1.825,1.425));
#3196=CARTESIAN_POINT('',(-5.62499999999999,-0.675,1.425));
#3197=CARTESIAN_POINT('Origin',(-5.62499999999999,1.825,3.875));
#3198=CARTESIAN_POINT('',(-5.62499999999999,1.825,3.875));
#3199=CARTESIAN_POINT('',(-5.62499999999999,1.825,1.9375));
#3200=CARTESIAN_POINT('',(-5.62499999999999,-0.675,3.875));
#3201=CARTESIAN_POINT('',(-5.62499999999999,1.825,3.875));
#3202=CARTESIAN_POINT('',(-5.62499999999999,-0.675,3.875));
#3203=CARTESIAN_POINT('Origin',(5.62500000000001,1.825,3.875));
#3204=CARTESIAN_POINT('',(5.9125,1.825,3.875));
#3205=CARTESIAN_POINT('',(5.62500000000001,-0.675,3.875));
#3206=CARTESIAN_POINT('Origin',(6.66133814775094E-15,-0.675,2.65));
#3207=CARTESIAN_POINT('Origin',(-5.95,0.9125,4.85));
#3208=CARTESIAN_POINT('',(-6.2,-1.825,4.6));
#3209=CARTESIAN_POINT('',(-5.7,-1.825,5.1));
#3210=CARTESIAN_POINT('',(-7.225,-1.825,3.575));
#3211=CARTESIAN_POINT('',(-5.7,1.825,5.1));
#3212=CARTESIAN_POINT('',(-5.7,0.9125,5.1));
#3213=CARTESIAN_POINT('',(-6.2,1.825,4.6));
#3214=CARTESIAN_POINT('',(-4.125,1.825,6.675));
#3215=CARTESIAN_POINT('',(-6.2,0.9125,4.6));
#3216=CARTESIAN_POINT('Origin',(-6.2,1.825,0.));
#3217=CARTESIAN_POINT('',(-6.2,1.825,0.));
#3218=CARTESIAN_POINT('',(-6.2,1.825,0.));
#3219=CARTESIAN_POINT('',(-6.2,-1.825,0.));
#3220=CARTESIAN_POINT('',(-6.2,1.825,0.));
#3221=CARTESIAN_POINT('',(-6.2,-1.825,0.));
#3222=CARTESIAN_POINT('Origin',(6.2,1.825,0.));
#3223=CARTESIAN_POINT('',(6.2,1.825,5.1));
#3224=CARTESIAN_POINT('',(6.2,1.825,5.1));
#3225=CARTESIAN_POINT('',(6.2,1.825,0.));
#3226=CARTESIAN_POINT('',(6.2,1.825,0.));
#3227=CARTESIAN_POINT('',(4.9,1.825,0.));
#3228=CARTESIAN_POINT('',(6.2,1.825,0.));
#3229=CARTESIAN_POINT('',(4.9,1.825,0.3));
#3230=CARTESIAN_POINT('',(4.9,1.825,0.075));
#3231=CARTESIAN_POINT('',(4.7,1.825,0.3));
#3232=CARTESIAN_POINT('',(5.5,1.825,0.3));
#3233=CARTESIAN_POINT('',(4.7,1.825,0.));
#3234=CARTESIAN_POINT('',(4.7,1.825,0.075));
#3235=CARTESIAN_POINT('',(4.1,1.825,0.));
#3236=CARTESIAN_POINT('',(6.2,1.825,0.));
#3237=CARTESIAN_POINT('',(4.1,1.825,0.3));
#3238=CARTESIAN_POINT('',(4.1,1.825,0.075));
#3239=CARTESIAN_POINT('',(3.9,1.825,0.3));
#3240=CARTESIAN_POINT('',(5.1,1.825,0.3));
#3241=CARTESIAN_POINT('',(3.9,1.825,0.));
#3242=CARTESIAN_POINT('',(3.9,1.825,0.075));
#3243=CARTESIAN_POINT('',(3.3,1.825,0.));
#3244=CARTESIAN_POINT('',(6.2,1.825,0.));
#3245=CARTESIAN_POINT('',(3.3,1.825,0.3));
#3246=CARTESIAN_POINT('',(3.3,1.825,0.075));
#3247=CARTESIAN_POINT('',(3.1,1.825,0.3));
#3248=CARTESIAN_POINT('',(4.7,1.825,0.3));
#3249=CARTESIAN_POINT('',(3.1,1.825,0.));
#3250=CARTESIAN_POINT('',(3.1,1.825,0.075));
#3251=CARTESIAN_POINT('',(2.5,1.825,0.));
#3252=CARTESIAN_POINT('',(6.2,1.825,0.));
#3253=CARTESIAN_POINT('',(2.5,1.825,0.3));
#3254=CARTESIAN_POINT('',(2.5,1.825,0.075));
#3255=CARTESIAN_POINT('',(2.3,1.825,0.3));
#3256=CARTESIAN_POINT('',(4.3,1.825,0.3));
#3257=CARTESIAN_POINT('',(2.3,1.825,0.));
#3258=CARTESIAN_POINT('',(2.3,1.825,0.075));
#3259=CARTESIAN_POINT('',(1.7,1.825,0.));
#3260=CARTESIAN_POINT('',(6.2,1.825,0.));
#3261=CARTESIAN_POINT('',(1.7,1.825,0.3));
#3262=CARTESIAN_POINT('',(1.7,1.825,0.075));
#3263=CARTESIAN_POINT('',(1.5,1.825,0.3));
#3264=CARTESIAN_POINT('',(3.9,1.825,0.3));
#3265=CARTESIAN_POINT('',(1.5,1.825,0.));
#3266=CARTESIAN_POINT('',(1.5,1.825,0.075));
#3267=CARTESIAN_POINT('',(0.9,1.825,0.));
#3268=CARTESIAN_POINT('',(6.2,1.825,0.));
#3269=CARTESIAN_POINT('',(0.9,1.825,0.3));
#3270=CARTESIAN_POINT('',(0.900000000000001,1.825,0.075));
#3271=CARTESIAN_POINT('',(0.7,1.825,0.3));
#3272=CARTESIAN_POINT('',(3.5,1.825,0.3));
#3273=CARTESIAN_POINT('',(0.7,1.825,0.));
#3274=CARTESIAN_POINT('',(0.700000000000001,1.825,0.075));
#3275=CARTESIAN_POINT('',(0.1,1.825,0.));
#3276=CARTESIAN_POINT('',(6.2,1.825,0.));
#3277=CARTESIAN_POINT('',(0.1,1.825,0.3));
#3278=CARTESIAN_POINT('',(0.1,1.825,0.075));
#3279=CARTESIAN_POINT('',(-0.1,1.825,0.3));
#3280=CARTESIAN_POINT('',(3.1,1.825,0.3));
#3281=CARTESIAN_POINT('',(-0.1,1.825,0.));
#3282=CARTESIAN_POINT('',(-0.1,1.825,0.075));
#3283=CARTESIAN_POINT('',(-0.7,1.825,0.));
#3284=CARTESIAN_POINT('',(6.2,1.825,0.));
#3285=CARTESIAN_POINT('',(-0.7,1.825,0.3));
#3286=CARTESIAN_POINT('',(-0.700000000000001,1.825,0.075));
#3287=CARTESIAN_POINT('',(-0.9,1.825,0.3));
#3288=CARTESIAN_POINT('',(2.7,1.825,0.3));
#3289=CARTESIAN_POINT('',(-0.9,1.825,0.));
#3290=CARTESIAN_POINT('',(-0.900000000000001,1.825,0.075));
#3291=CARTESIAN_POINT('',(-1.5,1.825,0.));
#3292=CARTESIAN_POINT('',(6.2,1.825,0.));
#3293=CARTESIAN_POINT('',(-1.5,1.825,0.3));
#3294=CARTESIAN_POINT('',(-1.5,1.825,0.075));
#3295=CARTESIAN_POINT('',(-1.7,1.825,0.3));
#3296=CARTESIAN_POINT('',(2.3,1.825,0.3));
#3297=CARTESIAN_POINT('',(-1.7,1.825,0.));
#3298=CARTESIAN_POINT('',(-1.7,1.825,0.075));
#3299=CARTESIAN_POINT('',(-2.3,1.825,0.));
#3300=CARTESIAN_POINT('',(6.2,1.825,0.));
#3301=CARTESIAN_POINT('',(-2.3,1.825,0.3));
#3302=CARTESIAN_POINT('',(-2.3,1.825,0.075));
#3303=CARTESIAN_POINT('',(-2.5,1.825,0.3));
#3304=CARTESIAN_POINT('',(1.9,1.825,0.3));
#3305=CARTESIAN_POINT('',(-2.5,1.825,0.));
#3306=CARTESIAN_POINT('',(-2.5,1.825,0.075));
#3307=CARTESIAN_POINT('',(-3.1,1.825,0.));
#3308=CARTESIAN_POINT('',(6.2,1.825,0.));
#3309=CARTESIAN_POINT('',(-3.1,1.825,0.3));
#3310=CARTESIAN_POINT('',(-3.1,1.825,0.075));
#3311=CARTESIAN_POINT('',(-3.3,1.825,0.3));
#3312=CARTESIAN_POINT('',(1.5,1.825,0.3));
#3313=CARTESIAN_POINT('',(-3.3,1.825,0.));
#3314=CARTESIAN_POINT('',(-3.3,1.825,0.075));
#3315=CARTESIAN_POINT('',(-3.9,1.825,0.));
#3316=CARTESIAN_POINT('',(6.2,1.825,0.));
#3317=CARTESIAN_POINT('',(-3.9,1.825,0.3));
#3318=CARTESIAN_POINT('',(-3.9,1.825,0.075));
#3319=CARTESIAN_POINT('',(-4.1,1.825,0.3));
#3320=CARTESIAN_POINT('',(1.1,1.825,0.3));
#3321=CARTESIAN_POINT('',(-4.1,1.825,0.));
#3322=CARTESIAN_POINT('',(-4.1,1.825,0.075));
#3323=CARTESIAN_POINT('',(-4.7,1.825,0.));
#3324=CARTESIAN_POINT('',(6.2,1.825,0.));
#3325=CARTESIAN_POINT('',(-4.7,1.825,0.3));
#3326=CARTESIAN_POINT('',(-4.7,1.825,0.075));
#3327=CARTESIAN_POINT('',(-4.9,1.825,0.3));
#3328=CARTESIAN_POINT('',(0.7,1.825,0.3));
#3329=CARTESIAN_POINT('',(-4.9,1.825,0.));
#3330=CARTESIAN_POINT('',(-4.9,1.825,0.075));
#3331=CARTESIAN_POINT('',(6.2,1.825,0.));
#3332=CARTESIAN_POINT('Origin',(-5.7,6.93520149698684E-16,0.));
#3333=CARTESIAN_POINT('',(-6.075,6.47595894730658E-16,-0.7));
#3334=CARTESIAN_POINT('Origin',(-5.7,6.93520149698684E-16,-0.7));
#3335=CARTESIAN_POINT('',(-6.075,6.47595894730658E-16,0.));
#3336=CARTESIAN_POINT('',(-6.075,7.39444404666709E-16,0.));
#3337=CARTESIAN_POINT('Origin',(-5.7,6.93520149698684E-16,0.));
#3338=CARTESIAN_POINT('Origin',(-5.7,6.93889390390723E-16,-0.7));
#3339=CARTESIAN_POINT('Origin',(5.7,-6.93520149698684E-16,0.));
#3340=CARTESIAN_POINT('',(5.325,-7.39444404666709E-16,-0.7));
#3341=CARTESIAN_POINT('Origin',(5.7,-6.93520149698684E-16,-0.7));
#3342=CARTESIAN_POINT('',(5.325,-7.39444404666709E-16,0.));
#3343=CARTESIAN_POINT('',(5.325,-6.47595894730658E-16,0.));
#3344=CARTESIAN_POINT('Origin',(5.7,-6.93520149698684E-16,0.));
#3345=CARTESIAN_POINT('Origin',(5.7,-6.93889390390723E-16,-0.7));
#3346=CARTESIAN_POINT('Origin',(-4.7,-2.155,0.15));
#3347=CARTESIAN_POINT('',(-4.7,-1.825,0.));
#3348=CARTESIAN_POINT('',(-4.7,-2.485,0.));
#3349=CARTESIAN_POINT('',(-4.7,-1.825,0.));
#3350=CARTESIAN_POINT('',(-4.7,-1.825,0.3));
#3351=CARTESIAN_POINT('',(-4.7,-1.825,0.075));
#3352=CARTESIAN_POINT('',(-4.7,-2.485,0.3));
#3353=CARTESIAN_POINT('',(-4.7,-2.485,0.3));
#3354=CARTESIAN_POINT('',(-4.7,-2.485,0.));
#3355=CARTESIAN_POINT('Origin',(-4.8,-2.485,0.3));
#3356=CARTESIAN_POINT('',(-4.9,-2.485,0.));
#3357=CARTESIAN_POINT('',(-4.8,-2.485,0.));
#3358=CARTESIAN_POINT('',(-4.9,-2.485,0.3));
#3359=CARTESIAN_POINT('',(-4.8,-2.485,0.3));
#3360=CARTESIAN_POINT('',(-4.9,-2.485,0.));
#3361=CARTESIAN_POINT('Origin',(-4.8,-1.825,0.3));
#3362=CARTESIAN_POINT('',(-4.9,-1.825,0.3));
#3363=CARTESIAN_POINT('',(-5.5,-1.825,0.3));
#3364=CARTESIAN_POINT('',(-4.9,-2.485,0.3));
#3365=CARTESIAN_POINT('Origin',(-4.9,-2.155,0.15));
#3366=CARTESIAN_POINT('',(-4.9,-1.825,0.));
#3367=CARTESIAN_POINT('',(-4.9,-1.825,0.));
#3368=CARTESIAN_POINT('',(-4.9,-1.825,0.075));
#3369=CARTESIAN_POINT('Origin',(-4.7,2.155,0.15));
#3370=CARTESIAN_POINT('',(-4.7,2.485,0.3));
#3371=CARTESIAN_POINT('',(-4.7,2.485,0.));
#3372=CARTESIAN_POINT('',(-4.7,2.485,0.));
#3373=CARTESIAN_POINT('',(-4.7,2.485,0.3));
#3374=CARTESIAN_POINT('',(-4.7,1.825,0.));
#3375=CARTESIAN_POINT('Origin',(-4.8,2.485,0.3));
#3376=CARTESIAN_POINT('',(-4.9,2.485,0.3));
#3377=CARTESIAN_POINT('',(-4.8,2.485,0.3));
#3378=CARTESIAN_POINT('',(-4.9,2.485,0.3));
#3379=CARTESIAN_POINT('Origin',(-4.8,2.485,0.));
#3380=CARTESIAN_POINT('',(-4.9,2.485,0.));
#3381=CARTESIAN_POINT('',(-4.8,2.485,0.));
#3382=CARTESIAN_POINT('',(-4.9,2.485,0.));
#3383=CARTESIAN_POINT('Origin',(-4.9,2.155,0.15));
#3384=CARTESIAN_POINT('',(-4.9,1.825,0.));
#3385=CARTESIAN_POINT('Origin',(-3.9,-2.155,0.15));
#3386=CARTESIAN_POINT('',(-3.9,-1.825,0.));
#3387=CARTESIAN_POINT('',(-3.9,-2.485,0.));
#3388=CARTESIAN_POINT('',(-3.9,-1.825,0.));
#3389=CARTESIAN_POINT('',(-3.9,-1.825,0.3));
#3390=CARTESIAN_POINT('',(-3.9,-1.825,0.075));
#3391=CARTESIAN_POINT('',(-3.9,-2.485,0.3));
#3392=CARTESIAN_POINT('',(-3.9,-2.485,0.3));
#3393=CARTESIAN_POINT('',(-3.9,-2.485,0.));
#3394=CARTESIAN_POINT('Origin',(-4.,-2.485,0.3));
#3395=CARTESIAN_POINT('',(-4.1,-2.485,0.));
#3396=CARTESIAN_POINT('',(-4.,-2.485,0.));
#3397=CARTESIAN_POINT('',(-4.1,-2.485,0.3));
#3398=CARTESIAN_POINT('',(-4.,-2.485,0.3));
#3399=CARTESIAN_POINT('',(-4.1,-2.485,0.));
#3400=CARTESIAN_POINT('Origin',(-4.,-1.825,0.3));
#3401=CARTESIAN_POINT('',(-4.1,-1.825,0.3));
#3402=CARTESIAN_POINT('',(-5.1,-1.825,0.3));
#3403=CARTESIAN_POINT('',(-4.1,-2.485,0.3));
#3404=CARTESIAN_POINT('Origin',(-4.1,-2.155,0.15));
#3405=CARTESIAN_POINT('',(-4.1,-1.825,0.));
#3406=CARTESIAN_POINT('',(-4.1,-1.825,0.));
#3407=CARTESIAN_POINT('',(-4.1,-1.825,0.075));
#3408=CARTESIAN_POINT('Origin',(-3.9,2.155,0.15));
#3409=CARTESIAN_POINT('',(-3.9,2.485,0.3));
#3410=CARTESIAN_POINT('',(-3.9,2.485,0.));
#3411=CARTESIAN_POINT('',(-3.9,2.485,0.));
#3412=CARTESIAN_POINT('',(-3.9,2.485,0.3));
#3413=CARTESIAN_POINT('',(-3.9,1.825,0.));
#3414=CARTESIAN_POINT('Origin',(-4.,2.485,0.3));
#3415=CARTESIAN_POINT('',(-4.1,2.485,0.3));
#3416=CARTESIAN_POINT('',(-4.,2.485,0.3));
#3417=CARTESIAN_POINT('',(-4.1,2.485,0.3));
#3418=CARTESIAN_POINT('Origin',(-4.,2.485,0.));
#3419=CARTESIAN_POINT('',(-4.1,2.485,0.));
#3420=CARTESIAN_POINT('',(-4.,2.485,0.));
#3421=CARTESIAN_POINT('',(-4.1,2.485,0.));
#3422=CARTESIAN_POINT('Origin',(-4.1,2.155,0.15));
#3423=CARTESIAN_POINT('',(-4.1,1.825,0.));
#3424=CARTESIAN_POINT('Origin',(-3.1,-2.155,0.15));
#3425=CARTESIAN_POINT('',(-3.1,-1.825,0.));
#3426=CARTESIAN_POINT('',(-3.1,-2.485,0.));
#3427=CARTESIAN_POINT('',(-3.1,-1.825,0.));
#3428=CARTESIAN_POINT('',(-3.1,-1.825,0.3));
#3429=CARTESIAN_POINT('',(-3.1,-1.825,0.075));
#3430=CARTESIAN_POINT('',(-3.1,-2.485,0.3));
#3431=CARTESIAN_POINT('',(-3.1,-2.485,0.3));
#3432=CARTESIAN_POINT('',(-3.1,-2.485,0.));
#3433=CARTESIAN_POINT('Origin',(-3.2,-2.485,0.3));
#3434=CARTESIAN_POINT('',(-3.3,-2.485,0.));
#3435=CARTESIAN_POINT('',(-3.2,-2.485,0.));
#3436=CARTESIAN_POINT('',(-3.3,-2.485,0.3));
#3437=CARTESIAN_POINT('',(-3.2,-2.485,0.3));
#3438=CARTESIAN_POINT('',(-3.3,-2.485,0.));
#3439=CARTESIAN_POINT('Origin',(-3.2,-1.825,0.3));
#3440=CARTESIAN_POINT('',(-3.3,-1.825,0.3));
#3441=CARTESIAN_POINT('',(-4.7,-1.825,0.3));
#3442=CARTESIAN_POINT('',(-3.3,-2.485,0.3));
#3443=CARTESIAN_POINT('Origin',(-3.3,-2.155,0.15));
#3444=CARTESIAN_POINT('',(-3.3,-1.825,0.));
#3445=CARTESIAN_POINT('',(-3.3,-1.825,0.));
#3446=CARTESIAN_POINT('',(-3.3,-1.825,0.075));
#3447=CARTESIAN_POINT('Origin',(-3.1,2.155,0.15));
#3448=CARTESIAN_POINT('',(-3.1,2.485,0.3));
#3449=CARTESIAN_POINT('',(-3.1,2.485,0.));
#3450=CARTESIAN_POINT('',(-3.1,2.485,0.));
#3451=CARTESIAN_POINT('',(-3.1,2.485,0.3));
#3452=CARTESIAN_POINT('',(-3.1,1.825,0.));
#3453=CARTESIAN_POINT('Origin',(-3.2,2.485,0.3));
#3454=CARTESIAN_POINT('',(-3.3,2.485,0.3));
#3455=CARTESIAN_POINT('',(-3.2,2.485,0.3));
#3456=CARTESIAN_POINT('',(-3.3,2.485,0.3));
#3457=CARTESIAN_POINT('Origin',(-3.2,2.485,0.));
#3458=CARTESIAN_POINT('',(-3.3,2.485,0.));
#3459=CARTESIAN_POINT('',(-3.2,2.485,0.));
#3460=CARTESIAN_POINT('',(-3.3,2.485,0.));
#3461=CARTESIAN_POINT('Origin',(-3.3,2.155,0.15));
#3462=CARTESIAN_POINT('',(-3.3,1.825,0.));
#3463=CARTESIAN_POINT('Origin',(-2.3,-2.155,0.15));
#3464=CARTESIAN_POINT('',(-2.3,-1.825,0.));
#3465=CARTESIAN_POINT('',(-2.3,-2.485,0.));
#3466=CARTESIAN_POINT('',(-2.3,-1.825,0.));
#3467=CARTESIAN_POINT('',(-2.3,-1.825,0.3));
#3468=CARTESIAN_POINT('',(-2.3,-1.825,0.075));
#3469=CARTESIAN_POINT('',(-2.3,-2.485,0.3));
#3470=CARTESIAN_POINT('',(-2.3,-2.485,0.3));
#3471=CARTESIAN_POINT('',(-2.3,-2.485,0.));
#3472=CARTESIAN_POINT('Origin',(-2.4,-2.485,0.3));
#3473=CARTESIAN_POINT('',(-2.5,-2.485,0.));
#3474=CARTESIAN_POINT('',(-2.4,-2.485,0.));
#3475=CARTESIAN_POINT('',(-2.5,-2.485,0.3));
#3476=CARTESIAN_POINT('',(-2.4,-2.485,0.3));
#3477=CARTESIAN_POINT('',(-2.5,-2.485,0.));
#3478=CARTESIAN_POINT('Origin',(-2.4,-1.825,0.3));
#3479=CARTESIAN_POINT('',(-2.5,-1.825,0.3));
#3480=CARTESIAN_POINT('',(-4.3,-1.825,0.3));
#3481=CARTESIAN_POINT('',(-2.5,-2.485,0.3));
#3482=CARTESIAN_POINT('Origin',(-2.5,-2.155,0.15));
#3483=CARTESIAN_POINT('',(-2.5,-1.825,0.));
#3484=CARTESIAN_POINT('',(-2.5,-1.825,0.));
#3485=CARTESIAN_POINT('',(-2.5,-1.825,0.075));
#3486=CARTESIAN_POINT('Origin',(-2.3,2.155,0.15));
#3487=CARTESIAN_POINT('',(-2.3,2.485,0.3));
#3488=CARTESIAN_POINT('',(-2.3,2.485,0.));
#3489=CARTESIAN_POINT('',(-2.3,2.485,0.));
#3490=CARTESIAN_POINT('',(-2.3,2.485,0.3));
#3491=CARTESIAN_POINT('',(-2.3,1.825,0.));
#3492=CARTESIAN_POINT('Origin',(-2.4,2.485,0.3));
#3493=CARTESIAN_POINT('',(-2.5,2.485,0.3));
#3494=CARTESIAN_POINT('',(-2.4,2.485,0.3));
#3495=CARTESIAN_POINT('',(-2.5,2.485,0.3));
#3496=CARTESIAN_POINT('Origin',(-2.4,2.485,0.));
#3497=CARTESIAN_POINT('',(-2.5,2.485,0.));
#3498=CARTESIAN_POINT('',(-2.4,2.485,0.));
#3499=CARTESIAN_POINT('',(-2.5,2.485,0.));
#3500=CARTESIAN_POINT('Origin',(-2.5,2.155,0.15));
#3501=CARTESIAN_POINT('',(-2.5,1.825,0.));
#3502=CARTESIAN_POINT('Origin',(-1.5,-2.155,0.15));
#3503=CARTESIAN_POINT('',(-1.5,-1.825,0.));
#3504=CARTESIAN_POINT('',(-1.5,-2.485,0.));
#3505=CARTESIAN_POINT('',(-1.5,-1.825,0.));
#3506=CARTESIAN_POINT('',(-1.5,-1.825,0.3));
#3507=CARTESIAN_POINT('',(-1.5,-1.825,0.075));
#3508=CARTESIAN_POINT('',(-1.5,-2.485,0.3));
#3509=CARTESIAN_POINT('',(-1.5,-2.485,0.3));
#3510=CARTESIAN_POINT('',(-1.5,-2.485,0.));
#3511=CARTESIAN_POINT('Origin',(-1.6,-2.485,0.3));
#3512=CARTESIAN_POINT('',(-1.7,-2.485,0.));
#3513=CARTESIAN_POINT('',(-1.6,-2.485,0.));
#3514=CARTESIAN_POINT('',(-1.7,-2.485,0.3));
#3515=CARTESIAN_POINT('',(-1.6,-2.485,0.3));
#3516=CARTESIAN_POINT('',(-1.7,-2.485,0.));
#3517=CARTESIAN_POINT('Origin',(-1.6,-1.825,0.3));
#3518=CARTESIAN_POINT('',(-1.7,-1.825,0.3));
#3519=CARTESIAN_POINT('',(-3.9,-1.825,0.3));
#3520=CARTESIAN_POINT('',(-1.7,-2.485,0.3));
#3521=CARTESIAN_POINT('Origin',(-1.7,-2.155,0.15));
#3522=CARTESIAN_POINT('',(-1.7,-1.825,0.));
#3523=CARTESIAN_POINT('',(-1.7,-1.825,0.));
#3524=CARTESIAN_POINT('',(-1.7,-1.825,0.075));
#3525=CARTESIAN_POINT('Origin',(-1.5,2.155,0.15));
#3526=CARTESIAN_POINT('',(-1.5,2.485,0.3));
#3527=CARTESIAN_POINT('',(-1.5,2.485,0.));
#3528=CARTESIAN_POINT('',(-1.5,2.485,0.));
#3529=CARTESIAN_POINT('',(-1.5,2.485,0.3));
#3530=CARTESIAN_POINT('',(-1.5,1.825,0.));
#3531=CARTESIAN_POINT('Origin',(-1.6,2.485,0.3));
#3532=CARTESIAN_POINT('',(-1.7,2.485,0.3));
#3533=CARTESIAN_POINT('',(-1.6,2.485,0.3));
#3534=CARTESIAN_POINT('',(-1.7,2.485,0.3));
#3535=CARTESIAN_POINT('Origin',(-1.6,2.485,0.));
#3536=CARTESIAN_POINT('',(-1.7,2.485,0.));
#3537=CARTESIAN_POINT('',(-1.6,2.485,0.));
#3538=CARTESIAN_POINT('',(-1.7,2.485,0.));
#3539=CARTESIAN_POINT('Origin',(-1.7,2.155,0.15));
#3540=CARTESIAN_POINT('',(-1.7,1.825,0.));
#3541=CARTESIAN_POINT('Origin',(-0.7,-2.155,0.15));
#3542=CARTESIAN_POINT('',(-0.7,-1.825,0.));
#3543=CARTESIAN_POINT('',(-0.7,-2.485,0.));
#3544=CARTESIAN_POINT('',(-0.7,-1.825,0.));
#3545=CARTESIAN_POINT('',(-0.7,-1.825,0.3));
#3546=CARTESIAN_POINT('',(-0.700000000000001,-1.825,0.075));
#3547=CARTESIAN_POINT('',(-0.7,-2.485,0.3));
#3548=CARTESIAN_POINT('',(-0.7,-2.485,0.3));
#3549=CARTESIAN_POINT('',(-0.7,-2.485,0.));
#3550=CARTESIAN_POINT('Origin',(-0.8,-2.485,0.3));
#3551=CARTESIAN_POINT('',(-0.9,-2.485,0.));
#3552=CARTESIAN_POINT('',(-0.8,-2.485,0.));
#3553=CARTESIAN_POINT('',(-0.9,-2.485,0.3));
#3554=CARTESIAN_POINT('',(-0.8,-2.485,0.3));
#3555=CARTESIAN_POINT('',(-0.9,-2.485,0.));
#3556=CARTESIAN_POINT('Origin',(-0.8,-1.825,0.3));
#3557=CARTESIAN_POINT('',(-0.9,-1.825,0.3));
#3558=CARTESIAN_POINT('',(-3.5,-1.825,0.3));
#3559=CARTESIAN_POINT('',(-0.9,-2.485,0.3));
#3560=CARTESIAN_POINT('Origin',(-0.9,-2.155,0.15));
#3561=CARTESIAN_POINT('',(-0.9,-1.825,0.));
#3562=CARTESIAN_POINT('',(-0.9,-1.825,0.));
#3563=CARTESIAN_POINT('',(-0.900000000000001,-1.825,0.075));
#3564=CARTESIAN_POINT('Origin',(-0.7,2.155,0.15));
#3565=CARTESIAN_POINT('',(-0.7,2.485,0.3));
#3566=CARTESIAN_POINT('',(-0.7,2.485,0.));
#3567=CARTESIAN_POINT('',(-0.7,2.485,0.));
#3568=CARTESIAN_POINT('',(-0.7,2.485,0.3));
#3569=CARTESIAN_POINT('',(-0.7,1.825,0.));
#3570=CARTESIAN_POINT('Origin',(-0.8,2.485,0.3));
#3571=CARTESIAN_POINT('',(-0.9,2.485,0.3));
#3572=CARTESIAN_POINT('',(-0.8,2.485,0.3));
#3573=CARTESIAN_POINT('',(-0.9,2.485,0.3));
#3574=CARTESIAN_POINT('Origin',(-0.8,2.485,0.));
#3575=CARTESIAN_POINT('',(-0.9,2.485,0.));
#3576=CARTESIAN_POINT('',(-0.8,2.485,0.));
#3577=CARTESIAN_POINT('',(-0.9,2.485,0.));
#3578=CARTESIAN_POINT('Origin',(-0.9,2.155,0.15));
#3579=CARTESIAN_POINT('',(-0.9,1.825,0.));
#3580=CARTESIAN_POINT('Origin',(-6.2,-1.825,0.));
#3581=CARTESIAN_POINT('',(-6.2,-1.825,0.));
#3582=CARTESIAN_POINT('',(-6.2,-1.825,0.));
#3583=CARTESIAN_POINT('',(-6.2,-1.825,0.));
#3584=CARTESIAN_POINT('',(-6.2,-1.825,0.));
#3585=CARTESIAN_POINT('',(-6.2,-1.825,0.));
#3586=CARTESIAN_POINT('',(-6.2,-1.825,0.));
#3587=CARTESIAN_POINT('',(-0.1,-1.825,0.));
#3588=CARTESIAN_POINT('',(-6.2,-1.825,0.));
#3589=CARTESIAN_POINT('',(-0.1,-1.825,0.3));
#3590=CARTESIAN_POINT('',(-0.1,-1.825,0.075));
#3591=CARTESIAN_POINT('',(0.1,-1.825,0.3));
#3592=CARTESIAN_POINT('',(-3.1,-1.825,0.3));
#3593=CARTESIAN_POINT('',(0.1,-1.825,0.));
#3594=CARTESIAN_POINT('',(0.1,-1.825,0.075));
#3595=CARTESIAN_POINT('',(0.7,-1.825,0.));
#3596=CARTESIAN_POINT('',(-6.2,-1.825,0.));
#3597=CARTESIAN_POINT('',(0.7,-1.825,0.3));
#3598=CARTESIAN_POINT('',(0.700000000000001,-1.825,0.075));
#3599=CARTESIAN_POINT('',(0.9,-1.825,0.3));
#3600=CARTESIAN_POINT('',(-2.7,-1.825,0.3));
#3601=CARTESIAN_POINT('',(0.9,-1.825,0.));
#3602=CARTESIAN_POINT('',(0.900000000000001,-1.825,0.075));
#3603=CARTESIAN_POINT('',(1.5,-1.825,0.));
#3604=CARTESIAN_POINT('',(-6.2,-1.825,0.));
#3605=CARTESIAN_POINT('',(1.5,-1.825,0.3));
#3606=CARTESIAN_POINT('',(1.5,-1.825,0.075));
#3607=CARTESIAN_POINT('',(1.7,-1.825,0.3));
#3608=CARTESIAN_POINT('',(-2.3,-1.825,0.3));
#3609=CARTESIAN_POINT('',(1.7,-1.825,0.));
#3610=CARTESIAN_POINT('',(1.7,-1.825,0.075));
#3611=CARTESIAN_POINT('',(2.3,-1.825,0.));
#3612=CARTESIAN_POINT('',(-6.2,-1.825,0.));
#3613=CARTESIAN_POINT('',(2.3,-1.825,0.3));
#3614=CARTESIAN_POINT('',(2.3,-1.825,0.075));
#3615=CARTESIAN_POINT('',(2.5,-1.825,0.3));
#3616=CARTESIAN_POINT('',(-1.9,-1.825,0.3));
#3617=CARTESIAN_POINT('',(2.5,-1.825,0.));
#3618=CARTESIAN_POINT('',(2.5,-1.825,0.075));
#3619=CARTESIAN_POINT('',(3.1,-1.825,0.));
#3620=CARTESIAN_POINT('',(-6.2,-1.825,0.));
#3621=CARTESIAN_POINT('',(3.1,-1.825,0.3));
#3622=CARTESIAN_POINT('',(3.1,-1.825,0.075));
#3623=CARTESIAN_POINT('',(3.3,-1.825,0.3));
#3624=CARTESIAN_POINT('',(-1.5,-1.825,0.3));
#3625=CARTESIAN_POINT('',(3.3,-1.825,0.));
#3626=CARTESIAN_POINT('',(3.3,-1.825,0.075));
#3627=CARTESIAN_POINT('',(3.9,-1.825,0.));
#3628=CARTESIAN_POINT('',(-6.2,-1.825,0.));
#3629=CARTESIAN_POINT('',(3.9,-1.825,0.3));
#3630=CARTESIAN_POINT('',(3.9,-1.825,0.075));
#3631=CARTESIAN_POINT('',(4.1,-1.825,0.3));
#3632=CARTESIAN_POINT('',(-1.1,-1.825,0.3));
#3633=CARTESIAN_POINT('',(4.1,-1.825,0.));
#3634=CARTESIAN_POINT('',(4.1,-1.825,0.075));
#3635=CARTESIAN_POINT('',(4.7,-1.825,0.));
#3636=CARTESIAN_POINT('',(-6.2,-1.825,0.));
#3637=CARTESIAN_POINT('',(4.7,-1.825,0.3));
#3638=CARTESIAN_POINT('',(4.7,-1.825,0.075));
#3639=CARTESIAN_POINT('',(4.9,-1.825,0.3));
#3640=CARTESIAN_POINT('',(-0.699999999999999,-1.825,0.3));
#3641=CARTESIAN_POINT('',(4.9,-1.825,0.));
#3642=CARTESIAN_POINT('',(4.9,-1.825,0.075));
#3643=CARTESIAN_POINT('',(6.2,-1.825,0.));
#3644=CARTESIAN_POINT('',(-6.2,-1.825,0.));
#3645=CARTESIAN_POINT('',(6.2,-1.825,5.1));
#3646=CARTESIAN_POINT('',(6.2,-1.825,0.));
#3647=CARTESIAN_POINT('',(-6.2,-1.825,5.1));
#3648=CARTESIAN_POINT('Origin',(4.7,-2.155,0.15));
#3649=CARTESIAN_POINT('',(4.7,-2.485,0.));
#3650=CARTESIAN_POINT('',(4.7,-1.825,0.));
#3651=CARTESIAN_POINT('',(4.7,-2.485,0.3));
#3652=CARTESIAN_POINT('',(4.7,-2.485,0.));
#3653=CARTESIAN_POINT('',(4.7,-2.485,0.3));
#3654=CARTESIAN_POINT('Origin',(4.8,-2.485,0.3));
#3655=CARTESIAN_POINT('',(4.9,-2.485,0.));
#3656=CARTESIAN_POINT('',(4.8,-2.485,0.));
#3657=CARTESIAN_POINT('',(4.9,-2.485,0.3));
#3658=CARTESIAN_POINT('',(4.9,-2.485,0.));
#3659=CARTESIAN_POINT('',(4.8,-2.485,0.3));
#3660=CARTESIAN_POINT('Origin',(4.8,-1.825,0.3));
#3661=CARTESIAN_POINT('',(4.9,-2.485,0.3));
#3662=CARTESIAN_POINT('Origin',(4.9,-2.155,0.15));
#3663=CARTESIAN_POINT('',(4.9,-1.825,0.));
#3664=CARTESIAN_POINT('Origin',(4.7,2.155,0.15));
#3665=CARTESIAN_POINT('',(4.7,2.485,0.3));
#3666=CARTESIAN_POINT('',(4.7,2.485,0.));
#3667=CARTESIAN_POINT('',(4.7,2.485,0.));
#3668=CARTESIAN_POINT('',(4.7,1.825,0.));
#3669=CARTESIAN_POINT('',(4.7,2.485,0.3));
#3670=CARTESIAN_POINT('Origin',(4.8,2.485,0.3));
#3671=CARTESIAN_POINT('',(4.9,2.485,0.3));
#3672=CARTESIAN_POINT('',(4.9,2.485,0.3));
#3673=CARTESIAN_POINT('',(4.8,2.485,0.3));
#3674=CARTESIAN_POINT('Origin',(4.8,2.485,0.));
#3675=CARTESIAN_POINT('',(4.9,2.485,0.));
#3676=CARTESIAN_POINT('',(4.9,2.485,0.));
#3677=CARTESIAN_POINT('',(4.8,2.485,0.));
#3678=CARTESIAN_POINT('Origin',(4.9,2.155,0.15));
#3679=CARTESIAN_POINT('',(4.9,1.825,0.));
#3680=CARTESIAN_POINT('Origin',(3.9,-2.155,0.15));
#3681=CARTESIAN_POINT('',(3.9,-2.485,0.));
#3682=CARTESIAN_POINT('',(3.9,-1.825,0.));
#3683=CARTESIAN_POINT('',(3.9,-2.485,0.3));
#3684=CARTESIAN_POINT('',(3.9,-2.485,0.));
#3685=CARTESIAN_POINT('',(3.9,-2.485,0.3));
#3686=CARTESIAN_POINT('Origin',(4.,-2.485,0.3));
#3687=CARTESIAN_POINT('',(4.1,-2.485,0.));
#3688=CARTESIAN_POINT('',(4.,-2.485,0.));
#3689=CARTESIAN_POINT('',(4.1,-2.485,0.3));
#3690=CARTESIAN_POINT('',(4.1,-2.485,0.));
#3691=CARTESIAN_POINT('',(4.,-2.485,0.3));
#3692=CARTESIAN_POINT('Origin',(4.,-1.825,0.3));
#3693=CARTESIAN_POINT('',(4.1,-2.485,0.3));
#3694=CARTESIAN_POINT('Origin',(4.1,-2.155,0.15));
#3695=CARTESIAN_POINT('',(4.1,-1.825,0.));
#3696=CARTESIAN_POINT('Origin',(3.9,2.155,0.15));
#3697=CARTESIAN_POINT('',(3.9,2.485,0.3));
#3698=CARTESIAN_POINT('',(3.9,2.485,0.));
#3699=CARTESIAN_POINT('',(3.9,2.485,0.));
#3700=CARTESIAN_POINT('',(3.9,1.825,0.));
#3701=CARTESIAN_POINT('',(3.9,2.485,0.3));
#3702=CARTESIAN_POINT('Origin',(4.,2.485,0.3));
#3703=CARTESIAN_POINT('',(4.1,2.485,0.3));
#3704=CARTESIAN_POINT('',(4.1,2.485,0.3));
#3705=CARTESIAN_POINT('',(4.,2.485,0.3));
#3706=CARTESIAN_POINT('Origin',(4.,2.485,0.));
#3707=CARTESIAN_POINT('',(4.1,2.485,0.));
#3708=CARTESIAN_POINT('',(4.1,2.485,0.));
#3709=CARTESIAN_POINT('',(4.,2.485,0.));
#3710=CARTESIAN_POINT('Origin',(4.1,2.155,0.15));
#3711=CARTESIAN_POINT('',(4.1,1.825,0.));
#3712=CARTESIAN_POINT('Origin',(3.1,-2.155,0.15));
#3713=CARTESIAN_POINT('',(3.1,-2.485,0.));
#3714=CARTESIAN_POINT('',(3.1,-1.825,0.));
#3715=CARTESIAN_POINT('',(3.1,-2.485,0.3));
#3716=CARTESIAN_POINT('',(3.1,-2.485,0.));
#3717=CARTESIAN_POINT('',(3.1,-2.485,0.3));
#3718=CARTESIAN_POINT('Origin',(3.2,-2.485,0.3));
#3719=CARTESIAN_POINT('',(3.3,-2.485,0.));
#3720=CARTESIAN_POINT('',(3.2,-2.485,0.));
#3721=CARTESIAN_POINT('',(3.3,-2.485,0.3));
#3722=CARTESIAN_POINT('',(3.3,-2.485,0.));
#3723=CARTESIAN_POINT('',(3.2,-2.485,0.3));
#3724=CARTESIAN_POINT('Origin',(3.2,-1.825,0.3));
#3725=CARTESIAN_POINT('',(3.3,-2.485,0.3));
#3726=CARTESIAN_POINT('Origin',(3.3,-2.155,0.15));
#3727=CARTESIAN_POINT('',(3.3,-1.825,0.));
#3728=CARTESIAN_POINT('Origin',(3.1,2.155,0.15));
#3729=CARTESIAN_POINT('',(3.1,2.485,0.3));
#3730=CARTESIAN_POINT('',(3.1,2.485,0.));
#3731=CARTESIAN_POINT('',(3.1,2.485,0.));
#3732=CARTESIAN_POINT('',(3.1,1.825,0.));
#3733=CARTESIAN_POINT('',(3.1,2.485,0.3));
#3734=CARTESIAN_POINT('Origin',(3.2,2.485,0.3));
#3735=CARTESIAN_POINT('',(3.3,2.485,0.3));
#3736=CARTESIAN_POINT('',(3.3,2.485,0.3));
#3737=CARTESIAN_POINT('',(3.2,2.485,0.3));
#3738=CARTESIAN_POINT('Origin',(3.2,2.485,0.));
#3739=CARTESIAN_POINT('',(3.3,2.485,0.));
#3740=CARTESIAN_POINT('',(3.3,2.485,0.));
#3741=CARTESIAN_POINT('',(3.2,2.485,0.));
#3742=CARTESIAN_POINT('Origin',(3.3,2.155,0.15));
#3743=CARTESIAN_POINT('',(3.3,1.825,0.));
#3744=CARTESIAN_POINT('Origin',(2.3,-2.155,0.15));
#3745=CARTESIAN_POINT('',(2.3,-2.485,0.));
#3746=CARTESIAN_POINT('',(2.3,-1.825,0.));
#3747=CARTESIAN_POINT('',(2.3,-2.485,0.3));
#3748=CARTESIAN_POINT('',(2.3,-2.485,0.));
#3749=CARTESIAN_POINT('',(2.3,-2.485,0.3));
#3750=CARTESIAN_POINT('Origin',(2.4,-2.485,0.3));
#3751=CARTESIAN_POINT('',(2.5,-2.485,0.));
#3752=CARTESIAN_POINT('',(2.4,-2.485,0.));
#3753=CARTESIAN_POINT('',(2.5,-2.485,0.3));
#3754=CARTESIAN_POINT('',(2.5,-2.485,0.));
#3755=CARTESIAN_POINT('',(2.4,-2.485,0.3));
#3756=CARTESIAN_POINT('Origin',(2.4,-1.825,0.3));
#3757=CARTESIAN_POINT('',(2.5,-2.485,0.3));
#3758=CARTESIAN_POINT('Origin',(2.5,-2.155,0.15));
#3759=CARTESIAN_POINT('',(2.5,-1.825,0.));
#3760=CARTESIAN_POINT('Origin',(2.3,2.155,0.15));
#3761=CARTESIAN_POINT('',(2.3,2.485,0.3));
#3762=CARTESIAN_POINT('',(2.3,2.485,0.));
#3763=CARTESIAN_POINT('',(2.3,2.485,0.));
#3764=CARTESIAN_POINT('',(2.3,1.825,0.));
#3765=CARTESIAN_POINT('',(2.3,2.485,0.3));
#3766=CARTESIAN_POINT('Origin',(2.4,2.485,0.3));
#3767=CARTESIAN_POINT('',(2.5,2.485,0.3));
#3768=CARTESIAN_POINT('',(2.5,2.485,0.3));
#3769=CARTESIAN_POINT('',(2.4,2.485,0.3));
#3770=CARTESIAN_POINT('Origin',(2.4,2.485,0.));
#3771=CARTESIAN_POINT('',(2.5,2.485,0.));
#3772=CARTESIAN_POINT('',(2.5,2.485,0.));
#3773=CARTESIAN_POINT('',(2.4,2.485,0.));
#3774=CARTESIAN_POINT('Origin',(2.5,2.155,0.15));
#3775=CARTESIAN_POINT('',(2.5,1.825,0.));
#3776=CARTESIAN_POINT('Origin',(1.5,-2.155,0.15));
#3777=CARTESIAN_POINT('',(1.5,-2.485,0.));
#3778=CARTESIAN_POINT('',(1.5,-1.825,0.));
#3779=CARTESIAN_POINT('',(1.5,-2.485,0.3));
#3780=CARTESIAN_POINT('',(1.5,-2.485,0.));
#3781=CARTESIAN_POINT('',(1.5,-2.485,0.3));
#3782=CARTESIAN_POINT('Origin',(1.6,-2.485,0.3));
#3783=CARTESIAN_POINT('',(1.7,-2.485,0.));
#3784=CARTESIAN_POINT('',(1.6,-2.485,0.));
#3785=CARTESIAN_POINT('',(1.7,-2.485,0.3));
#3786=CARTESIAN_POINT('',(1.7,-2.485,0.));
#3787=CARTESIAN_POINT('',(1.6,-2.485,0.3));
#3788=CARTESIAN_POINT('Origin',(1.6,-1.825,0.3));
#3789=CARTESIAN_POINT('',(1.7,-2.485,0.3));
#3790=CARTESIAN_POINT('Origin',(1.7,-2.155,0.15));
#3791=CARTESIAN_POINT('',(1.7,-1.825,0.));
#3792=CARTESIAN_POINT('Origin',(1.5,2.155,0.15));
#3793=CARTESIAN_POINT('',(1.5,2.485,0.3));
#3794=CARTESIAN_POINT('',(1.5,2.485,0.));
#3795=CARTESIAN_POINT('',(1.5,2.485,0.));
#3796=CARTESIAN_POINT('',(1.5,1.825,0.));
#3797=CARTESIAN_POINT('',(1.5,2.485,0.3));
#3798=CARTESIAN_POINT('Origin',(1.6,2.485,0.3));
#3799=CARTESIAN_POINT('',(1.7,2.485,0.3));
#3800=CARTESIAN_POINT('',(1.7,2.485,0.3));
#3801=CARTESIAN_POINT('',(1.6,2.485,0.3));
#3802=CARTESIAN_POINT('Origin',(1.6,2.485,0.));
#3803=CARTESIAN_POINT('',(1.7,2.485,0.));
#3804=CARTESIAN_POINT('',(1.7,2.485,0.));
#3805=CARTESIAN_POINT('',(1.6,2.485,0.));
#3806=CARTESIAN_POINT('Origin',(1.7,2.155,0.15));
#3807=CARTESIAN_POINT('',(1.7,1.825,0.));
#3808=CARTESIAN_POINT('Origin',(0.7,-2.155,0.15));
#3809=CARTESIAN_POINT('',(0.7,-2.485,0.));
#3810=CARTESIAN_POINT('',(0.7,-1.825,0.));
#3811=CARTESIAN_POINT('',(0.7,-2.485,0.3));
#3812=CARTESIAN_POINT('',(0.7,-2.485,0.));
#3813=CARTESIAN_POINT('',(0.7,-2.485,0.3));
#3814=CARTESIAN_POINT('Origin',(0.8,-2.485,0.3));
#3815=CARTESIAN_POINT('',(0.9,-2.485,0.));
#3816=CARTESIAN_POINT('',(0.8,-2.485,0.));
#3817=CARTESIAN_POINT('',(0.9,-2.485,0.3));
#3818=CARTESIAN_POINT('',(0.9,-2.485,0.));
#3819=CARTESIAN_POINT('',(0.8,-2.485,0.3));
#3820=CARTESIAN_POINT('Origin',(0.8,-1.825,0.3));
#3821=CARTESIAN_POINT('',(0.9,-2.485,0.3));
#3822=CARTESIAN_POINT('Origin',(0.9,-2.155,0.15));
#3823=CARTESIAN_POINT('',(0.9,-1.825,0.));
#3824=CARTESIAN_POINT('Origin',(0.7,2.155,0.15));
#3825=CARTESIAN_POINT('',(0.7,2.485,0.3));
#3826=CARTESIAN_POINT('',(0.7,2.485,0.));
#3827=CARTESIAN_POINT('',(0.7,2.485,0.));
#3828=CARTESIAN_POINT('',(0.7,1.825,0.));
#3829=CARTESIAN_POINT('',(0.7,2.485,0.3));
#3830=CARTESIAN_POINT('Origin',(0.8,2.485,0.3));
#3831=CARTESIAN_POINT('',(0.9,2.485,0.3));
#3832=CARTESIAN_POINT('',(0.9,2.485,0.3));
#3833=CARTESIAN_POINT('',(0.8,2.485,0.3));
#3834=CARTESIAN_POINT('Origin',(0.8,2.485,0.));
#3835=CARTESIAN_POINT('',(0.9,2.485,0.));
#3836=CARTESIAN_POINT('',(0.9,2.485,0.));
#3837=CARTESIAN_POINT('',(0.8,2.485,0.));
#3838=CARTESIAN_POINT('Origin',(0.9,2.155,0.15));
#3839=CARTESIAN_POINT('',(0.9,1.825,0.));
#3840=CARTESIAN_POINT('Origin',(-0.1,-2.155,0.15));
#3841=CARTESIAN_POINT('',(-0.1,-2.485,0.));
#3842=CARTESIAN_POINT('',(-0.1,-1.825,0.));
#3843=CARTESIAN_POINT('',(-0.1,-2.485,0.3));
#3844=CARTESIAN_POINT('',(-0.1,-2.485,0.));
#3845=CARTESIAN_POINT('',(-0.1,-2.485,0.3));
#3846=CARTESIAN_POINT('Origin',(0.,-2.485,0.3));
#3847=CARTESIAN_POINT('',(0.1,-2.485,0.));
#3848=CARTESIAN_POINT('',(0.,-2.485,0.));
#3849=CARTESIAN_POINT('',(0.1,-2.485,0.3));
#3850=CARTESIAN_POINT('',(0.1,-2.485,0.));
#3851=CARTESIAN_POINT('',(0.,-2.485,0.3));
#3852=CARTESIAN_POINT('Origin',(0.,-1.825,0.3));
#3853=CARTESIAN_POINT('',(0.1,-2.485,0.3));
#3854=CARTESIAN_POINT('Origin',(0.1,-2.155,0.15));
#3855=CARTESIAN_POINT('',(0.1,-1.825,0.));
#3856=CARTESIAN_POINT('Origin',(-0.1,2.155,0.15));
#3857=CARTESIAN_POINT('',(-0.1,2.485,0.3));
#3858=CARTESIAN_POINT('',(-0.1,2.485,0.));
#3859=CARTESIAN_POINT('',(-0.1,2.485,0.));
#3860=CARTESIAN_POINT('',(-0.1,1.825,0.));
#3861=CARTESIAN_POINT('',(-0.1,2.485,0.3));
#3862=CARTESIAN_POINT('Origin',(0.,2.485,0.3));
#3863=CARTESIAN_POINT('',(0.1,2.485,0.3));
#3864=CARTESIAN_POINT('',(0.1,2.485,0.3));
#3865=CARTESIAN_POINT('',(0.,2.485,0.3));
#3866=CARTESIAN_POINT('Origin',(0.,2.485,0.));
#3867=CARTESIAN_POINT('',(0.1,2.485,0.));
#3868=CARTESIAN_POINT('',(0.1,2.485,0.));
#3869=CARTESIAN_POINT('',(0.,2.485,0.));
#3870=CARTESIAN_POINT('Origin',(0.1,2.155,0.15));
#3871=CARTESIAN_POINT('',(0.1,1.825,0.));
#3872=CARTESIAN_POINT('Origin',(6.2,-1.825,0.));
#3873=CARTESIAN_POINT('',(6.2,-1.825,0.));
#3874=CARTESIAN_POINT('',(6.2,-1.825,5.1));
#3875=CARTESIAN_POINT('Origin',(2.22044604925031E-15,0.,5.1));
#3876=CARTESIAN_POINT('Origin',(2.22044604925031E-15,0.,0.));
#3877=UNCERTAINTY_MEASURE_WITH_UNIT(LENGTH_MEASURE(0.01),#3881,
'DISTANCE_ACCURACY_VALUE',
'Maximum model space distance between geometric entities at asserted c
onnectivities');
#3878=UNCERTAINTY_MEASURE_WITH_UNIT(LENGTH_MEASURE(0.01),#3881,
'DISTANCE_ACCURACY_VALUE',
'Maximum model space distance between geometric entities at asserted c
onnectivities');
#3879=(
GEOMETRIC_REPRESENTATION_CONTEXT(3)
GLOBAL_UNCERTAINTY_ASSIGNED_CONTEXT((#3877))
GLOBAL_UNIT_ASSIGNED_CONTEXT((#3881,#3883,#3884))
REPRESENTATION_CONTEXT('','3D')
);
#3880=(
GEOMETRIC_REPRESENTATION_CONTEXT(3)
GLOBAL_UNCERTAINTY_ASSIGNED_CONTEXT((#3878))
GLOBAL_UNIT_ASSIGNED_CONTEXT((#3881,#3883,#3884))
REPRESENTATION_CONTEXT('','3D')
);
#3881=(
LENGTH_UNIT()
NAMED_UNIT(*)
SI_UNIT(.MILLI.,.METRE.)
);
#3882=(
LENGTH_UNIT()
NAMED_UNIT(*)
SI_UNIT($,.METRE.)
);
#3883=(
NAMED_UNIT(*)
PLANE_ANGLE_UNIT()
SI_UNIT($,.RADIAN.)
);
#3884=(
NAMED_UNIT(*)
SI_UNIT($,.STERADIAN.)
SOLID_ANGLE_UNIT()
);
#3885=SHAPE_DEFINITION_REPRESENTATION(#3886,#3887);
#3886=PRODUCT_DEFINITION_SHAPE('',$,#3889);
#3887=SHAPE_REPRESENTATION('',(#2465),#3879);
#3888=PRODUCT_DEFINITION_CONTEXT('part definition',#3893,'design');
#3889=PRODUCT_DEFINITION('GT-B0802 FSR 51-26','GT-B0802 FSR 51-26 v0',#3890,
#3888);
#3890=PRODUCT_DEFINITION_FORMATION('',$,#3895);
#3891=PRODUCT_RELATED_PRODUCT_CATEGORY('GT-B0802 FSR 51-26 v0',
'GT-B0802 FSR 51-26 v0',(#3895));
#3892=APPLICATION_PROTOCOL_DEFINITION('international standard',
'automotive_design',2009,#3893);
#3893=APPLICATION_CONTEXT(
'Core Data for Automotive Mechanical Design Process');
#3894=PRODUCT_CONTEXT('part definition',#3893,'mechanical');
#3895=PRODUCT('GT-B0802 FSR 51-26','GT-B0802 FSR 51-26 v0',$,(#3894));
#3896=PRESENTATION_STYLE_ASSIGNMENT((#3897));
#3897=SURFACE_STYLE_USAGE(.BOTH.,#3898);
#3898=SURFACE_SIDE_STYLE('',(#3899));
#3899=SURFACE_STYLE_FILL_AREA(#3900);
#3900=FILL_AREA_STYLE('Steel - Satin',(#3901));
#3901=FILL_AREA_STYLE_COLOUR('Steel - Satin',#3902);
#3902=COLOUR_RGB('Steel - Satin',0.627450980392157,0.627450980392157,0.627450980392157);
ENDSEC;
END-ISO-10303-21;
