ISO-10303-21;
HEADER;
FILE_DESCRIPTION(('KiCad electronic assembly'),'2;1');
FILE_NAME('opt_input.step','2026-09-29T21:08:51',('Pcbnew'),('Kicad'),
  'Open CASCADE STEP processor 7.9','KiCad to STEP converter','Unknown'
  );
FILE_SCHEMA(('AUTOMOTIVE_DESIGN { 1 0 10303 214 1 1 1 1 }'));
ENDSEC;
DATA;
#1 = APPLICATION_PROTOCOL_DEFINITION('international standard',
  'automotive_design',2000,#2);
#2 = APPLICATION_CONTEXT(
  'core data for automotive mechanical design processes');
#3 = SHAPE_DEFINITION_REPRESENTATION(#4,#10);
#4 = PRODUCT_DEFINITION_SHAPE('','',#5);
#5 = PRODUCT_DEFINITION('design','',#6,#9);
#6 = PRODUCT_DEFINITION_FORMATION('','',#7);
#7 = PRODUCT('opt_input 1','opt_input 1','',(#8));
#8 = PRODUCT_CONTEXT('',#2,'mechanical');
#9 = PRODUCT_DEFINITION_CONTEXT('part definition',#2,'design');
#10 = SHAPE_REPRESENTATION('',(#11,#15,#19,#23,#27),#31);
#11 = AXIS2_PLACEMENT_3D('',#12,#13,#14);
#12 = CARTESIAN_POINT('',(0.,0.,0.));
#13 = DIRECTION('',(0.,0.,1.));
#14 = DIRECTION('',(1.,0.,-0.));
#15 = AXIS2_PLACEMENT_3D('',#16,#17,#18);
#16 = CARTESIAN_POINT('',(-9.975,5.46,7.095));
#17 = DIRECTION('',(0.,-1.,1.110223024625E-16));
#18 = DIRECTION('',(1.,0.,0.));
#19 = AXIS2_PLACEMENT_3D('',#20,#21,#22);
#20 = CARTESIAN_POINT('',(-2.94,-1.115,1.595));
#21 = DIRECTION('',(-0.,0.,1.));
#22 = DIRECTION('',(1.110223024625E-16,-1.,0.));
#23 = AXIS2_PLACEMENT_3D('',#24,#25,#26);
#24 = CARTESIAN_POINT('',(-2.99,-3.79,1.595));
#25 = DIRECTION('',(-0.,0.,1.));
#26 = DIRECTION('',(1.110223024625E-16,-1.,0.));
#27 = AXIS2_PLACEMENT_3D('',#28,#29,#30);
#28 = CARTESIAN_POINT('',(0.,0.,0.));
#29 = DIRECTION('',(0.,0.,1.));
#30 = DIRECTION('',(1.,0.,-0.));
#31 = ( GEOMETRIC_REPRESENTATION_CONTEXT(3) 
GLOBAL_UNCERTAINTY_ASSIGNED_CONTEXT((#35)) GLOBAL_UNIT_ASSIGNED_CONTEXT(
(#32,#33,#34)) REPRESENTATION_CONTEXT('Context #1',
  '3D Context with UNIT and UNCERTAINTY') );
#32 = ( LENGTH_UNIT() NAMED_UNIT(*) SI_UNIT(.MILLI.,.METRE.) );
#33 = ( NAMED_UNIT(*) PLANE_ANGLE_UNIT() SI_UNIT($,.RADIAN.) );
#34 = ( NAMED_UNIT(*) SI_UNIT($,.STERADIAN.) SOLID_ANGLE_UNIT() );
#35 = UNCERTAINTY_MEASURE_WITH_UNIT(LENGTH_MEASURE(1.E-04),#32,
  'distance_accuracy_value','confusion accuracy');
#36 = PRODUCT_RELATED_PRODUCT_CATEGORY('part',$,(#7));
#37 = SHAPE_DEFINITION_REPRESENTATION(#38,#44);
#38 = PRODUCT_DEFINITION_SHAPE('','',#39);
#39 = PRODUCT_DEFINITION('design','',#40,#43);
#40 = PRODUCT_DEFINITION_FORMATION('','',#41);
#41 = PRODUCT('FCR684218R','FCR684218R','',(#42));
#42 = PRODUCT_CONTEXT('',#2,'mechanical');
#43 = PRODUCT_DEFINITION_CONTEXT('part definition',#2,'design');
#44 = SHAPE_REPRESENTATION('',(#11,#45),#49);
#45 = AXIS2_PLACEMENT_3D('',#46,#47,#48);
#46 = CARTESIAN_POINT('',(0.,0.,0.));
#47 = DIRECTION('',(0.,0.,1.));
#48 = DIRECTION('',(1.,0.,-0.));
#49 = ( GEOMETRIC_REPRESENTATION_CONTEXT(3) 
GLOBAL_UNCERTAINTY_ASSIGNED_CONTEXT((#53)) GLOBAL_UNIT_ASSIGNED_CONTEXT(
(#50,#51,#52)) REPRESENTATION_CONTEXT('Context #1',
  '3D Context with UNIT and UNCERTAINTY') );
#50 = ( LENGTH_UNIT() NAMED_UNIT(*) SI_UNIT(.MILLI.,.METRE.) );
#51 = ( NAMED_UNIT(*) PLANE_ANGLE_UNIT() SI_UNIT($,.RADIAN.) );
#52 = ( NAMED_UNIT(*) SI_UNIT($,.STERADIAN.) SOLID_ANGLE_UNIT() );
#53 = UNCERTAINTY_MEASURE_WITH_UNIT(LENGTH_MEASURE(1.E-04),#50,
  'distance_accuracy_value','confusion accuracy');
#54 = CONTEXT_DEPENDENT_SHAPE_REPRESENTATION(#55,#57);
#55 = ( REPRESENTATION_RELATIONSHIP('','',#44,#10) 
REPRESENTATION_RELATIONSHIP_WITH_TRANSFORMATION(#56) 
SHAPE_REPRESENTATION_RELATIONSHIP() );
#56 = ITEM_DEFINED_TRANSFORMATION('','',#11,#15);
#57 = PRODUCT_DEFINITION_SHAPE('Placement','Placement of an item',#58);
#58 = NEXT_ASSEMBLY_USAGE_OCCURRENCE('2','U1','',#5,#39,$);
#59 = PRODUCT_RELATED_PRODUCT_CATEGORY('part',$,(#41));
#60 = SHAPE_DEFINITION_REPRESENTATION(#61,#67);
#61 = PRODUCT_DEFINITION_SHAPE('','',#62);
#62 = PRODUCT_DEFINITION('design','',#63,#66);
#63 = PRODUCT_DEFINITION_FORMATION('','',#64);
#64 = PRODUCT('Part19','Part19','',(#65));
#65 = PRODUCT_CONTEXT('',#2,'mechanical');
#66 = PRODUCT_DEFINITION_CONTEXT('part definition',#2,'design');
#67 = ADVANCED_BREP_SHAPE_REPRESENTATION('',(#11,#68),#16492);
#68 = MANIFOLD_SOLID_BREP('',#69);
#69 = CLOSED_SHELL('',(#70,#129,#188,#252,#316,#356,#396,#436,#478,#556,
    #647,#673,#764,#788,#827,#846,#864,#896,#913,#941,#985,#1003,#1013,
    #1064,#1089,#1173,#1245,#1269,#1334,#1352,#1370,#1405,#1423,#1471,
    #1540,#1558,#1576,#1590,#1743,#1774,#1798,#1822,#1839,#1851,#1876,
    #1901,#1944,#1977,#2002,#2032,#2056,#2120,#2183,#2214,#2245,#2276,
    #2307,#2396,#2508,#2537,#2561,#2636,#2748,#2765,#2819,#2868,#2995,
    #3113,#3130,#3147,#3164,#3181,#3198,#3215,#3271,#3327,#3384,#3455,
    #3486,#3510,#3534,#3695,#3717,#3729,#3792,#3831,#3855,#3887,#3935,
    #3955,#3986,#4008,#4020,#4037,#4097,#4128,#4145,#4157,#4188,#4212,
    #4251,#4348,#4367,#4384,#4396,#4428,#4468,#4524,#4580,#4604,#4671,
    #4735,#4766,#4797,#4830,#4855,#4880,#4993,#5048,#5073,#5138,#5169,
    #5193,#5232,#5264,#5295,#5334,#5367,#5398,#5466,#5490,#5527,#5556,
    #5580,#5619,#5643,#5667,#5691,#5708,#5732,#5744,#5761,#5773,#5790,
    #5818,#5835,#5847,#5859,#5871,#5883,#5900,#5912,#5935,#5967,#5984,
    #6001,#6018,#6030,#6054,#6080,#6097,#6114,#6131,#6143,#6160,#6177,
    #6194,#6206,#6232,#6280,#6335,#6347,#6364,#6381,#6397,#6420,#6432,
    #6449,#6482,#6499,#6517,#6534,#6551,#6563,#6575,#6592,#6609,#6626,
    #6643,#6655,#6679,#6710,#6734,#6751,#6768,#6780,#6797,#6809,#6845,
    #6911,#6983,#7077,#7102,#7138,#7148,#7173,#7205,#7270,#7308,#7355,
    #7365,#7400,#7430,#7471,#7502,#7534,#7563,#7580,#7604,#7648,#7660,
    #7691,#7715,#7739,#7756,#7803,#7820,#7838,#7868,#7885,#7979,#8036,
    #8069,#8102,#8162,#8195,#8228,#8288,#8330,#8368,#8400,#8432,#8449,
    #8466,#8488,#8541,#8570,#8595,#8619,#8644,#8666,#8698,#8723,#8755,
    #8788,#8827,#8866,#8899,#8963,#8995,#9037,#9061,#9092,#9116,#9147,
    #9171,#9202,#9276,#9303,#9328,#9352,#9377,#9397,#9458,#9483,#9504,
    #9551,#9601,#9633,#9677,#9708,#9748,#9779,#9819,#9850,#9881,#9898,
    #9938,#9978,#10010,#10052,#10083,#10123,#10163,#10197,#10243,#10270,
    #10303,#10320,#10337,#10376,#10407,#10440,#10494,#10518,#10542,
    #10559,#10583,#10607,#10708,#10755,#10820,#10844,#10876,#10908,
    #10944,#10968,#10993,#11019,#11043,#11074,#11114,#11131,#11153,
    #11177,#11201,#11225,#11247,#11278,#11368,#11408,#11439,#11470,
    #11494,#11518,#11542,#11566,#11583,#11604,#11653,#11715,#11739,
    #11767,#11793,#11810,#11827,#11846,#11865,#11890,#11956,#11987,
    #12004,#12023,#12042,#12069,#12083,#12098,#12124,#12141,#12154,
    #12178,#12202,#12219,#12275,#12306,#12330,#12354,#12371,#12395,
    #12412,#12429,#12453,#12465,#12477,#12508,#12539,#12579,#12610,
    #12641,#12672,#12703,#12743,#12774,#12805,#12836,#12867,#12898,
    #12929,#12969,#13000,#13040,#13071,#13102,#13135,#13144,#13161,
    #13186,#13219,#13259,#13290,#13321,#13352,#13383,#13414,#13445,
    #13476,#13507,#13538,#13573,#13597,#13614,#13647,#13656,#13673,
    #13698,#13789,#13813,#13877,#13908,#13932,#13956,#13980,#14004,
    #14028,#14045,#14094,#14125,#14149,#14173,#14190,#14230,#14289,
    #14336,#14360,#14407,#14442,#14470,#14510,#14554,#14580,#14597,
    #14619,#14636,#14653,#14670,#14710,#14741,#14765,#14789,#14806,
    #14910,#14941,#14965,#14989,#15013,#15037,#15061,#15085,#15109,
    #15133,#15157,#15181,#15206,#15233,#15253,#15278,#15311,#15323,
    #15347,#15390,#15412,#15452,#15483,#15514,#15545,#15576,#15607,
    #15638,#15691,#15722,#15746,#15770,#15787,#15812,#15852,#15883,
    #15907,#15931,#15948,#15988,#16019,#16050,#16081,#16112,#16143,
    #16203,#16234,#16258,#16282,#16306,#16323,#16348,#16407,#16446,
    #16463,#16480));
#70 = ADVANCED_FACE('',(#71),#124,.T.);
#71 = FACE_BOUND('',#72,.T.);
#72 = EDGE_LOOP('',(#73,#83,#92,#100,#109,#117));
#73 = ORIENTED_EDGE('',*,*,#74,.T.);
#74 = EDGE_CURVE('',#75,#77,#79,.T.);
#75 = VERTEX_POINT('',#76);
#76 = CARTESIAN_POINT('',(4.,2.825,-1.153));
#77 = VERTEX_POINT('',#78);
#78 = CARTESIAN_POINT('',(4.,4.05,-1.153));
#79 = LINE('',#80,#81);
#80 = CARTESIAN_POINT('',(4.,-3.4,-1.153));
#81 = VECTOR('',#82,1.);
#82 = DIRECTION('',(0.,1.,0.));
#83 = ORIENTED_EDGE('',*,*,#84,.T.);
#84 = EDGE_CURVE('',#77,#85,#87,.T.);
#85 = VERTEX_POINT('',#86);
#86 = CARTESIAN_POINT('',(3.5,4.05,-1.653));
#87 = CIRCLE('',#88,0.5);
#88 = AXIS2_PLACEMENT_3D('',#89,#90,#91);
#89 = CARTESIAN_POINT('',(3.5,4.05,-1.153));
#90 = DIRECTION('',(0.,-1.,0.));
#91 = DIRECTION('',(1.,0.,0.));
#92 = ORIENTED_EDGE('',*,*,#93,.T.);
#93 = EDGE_CURVE('',#85,#94,#96,.T.);
#94 = VERTEX_POINT('',#95);
#95 = CARTESIAN_POINT('',(3.5,3.425,-1.653));
#96 = LINE('',#97,#98);
#97 = CARTESIAN_POINT('',(3.5,-3.4,-1.653));
#98 = VECTOR('',#99,1.);
#99 = DIRECTION('',(0.,-1.,0.));
#100 = ORIENTED_EDGE('',*,*,#101,.F.);
#101 = EDGE_CURVE('',#102,#94,#104,.T.);
#102 = VERTEX_POINT('',#103);
#103 = CARTESIAN_POINT('',(3.5,3.425,-0.653));
#104 = CIRCLE('',#105,0.5);
#105 = AXIS2_PLACEMENT_3D('',#106,#107,#108);
#106 = CARTESIAN_POINT('',(3.5,3.425,-1.153));
#107 = DIRECTION('',(0.,-1.,0.));
#108 = DIRECTION('',(0.,0.,1.));
#109 = ORIENTED_EDGE('',*,*,#110,.F.);
#110 = EDGE_CURVE('',#111,#102,#113,.T.);
#111 = VERTEX_POINT('',#112);
#112 = CARTESIAN_POINT('',(3.5,2.825,-0.653));
#113 = LINE('',#114,#115);
#114 = CARTESIAN_POINT('',(3.5,2.825,-0.653));
#115 = VECTOR('',#116,1.);
#116 = DIRECTION('',(0.,1.,0.));
#117 = ORIENTED_EDGE('',*,*,#118,.F.);
#118 = EDGE_CURVE('',#75,#111,#119,.T.);
#119 = CIRCLE('',#120,0.5);
#120 = AXIS2_PLACEMENT_3D('',#121,#122,#123);
#121 = CARTESIAN_POINT('',(3.5,2.825,-1.153));
#122 = DIRECTION('',(0.,-1.,0.));
#123 = DIRECTION('',(1.,0.,0.));
#124 = CYLINDRICAL_SURFACE('',#125,0.5);
#125 = AXIS2_PLACEMENT_3D('',#126,#127,#128);
#126 = CARTESIAN_POINT('',(3.5,-3.4,-1.153));
#127 = DIRECTION('',(0.,-1.,0.));
#128 = DIRECTION('',(-1.,0.,0.));
#129 = ADVANCED_FACE('',(#130),#183,.T.);
#130 = FACE_BOUND('',#131,.T.);
#131 = EDGE_LOOP('',(#132,#142,#151,#159,#168,#176));
#132 = ORIENTED_EDGE('',*,*,#133,.T.);
#133 = EDGE_CURVE('',#134,#136,#138,.T.);
#134 = VERTEX_POINT('',#135);
#135 = CARTESIAN_POINT('',(4.,-3.4,-1.153));
#136 = VERTEX_POINT('',#137);
#137 = CARTESIAN_POINT('',(4.,-2.175,-1.153));
#138 = LINE('',#139,#140);
#139 = CARTESIAN_POINT('',(4.,-3.4,-1.153));
#140 = VECTOR('',#141,1.);
#141 = DIRECTION('',(0.,1.,0.));
#142 = ORIENTED_EDGE('',*,*,#143,.T.);
#143 = EDGE_CURVE('',#136,#144,#146,.T.);
#144 = VERTEX_POINT('',#145);
#145 = CARTESIAN_POINT('',(3.5,-2.175,-0.653));
#146 = CIRCLE('',#147,0.5);
#147 = AXIS2_PLACEMENT_3D('',#148,#149,#150);
#148 = CARTESIAN_POINT('',(3.5,-2.175,-1.153));
#149 = DIRECTION('',(0.,-1.,0.));
#150 = DIRECTION('',(1.,0.,0.));
#151 = ORIENTED_EDGE('',*,*,#152,.F.);
#152 = EDGE_CURVE('',#153,#144,#155,.T.);
#153 = VERTEX_POINT('',#154);
#154 = CARTESIAN_POINT('',(3.5,-2.775,-0.653));
#155 = LINE('',#156,#157);
#156 = CARTESIAN_POINT('',(3.5,-2.775,-0.653));
#157 = VECTOR('',#158,1.);
#158 = DIRECTION('',(0.,1.,0.));
#159 = ORIENTED_EDGE('',*,*,#160,.T.);
#160 = EDGE_CURVE('',#153,#161,#163,.T.);
#161 = VERTEX_POINT('',#162);
#162 = CARTESIAN_POINT('',(3.5,-2.775,-1.653));
#163 = CIRCLE('',#164,0.5);
#164 = AXIS2_PLACEMENT_3D('',#165,#166,#167);
#165 = CARTESIAN_POINT('',(3.5,-2.775,-1.153));
#166 = DIRECTION('',(0.,-1.,0.));
#167 = DIRECTION('',(-1.,0.,0.));
#168 = ORIENTED_EDGE('',*,*,#169,.T.);
#169 = EDGE_CURVE('',#161,#170,#172,.T.);
#170 = VERTEX_POINT('',#171);
#171 = CARTESIAN_POINT('',(3.5,-3.4,-1.653));
#172 = LINE('',#173,#174);
#173 = CARTESIAN_POINT('',(3.5,-3.4,-1.653));
#174 = VECTOR('',#175,1.);
#175 = DIRECTION('',(0.,-1.,0.));
#176 = ORIENTED_EDGE('',*,*,#177,.F.);
#177 = EDGE_CURVE('',#134,#170,#178,.T.);
#178 = CIRCLE('',#179,0.5);
#179 = AXIS2_PLACEMENT_3D('',#180,#181,#182);
#180 = CARTESIAN_POINT('',(3.5,-3.4,-1.153));
#181 = DIRECTION('',(0.,-1.,0.));
#182 = DIRECTION('',(1.,0.,0.));
#183 = CYLINDRICAL_SURFACE('',#184,0.5);
#184 = AXIS2_PLACEMENT_3D('',#185,#186,#187);
#185 = CARTESIAN_POINT('',(3.5,-3.4,-1.153));
#186 = DIRECTION('',(0.,-1.,0.));
#187 = DIRECTION('',(-1.,0.,0.));
#188 = ADVANCED_FACE('',(#189),#247,.T.);
#189 = FACE_BOUND('',#190,.T.);
#190 = EDGE_LOOP('',(#191,#192,#200,#208,#225,#233,#239,#240));
#191 = ORIENTED_EDGE('',*,*,#74,.F.);
#192 = ORIENTED_EDGE('',*,*,#193,.T.);
#193 = EDGE_CURVE('',#75,#194,#196,.T.);
#194 = VERTEX_POINT('',#195);
#195 = CARTESIAN_POINT('',(4.,1.325,-1.153));
#196 = LINE('',#197,#198);
#197 = CARTESIAN_POINT('',(4.,2.825,-1.153));
#198 = VECTOR('',#199,1.);
#199 = DIRECTION('',(0.,-1.,0.));
#200 = ORIENTED_EDGE('',*,*,#201,.F.);
#201 = EDGE_CURVE('',#202,#194,#204,.T.);
#202 = VERTEX_POINT('',#203);
#203 = CARTESIAN_POINT('',(4.,0.7041438501,-1.153000022082));
#204 = LINE('',#205,#206);
#205 = CARTESIAN_POINT('',(4.,-3.4,-1.153));
#206 = VECTOR('',#207,1.);
#207 = DIRECTION('',(0.,1.,0.));
#208 = ORIENTED_EDGE('',*,*,#209,.T.);
#209 = EDGE_CURVE('',#202,#210,#212,.T.);
#210 = VERTEX_POINT('',#211);
#211 = CARTESIAN_POINT('',(3.5,1.075,-1.653));
#212 = B_SPLINE_CURVE_WITH_KNOTS('',3,(#213,#214,#215,#216,#217,#218,
    #219,#220,#221,#222,#223,#224),.UNSPECIFIED.,.F.,.F.,(4,2,2,2,2,4),(
    0.418191835063,0.43437927735,0.458388031294,0.470563014631,
    0.482737997969,0.507087964643),.UNSPECIFIED.);
#213 = CARTESIAN_POINT('',(4.,0.70414384061,-1.153000038783));
#214 = CARTESIAN_POINT('',(3.999999997832,0.753433536401,-1.180944540687
    ));
#215 = CARTESIAN_POINT('',(3.997597750918,0.798819373818,-1.21402182254)
  );
#216 = CARTESIAN_POINT('',(3.980090635693,0.897657600893,-1.302774895234
    ));
#217 = CARTESIAN_POINT('',(3.953597396841,0.954664938842,-1.375376520352
    ));
#218 = CARTESIAN_POINT('',(3.892304049952,1.006932504961,-1.465146181642
    ));
#219 = CARTESIAN_POINT('',(3.867032692906,1.02140241415,-1.494881329106)
  );
#220 = CARTESIAN_POINT('',(3.808167545624,1.044248612451,-1.54875316577)
  );
#221 = CARTESIAN_POINT('',(3.774586923333,1.052649069549,-1.572893990578
    ));
#222 = CARTESIAN_POINT('',(3.665549617382,1.071103387809,-1.631988106717
    ));
#223 = CARTESIAN_POINT('',(3.581166555582,1.075,-1.653));
#224 = CARTESIAN_POINT('',(3.5,1.075,-1.653));
#225 = ORIENTED_EDGE('',*,*,#226,.T.);
#226 = EDGE_CURVE('',#210,#227,#229,.T.);
#227 = VERTEX_POINT('',#228);
#228 = CARTESIAN_POINT('',(3.5,1.125,-1.653));
#229 = LINE('',#230,#231);
#230 = CARTESIAN_POINT('',(3.5,1.075,-1.653));
#231 = VECTOR('',#232,1.);
#232 = DIRECTION('',(0.,1.,0.));
#233 = ORIENTED_EDGE('',*,*,#234,.F.);
#234 = EDGE_CURVE('',#94,#227,#235,.T.);
#235 = LINE('',#236,#237);
#236 = CARTESIAN_POINT('',(3.5,-3.4,-1.653));
#237 = VECTOR('',#238,1.);
#238 = DIRECTION('',(0.,-1.,0.));
#239 = ORIENTED_EDGE('',*,*,#93,.F.);
#240 = ORIENTED_EDGE('',*,*,#241,.T.);
#241 = EDGE_CURVE('',#85,#77,#242,.T.);
#242 = CIRCLE('',#243,0.5);
#243 = AXIS2_PLACEMENT_3D('',#244,#245,#246);
#244 = CARTESIAN_POINT('',(3.5,4.05,-1.153));
#245 = DIRECTION('',(0.,-1.,0.));
#246 = DIRECTION('',(1.,0.,0.));
#247 = CYLINDRICAL_SURFACE('',#248,0.5);
#248 = AXIS2_PLACEMENT_3D('',#249,#250,#251);
#249 = CARTESIAN_POINT('',(3.5,-3.4,-1.153));
#250 = DIRECTION('',(0.,-1.,0.));
#251 = DIRECTION('',(-1.,0.,0.));
#252 = ADVANCED_FACE('',(#253),#311,.T.);
#253 = FACE_BOUND('',#254,.T.);
#254 = EDGE_LOOP('',(#255,#265,#271,#272,#279,#280,#288,#296));
#255 = ORIENTED_EDGE('',*,*,#256,.F.);
#256 = EDGE_CURVE('',#257,#259,#261,.T.);
#257 = VERTEX_POINT('',#258);
#258 = CARTESIAN_POINT('',(4.,-0.675,-1.153));
#259 = VERTEX_POINT('',#260);
#260 = CARTESIAN_POINT('',(4.,-5.414385009987E-02,-1.153000022082));
#261 = LINE('',#262,#263);
#262 = CARTESIAN_POINT('',(4.,-3.4,-1.153));
#263 = VECTOR('',#264,1.);
#264 = DIRECTION('',(0.,1.,0.));
#265 = ORIENTED_EDGE('',*,*,#266,.T.);
#266 = EDGE_CURVE('',#257,#136,#267,.T.);
#267 = LINE('',#268,#269);
#268 = CARTESIAN_POINT('',(4.,-0.675,-1.153));
#269 = VECTOR('',#270,1.);
#270 = DIRECTION('',(0.,-1.,0.));
#271 = ORIENTED_EDGE('',*,*,#133,.F.);
#272 = ORIENTED_EDGE('',*,*,#273,.F.);
#273 = EDGE_CURVE('',#170,#134,#274,.T.);
#274 = CIRCLE('',#275,0.5);
#275 = AXIS2_PLACEMENT_3D('',#276,#277,#278);
#276 = CARTESIAN_POINT('',(3.5,-3.4,-1.153));
#277 = DIRECTION('',(0.,-1.,0.));
#278 = DIRECTION('',(1.,0.,0.));
#279 = ORIENTED_EDGE('',*,*,#169,.F.);
#280 = ORIENTED_EDGE('',*,*,#281,.F.);
#281 = EDGE_CURVE('',#282,#161,#284,.T.);
#282 = VERTEX_POINT('',#283);
#283 = CARTESIAN_POINT('',(3.5,-0.475,-1.653));
#284 = LINE('',#285,#286);
#285 = CARTESIAN_POINT('',(3.5,-3.4,-1.653));
#286 = VECTOR('',#287,1.);
#287 = DIRECTION('',(0.,-1.,0.));
#288 = ORIENTED_EDGE('',*,*,#289,.T.);
#289 = EDGE_CURVE('',#282,#290,#292,.T.);
#290 = VERTEX_POINT('',#291);
#291 = CARTESIAN_POINT('',(3.5,-0.425,-1.653));
#292 = LINE('',#293,#294);
#293 = CARTESIAN_POINT('',(3.5,-2.775,-1.653));
#294 = VECTOR('',#295,1.);
#295 = DIRECTION('',(0.,1.,0.));
#296 = ORIENTED_EDGE('',*,*,#297,.T.);
#297 = EDGE_CURVE('',#290,#259,#298,.T.);
#298 = B_SPLINE_CURVE_WITH_KNOTS('',3,(#299,#300,#301,#302,#303,#304,
    #305,#306,#307,#308,#309,#310),.UNSPECIFIED.,.F.,.F.,(4,2,2,2,2,4),(
    0.253543982322,0.277893948996,0.290068932334,0.302243915671,
    0.326252669615,0.342440111902),.UNSPECIFIED.);
#299 = CARTESIAN_POINT('',(3.5,-0.425,-1.653));
#300 = CARTESIAN_POINT('',(3.581166555582,-0.425,-1.653));
#301 = CARTESIAN_POINT('',(3.665549617382,-0.421103387809,
    -1.631988106717));
#302 = CARTESIAN_POINT('',(3.774586923333,-0.402649069549,
    -1.572893990578));
#303 = CARTESIAN_POINT('',(3.808167545624,-0.394248612451,-1.54875316577
    ));
#304 = CARTESIAN_POINT('',(3.867032692906,-0.37140241415,-1.494881329106
    ));
#305 = CARTESIAN_POINT('',(3.892304049952,-0.356932504961,
    -1.465146181642));
#306 = CARTESIAN_POINT('',(3.953597396841,-0.304664938842,
    -1.375376520352));
#307 = CARTESIAN_POINT('',(3.980090635693,-0.247657600893,
    -1.302774895234));
#308 = CARTESIAN_POINT('',(3.997597750918,-0.148819373818,-1.21402182254
    ));
#309 = CARTESIAN_POINT('',(3.999999997832,-0.103433536401,
    -1.180944540687));
#310 = CARTESIAN_POINT('',(4.,-5.414384060964E-02,-1.153000038783));
#311 = CYLINDRICAL_SURFACE('',#312,0.5);
#312 = AXIS2_PLACEMENT_3D('',#313,#314,#315);
#313 = CARTESIAN_POINT('',(3.5,-3.4,-1.153));
#314 = DIRECTION('',(0.,-1.,0.));
#315 = DIRECTION('',(-1.,0.,0.));
#316 = ADVANCED_FACE('',(#317),#351,.T.);
#317 = FACE_BOUND('',#318,.T.);
#318 = EDGE_LOOP('',(#319,#329,#337,#345));
#319 = ORIENTED_EDGE('',*,*,#320,.F.);
#320 = EDGE_CURVE('',#321,#323,#325,.T.);
#321 = VERTEX_POINT('',#322);
#322 = CARTESIAN_POINT('',(-2.,-0.862205354947,7.22));
#323 = VERTEX_POINT('',#324);
#324 = CARTESIAN_POINT('',(2.,-0.862205354947,7.22));
#325 = LINE('',#326,#327);
#326 = CARTESIAN_POINT('',(-3.63189030424,-0.862205354947,7.22));
#327 = VECTOR('',#328,1.);
#328 = DIRECTION('',(1.,0.,0.));
#329 = ORIENTED_EDGE('',*,*,#330,.T.);
#330 = EDGE_CURVE('',#321,#331,#333,.T.);
#331 = VERTEX_POINT('',#332);
#332 = CARTESIAN_POINT('',(-2.,-1.975,7.22));
#333 = LINE('',#334,#335);
#334 = CARTESIAN_POINT('',(-2.,2.975,7.22));
#335 = VECTOR('',#336,1.);
#336 = DIRECTION('',(0.,-1.,0.));
#337 = ORIENTED_EDGE('',*,*,#338,.T.);
#338 = EDGE_CURVE('',#331,#339,#341,.T.);
#339 = VERTEX_POINT('',#340);
#340 = CARTESIAN_POINT('',(2.,-1.975,7.22));
#341 = LINE('',#342,#343);
#342 = CARTESIAN_POINT('',(-2.,-1.975,7.22));
#343 = VECTOR('',#344,1.);
#344 = DIRECTION('',(1.,0.,0.));
#345 = ORIENTED_EDGE('',*,*,#346,.T.);
#346 = EDGE_CURVE('',#339,#323,#347,.T.);
#347 = LINE('',#348,#349);
#348 = CARTESIAN_POINT('',(2.,-1.975,7.22));
#349 = VECTOR('',#350,1.);
#350 = DIRECTION('',(0.,1.,0.));
#351 = PLANE('',#352);
#352 = AXIS2_PLACEMENT_3D('',#353,#354,#355);
#353 = CARTESIAN_POINT('',(-6.,0.,7.22));
#354 = DIRECTION('',(0.,0.,1.));
#355 = DIRECTION('',(1.,0.,-0.));
#356 = ADVANCED_FACE('',(#357),#391,.T.);
#357 = FACE_BOUND('',#358,.T.);
#358 = EDGE_LOOP('',(#359,#369,#377,#385));
#359 = ORIENTED_EDGE('',*,*,#360,.T.);
#360 = EDGE_CURVE('',#361,#363,#365,.T.);
#361 = VERTEX_POINT('',#362);
#362 = CARTESIAN_POINT('',(-2.,1.862205354947,7.22));
#363 = VERTEX_POINT('',#364);
#364 = CARTESIAN_POINT('',(2.,1.862205354947,7.22));
#365 = LINE('',#366,#367);
#366 = CARTESIAN_POINT('',(-3.63189030424,1.862205354947,7.22));
#367 = VECTOR('',#368,1.);
#368 = DIRECTION('',(1.,0.,0.));
#369 = ORIENTED_EDGE('',*,*,#370,.T.);
#370 = EDGE_CURVE('',#363,#371,#373,.T.);
#371 = VERTEX_POINT('',#372);
#372 = CARTESIAN_POINT('',(2.,2.975,7.22));
#373 = LINE('',#374,#375);
#374 = CARTESIAN_POINT('',(2.,-1.975,7.22));
#375 = VECTOR('',#376,1.);
#376 = DIRECTION('',(0.,1.,0.));
#377 = ORIENTED_EDGE('',*,*,#378,.F.);
#378 = EDGE_CURVE('',#379,#371,#381,.T.);
#379 = VERTEX_POINT('',#380);
#380 = CARTESIAN_POINT('',(-2.,2.975,7.22));
#381 = LINE('',#382,#383);
#382 = CARTESIAN_POINT('',(-2.,2.975,7.22));
#383 = VECTOR('',#384,1.);
#384 = DIRECTION('',(1.,0.,0.));
#385 = ORIENTED_EDGE('',*,*,#386,.T.);
#386 = EDGE_CURVE('',#379,#361,#387,.T.);
#387 = LINE('',#388,#389);
#388 = CARTESIAN_POINT('',(-2.,2.975,7.22));
#389 = VECTOR('',#390,1.);
#390 = DIRECTION('',(0.,-1.,0.));
#391 = PLANE('',#392);
#392 = AXIS2_PLACEMENT_3D('',#393,#394,#395);
#393 = CARTESIAN_POINT('',(-6.,0.,7.22));
#394 = DIRECTION('',(0.,0.,1.));
#395 = DIRECTION('',(1.,0.,-0.));
#396 = ADVANCED_FACE('',(#397),#431,.F.);
#397 = FACE_BOUND('',#398,.T.);
#398 = EDGE_LOOP('',(#399,#409,#417,#425));
#399 = ORIENTED_EDGE('',*,*,#400,.T.);
#400 = EDGE_CURVE('',#401,#403,#405,.T.);
#401 = VERTEX_POINT('',#402);
#402 = CARTESIAN_POINT('',(4.,4.1,0.497));
#403 = VERTEX_POINT('',#404);
#404 = CARTESIAN_POINT('',(2.7412,4.1,0.497));
#405 = LINE('',#406,#407);
#406 = CARTESIAN_POINT('',(4.1,4.1,0.497));
#407 = VECTOR('',#408,1.);
#408 = DIRECTION('',(-1.,0.,0.));
#409 = ORIENTED_EDGE('',*,*,#410,.T.);
#410 = EDGE_CURVE('',#403,#411,#413,.T.);
#411 = VERTEX_POINT('',#412);
#412 = CARTESIAN_POINT('',(2.7,4.1,0.6));
#413 = LINE('',#414,#415);
#414 = CARTESIAN_POINT('',(3.18,4.1,-0.6));
#415 = VECTOR('',#416,1.);
#416 = DIRECTION('',(-0.371390676354,0.,0.928476690885));
#417 = ORIENTED_EDGE('',*,*,#418,.F.);
#418 = EDGE_CURVE('',#419,#411,#421,.T.);
#419 = VERTEX_POINT('',#420);
#420 = CARTESIAN_POINT('',(4.,4.1,0.6));
#421 = LINE('',#422,#423);
#422 = CARTESIAN_POINT('',(4.,4.1,0.6));
#423 = VECTOR('',#424,1.);
#424 = DIRECTION('',(-1.,0.,0.));
#425 = ORIENTED_EDGE('',*,*,#426,.F.);
#426 = EDGE_CURVE('',#401,#419,#427,.T.);
#427 = LINE('',#428,#429);
#428 = CARTESIAN_POINT('',(4.,4.1,-0.6));
#429 = VECTOR('',#430,1.);
#430 = DIRECTION('',(0.,0.,1.));
#431 = PLANE('',#432);
#432 = AXIS2_PLACEMENT_3D('',#433,#434,#435);
#433 = CARTESIAN_POINT('',(4.,4.1,0.));
#434 = DIRECTION('',(0.,-1.,0.));
#435 = DIRECTION('',(-1.,0.,0.));
#436 = ADVANCED_FACE('',(#437),#473,.T.);
#437 = FACE_BOUND('',#438,.T.);
#438 = EDGE_LOOP('',(#439,#449,#458,#466));
#439 = ORIENTED_EDGE('',*,*,#440,.F.);
#440 = EDGE_CURVE('',#441,#443,#445,.T.);
#441 = VERTEX_POINT('',#442);
#442 = CARTESIAN_POINT('',(-3.81,-5.5,3.485343910139));
#443 = VERTEX_POINT('',#444);
#444 = CARTESIAN_POINT('',(-3.809999978252,-9.049999007307,
    3.485344152541));
#445 = LINE('',#446,#447);
#446 = CARTESIAN_POINT('',(-3.81,-5.5,3.485343910139));
#447 = VECTOR('',#448,1.);
#448 = DIRECTION('',(6.276145242621E-09,-1.,7.032713450019E-08));
#449 = ORIENTED_EDGE('',*,*,#450,.T.);
#450 = EDGE_CURVE('',#441,#451,#453,.T.);
#451 = VERTEX_POINT('',#452);
#452 = CARTESIAN_POINT('',(-3.81,-5.5,6.174656089861));
#453 = CIRCLE('',#454,1.35);
#454 = AXIS2_PLACEMENT_3D('',#455,#456,#457);
#455 = CARTESIAN_POINT('',(-3.69,-5.5,4.83));
#456 = DIRECTION('',(0.,-1.,0.));
#457 = DIRECTION('',(-8.888888888889E-02,-0.,-0.996041548045));
#458 = ORIENTED_EDGE('',*,*,#459,.F.);
#459 = EDGE_CURVE('',#460,#451,#462,.T.);
#460 = VERTEX_POINT('',#461);
#461 = CARTESIAN_POINT('',(-3.809999978386,-9.049999008808,
    6.174655847441));
#462 = LINE('',#463,#464);
#463 = CARTESIAN_POINT('',(-3.80999997772,-9.049999749356,6.17465584019)
  );
#464 = VECTOR('',#465,1.);
#465 = DIRECTION('',(-6.276119347824E-09,1.,7.032981417201E-08));
#466 = ORIENTED_EDGE('',*,*,#467,.F.);
#467 = EDGE_CURVE('',#443,#460,#468,.T.);
#468 = CIRCLE('',#469,1.35);
#469 = AXIS2_PLACEMENT_3D('',#470,#471,#472);
#470 = CARTESIAN_POINT('',(-3.69,-9.049998496079,4.83));
#471 = DIRECTION('',(0.,-1.,0.));
#472 = DIRECTION('',(-8.888888888889E-02,-0.,-0.996041548045));
#473 = CYLINDRICAL_SURFACE('',#474,1.35);
#474 = AXIS2_PLACEMENT_3D('',#475,#476,#477);
#475 = CARTESIAN_POINT('',(-3.69,-5.5,4.83));
#476 = DIRECTION('',(0.,-1.,0.));
#477 = DIRECTION('',(1.,0.,7.528965999118E-12));
#478 = ADVANCED_FACE('',(#479),#551,.T.);
#479 = FACE_BOUND('',#480,.T.);
#480 = EDGE_LOOP('',(#481,#482,#490,#498,#506,#514,#520,#521,#533,#541)
  );
#481 = ORIENTED_EDGE('',*,*,#459,.T.);
#482 = ORIENTED_EDGE('',*,*,#483,.T.);
#483 = EDGE_CURVE('',#451,#484,#486,.T.);
#484 = VERTEX_POINT('',#485);
#485 = CARTESIAN_POINT('',(-3.81,-5.5,5.867496987947));
#486 = LINE('',#487,#488);
#487 = CARTESIAN_POINT('',(-3.81,-5.5,6.174656089861));
#488 = VECTOR('',#489,1.);
#489 = DIRECTION('',(0.,0.,-1.));
#490 = ORIENTED_EDGE('',*,*,#491,.T.);
#491 = EDGE_CURVE('',#484,#492,#494,.T.);
#492 = VERTEX_POINT('',#493);
#493 = CARTESIAN_POINT('',(-3.81,-6.05,5.867496987947));
#494 = LINE('',#495,#496);
#495 = CARTESIAN_POINT('',(-3.81,-5.5,5.867496987947));
#496 = VECTOR('',#497,1.);
#497 = DIRECTION('',(0.,-1.,0.));
#498 = ORIENTED_EDGE('',*,*,#499,.F.);
#499 = EDGE_CURVE('',#500,#492,#502,.T.);
#500 = VERTEX_POINT('',#501);
#501 = CARTESIAN_POINT('',(-3.81,-6.05,3.792503012053));
#502 = LINE('',#503,#504);
#503 = CARTESIAN_POINT('',(-3.81,-6.05,3.792503012053));
#504 = VECTOR('',#505,1.);
#505 = DIRECTION('',(0.,0.,1.));
#506 = ORIENTED_EDGE('',*,*,#507,.T.);
#507 = EDGE_CURVE('',#500,#508,#510,.T.);
#508 = VERTEX_POINT('',#509);
#509 = CARTESIAN_POINT('',(-3.81,-5.5,3.792503012053));
#510 = LINE('',#511,#512);
#511 = CARTESIAN_POINT('',(-3.81,-6.05,3.792503012053));
#512 = VECTOR('',#513,1.);
#513 = DIRECTION('',(0.,1.,0.));
#514 = ORIENTED_EDGE('',*,*,#515,.T.);
#515 = EDGE_CURVE('',#508,#441,#516,.T.);
#516 = LINE('',#517,#518);
#517 = CARTESIAN_POINT('',(-3.81,-5.5,3.792503012053));
#518 = VECTOR('',#519,1.);
#519 = DIRECTION('',(0.,0.,-1.));
#520 = ORIENTED_EDGE('',*,*,#440,.T.);
#521 = ORIENTED_EDGE('',*,*,#522,.T.);
#522 = EDGE_CURVE('',#443,#523,#525,.T.);
#523 = VERTEX_POINT('',#524);
#524 = CARTESIAN_POINT('',(-3.809999931754,-9.299999636856,
    3.736566097893));
#525 = B_SPLINE_CURVE_WITH_KNOTS('',3,(#526,#527,#528,#529,#530,#531,
    #532),.UNSPECIFIED.,.F.,.F.,(4,3,4),(0.,0.5,1.),
  .PIECEWISE_BEZIER_KNOTS.);
#526 = CARTESIAN_POINT('',(-3.80999995738,-9.049999520527,3.485344387714
    ));
#527 = CARTESIAN_POINT('',(-3.809999947727,-9.096226436195,
    3.531755167408));
#528 = CARTESIAN_POINT('',(-3.810000004942,-9.140173155398,
    3.575895723662));
#529 = CARTESIAN_POINT('',(-3.809999998531,-9.181839689822,
    3.617766044534));
#530 = CARTESIAN_POINT('',(-3.80999999212,-9.223506224246,3.659636365406
    ));
#531 = CARTESIAN_POINT('',(-3.809999914764,-9.262892561703,3.69923646242
    ));
#532 = CARTESIAN_POINT('',(-3.809999903434,-9.299999114803,
    3.736565925285));
#533 = ORIENTED_EDGE('',*,*,#534,.F.);
#534 = EDGE_CURVE('',#535,#523,#537,.T.);
#535 = VERTEX_POINT('',#536);
#536 = CARTESIAN_POINT('',(-3.809999931754,-9.299999636856,
    5.923433902107));
#537 = LINE('',#538,#539);
#538 = CARTESIAN_POINT('',(-3.80999997772,-9.299999795764,5.92343475161)
  );
#539 = VECTOR('',#540,1.);
#540 = DIRECTION('',(0.,0.,-1.));
#541 = ORIENTED_EDGE('',*,*,#542,.T.);
#542 = EDGE_CURVE('',#535,#460,#543,.T.);
#543 = B_SPLINE_CURVE_WITH_KNOTS('',3,(#544,#545,#546,#547,#548,#549,
    #550),.UNSPECIFIED.,.F.,.F.,(4,3,4),(0.,0.5,1.),
  .PIECEWISE_BEZIER_KNOTS.);
#544 = CARTESIAN_POINT('',(-3.809999903434,-9.299999114803,
    5.923434074715));
#545 = CARTESIAN_POINT('',(-3.809999914761,-9.262902883995,
    5.960753153279));
#546 = CARTESIAN_POINT('',(-3.809999992117,-9.223521713718,
    6.000348064145));
#547 = CARTESIAN_POINT('',(-3.809999998528,-9.181855181906,
    6.042218387611));
#548 = CARTESIAN_POINT('',(-3.810000004938,-9.140188650094,
    6.084088711076));
#549 = CARTESIAN_POINT('',(-3.809999947725,-9.096236768978,
    6.128234458711));
#550 = CARTESIAN_POINT('',(-3.809999957381,-9.049999520536,
    6.174655612277));
#551 = PLANE('',#552);
#552 = AXIS2_PLACEMENT_3D('',#553,#554,#555);
#553 = CARTESIAN_POINT('',(-3.81,-5.5,6.174656089861));
#554 = DIRECTION('',(-1.,0.,0.));
#555 = DIRECTION('',(0.,0.,-1.));
#556 = ADVANCED_FACE('',(#557),#642,.F.);
#557 = FACE_BOUND('',#558,.T.);
#558 = EDGE_LOOP('',(#559,#569,#577,#586,#594,#602,#610,#625,#633));
#559 = ORIENTED_EDGE('',*,*,#560,.T.);
#560 = EDGE_CURVE('',#561,#563,#565,.T.);
#561 = VERTEX_POINT('',#562);
#562 = CARTESIAN_POINT('',(-4.342872516637,-9.299999999452,
    5.879999999427));
#563 = VERTEX_POINT('',#564);
#564 = CARTESIAN_POINT('',(-4.31,-9.3,5.88));
#565 = LINE('',#566,#567);
#566 = CARTESIAN_POINT('',(-4.342890691328,-9.3,5.88));
#567 = VECTOR('',#568,1.);
#568 = DIRECTION('',(1.,0.,0.));
#569 = ORIENTED_EDGE('',*,*,#570,.F.);
#570 = EDGE_CURVE('',#571,#563,#573,.T.);
#571 = VERTEX_POINT('',#572);
#572 = CARTESIAN_POINT('',(-4.31,-6.05,5.88));
#573 = LINE('',#574,#575);
#574 = CARTESIAN_POINT('',(-4.31,-6.05,5.88));
#575 = VECTOR('',#576,1.);
#576 = DIRECTION('',(0.,-1.,0.));
#577 = ORIENTED_EDGE('',*,*,#578,.F.);
#578 = EDGE_CURVE('',#579,#571,#581,.T.);
#579 = VERTEX_POINT('',#580);
#580 = CARTESIAN_POINT('',(-3.857215506805,-5.90378628888,5.88));
#581 = CIRCLE('',#582,0.25);
#582 = AXIS2_PLACEMENT_3D('',#583,#584,#585);
#583 = CARTESIAN_POINT('',(-4.06,-6.05,5.88));
#584 = DIRECTION('',(0.,0.,1.));
#585 = DIRECTION('',(0.811137972781,0.584854844481,-0.));
#586 = ORIENTED_EDGE('',*,*,#587,.T.);
#587 = EDGE_CURVE('',#579,#588,#590,.T.);
#588 = VERTEX_POINT('',#589);
#589 = CARTESIAN_POINT('',(-3.857215506805,-5.5,5.88));
#590 = LINE('',#591,#592);
#591 = CARTESIAN_POINT('',(-3.857215506805,-5.90378628888,5.88));
#592 = VECTOR('',#593,1.);
#593 = DIRECTION('',(0.,1.,0.));
#594 = ORIENTED_EDGE('',*,*,#595,.F.);
#595 = EDGE_CURVE('',#596,#588,#598,.T.);
#596 = VERTEX_POINT('',#597);
#597 = CARTESIAN_POINT('',(-4.362784493195,-5.5,5.88));
#598 = LINE('',#599,#600);
#599 = CARTESIAN_POINT('',(-4.362784493195,-5.5,5.88));
#600 = VECTOR('',#601,1.);
#601 = DIRECTION('',(1.,0.,0.));
#602 = ORIENTED_EDGE('',*,*,#603,.F.);
#603 = EDGE_CURVE('',#604,#596,#606,.T.);
#604 = VERTEX_POINT('',#605);
#605 = CARTESIAN_POINT('',(-4.362784493489,-6.450000000209,
    5.879999999929));
#606 = LINE('',#607,#608);
#607 = CARTESIAN_POINT('',(-4.362784493195,-6.45,5.88));
#608 = VECTOR('',#609,1.);
#609 = DIRECTION('',(0.,1.,0.));
#610 = ORIENTED_EDGE('',*,*,#611,.F.);
#611 = EDGE_CURVE('',#612,#604,#614,.T.);
#612 = VERTEX_POINT('',#613);
#613 = CARTESIAN_POINT('',(-5.080772887717,-7.39999999916,5.880000000226
    ));
#614 = B_SPLINE_CURVE_WITH_KNOTS('',3,(#615,#616,#617,#618,#619,#620,
    #621,#622,#623,#624),.UNSPECIFIED.,.F.,.F.,(4,1,1,1,1,1,1,4),(0.,
    0.142857142857,0.285714285714,0.428571428571,0.571428571429,
    0.714285714286,0.857142857143,1.),.UNSPECIFIED.);
#615 = CARTESIAN_POINT('',(-5.080772887961,-7.4,5.88));
#616 = CARTESIAN_POINT('',(-5.041495532397,-7.327626528875,5.88));
#617 = CARTESIAN_POINT('',(-4.964741618716,-7.190949341508,5.88));
#618 = CARTESIAN_POINT('',(-4.855244225186,-7.010779836483,5.88));
#619 = CARTESIAN_POINT('',(-4.750258104111,-6.853778320739,5.88));
#620 = CARTESIAN_POINT('',(-4.649055042681,-6.719202956417,5.88));
#621 = CARTESIAN_POINT('',(-4.55093472985,-6.606498526006,5.88));
#622 = CARTESIAN_POINT('',(-4.455314731104,-6.515446332359,5.88));
#623 = CARTESIAN_POINT('',(-4.393327485842,-6.469404114209,5.88));
#624 = CARTESIAN_POINT('',(-4.362784493195,-6.45,5.88));
#625 = ORIENTED_EDGE('',*,*,#626,.F.);
#626 = EDGE_CURVE('',#627,#612,#629,.T.);
#627 = VERTEX_POINT('',#628);
#628 = CARTESIAN_POINT('',(-5.080772887961,-7.6,5.88));
#629 = LINE('',#630,#631);
#630 = CARTESIAN_POINT('',(-5.080772887961,-7.6,5.88));
#631 = VECTOR('',#632,1.);
#632 = DIRECTION('',(0.,1.,0.));
#633 = ORIENTED_EDGE('',*,*,#634,.T.);
#634 = EDGE_CURVE('',#627,#561,#635,.T.);
#635 = B_SPLINE_CURVE_WITH_KNOTS('',3,(#636,#637,#638,#639,#640,#641),
  .UNSPECIFIED.,.F.,.F.,(4,2,4),(1.000000004317E-06,9.262546051798E-02,
    0.185255262584),.UNSPECIFIED.);
#636 = CARTESIAN_POINT('',(-5.080772887961,-7.6,5.88));
#637 = CARTESIAN_POINT('',(-4.958031376894,-7.883301921045,5.88));
#638 = CARTESIAN_POINT('',(-4.835039333177,-8.166898876951,
    5.879999998914));
#639 = CARTESIAN_POINT('',(-4.589157311851,-8.733351915868,
    5.879999998914));
#640 = CARTESIAN_POINT('',(-4.465989323665,-9.016848430979,5.88));
#641 = CARTESIAN_POINT('',(-4.342872515435,-9.299999998929,5.88));
#642 = PLANE('',#643);
#643 = AXIS2_PLACEMENT_3D('',#644,#645,#646);
#644 = CARTESIAN_POINT('',(-5.65,-9.3,5.88));
#645 = DIRECTION('',(0.,0.,-1.));
#646 = DIRECTION('',(1.,0.,0.));
#647 = ADVANCED_FACE('',(#648),#668,.T.);
#648 = FACE_BOUND('',#649,.T.);
#649 = EDGE_LOOP('',(#650,#651,#660,#661));
#650 = ORIENTED_EDGE('',*,*,#587,.F.);
#651 = ORIENTED_EDGE('',*,*,#652,.T.);
#652 = EDGE_CURVE('',#579,#492,#653,.T.);
#653 = B_SPLINE_CURVE_WITH_KNOTS('',3,(#654,#655,#656,#657,#658,#659),
  .UNSPECIFIED.,.F.,.F.,(4,2,4),(-1.498460103969E-02,-9.459475975253E-03
    ,0.),.UNSPECIFIED.);
#654 = CARTESIAN_POINT('',(-3.857215506805,-5.90378628888,5.88));
#655 = CARTESIAN_POINT('',(-3.846090917431,-5.919215034932,
    5.877321786965));
#656 = CARTESIAN_POINT('',(-3.836521646241,-5.936267459707,
    5.874829673877));
#657 = CARTESIAN_POINT('',(-3.816328751058,-5.984951262082,
    5.869389959376));
#658 = CARTESIAN_POINT('',(-3.81,-6.018468413416,5.867496987947));
#659 = CARTESIAN_POINT('',(-3.81,-6.05,5.867496987947));
#660 = ORIENTED_EDGE('',*,*,#491,.F.);
#661 = ORIENTED_EDGE('',*,*,#662,.F.);
#662 = EDGE_CURVE('',#588,#484,#663,.T.);
#663 = CIRCLE('',#664,1.08);
#664 = AXIS2_PLACEMENT_3D('',#665,#666,#667);
#665 = CARTESIAN_POINT('',(-4.11,-5.5,4.83));
#666 = DIRECTION('',(0.,1.,0.));
#667 = DIRECTION('',(0.234059715922,-0.,0.972222222222));
#668 = CYLINDRICAL_SURFACE('',#669,1.08);
#669 = AXIS2_PLACEMENT_3D('',#670,#671,#672);
#670 = CARTESIAN_POINT('',(-4.11,-9.49,4.83));
#671 = DIRECTION('',(0.,1.,0.));
#672 = DIRECTION('',(1.,0.,0.));
#673 = ADVANCED_FACE('',(#674),#759,.F.);
#674 = FACE_BOUND('',#675,.T.);
#675 = EDGE_LOOP('',(#676,#686,#701,#709,#717,#725,#734,#742,#750));
#676 = ORIENTED_EDGE('',*,*,#677,.T.);
#677 = EDGE_CURVE('',#678,#680,#682,.T.);
#678 = VERTEX_POINT('',#679);
#679 = CARTESIAN_POINT('',(-5.080772887961,-7.6,3.78));
#680 = VERTEX_POINT('',#681);
#681 = CARTESIAN_POINT('',(-5.080772887717,-7.39999999916,3.779999999774
    ));
#682 = LINE('',#683,#684);
#683 = CARTESIAN_POINT('',(-5.080772887961,-7.6,3.78));
#684 = VECTOR('',#685,1.);
#685 = DIRECTION('',(0.,1.,0.));
#686 = ORIENTED_EDGE('',*,*,#687,.F.);
#687 = EDGE_CURVE('',#688,#680,#690,.T.);
#688 = VERTEX_POINT('',#689);
#689 = CARTESIAN_POINT('',(-4.362784493489,-6.450000000209,
    3.780000000071));
#690 = B_SPLINE_CURVE_WITH_KNOTS('',3,(#691,#692,#693,#694,#695,#696,
    #697,#698,#699,#700),.UNSPECIFIED.,.F.,.F.,(4,1,1,1,1,1,1,4),(0.,
    0.142857142857,0.285714285714,0.428571428571,0.571428571429,
    0.714285714286,0.857142857143,1.),.UNSPECIFIED.);
#691 = CARTESIAN_POINT('',(-4.362784493195,-6.45,3.78));
#692 = CARTESIAN_POINT('',(-4.393313371155,-6.469395147078,3.78));
#693 = CARTESIAN_POINT('',(-4.455271439585,-6.515413089186,3.78));
#694 = CARTESIAN_POINT('',(-4.550836660159,-6.60639847919,3.78));
#695 = CARTESIAN_POINT('',(-4.648918757711,-6.719034980992,3.78));
#696 = CARTESIAN_POINT('',(-4.750111946564,-6.853571083445,3.78));
#697 = CARTESIAN_POINT('',(-4.855114014294,-7.010573268746,3.78));
#698 = CARTESIAN_POINT('',(-4.964658116073,-7.190803082689,3.78));
#699 = CARTESIAN_POINT('',(-5.041464734034,-7.327569779015,3.78));
#700 = CARTESIAN_POINT('',(-5.080772887961,-7.4,3.78));
#701 = ORIENTED_EDGE('',*,*,#702,.T.);
#702 = EDGE_CURVE('',#688,#703,#705,.T.);
#703 = VERTEX_POINT('',#704);
#704 = CARTESIAN_POINT('',(-4.362784493195,-5.5,3.78));
#705 = LINE('',#706,#707);
#706 = CARTESIAN_POINT('',(-4.362784493195,-6.45,3.78));
#707 = VECTOR('',#708,1.);
#708 = DIRECTION('',(0.,1.,0.));
#709 = ORIENTED_EDGE('',*,*,#710,.F.);
#710 = EDGE_CURVE('',#711,#703,#713,.T.);
#711 = VERTEX_POINT('',#712);
#712 = CARTESIAN_POINT('',(-3.857215506805,-5.5,3.78));
#713 = LINE('',#714,#715);
#714 = CARTESIAN_POINT('',(-3.857215506805,-5.5,3.78));
#715 = VECTOR('',#716,1.);
#716 = DIRECTION('',(-1.,0.,0.));
#717 = ORIENTED_EDGE('',*,*,#718,.T.);
#718 = EDGE_CURVE('',#711,#719,#721,.T.);
#719 = VERTEX_POINT('',#720);
#720 = CARTESIAN_POINT('',(-3.857215506805,-5.90378628888,3.78));
#721 = LINE('',#722,#723);
#722 = CARTESIAN_POINT('',(-3.857215506805,-5.5,3.78));
#723 = VECTOR('',#724,1.);
#724 = DIRECTION('',(0.,-1.,0.));
#725 = ORIENTED_EDGE('',*,*,#726,.T.);
#726 = EDGE_CURVE('',#719,#727,#729,.T.);
#727 = VERTEX_POINT('',#728);
#728 = CARTESIAN_POINT('',(-4.31,-6.05,3.78));
#729 = CIRCLE('',#730,0.25);
#730 = AXIS2_PLACEMENT_3D('',#731,#732,#733);
#731 = CARTESIAN_POINT('',(-4.06,-6.05,3.78));
#732 = DIRECTION('',(0.,0.,1.));
#733 = DIRECTION('',(0.811137972781,0.584854844481,-0.));
#734 = ORIENTED_EDGE('',*,*,#735,.T.);
#735 = EDGE_CURVE('',#727,#736,#738,.T.);
#736 = VERTEX_POINT('',#737);
#737 = CARTESIAN_POINT('',(-4.31,-9.3,3.78));
#738 = LINE('',#739,#740);
#739 = CARTESIAN_POINT('',(-4.31,-6.05,3.78));
#740 = VECTOR('',#741,1.);
#741 = DIRECTION('',(0.,-1.,0.));
#742 = ORIENTED_EDGE('',*,*,#743,.F.);
#743 = EDGE_CURVE('',#744,#736,#746,.T.);
#744 = VERTEX_POINT('',#745);
#745 = CARTESIAN_POINT('',(-4.342872516637,-9.299999999452,
    3.780000000573));
#746 = LINE('',#747,#748);
#747 = CARTESIAN_POINT('',(-4.342890691328,-9.3,3.78));
#748 = VECTOR('',#749,1.);
#749 = DIRECTION('',(1.,0.,0.));
#750 = ORIENTED_EDGE('',*,*,#751,.T.);
#751 = EDGE_CURVE('',#744,#678,#752,.T.);
#752 = B_SPLINE_CURVE_WITH_KNOTS('',3,(#753,#754,#755,#756,#757,#758),
  .UNSPECIFIED.,.F.,.F.,(4,2,4),(1.841084333522E-06,9.262975025546E-02,
    0.185252317989),.UNSPECIFIED.);
#753 = CARTESIAN_POINT('',(-4.342872515435,-9.299999998929,3.78));
#754 = CARTESIAN_POINT('',(-4.465989323667,-9.016848430974,3.78));
#755 = CARTESIAN_POINT('',(-4.589157311851,-8.733351915866,
    3.780000001086));
#756 = CARTESIAN_POINT('',(-4.835039333177,-8.166898876952,
    3.780000001086));
#757 = CARTESIAN_POINT('',(-4.958031376894,-7.883301921046,3.78));
#758 = CARTESIAN_POINT('',(-5.080772887961,-7.6,3.78));
#759 = PLANE('',#760);
#760 = AXIS2_PLACEMENT_3D('',#761,#762,#763);
#761 = CARTESIAN_POINT('',(-3.81,-9.3,3.78));
#762 = DIRECTION('',(0.,0.,1.));
#763 = DIRECTION('',(-1.,0.,0.));
#764 = ADVANCED_FACE('',(#765),#783,.T.);
#765 = FACE_BOUND('',#766,.T.);
#766 = EDGE_LOOP('',(#767,#774,#775,#782));
#767 = ORIENTED_EDGE('',*,*,#768,.F.);
#768 = EDGE_CURVE('',#703,#596,#769,.T.);
#769 = CIRCLE('',#770,1.08);
#770 = AXIS2_PLACEMENT_3D('',#771,#772,#773);
#771 = CARTESIAN_POINT('',(-4.11,-5.5,4.83));
#772 = DIRECTION('',(0.,1.,0.));
#773 = DIRECTION('',(-0.234059715922,0.,-0.972222222222));
#774 = ORIENTED_EDGE('',*,*,#702,.F.);
#775 = ORIENTED_EDGE('',*,*,#776,.T.);
#776 = EDGE_CURVE('',#688,#604,#777,.T.);
#777 = CIRCLE('',#778,1.08);
#778 = AXIS2_PLACEMENT_3D('',#779,#780,#781);
#779 = CARTESIAN_POINT('',(-4.11,-6.45,4.83));
#780 = DIRECTION('',(0.,1.,0.));
#781 = DIRECTION('',(-0.234059715922,0.,-0.972222222222));
#782 = ORIENTED_EDGE('',*,*,#603,.T.);
#783 = CYLINDRICAL_SURFACE('',#784,1.08);
#784 = AXIS2_PLACEMENT_3D('',#785,#786,#787);
#785 = CARTESIAN_POINT('',(-4.11,-9.49,4.83));
#786 = DIRECTION('',(0.,1.,0.));
#787 = DIRECTION('',(-1.,0.,-1.224646799147E-16));
#788 = ADVANCED_FACE('',(#789),#822,.T.);
#789 = FACE_BOUND('',#790,.T.);
#790 = EDGE_LOOP('',(#791,#798,#799,#821));
#791 = ORIENTED_EDGE('',*,*,#792,.F.);
#792 = EDGE_CURVE('',#508,#711,#793,.T.);
#793 = CIRCLE('',#794,1.08);
#794 = AXIS2_PLACEMENT_3D('',#795,#796,#797);
#795 = CARTESIAN_POINT('',(-4.11,-5.5,4.83));
#796 = DIRECTION('',(0.,1.,0.));
#797 = DIRECTION('',(0.277777777778,0.,-0.960645359211));
#798 = ORIENTED_EDGE('',*,*,#507,.F.);
#799 = ORIENTED_EDGE('',*,*,#800,.T.);
#800 = EDGE_CURVE('',#500,#719,#801,.T.);
#801 = B_SPLINE_CURVE_WITH_KNOTS('',3,(#802,#803,#804,#805,#806,#807,
    #808,#809,#810,#811,#812,#813,#814,#815,#816,#817,#818,#819,#820),
  .UNSPECIFIED.,.F.,.F.,(4,3,3,3,3,3,4),(0.,0.25,0.482552838787,0.5,
    0.719499037511,0.75,1.),.UNSPECIFIED.);
#802 = CARTESIAN_POINT('',(-3.81,-6.05,3.792503012053));
#803 = CARTESIAN_POINT('',(-3.81,-6.037413636947,3.792503012053));
#804 = CARTESIAN_POINT('',(-3.810951183408,-6.024695987646,
    3.792226804664));
#805 = CARTESIAN_POINT('',(-3.812908430682,-6.011976896868,
    3.791666431516));
#806 = CARTESIAN_POINT('',(-3.81472908432,-6.000145454199,3.791145166051
    ));
#807 = CARTESIAN_POINT('',(-3.81742401048,-5.988313529123,3.790378013896
    ));
#808 = CARTESIAN_POINT('',(-3.820996390194,-5.976670098188,3.78938623833
    ));
#809 = CARTESIAN_POINT('',(-3.821264406208,-5.975796555566,3.78931183086
    ));
#810 = CARTESIAN_POINT('',(-3.821537336765,-5.974924073964,
    3.789236159059));
#811 = CARTESIAN_POINT('',(-3.821815171341,-5.974052732789,
    3.789159231904));
#812 = CARTESIAN_POINT('',(-3.825310549267,-5.963090574139,
    3.788191427673));
#813 = CARTESIAN_POINT('',(-3.829586762387,-5.952308572294,
    3.787024930874));
#814 = CARTESIAN_POINT('',(-3.834590920816,-5.941876242105,
    3.785705826185));
#815 = CARTESIAN_POINT('',(-3.83528628445,-5.940426595149,3.785522527146
    ));
#816 = CARTESIAN_POINT('',(-3.835995626187,-5.938983673131,
    3.785336281387));
#817 = CARTESIAN_POINT('',(-3.836718729916,-5.937547901621,3.78514721256
    ));
#818 = CARTESIAN_POINT('',(-3.842645622631,-5.925779654055,
    3.783597516978));
#819 = CARTESIAN_POINT('',(-3.849497192688,-5.914490855535,
    3.781858162021));
#820 = CARTESIAN_POINT('',(-3.857215506805,-5.90378628888,3.78));
#821 = ORIENTED_EDGE('',*,*,#718,.F.);
#822 = CYLINDRICAL_SURFACE('',#823,1.08);
#823 = AXIS2_PLACEMENT_3D('',#824,#825,#826);
#824 = CARTESIAN_POINT('',(-4.11,-9.49,4.83));
#825 = DIRECTION('',(0.,1.,0.));
#826 = DIRECTION('',(1.,0.,0.));
#827 = ADVANCED_FACE('',(#828),#841,.F.);
#828 = FACE_BOUND('',#829,.F.);
#829 = EDGE_LOOP('',(#830,#831,#837,#838,#839,#840));
#830 = ORIENTED_EDGE('',*,*,#726,.T.);
#831 = ORIENTED_EDGE('',*,*,#832,.T.);
#832 = EDGE_CURVE('',#727,#571,#833,.T.);
#833 = LINE('',#834,#835);
#834 = CARTESIAN_POINT('',(-4.31,-6.05,3.78));
#835 = VECTOR('',#836,1.);
#836 = DIRECTION('',(0.,0.,1.));
#837 = ORIENTED_EDGE('',*,*,#578,.F.);
#838 = ORIENTED_EDGE('',*,*,#652,.T.);
#839 = ORIENTED_EDGE('',*,*,#499,.F.);
#840 = ORIENTED_EDGE('',*,*,#800,.T.);
#841 = CYLINDRICAL_SURFACE('',#842,0.25);
#842 = AXIS2_PLACEMENT_3D('',#843,#844,#845);
#843 = CARTESIAN_POINT('',(-4.06,-6.05,3.411527934486));
#844 = DIRECTION('',(0.,0.,1.));
#845 = DIRECTION('',(1.,0.,-0.));
#846 = ADVANCED_FACE('',(#847),#859,.T.);
#847 = FACE_BOUND('',#848,.T.);
#848 = EDGE_LOOP('',(#849,#856,#857,#858));
#849 = ORIENTED_EDGE('',*,*,#850,.T.);
#850 = EDGE_CURVE('',#680,#612,#851,.T.);
#851 = CIRCLE('',#852,1.43);
#852 = AXIS2_PLACEMENT_3D('',#853,#854,#855);
#853 = CARTESIAN_POINT('',(-4.11,-7.4,4.83));
#854 = DIRECTION('',(0.,1.,0.));
#855 = DIRECTION('',(-0.678862159413,0.,-0.734265734266));
#856 = ORIENTED_EDGE('',*,*,#611,.T.);
#857 = ORIENTED_EDGE('',*,*,#776,.F.);
#858 = ORIENTED_EDGE('',*,*,#687,.T.);
#859 = CONICAL_SURFACE('',#860,1.255,0.352991367564);
#860 = AXIS2_PLACEMENT_3D('',#861,#862,#863);
#861 = CARTESIAN_POINT('',(-4.11,-6.925,4.83));
#862 = DIRECTION('',(0.,-1.,0.));
#863 = DIRECTION('',(-1.,0.,0.));
#864 = ADVANCED_FACE('',(#865),#891,.T.);
#865 = FACE_BOUND('',#866,.T.);
#866 = EDGE_LOOP('',(#867,#868,#869,#870));
#867 = ORIENTED_EDGE('',*,*,#626,.T.);
#868 = ORIENTED_EDGE('',*,*,#850,.F.);
#869 = ORIENTED_EDGE('',*,*,#677,.F.);
#870 = ORIENTED_EDGE('',*,*,#871,.T.);
#871 = EDGE_CURVE('',#678,#627,#872,.T.);
#872 = B_SPLINE_CURVE_WITH_KNOTS('',3,(#873,#874,#875,#876,#877,#878,
    #879,#880,#881,#882,#883,#884,#885,#886,#887,#888,#889,#890),
  .UNSPECIFIED.,.F.,.F.,(4,2,2,2,2,2,2,2,4),(-0.236025800593,
    -0.213487283251,-0.19096848643,-0.145856958375,-0.118013400296,
    -9.016984221824E-02,-4.505831416295E-02,-2.253951734161E-02,
    -1.000000063284E-06),.UNSPECIFIED.);
#873 = CARTESIAN_POINT('',(-5.080772887961,-7.599999999999,3.78));
#874 = CARTESIAN_POINT('',(-5.135937554884,-7.599972095505,
    3.831002250497));
#875 = CARTESIAN_POINT('',(-5.186997535099,-7.599743124503,
    3.886270088006));
#876 = CARTESIAN_POINT('',(-5.27995959629,-7.599627600203,4.004327850838
    ));
#877 = CARTESIAN_POINT('',(-5.321698270709,-7.599719133292,
    4.066896867068));
#878 = CARTESIAN_POINT('',(-5.431710194133,-7.600088811013,
    4.263773327873));
#879 = CARTESIAN_POINT('',(-5.483912961184,-7.5997125324,4.405860058598)
  );
#880 = CARTESIAN_POINT('',(-5.530961916839,-7.599767328069,
    4.644557734812));
#881 = CARTESIAN_POINT('',(-5.54,-7.6,4.73717082109));
#882 = CARTESIAN_POINT('',(-5.54,-7.6,4.92282917891));
#883 = CARTESIAN_POINT('',(-5.530961916839,-7.599767328069,
    5.015442265187));
#884 = CARTESIAN_POINT('',(-5.483912961184,-7.5997125324,5.254139941402)
  );
#885 = CARTESIAN_POINT('',(-5.431710194133,-7.600088811013,
    5.396226672127));
#886 = CARTESIAN_POINT('',(-5.321698270709,-7.599719133292,
    5.593103132932));
#887 = CARTESIAN_POINT('',(-5.27995959629,-7.599627600203,5.655672149162
    ));
#888 = CARTESIAN_POINT('',(-5.186997535099,-7.599743124503,
    5.773729911994));
#889 = CARTESIAN_POINT('',(-5.135937554884,-7.599972095505,
    5.828997749503));
#890 = CARTESIAN_POINT('',(-5.080772887961,-7.599999999999,5.88));
#891 = CYLINDRICAL_SURFACE('',#892,1.43);
#892 = AXIS2_PLACEMENT_3D('',#893,#894,#895);
#893 = CARTESIAN_POINT('',(-4.11,-9.49,4.83));
#894 = DIRECTION('',(0.,1.,0.));
#895 = DIRECTION('',(-1.,0.,1.224646799147E-16));
#896 = ADVANCED_FACE('',(#897),#908,.F.);
#897 = FACE_BOUND('',#898,.T.);
#898 = EDGE_LOOP('',(#899,#900,#901,#907));
#899 = ORIENTED_EDGE('',*,*,#832,.T.);
#900 = ORIENTED_EDGE('',*,*,#570,.T.);
#901 = ORIENTED_EDGE('',*,*,#902,.T.);
#902 = EDGE_CURVE('',#563,#736,#903,.T.);
#903 = LINE('',#904,#905);
#904 = CARTESIAN_POINT('',(-4.31,-9.3,5.88));
#905 = VECTOR('',#906,1.);
#906 = DIRECTION('',(0.,0.,-1.));
#907 = ORIENTED_EDGE('',*,*,#735,.F.);
#908 = PLANE('',#909);
#909 = AXIS2_PLACEMENT_3D('',#910,#911,#912);
#910 = CARTESIAN_POINT('',(-4.31,-9.3,6.536338943098));
#911 = DIRECTION('',(-1.,0.,0.));
#912 = DIRECTION('',(0.,0.,-1.));
#913 = ADVANCED_FACE('',(#914),#936,.T.);
#914 = FACE_BOUND('',#915,.T.);
#915 = EDGE_LOOP('',(#916,#917,#918,#919));
#916 = ORIENTED_EDGE('',*,*,#743,.T.);
#917 = ORIENTED_EDGE('',*,*,#902,.F.);
#918 = ORIENTED_EDGE('',*,*,#560,.F.);
#919 = ORIENTED_EDGE('',*,*,#920,.T.);
#920 = EDGE_CURVE('',#561,#744,#921,.T.);
#921 = B_SPLINE_CURVE_WITH_KNOTS('',3,(#922,#923,#924,#925,#926,#927,
    #928,#929,#930,#931,#932,#933,#934,#935),.UNSPECIFIED.,.F.,.F.,(4,2,
    2,2,2,2,4),(-0.232791644929,-0.202746645023,-0.172771965711,
    -0.116234389264,-5.97052287985E-02,-2.988726337015E-02,
    -1.276078508949E-06),.UNSPECIFIED.);
#922 = CARTESIAN_POINT('',(-4.342872516095,-9.3,5.879999998881));
#923 = CARTESIAN_POINT('',(-4.41387537812,-9.3,5.809440826776));
#924 = CARTESIAN_POINT('',(-4.477662873274,-9.3,5.73162440067));
#925 = CARTESIAN_POINT('',(-4.588288319969,-9.3,5.565046139191));
#926 = CARTESIAN_POINT('',(-4.635267646505,-9.3,5.476156676637));
#927 = CARTESIAN_POINT('',(-4.743475783745,-9.3,5.207381763027));
#928 = CARTESIAN_POINT('',(-4.780186250081,-9.3,5.017966196563));
#929 = CARTESIAN_POINT('',(-4.779812356304,-9.3,4.639182015384));
#930 = CARTESIAN_POINT('',(-4.742752637956,-9.3,4.4498332985));
#931 = CARTESIAN_POINT('',(-4.634192712206,-9.3,4.181706436348));
#932 = CARTESIAN_POINT('',(-4.587309617647,-9.3,4.093307745382));
#933 = CARTESIAN_POINT('',(-4.477050906568,-9.3,3.927629419871));
#934 = CARTESIAN_POINT('',(-4.41353489869,-9.3,3.850220821418));
#935 = CARTESIAN_POINT('',(-4.342872516095,-9.3,3.780000001119));
#936 = PLANE('',#937);
#937 = AXIS2_PLACEMENT_3D('',#938,#939,#940);
#938 = CARTESIAN_POINT('',(0.,-9.3,0.));
#939 = DIRECTION('',(0.,-1.,0.));
#940 = DIRECTION('',(-1.,0.,0.));
#941 = ADVANCED_FACE('',(#942),#948,.T.);
#942 = FACE_BOUND('',#943,.T.);
#943 = EDGE_LOOP('',(#944,#945,#946,#947));
#944 = ORIENTED_EDGE('',*,*,#634,.F.);
#945 = ORIENTED_EDGE('',*,*,#871,.F.);
#946 = ORIENTED_EDGE('',*,*,#751,.F.);
#947 = ORIENTED_EDGE('',*,*,#920,.F.);
#948 = B_SPLINE_SURFACE_WITH_KNOTS('',3,3,(
    (#949,#950,#951,#952)
    ,(#953,#954,#955,#956)
    ,(#957,#958,#959,#960)
    ,(#961,#962,#963,#964)
    ,(#965,#966,#967,#968)
    ,(#969,#970,#971,#972)
    ,(#973,#974,#975,#976)
    ,(#977,#978,#979,#980)
    ,(#981,#982,#983,#984
    )),.UNSPECIFIED.,.F.,.F.,.F.,(4,1,1,1,1,1,4),(4,4),(0.,
    1.923076923077E-02,0.259615384615,0.5,0.740384615385,0.980769230769,
    1.),(0.,1.),.UNSPECIFIED.);
#949 = CARTESIAN_POINT('',(-5.061051120369,-7.566,5.910787563591));
#950 = CARTESIAN_POINT('',(-4.793554364817,-8.155333333333,
    5.922139201713));
#951 = CARTESIAN_POINT('',(-4.526057609265,-8.744666666667,
    5.933490839834));
#952 = CARTESIAN_POINT('',(-4.258560853714,-9.334,5.944842477956));
#953 = CARTESIAN_POINT('',(-5.072935215186,-7.566,5.900508069952));
#954 = CARTESIAN_POINT('',(-4.805538649366,-8.155333333333,
    5.911736173578));
#955 = CARTESIAN_POINT('',(-4.538142083545,-8.744666666667,
    5.922964277204));
#956 = CARTESIAN_POINT('',(-4.270745517724,-9.334,5.93419238083));
#957 = CARTESIAN_POINT('',(-5.231098788524,-7.566,5.759104009191));
#958 = CARTESIAN_POINT('',(-4.965032128839,-8.155333333333,
    5.768647571691));
#959 = CARTESIAN_POINT('',(-4.698965469155,-8.744666666667,
    5.778191134192));
#960 = CARTESIAN_POINT('',(-4.43289880947,-9.334,5.787734696693));
#961 = CARTESIAN_POINT('',(-5.473053118823,-7.566,5.419157882711));
#962 = CARTESIAN_POINT('',(-5.208942236707,-8.155333333333,
    5.425032669188));
#963 = CARTESIAN_POINT('',(-4.944831354592,-8.744666666667,
    5.430907455665));
#964 = CARTESIAN_POINT('',(-4.680720472476,-9.334,5.436782242143));
#965 = CARTESIAN_POINT('',(-5.596273440588,-7.566,4.83));
#966 = CARTESIAN_POINT('',(-5.333128881646,-8.155333333333,4.83));
#967 = CARTESIAN_POINT('',(-5.069984322704,-8.744666666667,4.83));
#968 = CARTESIAN_POINT('',(-4.806839763762,-9.334,4.83));
#969 = CARTESIAN_POINT('',(-5.473053118823,-7.566,4.240842117289));
#970 = CARTESIAN_POINT('',(-5.208942236707,-8.155333333333,
    4.234967330812));
#971 = CARTESIAN_POINT('',(-4.944831354592,-8.744666666667,
    4.229092544335));
#972 = CARTESIAN_POINT('',(-4.680720472476,-9.334,4.223217757857));
#973 = CARTESIAN_POINT('',(-5.231098788524,-7.566,3.900895990809));
#974 = CARTESIAN_POINT('',(-4.965032128839,-8.155333333333,
    3.891352428309));
#975 = CARTESIAN_POINT('',(-4.698965469155,-8.744666666667,
    3.881808865808));
#976 = CARTESIAN_POINT('',(-4.43289880947,-9.334,3.872265303307));
#977 = CARTESIAN_POINT('',(-5.072935215186,-7.566,3.759491930048));
#978 = CARTESIAN_POINT('',(-4.805538649366,-8.155333333333,
    3.748263826422));
#979 = CARTESIAN_POINT('',(-4.538142083545,-8.744666666667,
    3.737035722796));
#980 = CARTESIAN_POINT('',(-4.270745517724,-9.334,3.72580761917));
#981 = CARTESIAN_POINT('',(-5.061051120369,-7.566,3.749212436409));
#982 = CARTESIAN_POINT('',(-4.793554364817,-8.155333333333,
    3.737860798287));
#983 = CARTESIAN_POINT('',(-4.526057609265,-8.744666666667,
    3.726509160166));
#984 = CARTESIAN_POINT('',(-4.258560853714,-9.334,3.715157522044));
#985 = ADVANCED_FACE('',(#986),#998,.T.);
#986 = FACE_BOUND('',#987,.T.);
#987 = EDGE_LOOP('',(#988,#995,#996,#997));
#988 = ORIENTED_EDGE('',*,*,#989,.F.);
#989 = EDGE_CURVE('',#523,#535,#990,.T.);
#990 = CIRCLE('',#991,1.099998774584);
#991 = AXIS2_PLACEMENT_3D('',#992,#993,#994);
#992 = CARTESIAN_POINT('',(-3.69,-9.3,4.83));
#993 = DIRECTION('',(0.,-1.,0.));
#994 = DIRECTION('',(-0.109090909091,-0.,-0.994031776934));
#995 = ORIENTED_EDGE('',*,*,#522,.F.);
#996 = ORIENTED_EDGE('',*,*,#467,.T.);
#997 = ORIENTED_EDGE('',*,*,#542,.F.);
#998 = CONICAL_SURFACE('',#999,1.224999393998,0.785399786289);
#999 = AXIS2_PLACEMENT_3D('',#1000,#1001,#1002);
#1000 = CARTESIAN_POINT('',(-3.69,-9.174999241333,4.83));
#1001 = DIRECTION('',(0.,1.,0.));
#1002 = DIRECTION('',(1.,-0.,1.836970198721E-16));
#1003 = ADVANCED_FACE('',(#1004),#1008,.T.);
#1004 = FACE_BOUND('',#1005,.T.);
#1005 = EDGE_LOOP('',(#1006,#1007));
#1006 = ORIENTED_EDGE('',*,*,#534,.T.);
#1007 = ORIENTED_EDGE('',*,*,#989,.T.);
#1008 = PLANE('',#1009);
#1009 = AXIS2_PLACEMENT_3D('',#1010,#1011,#1012);
#1010 = CARTESIAN_POINT('',(0.,-9.3,0.));
#1011 = DIRECTION('',(0.,-1.,0.));
#1012 = DIRECTION('',(-1.,0.,0.));
#1013 = ADVANCED_FACE('',(#1014),#1059,.T.);
#1014 = FACE_BOUND('',#1015,.T.);
#1015 = EDGE_LOOP('',(#1016,#1026,#1034,#1042));
#1016 = ORIENTED_EDGE('',*,*,#1017,.T.);
#1017 = EDGE_CURVE('',#1018,#1020,#1022,.T.);
#1018 = VERTEX_POINT('',#1019);
#1019 = CARTESIAN_POINT('',(4.342872516637,-9.299999999452,
    5.879999999427));
#1020 = VERTEX_POINT('',#1021);
#1021 = CARTESIAN_POINT('',(4.31,-9.3,5.88));
#1022 = LINE('',#1023,#1024);
#1023 = CARTESIAN_POINT('',(4.342890691328,-9.3,5.88));
#1024 = VECTOR('',#1025,1.);
#1025 = DIRECTION('',(-1.,0.,0.));
#1026 = ORIENTED_EDGE('',*,*,#1027,.T.);
#1027 = EDGE_CURVE('',#1020,#1028,#1030,.T.);
#1028 = VERTEX_POINT('',#1029);
#1029 = CARTESIAN_POINT('',(4.31,-9.3,3.78));
#1030 = LINE('',#1031,#1032);
#1031 = CARTESIAN_POINT('',(4.31,-9.3,5.88));
#1032 = VECTOR('',#1033,1.);
#1033 = DIRECTION('',(0.,0.,-1.));
#1034 = ORIENTED_EDGE('',*,*,#1035,.F.);
#1035 = EDGE_CURVE('',#1036,#1028,#1038,.T.);
#1036 = VERTEX_POINT('',#1037);
#1037 = CARTESIAN_POINT('',(4.342872516637,-9.299999999452,
    3.780000000573));
#1038 = LINE('',#1039,#1040);
#1039 = CARTESIAN_POINT('',(4.342890691328,-9.3,3.78));
#1040 = VECTOR('',#1041,1.);
#1041 = DIRECTION('',(-1.,0.,0.));
#1042 = ORIENTED_EDGE('',*,*,#1043,.T.);
#1043 = EDGE_CURVE('',#1036,#1018,#1044,.T.);
#1044 = B_SPLINE_CURVE_WITH_KNOTS('',3,(#1045,#1046,#1047,#1048,#1049,
    #1050,#1051,#1052,#1053,#1054,#1055,#1056,#1057,#1058),
  .UNSPECIFIED.,.F.,.F.,(4,2,2,2,2,2,4),(1.276078509076E-06,
    3.003126592732E-02,5.999097031363E-02,0.116500301387,0.173001220683,
    0.202804289478,0.232675346153),.UNSPECIFIED.);
#1045 = CARTESIAN_POINT('',(4.342872516095,-9.3,3.780000001119));
#1046 = CARTESIAN_POINT('',(4.41387537812,-9.3,3.850559173224));
#1047 = CARTESIAN_POINT('',(4.477662873274,-9.3,3.92837559933));
#1048 = CARTESIAN_POINT('',(4.588288319969,-9.3,4.094953860809));
#1049 = CARTESIAN_POINT('',(4.635267646505,-9.3,4.183843323363));
#1050 = CARTESIAN_POINT('',(4.743475783745,-9.3,4.452618236973));
#1051 = CARTESIAN_POINT('',(4.780186250081,-9.3,4.642033803437));
#1052 = CARTESIAN_POINT('',(4.779812356304,-9.3,5.020817984616));
#1053 = CARTESIAN_POINT('',(4.742752637956,-9.3,5.2101667015));
#1054 = CARTESIAN_POINT('',(4.634192712206,-9.3,5.478293563652));
#1055 = CARTESIAN_POINT('',(4.587309617647,-9.3,5.566692254618));
#1056 = CARTESIAN_POINT('',(4.477050906568,-9.3,5.73237058013));
#1057 = CARTESIAN_POINT('',(4.41353489869,-9.3,5.809779178582));
#1058 = CARTESIAN_POINT('',(4.342872516095,-9.3,5.879999998881));
#1059 = PLANE('',#1060);
#1060 = AXIS2_PLACEMENT_3D('',#1061,#1062,#1063);
#1061 = CARTESIAN_POINT('',(0.,-9.3,0.));
#1062 = DIRECTION('',(0.,-1.,0.));
#1063 = DIRECTION('',(-1.,0.,0.));
#1064 = ADVANCED_FACE('',(#1065),#1084,.T.);
#1065 = FACE_BOUND('',#1066,.T.);
#1066 = EDGE_LOOP('',(#1067,#1077));
#1067 = ORIENTED_EDGE('',*,*,#1068,.T.);
#1068 = EDGE_CURVE('',#1069,#1071,#1073,.T.);
#1069 = VERTEX_POINT('',#1070);
#1070 = CARTESIAN_POINT('',(3.809999931754,-9.299999636856,
    3.736566097893));
#1071 = VERTEX_POINT('',#1072);
#1072 = CARTESIAN_POINT('',(3.809999931754,-9.299999636856,
    5.923433902107));
#1073 = LINE('',#1074,#1075);
#1074 = CARTESIAN_POINT('',(3.80999997772,-9.299999795764,3.73656524839)
  );
#1075 = VECTOR('',#1076,1.);
#1076 = DIRECTION('',(0.,0.,1.));
#1077 = ORIENTED_EDGE('',*,*,#1078,.T.);
#1078 = EDGE_CURVE('',#1071,#1069,#1079,.T.);
#1079 = CIRCLE('',#1080,1.099998774584);
#1080 = AXIS2_PLACEMENT_3D('',#1081,#1082,#1083);
#1081 = CARTESIAN_POINT('',(3.69,-9.3,4.83));
#1082 = DIRECTION('',(0.,-1.,0.));
#1083 = DIRECTION('',(0.109090909091,0.,0.994031776934));
#1084 = PLANE('',#1085);
#1085 = AXIS2_PLACEMENT_3D('',#1086,#1087,#1088);
#1086 = CARTESIAN_POINT('',(0.,-9.3,0.));
#1087 = DIRECTION('',(0.,-1.,0.));
#1088 = DIRECTION('',(-1.,0.,0.));
#1089 = ADVANCED_FACE('',(#1090),#1136,.F.);
#1090 = FACE_BOUND('',#1091,.F.);
#1091 = EDGE_LOOP('',(#1092,#1093,#1104,#1127));
#1092 = ORIENTED_EDGE('',*,*,#1043,.T.);
#1093 = ORIENTED_EDGE('',*,*,#1094,.T.);
#1094 = EDGE_CURVE('',#1018,#1095,#1097,.T.);
#1095 = VERTEX_POINT('',#1096);
#1096 = CARTESIAN_POINT('',(5.080772887961,-7.6,5.88));
#1097 = B_SPLINE_CURVE_WITH_KNOTS('',3,(#1098,#1099,#1100,#1101,#1102,
    #1103),.UNSPECIFIED.,.F.,.F.,(4,2,4),(1.841084340823E-06,
    9.262975025379E-02,0.185252317985),.UNSPECIFIED.);
#1098 = CARTESIAN_POINT('',(4.342872515435,-9.299999998929,5.88));
#1099 = CARTESIAN_POINT('',(4.465989323664,-9.016848430979,5.88));
#1100 = CARTESIAN_POINT('',(4.58915731185,-8.733351915868,5.879999998914
    ));
#1101 = CARTESIAN_POINT('',(4.835039333178,-8.16689887695,5.879999998914
    ));
#1102 = CARTESIAN_POINT('',(4.958031376894,-7.883301921045,5.88));
#1103 = CARTESIAN_POINT('',(5.080772887961,-7.6,5.88));
#1104 = ORIENTED_EDGE('',*,*,#1105,.T.);
#1105 = EDGE_CURVE('',#1095,#1106,#1108,.T.);
#1106 = VERTEX_POINT('',#1107);
#1107 = CARTESIAN_POINT('',(5.080772887961,-7.6,3.78));
#1108 = B_SPLINE_CURVE_WITH_KNOTS('',3,(#1109,#1110,#1111,#1112,#1113,
    #1114,#1115,#1116,#1117,#1118,#1119,#1120,#1121,#1122,#1123,#1124,
    #1125,#1126),.UNSPECIFIED.,.F.,.F.,(4,2,2,2,2,2,2,2,4),(
    1.000000063362E-06,2.253951734161E-02,4.505831416293E-02,
    9.01698422182E-02,0.118013400296,0.145856958374,0.19096848643,
    0.213487283251,0.236025800593),.UNSPECIFIED.);
#1109 = CARTESIAN_POINT('',(5.080772887961,-7.599999999999,5.88));
#1110 = CARTESIAN_POINT('',(5.135937554884,-7.599972095505,
    5.828997749503));
#1111 = CARTESIAN_POINT('',(5.186997535099,-7.599743124503,
    5.773729911994));
#1112 = CARTESIAN_POINT('',(5.27995959629,-7.599627600203,5.655672149162
    ));
#1113 = CARTESIAN_POINT('',(5.321698270709,-7.599719133292,
    5.593103132932));
#1114 = CARTESIAN_POINT('',(5.431710194133,-7.600088811013,
    5.396226672127));
#1115 = CARTESIAN_POINT('',(5.483912961184,-7.5997125324,5.254139941402)
  );
#1116 = CARTESIAN_POINT('',(5.530961916839,-7.599767328069,
    5.015442265187));
#1117 = CARTESIAN_POINT('',(5.54,-7.6,4.92282917891));
#1118 = CARTESIAN_POINT('',(5.54,-7.6,4.73717082109));
#1119 = CARTESIAN_POINT('',(5.530961916839,-7.599767328069,
    4.644557734812));
#1120 = CARTESIAN_POINT('',(5.483912961184,-7.5997125324,4.405860058598)
  );
#1121 = CARTESIAN_POINT('',(5.431710194133,-7.600088811013,
    4.263773327873));
#1122 = CARTESIAN_POINT('',(5.321698270709,-7.599719133292,
    4.066896867068));
#1123 = CARTESIAN_POINT('',(5.27995959629,-7.599627600203,4.004327850838
    ));
#1124 = CARTESIAN_POINT('',(5.186997535099,-7.599743124503,
    3.886270088006));
#1125 = CARTESIAN_POINT('',(5.135937554884,-7.599972095505,
    3.831002250497));
#1126 = CARTESIAN_POINT('',(5.080772887961,-7.599999999999,3.78));
#1127 = ORIENTED_EDGE('',*,*,#1128,.T.);
#1128 = EDGE_CURVE('',#1106,#1036,#1129,.T.);
#1129 = B_SPLINE_CURVE_WITH_KNOTS('',3,(#1130,#1131,#1132,#1133,#1134,
    #1135),.UNSPECIFIED.,.F.,.F.,(4,2,4),(9.999999863395E-07,
    9.262596053009E-02,0.185255262585),.UNSPECIFIED.);
#1130 = CARTESIAN_POINT('',(5.080772887961,-7.6,3.78));
#1131 = CARTESIAN_POINT('',(4.95803005492,-7.883304972317,3.78));
#1132 = CARTESIAN_POINT('',(4.835040660444,-8.166895819248,
    3.780000001086));
#1133 = CARTESIAN_POINT('',(4.589157311851,-8.733351915867,
    3.780000001086));
#1134 = CARTESIAN_POINT('',(4.465989323665,-9.016848430977,3.78));
#1135 = CARTESIAN_POINT('',(4.342872515435,-9.299999998929,3.78));
#1136 = B_SPLINE_SURFACE_WITH_KNOTS('',3,3,(
    (#1137,#1138,#1139,#1140)
    ,(#1141,#1142,#1143,#1144)
    ,(#1145,#1146,#1147,#1148)
    ,(#1149,#1150,#1151,#1152)
    ,(#1153,#1154,#1155,#1156)
    ,(#1157,#1158,#1159,#1160)
    ,(#1161,#1162,#1163,#1164)
    ,(#1165,#1166,#1167,#1168)
    ,(#1169,#1170,#1171,#1172
    )),.UNSPECIFIED.,.F.,.F.,.F.,(4,1,1,1,1,1,4),(4,4),(0.,
    1.923076923077E-02,0.259615384615,0.5,0.740384615385,0.980769230769,
    1.),(0.,1.),.UNSPECIFIED.);
#1137 = CARTESIAN_POINT('',(5.061051120369,-7.566,5.910787563591));
#1138 = CARTESIAN_POINT('',(4.793554364817,-8.155333333333,
    5.922139201713));
#1139 = CARTESIAN_POINT('',(4.526057609265,-8.744666666667,
    5.933490839834));
#1140 = CARTESIAN_POINT('',(4.258560853714,-9.334,5.944842477956));
#1141 = CARTESIAN_POINT('',(5.072935215186,-7.566,5.900508069952));
#1142 = CARTESIAN_POINT('',(4.805538649366,-8.155333333333,
    5.911736173578));
#1143 = CARTESIAN_POINT('',(4.538142083545,-8.744666666667,
    5.922964277204));
#1144 = CARTESIAN_POINT('',(4.270745517724,-9.334,5.93419238083));
#1145 = CARTESIAN_POINT('',(5.231098788524,-7.566,5.759104009191));
#1146 = CARTESIAN_POINT('',(4.965032128839,-8.155333333333,
    5.768647571691));
#1147 = CARTESIAN_POINT('',(4.698965469155,-8.744666666667,
    5.778191134192));
#1148 = CARTESIAN_POINT('',(4.43289880947,-9.334,5.787734696693));
#1149 = CARTESIAN_POINT('',(5.473053118823,-7.566,5.419157882711));
#1150 = CARTESIAN_POINT('',(5.208942236707,-8.155333333333,
    5.425032669188));
#1151 = CARTESIAN_POINT('',(4.944831354592,-8.744666666667,
    5.430907455665));
#1152 = CARTESIAN_POINT('',(4.680720472476,-9.334,5.436782242143));
#1153 = CARTESIAN_POINT('',(5.596273440588,-7.566,4.83));
#1154 = CARTESIAN_POINT('',(5.333128881646,-8.155333333333,4.83));
#1155 = CARTESIAN_POINT('',(5.069984322704,-8.744666666667,4.83));
#1156 = CARTESIAN_POINT('',(4.806839763762,-9.334,4.83));
#1157 = CARTESIAN_POINT('',(5.473053118823,-7.566,4.240842117289));
#1158 = CARTESIAN_POINT('',(5.208942236707,-8.155333333333,
    4.234967330812));
#1159 = CARTESIAN_POINT('',(4.944831354592,-8.744666666667,
    4.229092544335));
#1160 = CARTESIAN_POINT('',(4.680720472476,-9.334,4.223217757857));
#1161 = CARTESIAN_POINT('',(5.231098788524,-7.566,3.900895990809));
#1162 = CARTESIAN_POINT('',(4.965032128839,-8.155333333333,
    3.891352428309));
#1163 = CARTESIAN_POINT('',(4.698965469155,-8.744666666667,
    3.881808865808));
#1164 = CARTESIAN_POINT('',(4.43289880947,-9.334,3.872265303307));
#1165 = CARTESIAN_POINT('',(5.072935215186,-7.566,3.759491930048));
#1166 = CARTESIAN_POINT('',(4.805538649366,-8.155333333333,
    3.748263826422));
#1167 = CARTESIAN_POINT('',(4.538142083545,-8.744666666667,
    3.737035722796));
#1168 = CARTESIAN_POINT('',(4.270745517724,-9.334,3.72580761917));
#1169 = CARTESIAN_POINT('',(5.061051120369,-7.566,3.749212436409));
#1170 = CARTESIAN_POINT('',(4.793554364817,-8.155333333333,
    3.737860798287));
#1171 = CARTESIAN_POINT('',(4.526057609265,-8.744666666667,
    3.726509160166));
#1172 = CARTESIAN_POINT('',(4.258560853714,-9.334,3.715157522044));
#1173 = ADVANCED_FACE('',(#1174),#1240,.T.);
#1174 = FACE_BOUND('',#1175,.T.);
#1175 = EDGE_LOOP('',(#1176,#1184,#1199,#1207,#1215,#1223,#1232,#1238,
    #1239));
#1176 = ORIENTED_EDGE('',*,*,#1177,.F.);
#1177 = EDGE_CURVE('',#1178,#1095,#1180,.T.);
#1178 = VERTEX_POINT('',#1179);
#1179 = CARTESIAN_POINT('',(5.080772887717,-7.39999999916,5.880000000226
    ));
#1180 = LINE('',#1181,#1182);
#1181 = CARTESIAN_POINT('',(5.080772887961,-7.4,5.88));
#1182 = VECTOR('',#1183,1.);
#1183 = DIRECTION('',(0.,-1.,0.));
#1184 = ORIENTED_EDGE('',*,*,#1185,.T.);
#1185 = EDGE_CURVE('',#1178,#1186,#1188,.T.);
#1186 = VERTEX_POINT('',#1187);
#1187 = CARTESIAN_POINT('',(4.362784493489,-6.450000000209,
    5.879999999929));
#1188 = B_SPLINE_CURVE_WITH_KNOTS('',3,(#1189,#1190,#1191,#1192,#1193,
    #1194,#1195,#1196,#1197,#1198),.UNSPECIFIED.,.F.,.F.,(4,1,1,1,1,1,1,
    4),(0.,0.142857142857,0.285714285714,0.428571428571,0.571428571429,
    0.714285714286,0.857142857143,1.),.UNSPECIFIED.);
#1189 = CARTESIAN_POINT('',(5.080772887961,-7.4,5.88));
#1190 = CARTESIAN_POINT('',(5.041496403499,-7.327628133992,5.88));
#1191 = CARTESIAN_POINT('',(4.964744008513,-7.190953528613,5.88));
#1192 = CARTESIAN_POINT('',(4.85524803646,-7.010785891806,5.88));
#1193 = CARTESIAN_POINT('',(4.750262663486,-6.853784802998,5.88));
#1194 = CARTESIAN_POINT('',(4.649059646638,-6.719208662152,5.88));
#1195 = CARTESIAN_POINT('',(4.55093865743,-6.606502596216,5.88));
#1196 = CARTESIAN_POINT('',(4.455317179985,-6.515448287515,5.88));
#1197 = CARTESIAN_POINT('',(4.393328429906,-6.469404713978,5.88));
#1198 = CARTESIAN_POINT('',(4.362784493195,-6.45,5.88));
#1199 = ORIENTED_EDGE('',*,*,#1200,.F.);
#1200 = EDGE_CURVE('',#1201,#1186,#1203,.T.);
#1201 = VERTEX_POINT('',#1202);
#1202 = CARTESIAN_POINT('',(4.362784493195,-5.5,5.88));
#1203 = LINE('',#1204,#1205);
#1204 = CARTESIAN_POINT('',(4.362784493195,-5.5,5.88));
#1205 = VECTOR('',#1206,1.);
#1206 = DIRECTION('',(0.,-1.,0.));
#1207 = ORIENTED_EDGE('',*,*,#1208,.T.);
#1208 = EDGE_CURVE('',#1201,#1209,#1211,.T.);
#1209 = VERTEX_POINT('',#1210);
#1210 = CARTESIAN_POINT('',(3.857215506805,-5.5,5.88));
#1211 = LINE('',#1212,#1213);
#1212 = CARTESIAN_POINT('',(4.362784493195,-5.5,5.88));
#1213 = VECTOR('',#1214,1.);
#1214 = DIRECTION('',(-1.,0.,0.));
#1215 = ORIENTED_EDGE('',*,*,#1216,.T.);
#1216 = EDGE_CURVE('',#1209,#1217,#1219,.T.);
#1217 = VERTEX_POINT('',#1218);
#1218 = CARTESIAN_POINT('',(3.857215506805,-5.90378628888,5.88));
#1219 = LINE('',#1220,#1221);
#1220 = CARTESIAN_POINT('',(3.857215506805,-5.5,5.88));
#1221 = VECTOR('',#1222,1.);
#1222 = DIRECTION('',(0.,-1.,0.));
#1223 = ORIENTED_EDGE('',*,*,#1224,.T.);
#1224 = EDGE_CURVE('',#1217,#1225,#1227,.T.);
#1225 = VERTEX_POINT('',#1226);
#1226 = CARTESIAN_POINT('',(4.31,-6.05,5.88));
#1227 = CIRCLE('',#1228,0.25);
#1228 = AXIS2_PLACEMENT_3D('',#1229,#1230,#1231);
#1229 = CARTESIAN_POINT('',(4.06,-6.05,5.88));
#1230 = DIRECTION('',(0.,0.,-1.));
#1231 = DIRECTION('',(-0.811137972781,0.584854844481,0.));
#1232 = ORIENTED_EDGE('',*,*,#1233,.T.);
#1233 = EDGE_CURVE('',#1225,#1020,#1234,.T.);
#1234 = LINE('',#1235,#1236);
#1235 = CARTESIAN_POINT('',(4.31,-6.05,5.88));
#1236 = VECTOR('',#1237,1.);
#1237 = DIRECTION('',(0.,-1.,0.));
#1238 = ORIENTED_EDGE('',*,*,#1017,.F.);
#1239 = ORIENTED_EDGE('',*,*,#1094,.T.);
#1240 = PLANE('',#1241);
#1241 = AXIS2_PLACEMENT_3D('',#1242,#1243,#1244);
#1242 = CARTESIAN_POINT('',(5.65,-9.3,5.88));
#1243 = DIRECTION('',(0.,0.,1.));
#1244 = DIRECTION('',(-1.,0.,0.));
#1245 = ADVANCED_FACE('',(#1246),#1264,.T.);
#1246 = FACE_BOUND('',#1247,.T.);
#1247 = EDGE_LOOP('',(#1248,#1249,#1250,#1258));
#1248 = ORIENTED_EDGE('',*,*,#1027,.F.);
#1249 = ORIENTED_EDGE('',*,*,#1233,.F.);
#1250 = ORIENTED_EDGE('',*,*,#1251,.T.);
#1251 = EDGE_CURVE('',#1225,#1252,#1254,.T.);
#1252 = VERTEX_POINT('',#1253);
#1253 = CARTESIAN_POINT('',(4.31,-6.05,3.78));
#1254 = LINE('',#1255,#1256);
#1255 = CARTESIAN_POINT('',(4.31,-6.05,5.88));
#1256 = VECTOR('',#1257,1.);
#1257 = DIRECTION('',(0.,0.,-1.));
#1258 = ORIENTED_EDGE('',*,*,#1259,.T.);
#1259 = EDGE_CURVE('',#1252,#1028,#1260,.T.);
#1260 = LINE('',#1261,#1262);
#1261 = CARTESIAN_POINT('',(4.31,-6.05,3.78));
#1262 = VECTOR('',#1263,1.);
#1263 = DIRECTION('',(0.,-1.,0.));
#1264 = PLANE('',#1265);
#1265 = AXIS2_PLACEMENT_3D('',#1266,#1267,#1268);
#1266 = CARTESIAN_POINT('',(4.31,-9.3,6.536338943098));
#1267 = DIRECTION('',(-1.,0.,0.));
#1268 = DIRECTION('',(0.,0.,-1.));
#1269 = ADVANCED_FACE('',(#1270),#1329,.T.);
#1270 = FACE_BOUND('',#1271,.T.);
#1271 = EDGE_LOOP('',(#1272,#1273,#1274,#1283,#1291,#1299,#1307,#1322,
    #1328));
#1272 = ORIENTED_EDGE('',*,*,#1035,.T.);
#1273 = ORIENTED_EDGE('',*,*,#1259,.F.);
#1274 = ORIENTED_EDGE('',*,*,#1275,.F.);
#1275 = EDGE_CURVE('',#1276,#1252,#1278,.T.);
#1276 = VERTEX_POINT('',#1277);
#1277 = CARTESIAN_POINT('',(3.857215506805,-5.90378628888,3.78));
#1278 = CIRCLE('',#1279,0.25);
#1279 = AXIS2_PLACEMENT_3D('',#1280,#1281,#1282);
#1280 = CARTESIAN_POINT('',(4.06,-6.05,3.78));
#1281 = DIRECTION('',(0.,0.,-1.));
#1282 = DIRECTION('',(-0.811137972781,0.584854844481,0.));
#1283 = ORIENTED_EDGE('',*,*,#1284,.F.);
#1284 = EDGE_CURVE('',#1285,#1276,#1287,.T.);
#1285 = VERTEX_POINT('',#1286);
#1286 = CARTESIAN_POINT('',(3.857215506805,-5.5,3.78));
#1287 = LINE('',#1288,#1289);
#1288 = CARTESIAN_POINT('',(3.857215506805,-5.5,3.78));
#1289 = VECTOR('',#1290,1.);
#1290 = DIRECTION('',(0.,-1.,0.));
#1291 = ORIENTED_EDGE('',*,*,#1292,.T.);
#1292 = EDGE_CURVE('',#1285,#1293,#1295,.T.);
#1293 = VERTEX_POINT('',#1294);
#1294 = CARTESIAN_POINT('',(4.362784493195,-5.5,3.78));
#1295 = LINE('',#1296,#1297);
#1296 = CARTESIAN_POINT('',(3.857215506805,-5.5,3.78));
#1297 = VECTOR('',#1298,1.);
#1298 = DIRECTION('',(1.,0.,0.));
#1299 = ORIENTED_EDGE('',*,*,#1300,.T.);
#1300 = EDGE_CURVE('',#1293,#1301,#1303,.T.);
#1301 = VERTEX_POINT('',#1302);
#1302 = CARTESIAN_POINT('',(4.362784493489,-6.450000000209,
    3.780000000071));
#1303 = LINE('',#1304,#1305);
#1304 = CARTESIAN_POINT('',(4.362784493195,-5.5,3.78));
#1305 = VECTOR('',#1306,1.);
#1306 = DIRECTION('',(0.,-1.,0.));
#1307 = ORIENTED_EDGE('',*,*,#1308,.T.);
#1308 = EDGE_CURVE('',#1301,#1309,#1311,.T.);
#1309 = VERTEX_POINT('',#1310);
#1310 = CARTESIAN_POINT('',(5.080772887717,-7.39999999916,3.779999999774
    ));
#1311 = B_SPLINE_CURVE_WITH_KNOTS('',3,(#1312,#1313,#1314,#1315,#1316,
    #1317,#1318,#1319,#1320,#1321),.UNSPECIFIED.,.F.,.F.,(4,1,1,1,1,1,1,
    4),(0.,0.142857142857,0.285714285714,0.428571428571,0.571428571429,
    0.714285714286,0.857142857143,1.),.UNSPECIFIED.);
#1312 = CARTESIAN_POINT('',(4.362784493195,-6.45,3.78));
#1313 = CARTESIAN_POINT('',(4.393314309553,-6.469395743248,3.78));
#1314 = CARTESIAN_POINT('',(4.455273877035,-6.515415034477,3.78));
#1315 = CARTESIAN_POINT('',(4.550840581352,-6.606402541334,3.78));
#1316 = CARTESIAN_POINT('',(4.648923367225,-6.719040691412,3.78));
#1317 = CARTESIAN_POINT('',(4.750116533352,-6.85357760224,3.78));
#1318 = CARTESIAN_POINT('',(4.855117875847,-7.010579401147,3.78));
#1319 = CARTESIAN_POINT('',(4.964660574107,-7.190807387534,3.78));
#1320 = CARTESIAN_POINT('',(5.041465632535,-7.327571434617,3.78));
#1321 = CARTESIAN_POINT('',(5.080772887961,-7.4,3.78));
#1322 = ORIENTED_EDGE('',*,*,#1323,.T.);
#1323 = EDGE_CURVE('',#1309,#1106,#1324,.T.);
#1324 = LINE('',#1325,#1326);
#1325 = CARTESIAN_POINT('',(5.080772887961,-7.4,3.78));
#1326 = VECTOR('',#1327,1.);
#1327 = DIRECTION('',(0.,-1.,0.));
#1328 = ORIENTED_EDGE('',*,*,#1128,.T.);
#1329 = PLANE('',#1330);
#1330 = AXIS2_PLACEMENT_3D('',#1331,#1332,#1333);
#1331 = CARTESIAN_POINT('',(3.81,-9.3,3.78));
#1332 = DIRECTION('',(0.,0.,-1.));
#1333 = DIRECTION('',(1.,0.,0.));
#1334 = ADVANCED_FACE('',(#1335),#1347,.T.);
#1335 = FACE_BOUND('',#1336,.T.);
#1336 = EDGE_LOOP('',(#1337,#1338,#1345,#1346));
#1337 = ORIENTED_EDGE('',*,*,#1323,.F.);
#1338 = ORIENTED_EDGE('',*,*,#1339,.F.);
#1339 = EDGE_CURVE('',#1178,#1309,#1340,.T.);
#1340 = CIRCLE('',#1341,1.43);
#1341 = AXIS2_PLACEMENT_3D('',#1342,#1343,#1344);
#1342 = CARTESIAN_POINT('',(4.11,-7.4,4.83));
#1343 = DIRECTION('',(0.,1.,0.));
#1344 = DIRECTION('',(0.678862159413,-0.,0.734265734266));
#1345 = ORIENTED_EDGE('',*,*,#1177,.T.);
#1346 = ORIENTED_EDGE('',*,*,#1105,.T.);
#1347 = CYLINDRICAL_SURFACE('',#1348,1.43);
#1348 = AXIS2_PLACEMENT_3D('',#1349,#1350,#1351);
#1349 = CARTESIAN_POINT('',(4.11,-9.49,4.83));
#1350 = DIRECTION('',(0.,-1.,0.));
#1351 = DIRECTION('',(1.,0.,-1.224646799147E-16));
#1352 = ADVANCED_FACE('',(#1353),#1365,.T.);
#1353 = FACE_BOUND('',#1354,.T.);
#1354 = EDGE_LOOP('',(#1355,#1362,#1363,#1364));
#1355 = ORIENTED_EDGE('',*,*,#1356,.F.);
#1356 = EDGE_CURVE('',#1186,#1301,#1357,.T.);
#1357 = CIRCLE('',#1358,1.08);
#1358 = AXIS2_PLACEMENT_3D('',#1359,#1360,#1361);
#1359 = CARTESIAN_POINT('',(4.11,-6.45,4.83));
#1360 = DIRECTION('',(0.,1.,0.));
#1361 = DIRECTION('',(0.234059715922,-0.,0.972222222222));
#1362 = ORIENTED_EDGE('',*,*,#1185,.F.);
#1363 = ORIENTED_EDGE('',*,*,#1339,.T.);
#1364 = ORIENTED_EDGE('',*,*,#1308,.F.);
#1365 = CONICAL_SURFACE('',#1366,1.255,0.352991367564);
#1366 = AXIS2_PLACEMENT_3D('',#1367,#1368,#1369);
#1367 = CARTESIAN_POINT('',(4.11,-6.925,4.83));
#1368 = DIRECTION('',(0.,-1.,0.));
#1369 = DIRECTION('',(1.,0.,-1.224646799147E-16));
#1370 = ADVANCED_FACE('',(#1371),#1400,.T.);
#1371 = FACE_BOUND('',#1372,.T.);
#1372 = EDGE_LOOP('',(#1373,#1384,#1392,#1399));
#1373 = ORIENTED_EDGE('',*,*,#1374,.T.);
#1374 = EDGE_CURVE('',#1276,#1375,#1377,.T.);
#1375 = VERTEX_POINT('',#1376);
#1376 = CARTESIAN_POINT('',(3.81,-6.05,3.792503012053));
#1377 = B_SPLINE_CURVE_WITH_KNOTS('',3,(#1378,#1379,#1380,#1381,#1382,
    #1383),.UNSPECIFIED.,.F.,.F.,(4,2,4),(-9.066184299625E-02,
    -8.513671793181E-02,-7.567724195656E-02),.UNSPECIFIED.);
#1378 = CARTESIAN_POINT('',(3.857215506805,-5.90378628888,3.78));
#1379 = CARTESIAN_POINT('',(3.846090917431,-5.919215034932,
    3.782678213035));
#1380 = CARTESIAN_POINT('',(3.836521646241,-5.936267459707,
    3.785170326123));
#1381 = CARTESIAN_POINT('',(3.816328751058,-5.984951262082,
    3.790610040624));
#1382 = CARTESIAN_POINT('',(3.81,-6.018468413416,3.792503012053));
#1383 = CARTESIAN_POINT('',(3.81,-6.05,3.792503012053));
#1384 = ORIENTED_EDGE('',*,*,#1385,.F.);
#1385 = EDGE_CURVE('',#1386,#1375,#1388,.T.);
#1386 = VERTEX_POINT('',#1387);
#1387 = CARTESIAN_POINT('',(3.81,-5.5,3.792503012053));
#1388 = LINE('',#1389,#1390);
#1389 = CARTESIAN_POINT('',(3.81,-5.5,3.792503012053));
#1390 = VECTOR('',#1391,1.);
#1391 = DIRECTION('',(0.,-1.,0.));
#1392 = ORIENTED_EDGE('',*,*,#1393,.F.);
#1393 = EDGE_CURVE('',#1285,#1386,#1394,.T.);
#1394 = CIRCLE('',#1395,1.08);
#1395 = AXIS2_PLACEMENT_3D('',#1396,#1397,#1398);
#1396 = CARTESIAN_POINT('',(4.11,-5.5,4.83));
#1397 = DIRECTION('',(0.,1.,0.));
#1398 = DIRECTION('',(-0.234059715922,0.,-0.972222222222));
#1399 = ORIENTED_EDGE('',*,*,#1284,.T.);
#1400 = CYLINDRICAL_SURFACE('',#1401,1.08);
#1401 = AXIS2_PLACEMENT_3D('',#1402,#1403,#1404);
#1402 = CARTESIAN_POINT('',(4.11,-9.49,4.83));
#1403 = DIRECTION('',(0.,-1.,0.));
#1404 = DIRECTION('',(-1.,0.,0.));
#1405 = ADVANCED_FACE('',(#1406),#1418,.T.);
#1406 = FACE_BOUND('',#1407,.T.);
#1407 = EDGE_LOOP('',(#1408,#1415,#1416,#1417));
#1408 = ORIENTED_EDGE('',*,*,#1409,.F.);
#1409 = EDGE_CURVE('',#1201,#1293,#1410,.T.);
#1410 = CIRCLE('',#1411,1.08);
#1411 = AXIS2_PLACEMENT_3D('',#1412,#1413,#1414);
#1412 = CARTESIAN_POINT('',(4.11,-5.5,4.83));
#1413 = DIRECTION('',(0.,1.,0.));
#1414 = DIRECTION('',(0.234059715922,-0.,0.972222222222));
#1415 = ORIENTED_EDGE('',*,*,#1200,.T.);
#1416 = ORIENTED_EDGE('',*,*,#1356,.T.);
#1417 = ORIENTED_EDGE('',*,*,#1300,.F.);
#1418 = CYLINDRICAL_SURFACE('',#1419,1.08);
#1419 = AXIS2_PLACEMENT_3D('',#1420,#1421,#1422);
#1420 = CARTESIAN_POINT('',(4.11,-9.49,4.83));
#1421 = DIRECTION('',(0.,-1.,0.));
#1422 = DIRECTION('',(1.,0.,-1.224646799147E-16));
#1423 = ADVANCED_FACE('',(#1424),#1466,.T.);
#1424 = FACE_BOUND('',#1425,.T.);
#1425 = EDGE_LOOP('',(#1426,#1435,#1443,#1465));
#1426 = ORIENTED_EDGE('',*,*,#1427,.F.);
#1427 = EDGE_CURVE('',#1428,#1209,#1430,.T.);
#1428 = VERTEX_POINT('',#1429);
#1429 = CARTESIAN_POINT('',(3.81,-5.5,5.867496987947));
#1430 = CIRCLE('',#1431,1.08);
#1431 = AXIS2_PLACEMENT_3D('',#1432,#1433,#1434);
#1432 = CARTESIAN_POINT('',(4.11,-5.5,4.83));
#1433 = DIRECTION('',(0.,1.,0.));
#1434 = DIRECTION('',(-0.277777777778,0.,0.960645359211));
#1435 = ORIENTED_EDGE('',*,*,#1436,.F.);
#1436 = EDGE_CURVE('',#1437,#1428,#1439,.T.);
#1437 = VERTEX_POINT('',#1438);
#1438 = CARTESIAN_POINT('',(3.81,-6.05,5.867496987947));
#1439 = LINE('',#1440,#1441);
#1440 = CARTESIAN_POINT('',(3.81,-6.05,5.867496987947));
#1441 = VECTOR('',#1442,1.);
#1442 = DIRECTION('',(0.,1.,0.));
#1443 = ORIENTED_EDGE('',*,*,#1444,.T.);
#1444 = EDGE_CURVE('',#1437,#1217,#1445,.T.);
#1445 = B_SPLINE_CURVE_WITH_KNOTS('',3,(#1446,#1447,#1448,#1449,#1450,
    #1451,#1452,#1453,#1454,#1455,#1456,#1457,#1458,#1459,#1460,#1461,
    #1462,#1463,#1464),.UNSPECIFIED.,.F.,.F.,(4,3,3,3,3,3,4),(0.,0.25,
    0.482632308369,0.5,0.719544606762,0.75,1.),.UNSPECIFIED.);
#1446 = CARTESIAN_POINT('',(3.81,-6.05,5.867496987947));
#1447 = CARTESIAN_POINT('',(3.81,-6.037412743738,5.867496987947));
#1448 = CARTESIAN_POINT('',(3.810951321458,-6.024694463476,
    5.867773236345));
#1449 = CARTESIAN_POINT('',(3.812908712491,-6.011975065588,
    5.868333649116));
#1450 = CARTESIAN_POINT('',(3.814730122068,-6.000139294021,
    5.868855129582));
#1451 = CARTESIAN_POINT('',(3.817426401173,-5.988303318693,
    5.869622663618));
#1452 = CARTESIAN_POINT('',(3.821000662866,-5.976656173745,
    5.870614947823));
#1453 = CARTESIAN_POINT('',(3.821267507465,-5.975786629771,
    5.870689029047));
#1454 = CARTESIAN_POINT('',(3.821539221559,-5.974918138325,
    5.870764362962));
#1455 = CARTESIAN_POINT('',(3.821815794755,-5.974050777674,
    5.870840940705));
#1456 = CARTESIAN_POINT('',(3.825311950426,-5.963086490821,
    5.871808958255));
#1457 = CARTESIAN_POINT('',(3.829589208028,-5.952302555149,
    5.872975732281));
#1458 = CARTESIAN_POINT('',(3.834594634414,-5.941868500588,
    5.874295152649));
#1459 = CARTESIAN_POINT('',(3.835288990933,-5.940421080679,
    5.874478183637));
#1460 = CARTESIAN_POINT('',(3.835997282333,-5.938980366862,
    5.874664152066));
#1461 = CARTESIAN_POINT('',(3.836719293512,-5.937546782571,
    5.874852934848));
#1462 = CARTESIAN_POINT('',(3.842646085958,-5.925778880906,
    5.876402601112));
#1463 = CARTESIAN_POINT('',(3.849497481193,-5.914490455405,
    5.878141907436));
#1464 = CARTESIAN_POINT('',(3.857215506805,-5.90378628888,5.88));
#1465 = ORIENTED_EDGE('',*,*,#1216,.F.);
#1466 = CYLINDRICAL_SURFACE('',#1467,1.08);
#1467 = AXIS2_PLACEMENT_3D('',#1468,#1469,#1470);
#1468 = CARTESIAN_POINT('',(4.11,-9.49,4.83));
#1469 = DIRECTION('',(0.,-1.,0.));
#1470 = DIRECTION('',(-1.,0.,0.));
#1471 = ADVANCED_FACE('',(#1472),#1535,.T.);
#1472 = FACE_BOUND('',#1473,.T.);
#1473 = EDGE_LOOP('',(#1474,#1484,#1490,#1491,#1497,#1498,#1506,#1514,
    #1524,#1525));
#1474 = ORIENTED_EDGE('',*,*,#1475,.T.);
#1475 = EDGE_CURVE('',#1476,#1478,#1480,.T.);
#1476 = VERTEX_POINT('',#1477);
#1477 = CARTESIAN_POINT('',(3.809999978386,-9.049999008808,
    3.485344152559));
#1478 = VERTEX_POINT('',#1479);
#1479 = CARTESIAN_POINT('',(3.81,-5.5,3.485343910139));
#1480 = LINE('',#1481,#1482);
#1481 = CARTESIAN_POINT('',(3.80999997772,-9.049999749356,3.48534415981)
  );
#1482 = VECTOR('',#1483,1.);
#1483 = DIRECTION('',(6.276119472919E-09,1.,-7.03298145473E-08));
#1484 = ORIENTED_EDGE('',*,*,#1485,.T.);
#1485 = EDGE_CURVE('',#1478,#1386,#1486,.T.);
#1486 = LINE('',#1487,#1488);
#1487 = CARTESIAN_POINT('',(3.81,-5.5,3.485343910139));
#1488 = VECTOR('',#1489,1.);
#1489 = DIRECTION('',(0.,0.,1.));
#1490 = ORIENTED_EDGE('',*,*,#1385,.T.);
#1491 = ORIENTED_EDGE('',*,*,#1492,.F.);
#1492 = EDGE_CURVE('',#1437,#1375,#1493,.T.);
#1493 = LINE('',#1494,#1495);
#1494 = CARTESIAN_POINT('',(3.81,-6.05,5.867496987947));
#1495 = VECTOR('',#1496,1.);
#1496 = DIRECTION('',(0.,0.,-1.));
#1497 = ORIENTED_EDGE('',*,*,#1436,.T.);
#1498 = ORIENTED_EDGE('',*,*,#1499,.T.);
#1499 = EDGE_CURVE('',#1428,#1500,#1502,.T.);
#1500 = VERTEX_POINT('',#1501);
#1501 = CARTESIAN_POINT('',(3.81,-5.5,6.174656089861));
#1502 = LINE('',#1503,#1504);
#1503 = CARTESIAN_POINT('',(3.81,-5.5,5.867496987947));
#1504 = VECTOR('',#1505,1.);
#1505 = DIRECTION('',(0.,0.,1.));
#1506 = ORIENTED_EDGE('',*,*,#1507,.T.);
#1507 = EDGE_CURVE('',#1500,#1508,#1510,.T.);
#1508 = VERTEX_POINT('',#1509);
#1509 = CARTESIAN_POINT('',(3.809999978252,-9.049999007307,
    6.174655847459));
#1510 = LINE('',#1511,#1512);
#1511 = CARTESIAN_POINT('',(3.81,-5.5,6.174656089861));
#1512 = VECTOR('',#1513,1.);
#1513 = DIRECTION('',(-6.276145367717E-09,-1.,-7.032713437509E-08));
#1514 = ORIENTED_EDGE('',*,*,#1515,.T.);
#1515 = EDGE_CURVE('',#1508,#1071,#1516,.T.);
#1516 = B_SPLINE_CURVE_WITH_KNOTS('',3,(#1517,#1518,#1519,#1520,#1521,
    #1522,#1523),.UNSPECIFIED.,.F.,.F.,(4,3,4),(0.,0.5,1.),
  .PIECEWISE_BEZIER_KNOTS.);
#1517 = CARTESIAN_POINT('',(3.80999995738,-9.049999520527,6.174655612286
    ));
#1518 = CARTESIAN_POINT('',(3.809999947731,-9.096206682744,6.12826466461
    ));
#1519 = CARTESIAN_POINT('',(3.810000004951,-9.140143533759,
    6.084134032874));
#1520 = CARTESIAN_POINT('',(3.809999998537,-9.181810073171,
    6.042263716965));
#1521 = CARTESIAN_POINT('',(3.809999992124,-9.223476612583,
    6.000393401055));
#1522 = CARTESIAN_POINT('',(3.80999991477,-9.262872828292,5.960783389536
    ));
#1523 = CARTESIAN_POINT('',(3.809999903434,-9.299999114803,
    5.923434074715));
#1524 = ORIENTED_EDGE('',*,*,#1068,.F.);
#1525 = ORIENTED_EDGE('',*,*,#1526,.T.);
#1526 = EDGE_CURVE('',#1069,#1476,#1527,.T.);
#1527 = B_SPLINE_CURVE_WITH_KNOTS('',3,(#1528,#1529,#1530,#1531,#1532,
    #1533,#1534),.UNSPECIFIED.,.F.,.F.,(4,3,4),(0.,0.5,1.),
  .PIECEWISE_BEZIER_KNOTS.);
#1528 = CARTESIAN_POINT('',(3.809999903434,-9.299999114803,
    3.736565925285));
#1529 = CARTESIAN_POINT('',(3.809999914788,-9.26281392193,3.699157350235
    ));
#1530 = CARTESIAN_POINT('',(3.809999992138,-9.22338821855,3.659517742867
    ));
#1531 = CARTESIAN_POINT('',(3.809999998557,-9.181721664253,
    3.617647441772));
#1532 = CARTESIAN_POINT('',(3.810000004975,-9.140055109956,
    3.575777140678));
#1533 = CARTESIAN_POINT('',(3.809999947743,-9.096147716573,
    3.531676134686));
#1534 = CARTESIAN_POINT('',(3.809999957381,-9.049999520536,
    3.485344387723));
#1535 = PLANE('',#1536);
#1536 = AXIS2_PLACEMENT_3D('',#1537,#1538,#1539);
#1537 = CARTESIAN_POINT('',(3.81,-5.5,3.485343910139));
#1538 = DIRECTION('',(1.,0.,0.));
#1539 = DIRECTION('',(0.,0.,1.));
#1540 = ADVANCED_FACE('',(#1541),#1553,.T.);
#1541 = FACE_BOUND('',#1542,.T.);
#1542 = EDGE_LOOP('',(#1543,#1544,#1545,#1552));
#1543 = ORIENTED_EDGE('',*,*,#1078,.F.);
#1544 = ORIENTED_EDGE('',*,*,#1515,.F.);
#1545 = ORIENTED_EDGE('',*,*,#1546,.T.);
#1546 = EDGE_CURVE('',#1508,#1476,#1547,.T.);
#1547 = CIRCLE('',#1548,1.35);
#1548 = AXIS2_PLACEMENT_3D('',#1549,#1550,#1551);
#1549 = CARTESIAN_POINT('',(3.69,-9.049998496079,4.83));
#1550 = DIRECTION('',(0.,-1.,0.));
#1551 = DIRECTION('',(8.888888888889E-02,0.,0.996041548045));
#1552 = ORIENTED_EDGE('',*,*,#1526,.F.);
#1553 = CONICAL_SURFACE('',#1554,1.224999393998,0.785399786289);
#1554 = AXIS2_PLACEMENT_3D('',#1555,#1556,#1557);
#1555 = CARTESIAN_POINT('',(3.69,-9.174999241333,4.83));
#1556 = DIRECTION('',(0.,1.,0.));
#1557 = DIRECTION('',(-1.,0.,-6.123233995737E-17));
#1558 = ADVANCED_FACE('',(#1559),#1571,.T.);
#1559 = FACE_BOUND('',#1560,.T.);
#1560 = EDGE_LOOP('',(#1561,#1562,#1569,#1570));
#1561 = ORIENTED_EDGE('',*,*,#1507,.F.);
#1562 = ORIENTED_EDGE('',*,*,#1563,.T.);
#1563 = EDGE_CURVE('',#1500,#1478,#1564,.T.);
#1564 = CIRCLE('',#1565,1.35);
#1565 = AXIS2_PLACEMENT_3D('',#1566,#1567,#1568);
#1566 = CARTESIAN_POINT('',(3.69,-5.5,4.83));
#1567 = DIRECTION('',(0.,-1.,0.));
#1568 = DIRECTION('',(8.888888888889E-02,0.,0.996041548045));
#1569 = ORIENTED_EDGE('',*,*,#1475,.F.);
#1570 = ORIENTED_EDGE('',*,*,#1546,.F.);
#1571 = CYLINDRICAL_SURFACE('',#1572,1.35);
#1572 = AXIS2_PLACEMENT_3D('',#1573,#1574,#1575);
#1573 = CARTESIAN_POINT('',(3.69,-5.5,4.83));
#1574 = DIRECTION('',(0.,-1.,0.));
#1575 = DIRECTION('',(-1.,0.,0.));
#1576 = ADVANCED_FACE('',(#1577),#1585,.F.);
#1577 = FACE_BOUND('',#1578,.F.);
#1578 = EDGE_LOOP('',(#1579,#1580,#1581,#1582,#1583,#1584));
#1579 = ORIENTED_EDGE('',*,*,#1275,.F.);
#1580 = ORIENTED_EDGE('',*,*,#1374,.T.);
#1581 = ORIENTED_EDGE('',*,*,#1492,.F.);
#1582 = ORIENTED_EDGE('',*,*,#1444,.T.);
#1583 = ORIENTED_EDGE('',*,*,#1224,.T.);
#1584 = ORIENTED_EDGE('',*,*,#1251,.T.);
#1585 = CYLINDRICAL_SURFACE('',#1586,0.25);
#1586 = AXIS2_PLACEMENT_3D('',#1587,#1588,#1589);
#1587 = CARTESIAN_POINT('',(4.06,-6.05,6.248621553843));
#1588 = DIRECTION('',(0.,0.,-1.));
#1589 = DIRECTION('',(-1.,0.,0.));
#1590 = ADVANCED_FACE('',(#1591,#1659,#1693,#1704),#1738,.F.);
#1591 = FACE_BOUND('',#1592,.T.);
#1592 = EDGE_LOOP('',(#1593,#1603,#1611,#1620,#1628,#1637,#1645,#1653));
#1593 = ORIENTED_EDGE('',*,*,#1594,.F.);
#1594 = EDGE_CURVE('',#1595,#1597,#1599,.T.);
#1595 = VERTEX_POINT('',#1596);
#1596 = CARTESIAN_POINT('',(-6.,5.5,0.));
#1597 = VERTEX_POINT('',#1598);
#1598 = CARTESIAN_POINT('',(-6.,-5.5,0.));
#1599 = LINE('',#1600,#1601);
#1600 = CARTESIAN_POINT('',(-6.,5.5,0.));
#1601 = VECTOR('',#1602,1.);
#1602 = DIRECTION('',(0.,-1.,0.));
#1603 = ORIENTED_EDGE('',*,*,#1604,.F.);
#1604 = EDGE_CURVE('',#1605,#1595,#1607,.T.);
#1605 = VERTEX_POINT('',#1606);
#1606 = CARTESIAN_POINT('',(-3.8,12.5,0.));
#1607 = LINE('',#1608,#1609);
#1608 = CARTESIAN_POINT('',(-3.8,12.5,0.));
#1609 = VECTOR('',#1610,1.);
#1610 = DIRECTION('',(-0.29982659674,-0.953993716901,0.));
#1611 = ORIENTED_EDGE('',*,*,#1612,.T.);
#1612 = EDGE_CURVE('',#1605,#1613,#1615,.T.);
#1613 = VERTEX_POINT('',#1614);
#1614 = CARTESIAN_POINT('',(-2.8,13.5,0.));
#1615 = CIRCLE('',#1616,1.);
#1616 = AXIS2_PLACEMENT_3D('',#1617,#1618,#1619);
#1617 = CARTESIAN_POINT('',(-2.8,12.5,0.));
#1618 = DIRECTION('',(0.,0.,-1.));
#1619 = DIRECTION('',(-1.,0.,0.));
#1620 = ORIENTED_EDGE('',*,*,#1621,.F.);
#1621 = EDGE_CURVE('',#1622,#1613,#1624,.T.);
#1622 = VERTEX_POINT('',#1623);
#1623 = CARTESIAN_POINT('',(2.8,13.5,0.));
#1624 = LINE('',#1625,#1626);
#1625 = CARTESIAN_POINT('',(2.8,13.5,0.));
#1626 = VECTOR('',#1627,1.);
#1627 = DIRECTION('',(-1.,0.,0.));
#1628 = ORIENTED_EDGE('',*,*,#1629,.T.);
#1629 = EDGE_CURVE('',#1622,#1630,#1632,.T.);
#1630 = VERTEX_POINT('',#1631);
#1631 = CARTESIAN_POINT('',(3.8,12.5,0.));
#1632 = CIRCLE('',#1633,1.);
#1633 = AXIS2_PLACEMENT_3D('',#1634,#1635,#1636);
#1634 = CARTESIAN_POINT('',(2.8,12.5,0.));
#1635 = DIRECTION('',(0.,0.,-1.));
#1636 = DIRECTION('',(0.,1.,0.));
#1637 = ORIENTED_EDGE('',*,*,#1638,.F.);
#1638 = EDGE_CURVE('',#1639,#1630,#1641,.T.);
#1639 = VERTEX_POINT('',#1640);
#1640 = CARTESIAN_POINT('',(6.,5.5,0.));
#1641 = LINE('',#1642,#1643);
#1642 = CARTESIAN_POINT('',(6.,5.5,0.));
#1643 = VECTOR('',#1644,1.);
#1644 = DIRECTION('',(-0.29982659674,0.953993716901,0.));
#1645 = ORIENTED_EDGE('',*,*,#1646,.F.);
#1646 = EDGE_CURVE('',#1647,#1639,#1649,.T.);
#1647 = VERTEX_POINT('',#1648);
#1648 = CARTESIAN_POINT('',(6.,-5.5,0.));
#1649 = LINE('',#1650,#1651);
#1650 = CARTESIAN_POINT('',(6.,-5.5,0.));
#1651 = VECTOR('',#1652,1.);
#1652 = DIRECTION('',(0.,1.,0.));
#1653 = ORIENTED_EDGE('',*,*,#1654,.T.);
#1654 = EDGE_CURVE('',#1647,#1597,#1655,.T.);
#1655 = LINE('',#1656,#1657);
#1656 = CARTESIAN_POINT('',(6.,-5.5,0.));
#1657 = VECTOR('',#1658,1.);
#1658 = DIRECTION('',(-1.,0.,0.));
#1659 = FACE_BOUND('',#1660,.T.);
#1660 = EDGE_LOOP('',(#1661,#1671,#1679,#1687));
#1661 = ORIENTED_EDGE('',*,*,#1662,.F.);
#1662 = EDGE_CURVE('',#1663,#1665,#1667,.T.);
#1663 = VERTEX_POINT('',#1664);
#1664 = CARTESIAN_POINT('',(3.,7.75,0.));
#1665 = VERTEX_POINT('',#1666);
#1666 = CARTESIAN_POINT('',(3.,5.5,0.));
#1667 = LINE('',#1668,#1669);
#1668 = CARTESIAN_POINT('',(3.,7.75,0.));
#1669 = VECTOR('',#1670,1.);
#1670 = DIRECTION('',(0.,-1.,0.));
#1671 = ORIENTED_EDGE('',*,*,#1672,.F.);
#1672 = EDGE_CURVE('',#1673,#1663,#1675,.T.);
#1673 = VERTEX_POINT('',#1674);
#1674 = CARTESIAN_POINT('',(-3.,7.75,0.));
#1675 = LINE('',#1676,#1677);
#1676 = CARTESIAN_POINT('',(-3.,7.75,0.));
#1677 = VECTOR('',#1678,1.);
#1678 = DIRECTION('',(1.,0.,0.));
#1679 = ORIENTED_EDGE('',*,*,#1680,.F.);
#1680 = EDGE_CURVE('',#1681,#1673,#1683,.T.);
#1681 = VERTEX_POINT('',#1682);
#1682 = CARTESIAN_POINT('',(-3.,5.5,0.));
#1683 = LINE('',#1684,#1685);
#1684 = CARTESIAN_POINT('',(-3.,5.5,0.));
#1685 = VECTOR('',#1686,1.);
#1686 = DIRECTION('',(0.,1.,0.));
#1687 = ORIENTED_EDGE('',*,*,#1688,.F.);
#1688 = EDGE_CURVE('',#1665,#1681,#1689,.T.);
#1689 = LINE('',#1690,#1691);
#1690 = CARTESIAN_POINT('',(3.,5.5,0.));
#1691 = VECTOR('',#1692,1.);
#1692 = DIRECTION('',(-1.,0.,0.));
#1693 = FACE_BOUND('',#1694,.T.);
#1694 = EDGE_LOOP('',(#1695));
#1695 = ORIENTED_EDGE('',*,*,#1696,.F.);
#1696 = EDGE_CURVE('',#1697,#1697,#1699,.T.);
#1697 = VERTEX_POINT('',#1698);
#1698 = CARTESIAN_POINT('',(2.000000817461,10.5,8.174645949044E-07));
#1699 = CIRCLE('',#1700,2.);
#1700 = AXIS2_PLACEMENT_3D('',#1701,#1702,#1703);
#1701 = CARTESIAN_POINT('',(0.,10.5,0.));
#1702 = DIRECTION('',(0.,0.,-1.));
#1703 = DIRECTION('',(1.,0.,0.));
#1704 = FACE_BOUND('',#1705,.T.);
#1705 = EDGE_LOOP('',(#1706,#1716,#1724,#1732));
#1706 = ORIENTED_EDGE('',*,*,#1707,.F.);
#1707 = EDGE_CURVE('',#1708,#1710,#1712,.T.);
#1708 = VERTEX_POINT('',#1709);
#1709 = CARTESIAN_POINT('',(-5.2,-3.8,0.));
#1710 = VERTEX_POINT('',#1711);
#1711 = CARTESIAN_POINT('',(-5.2,4.45,0.));
#1712 = LINE('',#1713,#1714);
#1713 = CARTESIAN_POINT('',(-5.2,-3.8,0.));
#1714 = VECTOR('',#1715,1.);
#1715 = DIRECTION('',(0.,1.,0.));
#1716 = ORIENTED_EDGE('',*,*,#1717,.T.);
#1717 = EDGE_CURVE('',#1708,#1718,#1720,.T.);
#1718 = VERTEX_POINT('',#1719);
#1719 = CARTESIAN_POINT('',(5.2,-3.8,0.));
#1720 = LINE('',#1721,#1722);
#1721 = CARTESIAN_POINT('',(-5.2,-3.8,0.));
#1722 = VECTOR('',#1723,1.);
#1723 = DIRECTION('',(1.,0.,0.));
#1724 = ORIENTED_EDGE('',*,*,#1725,.F.);
#1725 = EDGE_CURVE('',#1726,#1718,#1728,.T.);
#1726 = VERTEX_POINT('',#1727);
#1727 = CARTESIAN_POINT('',(5.2,4.45,0.));
#1728 = LINE('',#1729,#1730);
#1729 = CARTESIAN_POINT('',(5.2,4.45,0.));
#1730 = VECTOR('',#1731,1.);
#1731 = DIRECTION('',(0.,-1.,0.));
#1732 = ORIENTED_EDGE('',*,*,#1733,.T.);
#1733 = EDGE_CURVE('',#1726,#1710,#1734,.T.);
#1734 = LINE('',#1735,#1736);
#1735 = CARTESIAN_POINT('',(5.2,4.45,0.));
#1736 = VECTOR('',#1737,1.);
#1737 = DIRECTION('',(-1.,0.,0.));
#1738 = PLANE('',#1739);
#1739 = AXIS2_PLACEMENT_3D('',#1740,#1741,#1742);
#1740 = CARTESIAN_POINT('',(0.,0.,0.));
#1741 = DIRECTION('',(0.,0.,1.));
#1742 = DIRECTION('',(1.,0.,-0.));
#1743 = ADVANCED_FACE('',(#1744),#1769,.T.);
#1744 = FACE_BOUND('',#1745,.T.);
#1745 = EDGE_LOOP('',(#1746,#1754,#1762,#1768));
#1746 = ORIENTED_EDGE('',*,*,#1747,.T.);
#1747 = EDGE_CURVE('',#1681,#1748,#1750,.T.);
#1748 = VERTEX_POINT('',#1749);
#1749 = CARTESIAN_POINT('',(-3.,5.5,7.));
#1750 = LINE('',#1751,#1752);
#1751 = CARTESIAN_POINT('',(-3.,5.5,0.));
#1752 = VECTOR('',#1753,1.);
#1753 = DIRECTION('',(0.,0.,1.));
#1754 = ORIENTED_EDGE('',*,*,#1755,.F.);
#1755 = EDGE_CURVE('',#1756,#1748,#1758,.T.);
#1756 = VERTEX_POINT('',#1757);
#1757 = CARTESIAN_POINT('',(3.,5.5,7.));
#1758 = LINE('',#1759,#1760);
#1759 = CARTESIAN_POINT('',(3.,5.5,7.));
#1760 = VECTOR('',#1761,1.);
#1761 = DIRECTION('',(-1.,0.,0.));
#1762 = ORIENTED_EDGE('',*,*,#1763,.F.);
#1763 = EDGE_CURVE('',#1665,#1756,#1764,.T.);
#1764 = LINE('',#1765,#1766);
#1765 = CARTESIAN_POINT('',(3.,5.5,0.));
#1766 = VECTOR('',#1767,1.);
#1767 = DIRECTION('',(0.,0.,1.));
#1768 = ORIENTED_EDGE('',*,*,#1688,.T.);
#1769 = PLANE('',#1770);
#1770 = AXIS2_PLACEMENT_3D('',#1771,#1772,#1773);
#1771 = CARTESIAN_POINT('',(6.,5.5,0.));
#1772 = DIRECTION('',(0.,1.,0.));
#1773 = DIRECTION('',(-1.,0.,0.));
#1774 = ADVANCED_FACE('',(#1775),#1793,.F.);
#1775 = FACE_BOUND('',#1776,.T.);
#1776 = EDGE_LOOP('',(#1777,#1778,#1786,#1792));
#1777 = ORIENTED_EDGE('',*,*,#1763,.T.);
#1778 = ORIENTED_EDGE('',*,*,#1779,.F.);
#1779 = EDGE_CURVE('',#1780,#1756,#1782,.T.);
#1780 = VERTEX_POINT('',#1781);
#1781 = CARTESIAN_POINT('',(3.,7.75,7.));
#1782 = LINE('',#1783,#1784);
#1783 = CARTESIAN_POINT('',(3.,7.75,7.));
#1784 = VECTOR('',#1785,1.);
#1785 = DIRECTION('',(0.,-1.,0.));
#1786 = ORIENTED_EDGE('',*,*,#1787,.F.);
#1787 = EDGE_CURVE('',#1663,#1780,#1788,.T.);
#1788 = LINE('',#1789,#1790);
#1789 = CARTESIAN_POINT('',(3.,7.75,0.));
#1790 = VECTOR('',#1791,1.);
#1791 = DIRECTION('',(0.,0.,1.));
#1792 = ORIENTED_EDGE('',*,*,#1662,.T.);
#1793 = PLANE('',#1794);
#1794 = AXIS2_PLACEMENT_3D('',#1795,#1796,#1797);
#1795 = CARTESIAN_POINT('',(3.,7.75,0.));
#1796 = DIRECTION('',(1.,0.,0.));
#1797 = DIRECTION('',(0.,-1.,0.));
#1798 = ADVANCED_FACE('',(#1799),#1817,.F.);
#1799 = FACE_BOUND('',#1800,.T.);
#1800 = EDGE_LOOP('',(#1801,#1802,#1810,#1816));
#1801 = ORIENTED_EDGE('',*,*,#1787,.T.);
#1802 = ORIENTED_EDGE('',*,*,#1803,.F.);
#1803 = EDGE_CURVE('',#1804,#1780,#1806,.T.);
#1804 = VERTEX_POINT('',#1805);
#1805 = CARTESIAN_POINT('',(-3.,7.75,7.));
#1806 = LINE('',#1807,#1808);
#1807 = CARTESIAN_POINT('',(-3.,7.75,7.));
#1808 = VECTOR('',#1809,1.);
#1809 = DIRECTION('',(1.,0.,0.));
#1810 = ORIENTED_EDGE('',*,*,#1811,.F.);
#1811 = EDGE_CURVE('',#1673,#1804,#1812,.T.);
#1812 = LINE('',#1813,#1814);
#1813 = CARTESIAN_POINT('',(-3.,7.75,0.));
#1814 = VECTOR('',#1815,1.);
#1815 = DIRECTION('',(0.,0.,1.));
#1816 = ORIENTED_EDGE('',*,*,#1672,.T.);
#1817 = PLANE('',#1818);
#1818 = AXIS2_PLACEMENT_3D('',#1819,#1820,#1821);
#1819 = CARTESIAN_POINT('',(-3.,7.75,0.));
#1820 = DIRECTION('',(0.,1.,0.));
#1821 = DIRECTION('',(1.,0.,0.));
#1822 = ADVANCED_FACE('',(#1823),#1834,.F.);
#1823 = FACE_BOUND('',#1824,.T.);
#1824 = EDGE_LOOP('',(#1825,#1826,#1832,#1833));
#1825 = ORIENTED_EDGE('',*,*,#1811,.T.);
#1826 = ORIENTED_EDGE('',*,*,#1827,.F.);
#1827 = EDGE_CURVE('',#1748,#1804,#1828,.T.);
#1828 = LINE('',#1829,#1830);
#1829 = CARTESIAN_POINT('',(-3.,5.5,7.));
#1830 = VECTOR('',#1831,1.);
#1831 = DIRECTION('',(0.,1.,0.));
#1832 = ORIENTED_EDGE('',*,*,#1747,.F.);
#1833 = ORIENTED_EDGE('',*,*,#1680,.T.);
#1834 = PLANE('',#1835);
#1835 = AXIS2_PLACEMENT_3D('',#1836,#1837,#1838);
#1836 = CARTESIAN_POINT('',(-3.,5.25,0.));
#1837 = DIRECTION('',(-1.,0.,0.));
#1838 = DIRECTION('',(0.,1.,0.));
#1839 = ADVANCED_FACE('',(#1840),#1846,.T.);
#1840 = FACE_BOUND('',#1841,.T.);
#1841 = EDGE_LOOP('',(#1842,#1843,#1844,#1845));
#1842 = ORIENTED_EDGE('',*,*,#1827,.T.);
#1843 = ORIENTED_EDGE('',*,*,#1803,.T.);
#1844 = ORIENTED_EDGE('',*,*,#1779,.T.);
#1845 = ORIENTED_EDGE('',*,*,#1755,.T.);
#1846 = PLANE('',#1847);
#1847 = AXIS2_PLACEMENT_3D('',#1848,#1849,#1850);
#1848 = CARTESIAN_POINT('',(3.8,13.5,7.));
#1849 = DIRECTION('',(0.,0.,-1.));
#1850 = DIRECTION('',(-1.,0.,0.));
#1851 = ADVANCED_FACE('',(#1852),#1871,.F.);
#1852 = FACE_BOUND('',#1853,.F.);
#1853 = EDGE_LOOP('',(#1854,#1862,#1863,#1864));
#1854 = ORIENTED_EDGE('',*,*,#1855,.T.);
#1855 = EDGE_CURVE('',#1856,#1697,#1858,.T.);
#1856 = VERTEX_POINT('',#1857);
#1857 = CARTESIAN_POINT('',(1.249999182539,10.5,0.749999182535));
#1858 = LINE('',#1859,#1860);
#1859 = CARTESIAN_POINT('',(1.625,10.5,0.375));
#1860 = VECTOR('',#1861,1.);
#1861 = DIRECTION('',(0.707108322608,-8.659579439318E-17,-0.707105239762
    ));
#1862 = ORIENTED_EDGE('',*,*,#1696,.F.);
#1863 = ORIENTED_EDGE('',*,*,#1855,.F.);
#1864 = ORIENTED_EDGE('',*,*,#1865,.T.);
#1865 = EDGE_CURVE('',#1856,#1856,#1866,.T.);
#1866 = CIRCLE('',#1867,1.25);
#1867 = AXIS2_PLACEMENT_3D('',#1868,#1869,#1870);
#1868 = CARTESIAN_POINT('',(0.,10.5,0.75));
#1869 = DIRECTION('',(0.,0.,-1.));
#1870 = DIRECTION('',(-1.,0.,0.));
#1871 = CONICAL_SURFACE('',#1872,1.625,0.785400343298);
#1872 = AXIS2_PLACEMENT_3D('',#1873,#1874,#1875);
#1873 = CARTESIAN_POINT('',(0.,10.5,0.375));
#1874 = DIRECTION('',(0.,0.,-1.));
#1875 = DIRECTION('',(-1.,0.,0.));
#1876 = ADVANCED_FACE('',(#1877),#1896,.F.);
#1877 = FACE_BOUND('',#1878,.F.);
#1878 = EDGE_LOOP('',(#1879,#1887,#1888,#1889));
#1879 = ORIENTED_EDGE('',*,*,#1880,.T.);
#1880 = EDGE_CURVE('',#1881,#1856,#1883,.T.);
#1881 = VERTEX_POINT('',#1882);
#1882 = CARTESIAN_POINT('',(1.25,10.5,8.5));
#1883 = LINE('',#1884,#1885);
#1884 = CARTESIAN_POINT('',(1.25,10.5,0.));
#1885 = VECTOR('',#1886,1.);
#1886 = DIRECTION('',(0.,0.,-1.));
#1887 = ORIENTED_EDGE('',*,*,#1865,.F.);
#1888 = ORIENTED_EDGE('',*,*,#1880,.F.);
#1889 = ORIENTED_EDGE('',*,*,#1890,.T.);
#1890 = EDGE_CURVE('',#1881,#1881,#1891,.T.);
#1891 = CIRCLE('',#1892,1.25);
#1892 = AXIS2_PLACEMENT_3D('',#1893,#1894,#1895);
#1893 = CARTESIAN_POINT('',(0.,10.5,8.5));
#1894 = DIRECTION('',(0.,0.,-1.));
#1895 = DIRECTION('',(1.,0.,0.));
#1896 = CYLINDRICAL_SURFACE('',#1897,1.25);
#1897 = AXIS2_PLACEMENT_3D('',#1898,#1899,#1900);
#1898 = CARTESIAN_POINT('',(0.,10.5,0.));
#1899 = DIRECTION('',(0.,0.,-1.));
#1900 = DIRECTION('',(-1.,0.,0.));
#1901 = ADVANCED_FACE('',(#1902,#1936),#1939,.T.);
#1902 = FACE_BOUND('',#1903,.T.);
#1903 = EDGE_LOOP('',(#1904,#1914,#1922,#1930));
#1904 = ORIENTED_EDGE('',*,*,#1905,.T.);
#1905 = EDGE_CURVE('',#1906,#1908,#1910,.T.);
#1906 = VERTEX_POINT('',#1907);
#1907 = CARTESIAN_POINT('',(2.8,12.5,8.5));
#1908 = VERTEX_POINT('',#1909);
#1909 = CARTESIAN_POINT('',(-2.8,12.5,8.5));
#1910 = LINE('',#1911,#1912);
#1911 = CARTESIAN_POINT('',(2.8,12.5,8.5));
#1912 = VECTOR('',#1913,1.);
#1913 = DIRECTION('',(-1.,0.,0.));
#1914 = ORIENTED_EDGE('',*,*,#1915,.T.);
#1915 = EDGE_CURVE('',#1908,#1916,#1918,.T.);
#1916 = VERTEX_POINT('',#1917);
#1917 = CARTESIAN_POINT('',(-2.8,5.5,8.5));
#1918 = LINE('',#1919,#1920);
#1919 = CARTESIAN_POINT('',(-2.8,12.5,8.5));
#1920 = VECTOR('',#1921,1.);
#1921 = DIRECTION('',(0.,-1.,0.));
#1922 = ORIENTED_EDGE('',*,*,#1923,.T.);
#1923 = EDGE_CURVE('',#1916,#1924,#1926,.T.);
#1924 = VERTEX_POINT('',#1925);
#1925 = CARTESIAN_POINT('',(2.8,5.5,8.5));
#1926 = LINE('',#1927,#1928);
#1927 = CARTESIAN_POINT('',(-2.8,5.5,8.5));
#1928 = VECTOR('',#1929,1.);
#1929 = DIRECTION('',(1.,0.,0.));
#1930 = ORIENTED_EDGE('',*,*,#1931,.T.);
#1931 = EDGE_CURVE('',#1924,#1906,#1932,.T.);
#1932 = LINE('',#1933,#1934);
#1933 = CARTESIAN_POINT('',(2.8,5.5,8.5));
#1934 = VECTOR('',#1935,1.);
#1935 = DIRECTION('',(0.,1.,0.));
#1936 = FACE_BOUND('',#1937,.T.);
#1937 = EDGE_LOOP('',(#1938));
#1938 = ORIENTED_EDGE('',*,*,#1890,.T.);
#1939 = PLANE('',#1940);
#1940 = AXIS2_PLACEMENT_3D('',#1941,#1942,#1943);
#1941 = CARTESIAN_POINT('',(0.,0.,8.5));
#1942 = DIRECTION('',(0.,0.,1.));
#1943 = DIRECTION('',(1.,0.,-0.));
#1944 = ADVANCED_FACE('',(#1945),#1972,.T.);
#1945 = FACE_BOUND('',#1946,.T.);
#1946 = EDGE_LOOP('',(#1947,#1956,#1964,#1971));
#1947 = ORIENTED_EDGE('',*,*,#1948,.F.);
#1948 = EDGE_CURVE('',#1949,#1924,#1951,.T.);
#1949 = VERTEX_POINT('',#1950);
#1950 = CARTESIAN_POINT('',(3.8,5.5,7.5));
#1951 = CIRCLE('',#1952,1.);
#1952 = AXIS2_PLACEMENT_3D('',#1953,#1954,#1955);
#1953 = CARTESIAN_POINT('',(2.8,5.5,7.5));
#1954 = DIRECTION('',(0.,-1.,0.));
#1955 = DIRECTION('',(1.,0.,0.));
#1956 = ORIENTED_EDGE('',*,*,#1957,.T.);
#1957 = EDGE_CURVE('',#1949,#1958,#1960,.T.);
#1958 = VERTEX_POINT('',#1959);
#1959 = CARTESIAN_POINT('',(3.8,12.5,7.5));
#1960 = LINE('',#1961,#1962);
#1961 = CARTESIAN_POINT('',(3.8,5.5,7.5));
#1962 = VECTOR('',#1963,1.);
#1963 = DIRECTION('',(0.,1.,0.));
#1964 = ORIENTED_EDGE('',*,*,#1965,.F.);
#1965 = EDGE_CURVE('',#1906,#1958,#1966,.T.);
#1966 = CIRCLE('',#1967,1.);
#1967 = AXIS2_PLACEMENT_3D('',#1968,#1969,#1970);
#1968 = CARTESIAN_POINT('',(2.8,12.5,7.5));
#1969 = DIRECTION('',(0.,1.,0.));
#1970 = DIRECTION('',(0.,-0.,1.));
#1971 = ORIENTED_EDGE('',*,*,#1931,.F.);
#1972 = CYLINDRICAL_SURFACE('',#1973,1.);
#1973 = AXIS2_PLACEMENT_3D('',#1974,#1975,#1976);
#1974 = CARTESIAN_POINT('',(2.8,5.483993123444,7.5));
#1975 = DIRECTION('',(0.,1.,0.));
#1976 = DIRECTION('',(0.,-0.,1.));
#1977 = ADVANCED_FACE('',(#1978),#1997,.T.);
#1978 = FACE_BOUND('',#1979,.T.);
#1979 = EDGE_LOOP('',(#1980,#1989,#1990));
#1980 = ORIENTED_EDGE('',*,*,#1981,.F.);
#1981 = EDGE_CURVE('',#1906,#1982,#1984,.T.);
#1982 = VERTEX_POINT('',#1983);
#1983 = CARTESIAN_POINT('',(2.8,13.5,7.5));
#1984 = CIRCLE('',#1985,1.);
#1985 = AXIS2_PLACEMENT_3D('',#1986,#1987,#1988);
#1986 = CARTESIAN_POINT('',(2.8,12.5,7.5));
#1987 = DIRECTION('',(-1.,0.,0.));
#1988 = DIRECTION('',(0.,0.,1.));
#1989 = ORIENTED_EDGE('',*,*,#1965,.T.);
#1990 = ORIENTED_EDGE('',*,*,#1991,.F.);
#1991 = EDGE_CURVE('',#1982,#1958,#1992,.T.);
#1992 = CIRCLE('',#1993,1.);
#1993 = AXIS2_PLACEMENT_3D('',#1994,#1995,#1996);
#1994 = CARTESIAN_POINT('',(2.8,12.5,7.5));
#1995 = DIRECTION('',(0.,0.,-1.));
#1996 = DIRECTION('',(0.,1.,0.));
#1997 = SPHERICAL_SURFACE('',#1998,1.);
#1998 = AXIS2_PLACEMENT_3D('',#1999,#2000,#2001);
#1999 = CARTESIAN_POINT('',(2.8,12.5,7.5));
#2000 = DIRECTION('',(0.,0.707106781187,-0.707106781187));
#2001 = DIRECTION('',(0.,0.707106781187,0.707106781187));
#2002 = ADVANCED_FACE('',(#2003),#2027,.T.);
#2003 = FACE_BOUND('',#2004,.T.);
#2004 = EDGE_LOOP('',(#2005,#2006,#2012,#2013,#2021));
#2005 = ORIENTED_EDGE('',*,*,#1629,.F.);
#2006 = ORIENTED_EDGE('',*,*,#2007,.F.);
#2007 = EDGE_CURVE('',#1982,#1622,#2008,.T.);
#2008 = LINE('',#2009,#2010);
#2009 = CARTESIAN_POINT('',(2.8,13.5,7.5));
#2010 = VECTOR('',#2011,1.);
#2011 = DIRECTION('',(0.,0.,-1.));
#2012 = ORIENTED_EDGE('',*,*,#1991,.T.);
#2013 = ORIENTED_EDGE('',*,*,#2014,.T.);
#2014 = EDGE_CURVE('',#1958,#2015,#2017,.T.);
#2015 = VERTEX_POINT('',#2016);
#2016 = CARTESIAN_POINT('',(3.8,12.5,1.6));
#2017 = LINE('',#2018,#2019);
#2018 = CARTESIAN_POINT('',(3.8,12.5,7.5));
#2019 = VECTOR('',#2020,1.);
#2020 = DIRECTION('',(0.,0.,-1.));
#2021 = ORIENTED_EDGE('',*,*,#2022,.F.);
#2022 = EDGE_CURVE('',#1630,#2015,#2023,.T.);
#2023 = LINE('',#2024,#2025);
#2024 = CARTESIAN_POINT('',(3.8,12.5,0.));
#2025 = VECTOR('',#2026,1.);
#2026 = DIRECTION('',(0.,0.,1.));
#2027 = CYLINDRICAL_SURFACE('',#2028,1.);
#2028 = AXIS2_PLACEMENT_3D('',#2029,#2030,#2031);
#2029 = CARTESIAN_POINT('',(2.8,12.5,8.51660934752));
#2030 = DIRECTION('',(0.,0.,-1.));
#2031 = DIRECTION('',(0.,1.,0.));
#2032 = ADVANCED_FACE('',(#2033),#2051,.T.);
#2033 = FACE_BOUND('',#2034,.T.);
#2034 = EDGE_LOOP('',(#2035,#2036,#2037,#2045));
#2035 = ORIENTED_EDGE('',*,*,#1638,.T.);
#2036 = ORIENTED_EDGE('',*,*,#2022,.T.);
#2037 = ORIENTED_EDGE('',*,*,#2038,.F.);
#2038 = EDGE_CURVE('',#2039,#2015,#2041,.T.);
#2039 = VERTEX_POINT('',#2040);
#2040 = CARTESIAN_POINT('',(6.,5.5,1.6));
#2041 = LINE('',#2042,#2043);
#2042 = CARTESIAN_POINT('',(6.,5.5,1.6));
#2043 = VECTOR('',#2044,1.);
#2044 = DIRECTION('',(-0.29982659674,0.953993716901,0.));
#2045 = ORIENTED_EDGE('',*,*,#2046,.F.);
#2046 = EDGE_CURVE('',#1639,#2039,#2047,.T.);
#2047 = LINE('',#2048,#2049);
#2048 = CARTESIAN_POINT('',(6.,5.5,0.));
#2049 = VECTOR('',#2050,1.);
#2050 = DIRECTION('',(0.,0.,1.));
#2051 = PLANE('',#2052);
#2052 = AXIS2_PLACEMENT_3D('',#2053,#2054,#2055);
#2053 = CARTESIAN_POINT('',(6.,5.5,0.));
#2054 = DIRECTION('',(0.953993716901,0.29982659674,0.));
#2055 = DIRECTION('',(-0.29982659674,0.953993716901,0.));
#2056 = ADVANCED_FACE('',(#2057),#2115,.T.);
#2057 = FACE_BOUND('',#2058,.T.);
#2058 = EDGE_LOOP('',(#2059,#2069,#2077,#2083,#2084,#2085,#2093,#2101,
    #2109));
#2059 = ORIENTED_EDGE('',*,*,#2060,.T.);
#2060 = EDGE_CURVE('',#2061,#2063,#2065,.T.);
#2061 = VERTEX_POINT('',#2062);
#2062 = CARTESIAN_POINT('',(6.,-4.25,7.3));
#2063 = VERTEX_POINT('',#2064);
#2064 = CARTESIAN_POINT('',(6.,-4.25,12.));
#2065 = LINE('',#2066,#2067);
#2066 = CARTESIAN_POINT('',(6.,-4.25,7.3));
#2067 = VECTOR('',#2068,1.);
#2068 = DIRECTION('',(0.,0.,1.));
#2069 = ORIENTED_EDGE('',*,*,#2070,.F.);
#2070 = EDGE_CURVE('',#2071,#2063,#2073,.T.);
#2071 = VERTEX_POINT('',#2072);
#2072 = CARTESIAN_POINT('',(6.,-5.5,12.));
#2073 = LINE('',#2074,#2075);
#2074 = CARTESIAN_POINT('',(6.,-5.5,12.));
#2075 = VECTOR('',#2076,1.);
#2076 = DIRECTION('',(0.,1.,0.));
#2077 = ORIENTED_EDGE('',*,*,#2078,.F.);
#2078 = EDGE_CURVE('',#1647,#2071,#2079,.T.);
#2079 = LINE('',#2080,#2081);
#2080 = CARTESIAN_POINT('',(6.,-5.5,0.));
#2081 = VECTOR('',#2082,1.);
#2082 = DIRECTION('',(0.,0.,1.));
#2083 = ORIENTED_EDGE('',*,*,#1646,.T.);
#2084 = ORIENTED_EDGE('',*,*,#2046,.T.);
#2085 = ORIENTED_EDGE('',*,*,#2086,.T.);
#2086 = EDGE_CURVE('',#2039,#2087,#2089,.T.);
#2087 = VERTEX_POINT('',#2088);
#2088 = CARTESIAN_POINT('',(6.,5.5,12.));
#2089 = LINE('',#2090,#2091);
#2090 = CARTESIAN_POINT('',(6.,5.5,1.6));
#2091 = VECTOR('',#2092,1.);
#2092 = DIRECTION('',(0.,0.,1.));
#2093 = ORIENTED_EDGE('',*,*,#2094,.F.);
#2094 = EDGE_CURVE('',#2095,#2087,#2097,.T.);
#2095 = VERTEX_POINT('',#2096);
#2096 = CARTESIAN_POINT('',(6.,4.45,12.));
#2097 = LINE('',#2098,#2099);
#2098 = CARTESIAN_POINT('',(6.,4.45,12.));
#2099 = VECTOR('',#2100,1.);
#2100 = DIRECTION('',(0.,1.,0.));
#2101 = ORIENTED_EDGE('',*,*,#2102,.T.);
#2102 = EDGE_CURVE('',#2095,#2103,#2105,.T.);
#2103 = VERTEX_POINT('',#2104);
#2104 = CARTESIAN_POINT('',(6.,4.45,7.3));
#2105 = LINE('',#2106,#2107);
#2106 = CARTESIAN_POINT('',(6.,4.45,12.));
#2107 = VECTOR('',#2108,1.);
#2108 = DIRECTION('',(0.,0.,-1.));
#2109 = ORIENTED_EDGE('',*,*,#2110,.T.);
#2110 = EDGE_CURVE('',#2103,#2061,#2111,.T.);
#2111 = LINE('',#2112,#2113);
#2112 = CARTESIAN_POINT('',(6.,4.45,7.3));
#2113 = VECTOR('',#2114,1.);
#2114 = DIRECTION('',(0.,-1.,0.));
#2115 = PLANE('',#2116);
#2116 = AXIS2_PLACEMENT_3D('',#2117,#2118,#2119);
#2117 = CARTESIAN_POINT('',(6.,-5.5,0.));
#2118 = DIRECTION('',(1.,0.,0.));
#2119 = DIRECTION('',(-0.,1.,0.));
#2120 = ADVANCED_FACE('',(#2121),#2178,.F.);
#2121 = FACE_BOUND('',#2122,.T.);
#2122 = EDGE_LOOP('',(#2123,#2131,#2132,#2140,#2148,#2156,#2164,#2172));
#2123 = ORIENTED_EDGE('',*,*,#2124,.F.);
#2124 = EDGE_CURVE('',#2061,#2125,#2127,.T.);
#2125 = VERTEX_POINT('',#2126);
#2126 = CARTESIAN_POINT('',(5.,-4.25,7.3));
#2127 = LINE('',#2128,#2129);
#2128 = CARTESIAN_POINT('',(6.,-4.25,7.3));
#2129 = VECTOR('',#2130,1.);
#2130 = DIRECTION('',(-1.,0.,0.));
#2131 = ORIENTED_EDGE('',*,*,#2110,.F.);
#2132 = ORIENTED_EDGE('',*,*,#2133,.T.);
#2133 = EDGE_CURVE('',#2103,#2134,#2136,.T.);
#2134 = VERTEX_POINT('',#2135);
#2135 = CARTESIAN_POINT('',(5.,4.45,7.3));
#2136 = LINE('',#2137,#2138);
#2137 = CARTESIAN_POINT('',(6.,4.45,7.3));
#2138 = VECTOR('',#2139,1.);
#2139 = DIRECTION('',(-1.,0.,0.));
#2140 = ORIENTED_EDGE('',*,*,#2141,.F.);
#2141 = EDGE_CURVE('',#2142,#2134,#2144,.T.);
#2142 = VERTEX_POINT('',#2143);
#2143 = CARTESIAN_POINT('',(5.,1.96,7.3));
#2144 = LINE('',#2145,#2146);
#2145 = CARTESIAN_POINT('',(5.,1.96,7.3));
#2146 = VECTOR('',#2147,1.);
#2147 = DIRECTION('',(0.,1.,0.));
#2148 = ORIENTED_EDGE('',*,*,#2149,.F.);
#2149 = EDGE_CURVE('',#2150,#2142,#2152,.T.);
#2150 = VERTEX_POINT('',#2151);
#2151 = CARTESIAN_POINT('',(5.5,1.96,7.3));
#2152 = LINE('',#2153,#2154);
#2153 = CARTESIAN_POINT('',(5.5,1.96,7.3));
#2154 = VECTOR('',#2155,1.);
#2155 = DIRECTION('',(-1.,0.,0.));
#2156 = ORIENTED_EDGE('',*,*,#2157,.F.);
#2157 = EDGE_CURVE('',#2158,#2150,#2160,.T.);
#2158 = VERTEX_POINT('',#2159);
#2159 = CARTESIAN_POINT('',(5.5,-0.84,7.3));
#2160 = LINE('',#2161,#2162);
#2161 = CARTESIAN_POINT('',(5.5,-0.84,7.3));
#2162 = VECTOR('',#2163,1.);
#2163 = DIRECTION('',(0.,1.,0.));
#2164 = ORIENTED_EDGE('',*,*,#2165,.F.);
#2165 = EDGE_CURVE('',#2166,#2158,#2168,.T.);
#2166 = VERTEX_POINT('',#2167);
#2167 = CARTESIAN_POINT('',(5.,-0.84,7.3));
#2168 = LINE('',#2169,#2170);
#2169 = CARTESIAN_POINT('',(5.,-0.84,7.3));
#2170 = VECTOR('',#2171,1.);
#2171 = DIRECTION('',(1.,0.,0.));
#2172 = ORIENTED_EDGE('',*,*,#2173,.F.);
#2173 = EDGE_CURVE('',#2125,#2166,#2174,.T.);
#2174 = LINE('',#2175,#2176);
#2175 = CARTESIAN_POINT('',(5.,-4.25,7.3));
#2176 = VECTOR('',#2177,1.);
#2177 = DIRECTION('',(0.,1.,0.));
#2178 = PLANE('',#2179);
#2179 = AXIS2_PLACEMENT_3D('',#2180,#2181,#2182);
#2180 = CARTESIAN_POINT('',(6.,5.5,7.3));
#2181 = DIRECTION('',(0.,0.,-1.));
#2182 = DIRECTION('',(-1.,0.,0.));
#2183 = ADVANCED_FACE('',(#2184),#2209,.T.);
#2184 = FACE_BOUND('',#2185,.T.);
#2185 = EDGE_LOOP('',(#2186,#2194,#2195,#2203));
#2186 = ORIENTED_EDGE('',*,*,#2187,.F.);
#2187 = EDGE_CURVE('',#2125,#2188,#2190,.T.);
#2188 = VERTEX_POINT('',#2189);
#2189 = CARTESIAN_POINT('',(5.,-4.25,8.17));
#2190 = LINE('',#2191,#2192);
#2191 = CARTESIAN_POINT('',(5.,-4.25,7.3));
#2192 = VECTOR('',#2193,1.);
#2193 = DIRECTION('',(0.,0.,1.));
#2194 = ORIENTED_EDGE('',*,*,#2173,.T.);
#2195 = ORIENTED_EDGE('',*,*,#2196,.T.);
#2196 = EDGE_CURVE('',#2166,#2197,#2199,.T.);
#2197 = VERTEX_POINT('',#2198);
#2198 = CARTESIAN_POINT('',(5.,-0.84,8.17));
#2199 = LINE('',#2200,#2201);
#2200 = CARTESIAN_POINT('',(5.,-0.84,7.3));
#2201 = VECTOR('',#2202,1.);
#2202 = DIRECTION('',(0.,0.,1.));
#2203 = ORIENTED_EDGE('',*,*,#2204,.F.);
#2204 = EDGE_CURVE('',#2188,#2197,#2205,.T.);
#2205 = LINE('',#2206,#2207);
#2206 = CARTESIAN_POINT('',(5.,-4.25,8.17));
#2207 = VECTOR('',#2208,1.);
#2208 = DIRECTION('',(0.,1.,0.));
#2209 = PLANE('',#2210);
#2210 = AXIS2_PLACEMENT_3D('',#2211,#2212,#2213);
#2211 = CARTESIAN_POINT('',(5.,5.5,0.));
#2212 = DIRECTION('',(1.,0.,0.));
#2213 = DIRECTION('',(0.,0.,-1.));
#2214 = ADVANCED_FACE('',(#2215),#2240,.T.);
#2215 = FACE_BOUND('',#2216,.T.);
#2216 = EDGE_LOOP('',(#2217,#2225,#2226,#2234));
#2217 = ORIENTED_EDGE('',*,*,#2218,.T.);
#2218 = EDGE_CURVE('',#2219,#2142,#2221,.T.);
#2219 = VERTEX_POINT('',#2220);
#2220 = CARTESIAN_POINT('',(5.,1.96,8.17));
#2221 = LINE('',#2222,#2223);
#2222 = CARTESIAN_POINT('',(5.,1.96,8.17));
#2223 = VECTOR('',#2224,1.);
#2224 = DIRECTION('',(0.,0.,-1.));
#2225 = ORIENTED_EDGE('',*,*,#2141,.T.);
#2226 = ORIENTED_EDGE('',*,*,#2227,.T.);
#2227 = EDGE_CURVE('',#2134,#2228,#2230,.T.);
#2228 = VERTEX_POINT('',#2229);
#2229 = CARTESIAN_POINT('',(5.,4.45,8.17));
#2230 = LINE('',#2231,#2232);
#2231 = CARTESIAN_POINT('',(5.,4.45,7.3));
#2232 = VECTOR('',#2233,1.);
#2233 = DIRECTION('',(0.,0.,1.));
#2234 = ORIENTED_EDGE('',*,*,#2235,.F.);
#2235 = EDGE_CURVE('',#2219,#2228,#2236,.T.);
#2236 = LINE('',#2237,#2238);
#2237 = CARTESIAN_POINT('',(5.,1.96,8.17));
#2238 = VECTOR('',#2239,1.);
#2239 = DIRECTION('',(0.,1.,0.));
#2240 = PLANE('',#2241);
#2241 = AXIS2_PLACEMENT_3D('',#2242,#2243,#2244);
#2242 = CARTESIAN_POINT('',(5.,5.5,0.));
#2243 = DIRECTION('',(1.,0.,0.));
#2244 = DIRECTION('',(0.,0.,-1.));
#2245 = ADVANCED_FACE('',(#2246),#2271,.F.);
#2246 = FACE_BOUND('',#2247,.T.);
#2247 = EDGE_LOOP('',(#2248,#2258,#2264,#2265));
#2248 = ORIENTED_EDGE('',*,*,#2249,.T.);
#2249 = EDGE_CURVE('',#2250,#2252,#2254,.T.);
#2250 = VERTEX_POINT('',#2251);
#2251 = CARTESIAN_POINT('',(4.2,-0.84,8.97));
#2252 = VERTEX_POINT('',#2253);
#2253 = CARTESIAN_POINT('',(4.2,-4.25,8.97));
#2254 = LINE('',#2255,#2256);
#2255 = CARTESIAN_POINT('',(4.2,-0.84,8.97));
#2256 = VECTOR('',#2257,1.);
#2257 = DIRECTION('',(0.,-1.,0.));
#2258 = ORIENTED_EDGE('',*,*,#2259,.T.);
#2259 = EDGE_CURVE('',#2252,#2188,#2260,.T.);
#2260 = LINE('',#2261,#2262);
#2261 = CARTESIAN_POINT('',(4.2,-4.25,8.97));
#2262 = VECTOR('',#2263,1.);
#2263 = DIRECTION('',(0.707106781187,0.,-0.707106781187));
#2264 = ORIENTED_EDGE('',*,*,#2204,.T.);
#2265 = ORIENTED_EDGE('',*,*,#2266,.T.);
#2266 = EDGE_CURVE('',#2197,#2250,#2267,.T.);
#2267 = LINE('',#2268,#2269);
#2268 = CARTESIAN_POINT('',(5.,-0.84,8.17));
#2269 = VECTOR('',#2270,1.);
#2270 = DIRECTION('',(-0.707106781187,0.,0.707106781187));
#2271 = PLANE('',#2272);
#2272 = AXIS2_PLACEMENT_3D('',#2273,#2274,#2275);
#2273 = CARTESIAN_POINT('',(4.2,-4.25,8.97));
#2274 = DIRECTION('',(-0.707106781187,0.,-0.707106781187));
#2275 = DIRECTION('',(0.707106781187,0.,-0.707106781187));
#2276 = ADVANCED_FACE('',(#2277),#2302,.F.);
#2277 = FACE_BOUND('',#2278,.T.);
#2278 = EDGE_LOOP('',(#2279,#2280,#2288,#2296));
#2279 = ORIENTED_EDGE('',*,*,#2235,.T.);
#2280 = ORIENTED_EDGE('',*,*,#2281,.F.);
#2281 = EDGE_CURVE('',#2282,#2228,#2284,.T.);
#2282 = VERTEX_POINT('',#2283);
#2283 = CARTESIAN_POINT('',(4.2,4.45,8.97));
#2284 = LINE('',#2285,#2286);
#2285 = CARTESIAN_POINT('',(4.2,4.45,8.97));
#2286 = VECTOR('',#2287,1.);
#2287 = DIRECTION('',(0.707106781187,0.,-0.707106781187));
#2288 = ORIENTED_EDGE('',*,*,#2289,.T.);
#2289 = EDGE_CURVE('',#2282,#2290,#2292,.T.);
#2290 = VERTEX_POINT('',#2291);
#2291 = CARTESIAN_POINT('',(4.2,1.96,8.97));
#2292 = LINE('',#2293,#2294);
#2293 = CARTESIAN_POINT('',(4.2,4.45,8.97));
#2294 = VECTOR('',#2295,1.);
#2295 = DIRECTION('',(0.,-1.,0.));
#2296 = ORIENTED_EDGE('',*,*,#2297,.T.);
#2297 = EDGE_CURVE('',#2290,#2219,#2298,.T.);
#2298 = LINE('',#2299,#2300);
#2299 = CARTESIAN_POINT('',(4.2,1.96,8.97));
#2300 = VECTOR('',#2301,1.);
#2301 = DIRECTION('',(0.707106781187,0.,-0.707106781187));
#2302 = PLANE('',#2303);
#2303 = AXIS2_PLACEMENT_3D('',#2304,#2305,#2306);
#2304 = CARTESIAN_POINT('',(4.2,-4.25,8.97));
#2305 = DIRECTION('',(-0.707106781187,0.,-0.707106781187));
#2306 = DIRECTION('',(0.707106781187,0.,-0.707106781187));
#2307 = ADVANCED_FACE('',(#2308),#2391,.F.);
#2308 = FACE_BOUND('',#2309,.T.);
#2309 = EDGE_LOOP('',(#2310,#2311,#2312,#2313,#2321,#2329,#2337,#2345,
    #2353,#2361,#2369,#2377,#2385));
#2310 = ORIENTED_EDGE('',*,*,#2266,.F.);
#2311 = ORIENTED_EDGE('',*,*,#2196,.F.);
#2312 = ORIENTED_EDGE('',*,*,#2165,.T.);
#2313 = ORIENTED_EDGE('',*,*,#2314,.T.);
#2314 = EDGE_CURVE('',#2158,#2315,#2317,.T.);
#2315 = VERTEX_POINT('',#2316);
#2316 = CARTESIAN_POINT('',(5.5,-0.84,3.));
#2317 = LINE('',#2318,#2319);
#2318 = CARTESIAN_POINT('',(5.5,-0.84,7.3));
#2319 = VECTOR('',#2320,1.);
#2320 = DIRECTION('',(0.,0.,-1.));
#2321 = ORIENTED_EDGE('',*,*,#2322,.F.);
#2322 = EDGE_CURVE('',#2323,#2315,#2325,.T.);
#2323 = VERTEX_POINT('',#2324);
#2324 = CARTESIAN_POINT('',(5.2,-0.84,3.));
#2325 = LINE('',#2326,#2327);
#2326 = CARTESIAN_POINT('',(5.2,-0.84,3.));
#2327 = VECTOR('',#2328,1.);
#2328 = DIRECTION('',(1.,0.,0.));
#2329 = ORIENTED_EDGE('',*,*,#2330,.F.);
#2330 = EDGE_CURVE('',#2331,#2323,#2333,.T.);
#2331 = VERTEX_POINT('',#2332);
#2332 = CARTESIAN_POINT('',(5.2,-0.84,6.));
#2333 = LINE('',#2334,#2335);
#2334 = CARTESIAN_POINT('',(5.2,-0.84,6.));
#2335 = VECTOR('',#2336,1.);
#2336 = DIRECTION('',(0.,0.,-1.));
#2337 = ORIENTED_EDGE('',*,*,#2338,.F.);
#2338 = EDGE_CURVE('',#2339,#2331,#2341,.T.);
#2339 = VERTEX_POINT('',#2340);
#2340 = CARTESIAN_POINT('',(4.4,-0.84,6.));
#2341 = LINE('',#2342,#2343);
#2342 = CARTESIAN_POINT('',(4.4,-0.84,6.));
#2343 = VECTOR('',#2344,1.);
#2344 = DIRECTION('',(1.,0.,0.));
#2345 = ORIENTED_EDGE('',*,*,#2346,.F.);
#2346 = EDGE_CURVE('',#2347,#2339,#2349,.T.);
#2347 = VERTEX_POINT('',#2348);
#2348 = CARTESIAN_POINT('',(4.4,-0.84,6.5));
#2349 = LINE('',#2350,#2351);
#2350 = CARTESIAN_POINT('',(4.4,-0.84,6.5));
#2351 = VECTOR('',#2352,1.);
#2352 = DIRECTION('',(0.,0.,-1.));
#2353 = ORIENTED_EDGE('',*,*,#2354,.T.);
#2354 = EDGE_CURVE('',#2347,#2355,#2357,.T.);
#2355 = VERTEX_POINT('',#2356);
#2356 = CARTESIAN_POINT('',(4.025,-0.84,6.5));
#2357 = LINE('',#2358,#2359);
#2358 = CARTESIAN_POINT('',(4.4,-0.84,6.5));
#2359 = VECTOR('',#2360,1.);
#2360 = DIRECTION('',(-1.,0.,0.));
#2361 = ORIENTED_EDGE('',*,*,#2362,.T.);
#2362 = EDGE_CURVE('',#2355,#2363,#2365,.T.);
#2363 = VERTEX_POINT('',#2364);
#2364 = CARTESIAN_POINT('',(4.025,-0.84,7.07));
#2365 = LINE('',#2366,#2367);
#2366 = CARTESIAN_POINT('',(4.025,-0.84,6.5));
#2367 = VECTOR('',#2368,1.);
#2368 = DIRECTION('',(0.,0.,1.));
#2369 = ORIENTED_EDGE('',*,*,#2370,.F.);
#2370 = EDGE_CURVE('',#2371,#2363,#2373,.T.);
#2371 = VERTEX_POINT('',#2372);
#2372 = CARTESIAN_POINT('',(4.525,-0.84,7.07));
#2373 = LINE('',#2374,#2375);
#2374 = CARTESIAN_POINT('',(4.525,-0.84,7.07));
#2375 = VECTOR('',#2376,1.);
#2376 = DIRECTION('',(-1.,0.,0.));
#2377 = ORIENTED_EDGE('',*,*,#2378,.F.);
#2378 = EDGE_CURVE('',#2379,#2371,#2381,.T.);
#2379 = VERTEX_POINT('',#2380);
#2380 = CARTESIAN_POINT('',(4.525,-0.84,7.57));
#2381 = LINE('',#2382,#2383);
#2382 = CARTESIAN_POINT('',(4.525,-0.84,7.57));
#2383 = VECTOR('',#2384,1.);
#2384 = DIRECTION('',(0.,0.,-1.));
#2385 = ORIENTED_EDGE('',*,*,#2386,.T.);
#2386 = EDGE_CURVE('',#2379,#2250,#2387,.T.);
#2387 = LINE('',#2388,#2389);
#2388 = CARTESIAN_POINT('',(4.525,-0.84,7.57));
#2389 = VECTOR('',#2390,1.);
#2390 = DIRECTION('',(-0.226129707199,0.,0.974097200243));
#2391 = PLANE('',#2392);
#2392 = AXIS2_PLACEMENT_3D('',#2393,#2394,#2395);
#2393 = CARTESIAN_POINT('',(-5.5,-0.84,12.));
#2394 = DIRECTION('',(0.,-1.,0.));
#2395 = DIRECTION('',(1.,0.,0.));
#2396 = ADVANCED_FACE('',(#2397),#2503,.F.);
#2397 = FACE_BOUND('',#2398,.T.);
#2398 = EDGE_LOOP('',(#2399,#2409,#2417,#2425,#2433,#2441,#2449,#2457,
    #2465,#2473,#2481,#2489,#2497));
#2399 = ORIENTED_EDGE('',*,*,#2400,.F.);
#2400 = EDGE_CURVE('',#2401,#2403,#2405,.T.);
#2401 = VERTEX_POINT('',#2402);
#2402 = CARTESIAN_POINT('',(-4.025,-0.84,7.07));
#2403 = VERTEX_POINT('',#2404);
#2404 = CARTESIAN_POINT('',(-4.525,-0.84,7.07));
#2405 = LINE('',#2406,#2407);
#2406 = CARTESIAN_POINT('',(-4.025,-0.84,7.07));
#2407 = VECTOR('',#2408,1.);
#2408 = DIRECTION('',(-1.,0.,0.));
#2409 = ORIENTED_EDGE('',*,*,#2410,.F.);
#2410 = EDGE_CURVE('',#2411,#2401,#2413,.T.);
#2411 = VERTEX_POINT('',#2412);
#2412 = CARTESIAN_POINT('',(-4.025,-0.84,6.4));
#2413 = LINE('',#2414,#2415);
#2414 = CARTESIAN_POINT('',(-4.025,-0.84,6.4));
#2415 = VECTOR('',#2416,1.);
#2416 = DIRECTION('',(0.,0.,1.));
#2417 = ORIENTED_EDGE('',*,*,#2418,.F.);
#2418 = EDGE_CURVE('',#2419,#2411,#2421,.T.);
#2419 = VERTEX_POINT('',#2420);
#2420 = CARTESIAN_POINT('',(-3.625,-0.84,6.4));
#2421 = LINE('',#2422,#2423);
#2422 = CARTESIAN_POINT('',(-3.625,-0.84,6.4));
#2423 = VECTOR('',#2424,1.);
#2424 = DIRECTION('',(-1.,0.,0.));
#2425 = ORIENTED_EDGE('',*,*,#2426,.F.);
#2426 = EDGE_CURVE('',#2427,#2419,#2429,.T.);
#2427 = VERTEX_POINT('',#2428);
#2428 = CARTESIAN_POINT('',(-3.625,-0.84,4.4));
#2429 = LINE('',#2430,#2431);
#2430 = CARTESIAN_POINT('',(-3.625,-0.84,4.4));
#2431 = VECTOR('',#2432,1.);
#2432 = DIRECTION('',(0.,0.,1.));
#2433 = ORIENTED_EDGE('',*,*,#2434,.F.);
#2434 = EDGE_CURVE('',#2435,#2427,#2437,.T.);
#2435 = VERTEX_POINT('',#2436);
#2436 = CARTESIAN_POINT('',(-5.2,-0.84,4.4));
#2437 = LINE('',#2438,#2439);
#2438 = CARTESIAN_POINT('',(-5.2,-0.84,4.4));
#2439 = VECTOR('',#2440,1.);
#2440 = DIRECTION('',(1.,0.,0.));
#2441 = ORIENTED_EDGE('',*,*,#2442,.T.);
#2442 = EDGE_CURVE('',#2435,#2443,#2445,.T.);
#2443 = VERTEX_POINT('',#2444);
#2444 = CARTESIAN_POINT('',(-5.2,-0.84,3.));
#2445 = LINE('',#2446,#2447);
#2446 = CARTESIAN_POINT('',(-5.2,-0.84,4.4));
#2447 = VECTOR('',#2448,1.);
#2448 = DIRECTION('',(0.,0.,-1.));
#2449 = ORIENTED_EDGE('',*,*,#2450,.F.);
#2450 = EDGE_CURVE('',#2451,#2443,#2453,.T.);
#2451 = VERTEX_POINT('',#2452);
#2452 = CARTESIAN_POINT('',(-5.5,-0.84,3.));
#2453 = LINE('',#2454,#2455);
#2454 = CARTESIAN_POINT('',(-5.5,-0.84,3.));
#2455 = VECTOR('',#2456,1.);
#2456 = DIRECTION('',(1.,0.,0.));
#2457 = ORIENTED_EDGE('',*,*,#2458,.F.);
#2458 = EDGE_CURVE('',#2459,#2451,#2461,.T.);
#2459 = VERTEX_POINT('',#2460);
#2460 = CARTESIAN_POINT('',(-5.5,-0.84,7.3));
#2461 = LINE('',#2462,#2463);
#2462 = CARTESIAN_POINT('',(-5.5,-0.84,7.3));
#2463 = VECTOR('',#2464,1.);
#2464 = DIRECTION('',(0.,0.,-1.));
#2465 = ORIENTED_EDGE('',*,*,#2466,.T.);
#2466 = EDGE_CURVE('',#2459,#2467,#2469,.T.);
#2467 = VERTEX_POINT('',#2468);
#2468 = CARTESIAN_POINT('',(-5.,-0.84,7.3));
#2469 = LINE('',#2470,#2471);
#2470 = CARTESIAN_POINT('',(-5.5,-0.84,7.3));
#2471 = VECTOR('',#2472,1.);
#2472 = DIRECTION('',(1.,0.,0.));
#2473 = ORIENTED_EDGE('',*,*,#2474,.F.);
#2474 = EDGE_CURVE('',#2475,#2467,#2477,.T.);
#2475 = VERTEX_POINT('',#2476);
#2476 = CARTESIAN_POINT('',(-5.,-0.84,8.17));
#2477 = LINE('',#2478,#2479);
#2478 = CARTESIAN_POINT('',(-5.,-0.84,8.17));
#2479 = VECTOR('',#2480,1.);
#2480 = DIRECTION('',(0.,0.,-1.));
#2481 = ORIENTED_EDGE('',*,*,#2482,.F.);
#2482 = EDGE_CURVE('',#2483,#2475,#2485,.T.);
#2483 = VERTEX_POINT('',#2484);
#2484 = CARTESIAN_POINT('',(-4.2,-0.84,8.97));
#2485 = LINE('',#2486,#2487);
#2486 = CARTESIAN_POINT('',(-4.2,-0.84,8.97));
#2487 = VECTOR('',#2488,1.);
#2488 = DIRECTION('',(-0.707106781187,0.,-0.707106781187));
#2489 = ORIENTED_EDGE('',*,*,#2490,.T.);
#2490 = EDGE_CURVE('',#2483,#2491,#2493,.T.);
#2491 = VERTEX_POINT('',#2492);
#2492 = CARTESIAN_POINT('',(-4.525,-0.84,7.57));
#2493 = LINE('',#2494,#2495);
#2494 = CARTESIAN_POINT('',(-4.2,-0.84,8.97));
#2495 = VECTOR('',#2496,1.);
#2496 = DIRECTION('',(-0.226129707199,0.,-0.974097200243));
#2497 = ORIENTED_EDGE('',*,*,#2498,.F.);
#2498 = EDGE_CURVE('',#2403,#2491,#2499,.T.);
#2499 = LINE('',#2500,#2501);
#2500 = CARTESIAN_POINT('',(-4.525,-0.84,7.07));
#2501 = VECTOR('',#2502,1.);
#2502 = DIRECTION('',(0.,0.,1.));
#2503 = PLANE('',#2504);
#2504 = AXIS2_PLACEMENT_3D('',#2505,#2506,#2507);
#2505 = CARTESIAN_POINT('',(-5.5,-0.84,12.));
#2506 = DIRECTION('',(0.,-1.,0.));
#2507 = DIRECTION('',(1.,0.,0.));
#2508 = ADVANCED_FACE('',(#2509),#2532,.F.);
#2509 = FACE_BOUND('',#2510,.T.);
#2510 = EDGE_LOOP('',(#2511,#2519,#2525,#2526));
#2511 = ORIENTED_EDGE('',*,*,#2512,.T.);
#2512 = EDGE_CURVE('',#2513,#2290,#2515,.T.);
#2513 = VERTEX_POINT('',#2514);
#2514 = CARTESIAN_POINT('',(4.525,1.96,7.57));
#2515 = LINE('',#2516,#2517);
#2516 = CARTESIAN_POINT('',(4.525,1.96,7.57));
#2517 = VECTOR('',#2518,1.);
#2518 = DIRECTION('',(-0.226129707199,0.,0.974097200243));
#2519 = ORIENTED_EDGE('',*,*,#2520,.F.);
#2520 = EDGE_CURVE('',#2250,#2290,#2521,.T.);
#2521 = LINE('',#2522,#2523);
#2522 = CARTESIAN_POINT('',(4.2,-0.84,8.97));
#2523 = VECTOR('',#2524,1.);
#2524 = DIRECTION('',(0.,1.,0.));
#2525 = ORIENTED_EDGE('',*,*,#2386,.F.);
#2526 = ORIENTED_EDGE('',*,*,#2527,.T.);
#2527 = EDGE_CURVE('',#2379,#2513,#2528,.T.);
#2528 = LINE('',#2529,#2530);
#2529 = CARTESIAN_POINT('',(4.525,-0.84,7.57));
#2530 = VECTOR('',#2531,1.);
#2531 = DIRECTION('',(0.,1.,0.));
#2532 = PLANE('',#2533);
#2533 = AXIS2_PLACEMENT_3D('',#2534,#2535,#2536);
#2534 = CARTESIAN_POINT('',(4.525,-0.84,7.57));
#2535 = DIRECTION('',(-0.974097200243,0.,-0.226129707199));
#2536 = DIRECTION('',(-0.226129707199,0.,0.974097200243));
#2537 = ADVANCED_FACE('',(#2538),#2556,.F.);
#2538 = FACE_BOUND('',#2539,.T.);
#2539 = EDGE_LOOP('',(#2540,#2541,#2549,#2555));
#2540 = ORIENTED_EDGE('',*,*,#2378,.T.);
#2541 = ORIENTED_EDGE('',*,*,#2542,.F.);
#2542 = EDGE_CURVE('',#2543,#2371,#2545,.T.);
#2543 = VERTEX_POINT('',#2544);
#2544 = CARTESIAN_POINT('',(4.525,1.96,7.07));
#2545 = LINE('',#2546,#2547);
#2546 = CARTESIAN_POINT('',(4.525,1.96,7.07));
#2547 = VECTOR('',#2548,1.);
#2548 = DIRECTION('',(0.,-1.,0.));
#2549 = ORIENTED_EDGE('',*,*,#2550,.T.);
#2550 = EDGE_CURVE('',#2543,#2513,#2551,.T.);
#2551 = LINE('',#2552,#2553);
#2552 = CARTESIAN_POINT('',(4.525,1.96,7.07));
#2553 = VECTOR('',#2554,1.);
#2554 = DIRECTION('',(0.,0.,1.));
#2555 = ORIENTED_EDGE('',*,*,#2527,.F.);
#2556 = PLANE('',#2557);
#2557 = AXIS2_PLACEMENT_3D('',#2558,#2559,#2560);
#2558 = CARTESIAN_POINT('',(4.525,5.5,6.8));
#2559 = DIRECTION('',(-1.,0.,0.));
#2560 = DIRECTION('',(0.,0.,1.));
#2561 = ADVANCED_FACE('',(#2562),#2631,.F.);
#2562 = FACE_BOUND('',#2563,.T.);
#2563 = EDGE_LOOP('',(#2564,#2565,#2566,#2574,#2582,#2590,#2598,#2606,
    #2614,#2622,#2628,#2629,#2630));
#2564 = ORIENTED_EDGE('',*,*,#2512,.F.);
#2565 = ORIENTED_EDGE('',*,*,#2550,.F.);
#2566 = ORIENTED_EDGE('',*,*,#2567,.F.);
#2567 = EDGE_CURVE('',#2568,#2543,#2570,.T.);
#2568 = VERTEX_POINT('',#2569);
#2569 = CARTESIAN_POINT('',(4.025,1.96,7.07));
#2570 = LINE('',#2571,#2572);
#2571 = CARTESIAN_POINT('',(4.025,1.96,7.07));
#2572 = VECTOR('',#2573,1.);
#2573 = DIRECTION('',(1.,0.,0.));
#2574 = ORIENTED_EDGE('',*,*,#2575,.F.);
#2575 = EDGE_CURVE('',#2576,#2568,#2578,.T.);
#2576 = VERTEX_POINT('',#2577);
#2577 = CARTESIAN_POINT('',(4.025,1.96,6.5));
#2578 = LINE('',#2579,#2580);
#2579 = CARTESIAN_POINT('',(4.025,1.96,6.5));
#2580 = VECTOR('',#2581,1.);
#2581 = DIRECTION('',(0.,0.,1.));
#2582 = ORIENTED_EDGE('',*,*,#2583,.F.);
#2583 = EDGE_CURVE('',#2584,#2576,#2586,.T.);
#2584 = VERTEX_POINT('',#2585);
#2585 = CARTESIAN_POINT('',(4.4,1.96,6.5));
#2586 = LINE('',#2587,#2588);
#2587 = CARTESIAN_POINT('',(4.4,1.96,6.5));
#2588 = VECTOR('',#2589,1.);
#2589 = DIRECTION('',(-1.,0.,0.));
#2590 = ORIENTED_EDGE('',*,*,#2591,.T.);
#2591 = EDGE_CURVE('',#2584,#2592,#2594,.T.);
#2592 = VERTEX_POINT('',#2593);
#2593 = CARTESIAN_POINT('',(4.4,1.96,6.));
#2594 = LINE('',#2595,#2596);
#2595 = CARTESIAN_POINT('',(4.4,1.96,6.5));
#2596 = VECTOR('',#2597,1.);
#2597 = DIRECTION('',(0.,0.,-1.));
#2598 = ORIENTED_EDGE('',*,*,#2599,.F.);
#2599 = EDGE_CURVE('',#2600,#2592,#2602,.T.);
#2600 = VERTEX_POINT('',#2601);
#2601 = CARTESIAN_POINT('',(5.2,1.96,6.));
#2602 = LINE('',#2603,#2604);
#2603 = CARTESIAN_POINT('',(5.2,1.96,6.));
#2604 = VECTOR('',#2605,1.);
#2605 = DIRECTION('',(-1.,0.,0.));
#2606 = ORIENTED_EDGE('',*,*,#2607,.T.);
#2607 = EDGE_CURVE('',#2600,#2608,#2610,.T.);
#2608 = VERTEX_POINT('',#2609);
#2609 = CARTESIAN_POINT('',(5.2,1.96,3.));
#2610 = LINE('',#2611,#2612);
#2611 = CARTESIAN_POINT('',(5.2,1.96,6.));
#2612 = VECTOR('',#2613,1.);
#2613 = DIRECTION('',(0.,0.,-1.));
#2614 = ORIENTED_EDGE('',*,*,#2615,.F.);
#2615 = EDGE_CURVE('',#2616,#2608,#2618,.T.);
#2616 = VERTEX_POINT('',#2617);
#2617 = CARTESIAN_POINT('',(5.5,1.96,3.));
#2618 = LINE('',#2619,#2620);
#2619 = CARTESIAN_POINT('',(5.5,1.96,3.));
#2620 = VECTOR('',#2621,1.);
#2621 = DIRECTION('',(-1.,0.,0.));
#2622 = ORIENTED_EDGE('',*,*,#2623,.F.);
#2623 = EDGE_CURVE('',#2150,#2616,#2624,.T.);
#2624 = LINE('',#2625,#2626);
#2625 = CARTESIAN_POINT('',(5.5,1.96,7.3));
#2626 = VECTOR('',#2627,1.);
#2627 = DIRECTION('',(0.,0.,-1.));
#2628 = ORIENTED_EDGE('',*,*,#2149,.T.);
#2629 = ORIENTED_EDGE('',*,*,#2218,.F.);
#2630 = ORIENTED_EDGE('',*,*,#2297,.F.);
#2631 = PLANE('',#2632);
#2632 = AXIS2_PLACEMENT_3D('',#2633,#2634,#2635);
#2633 = CARTESIAN_POINT('',(-4.4,1.96,12.));
#2634 = DIRECTION('',(0.,1.,0.));
#2635 = DIRECTION('',(-1.,0.,0.));
#2636 = ADVANCED_FACE('',(#2637),#2743,.F.);
#2637 = FACE_BOUND('',#2638,.T.);
#2638 = EDGE_LOOP('',(#2639,#2649,#2657,#2665,#2673,#2681,#2689,#2697,
    #2705,#2713,#2721,#2729,#2737));
#2639 = ORIENTED_EDGE('',*,*,#2640,.F.);
#2640 = EDGE_CURVE('',#2641,#2643,#2645,.T.);
#2641 = VERTEX_POINT('',#2642);
#2642 = CARTESIAN_POINT('',(-5.,1.96,7.3));
#2643 = VERTEX_POINT('',#2644);
#2644 = CARTESIAN_POINT('',(-5.,1.96,8.17));
#2645 = LINE('',#2646,#2647);
#2646 = CARTESIAN_POINT('',(-5.,1.96,7.3));
#2647 = VECTOR('',#2648,1.);
#2648 = DIRECTION('',(0.,0.,1.));
#2649 = ORIENTED_EDGE('',*,*,#2650,.T.);
#2650 = EDGE_CURVE('',#2641,#2651,#2653,.T.);
#2651 = VERTEX_POINT('',#2652);
#2652 = CARTESIAN_POINT('',(-5.5,1.96,7.3));
#2653 = LINE('',#2654,#2655);
#2654 = CARTESIAN_POINT('',(-5.,1.96,7.3));
#2655 = VECTOR('',#2656,1.);
#2656 = DIRECTION('',(-1.,0.,0.));
#2657 = ORIENTED_EDGE('',*,*,#2658,.T.);
#2658 = EDGE_CURVE('',#2651,#2659,#2661,.T.);
#2659 = VERTEX_POINT('',#2660);
#2660 = CARTESIAN_POINT('',(-5.5,1.96,3.));
#2661 = LINE('',#2662,#2663);
#2662 = CARTESIAN_POINT('',(-5.5,1.96,7.3));
#2663 = VECTOR('',#2664,1.);
#2664 = DIRECTION('',(0.,0.,-1.));
#2665 = ORIENTED_EDGE('',*,*,#2666,.F.);
#2666 = EDGE_CURVE('',#2667,#2659,#2669,.T.);
#2667 = VERTEX_POINT('',#2668);
#2668 = CARTESIAN_POINT('',(-5.2,1.96,3.));
#2669 = LINE('',#2670,#2671);
#2670 = CARTESIAN_POINT('',(-5.2,1.96,3.));
#2671 = VECTOR('',#2672,1.);
#2672 = DIRECTION('',(-1.,0.,0.));
#2673 = ORIENTED_EDGE('',*,*,#2674,.F.);
#2674 = EDGE_CURVE('',#2675,#2667,#2677,.T.);
#2675 = VERTEX_POINT('',#2676);
#2676 = CARTESIAN_POINT('',(-5.2,1.96,4.4));
#2677 = LINE('',#2678,#2679);
#2678 = CARTESIAN_POINT('',(-5.2,1.96,4.4));
#2679 = VECTOR('',#2680,1.);
#2680 = DIRECTION('',(0.,0.,-1.));
#2681 = ORIENTED_EDGE('',*,*,#2682,.F.);
#2682 = EDGE_CURVE('',#2683,#2675,#2685,.T.);
#2683 = VERTEX_POINT('',#2684);
#2684 = CARTESIAN_POINT('',(-3.625,1.96,4.4));
#2685 = LINE('',#2686,#2687);
#2686 = CARTESIAN_POINT('',(-3.625,1.96,4.4));
#2687 = VECTOR('',#2688,1.);
#2688 = DIRECTION('',(-1.,0.,0.));
#2689 = ORIENTED_EDGE('',*,*,#2690,.T.);
#2690 = EDGE_CURVE('',#2683,#2691,#2693,.T.);
#2691 = VERTEX_POINT('',#2692);
#2692 = CARTESIAN_POINT('',(-3.625,1.96,6.4));
#2693 = LINE('',#2694,#2695);
#2694 = CARTESIAN_POINT('',(-3.625,1.96,4.4));
#2695 = VECTOR('',#2696,1.);
#2696 = DIRECTION('',(0.,0.,1.));
#2697 = ORIENTED_EDGE('',*,*,#2698,.F.);
#2698 = EDGE_CURVE('',#2699,#2691,#2701,.T.);
#2699 = VERTEX_POINT('',#2700);
#2700 = CARTESIAN_POINT('',(-4.025,1.96,6.4));
#2701 = LINE('',#2702,#2703);
#2702 = CARTESIAN_POINT('',(-4.025,1.96,6.4));
#2703 = VECTOR('',#2704,1.);
#2704 = DIRECTION('',(1.,0.,0.));
#2705 = ORIENTED_EDGE('',*,*,#2706,.T.);
#2706 = EDGE_CURVE('',#2699,#2707,#2709,.T.);
#2707 = VERTEX_POINT('',#2708);
#2708 = CARTESIAN_POINT('',(-4.025,1.96,7.07));
#2709 = LINE('',#2710,#2711);
#2710 = CARTESIAN_POINT('',(-4.025,1.96,6.4));
#2711 = VECTOR('',#2712,1.);
#2712 = DIRECTION('',(0.,0.,1.));
#2713 = ORIENTED_EDGE('',*,*,#2714,.F.);
#2714 = EDGE_CURVE('',#2715,#2707,#2717,.T.);
#2715 = VERTEX_POINT('',#2716);
#2716 = CARTESIAN_POINT('',(-4.525,1.96,7.07));
#2717 = LINE('',#2718,#2719);
#2718 = CARTESIAN_POINT('',(-4.525,1.96,7.07));
#2719 = VECTOR('',#2720,1.);
#2720 = DIRECTION('',(1.,0.,0.));
#2721 = ORIENTED_EDGE('',*,*,#2722,.F.);
#2722 = EDGE_CURVE('',#2723,#2715,#2725,.T.);
#2723 = VERTEX_POINT('',#2724);
#2724 = CARTESIAN_POINT('',(-4.525,1.96,7.57));
#2725 = LINE('',#2726,#2727);
#2726 = CARTESIAN_POINT('',(-4.525,1.96,7.57));
#2727 = VECTOR('',#2728,1.);
#2728 = DIRECTION('',(0.,0.,-1.));
#2729 = ORIENTED_EDGE('',*,*,#2730,.F.);
#2730 = EDGE_CURVE('',#2731,#2723,#2733,.T.);
#2731 = VERTEX_POINT('',#2732);
#2732 = CARTESIAN_POINT('',(-4.2,1.96,8.97));
#2733 = LINE('',#2734,#2735);
#2734 = CARTESIAN_POINT('',(-4.2,1.96,8.97));
#2735 = VECTOR('',#2736,1.);
#2736 = DIRECTION('',(-0.226129707199,0.,-0.974097200243));
#2737 = ORIENTED_EDGE('',*,*,#2738,.F.);
#2738 = EDGE_CURVE('',#2643,#2731,#2739,.T.);
#2739 = LINE('',#2740,#2741);
#2740 = CARTESIAN_POINT('',(-5.,1.96,8.17));
#2741 = VECTOR('',#2742,1.);
#2742 = DIRECTION('',(0.707106781187,0.,0.707106781187));
#2743 = PLANE('',#2744);
#2744 = AXIS2_PLACEMENT_3D('',#2745,#2746,#2747);
#2745 = CARTESIAN_POINT('',(-4.4,1.96,12.));
#2746 = DIRECTION('',(0.,1.,0.));
#2747 = DIRECTION('',(-1.,0.,0.));
#2748 = ADVANCED_FACE('',(#2749),#2760,.F.);
#2749 = FACE_BOUND('',#2750,.T.);
#2750 = EDGE_LOOP('',(#2751,#2752,#2758,#2759));
#2751 = ORIENTED_EDGE('',*,*,#2623,.T.);
#2752 = ORIENTED_EDGE('',*,*,#2753,.F.);
#2753 = EDGE_CURVE('',#2315,#2616,#2754,.T.);
#2754 = LINE('',#2755,#2756);
#2755 = CARTESIAN_POINT('',(5.5,-0.84,3.));
#2756 = VECTOR('',#2757,1.);
#2757 = DIRECTION('',(0.,1.,0.));
#2758 = ORIENTED_EDGE('',*,*,#2314,.F.);
#2759 = ORIENTED_EDGE('',*,*,#2157,.T.);
#2760 = PLANE('',#2761);
#2761 = AXIS2_PLACEMENT_3D('',#2762,#2763,#2764);
#2762 = CARTESIAN_POINT('',(5.5,-0.84,12.));
#2763 = DIRECTION('',(1.,0.,0.));
#2764 = DIRECTION('',(-0.,1.,0.));
#2765 = ADVANCED_FACE('',(#2766),#2814,.T.);
#2766 = FACE_BOUND('',#2767,.T.);
#2767 = EDGE_LOOP('',(#2768,#2769,#2775,#2776,#2784,#2792,#2800,#2808));
#2768 = ORIENTED_EDGE('',*,*,#2666,.T.);
#2769 = ORIENTED_EDGE('',*,*,#2770,.T.);
#2770 = EDGE_CURVE('',#2659,#2451,#2771,.T.);
#2771 = LINE('',#2772,#2773);
#2772 = CARTESIAN_POINT('',(-5.5,1.96,3.));
#2773 = VECTOR('',#2774,1.);
#2774 = DIRECTION('',(0.,-1.,0.));
#2775 = ORIENTED_EDGE('',*,*,#2450,.T.);
#2776 = ORIENTED_EDGE('',*,*,#2777,.T.);
#2777 = EDGE_CURVE('',#2443,#2778,#2780,.T.);
#2778 = VERTEX_POINT('',#2779);
#2779 = CARTESIAN_POINT('',(-5.2,-0.69,3.));
#2780 = LINE('',#2781,#2782);
#2781 = CARTESIAN_POINT('',(-5.2,-0.84,3.));
#2782 = VECTOR('',#2783,1.);
#2783 = DIRECTION('',(0.,1.,0.));
#2784 = ORIENTED_EDGE('',*,*,#2785,.F.);
#2785 = EDGE_CURVE('',#2786,#2778,#2788,.T.);
#2786 = VERTEX_POINT('',#2787);
#2787 = CARTESIAN_POINT('',(-4.8,-0.69,3.));
#2788 = LINE('',#2789,#2790);
#2789 = CARTESIAN_POINT('',(-4.8,-0.69,3.));
#2790 = VECTOR('',#2791,1.);
#2791 = DIRECTION('',(-1.,0.,0.));
#2792 = ORIENTED_EDGE('',*,*,#2793,.F.);
#2793 = EDGE_CURVE('',#2794,#2786,#2796,.T.);
#2794 = VERTEX_POINT('',#2795);
#2795 = CARTESIAN_POINT('',(-4.8,1.81,3.));
#2796 = LINE('',#2797,#2798);
#2797 = CARTESIAN_POINT('',(-4.8,1.81,3.));
#2798 = VECTOR('',#2799,1.);
#2799 = DIRECTION('',(0.,-1.,0.));
#2800 = ORIENTED_EDGE('',*,*,#2801,.T.);
#2801 = EDGE_CURVE('',#2794,#2802,#2804,.T.);
#2802 = VERTEX_POINT('',#2803);
#2803 = CARTESIAN_POINT('',(-5.2,1.81,3.));
#2804 = LINE('',#2805,#2806);
#2805 = CARTESIAN_POINT('',(-4.8,1.81,3.));
#2806 = VECTOR('',#2807,1.);
#2807 = DIRECTION('',(-1.,0.,0.));
#2808 = ORIENTED_EDGE('',*,*,#2809,.T.);
#2809 = EDGE_CURVE('',#2802,#2667,#2810,.T.);
#2810 = LINE('',#2811,#2812);
#2811 = CARTESIAN_POINT('',(-5.2,1.81,3.));
#2812 = VECTOR('',#2813,1.);
#2813 = DIRECTION('',(0.,1.,0.));
#2814 = PLANE('',#2815);
#2815 = AXIS2_PLACEMENT_3D('',#2816,#2817,#2818);
#2816 = CARTESIAN_POINT('',(0.,0.,3.));
#2817 = DIRECTION('',(0.,0.,1.));
#2818 = DIRECTION('',(1.,0.,-0.));
#2819 = ADVANCED_FACE('',(#2820),#2863,.T.);
#2820 = FACE_BOUND('',#2821,.T.);
#2821 = EDGE_LOOP('',(#2822,#2823,#2824,#2825,#2833,#2841,#2849,#2857));
#2822 = ORIENTED_EDGE('',*,*,#2322,.T.);
#2823 = ORIENTED_EDGE('',*,*,#2753,.T.);
#2824 = ORIENTED_EDGE('',*,*,#2615,.T.);
#2825 = ORIENTED_EDGE('',*,*,#2826,.F.);
#2826 = EDGE_CURVE('',#2827,#2608,#2829,.T.);
#2827 = VERTEX_POINT('',#2828);
#2828 = CARTESIAN_POINT('',(5.2,1.81,3.));
#2829 = LINE('',#2830,#2831);
#2830 = CARTESIAN_POINT('',(5.2,1.81,3.));
#2831 = VECTOR('',#2832,1.);
#2832 = DIRECTION('',(0.,1.,0.));
#2833 = ORIENTED_EDGE('',*,*,#2834,.T.);
#2834 = EDGE_CURVE('',#2827,#2835,#2837,.T.);
#2835 = VERTEX_POINT('',#2836);
#2836 = CARTESIAN_POINT('',(4.8,1.81,3.));
#2837 = LINE('',#2838,#2839);
#2838 = CARTESIAN_POINT('',(5.2,1.81,3.));
#2839 = VECTOR('',#2840,1.);
#2840 = DIRECTION('',(-1.,0.,0.));
#2841 = ORIENTED_EDGE('',*,*,#2842,.T.);
#2842 = EDGE_CURVE('',#2835,#2843,#2845,.T.);
#2843 = VERTEX_POINT('',#2844);
#2844 = CARTESIAN_POINT('',(4.8,-0.69,3.));
#2845 = LINE('',#2846,#2847);
#2846 = CARTESIAN_POINT('',(4.8,1.81,3.));
#2847 = VECTOR('',#2848,1.);
#2848 = DIRECTION('',(0.,-1.,0.));
#2849 = ORIENTED_EDGE('',*,*,#2850,.F.);
#2850 = EDGE_CURVE('',#2851,#2843,#2853,.T.);
#2851 = VERTEX_POINT('',#2852);
#2852 = CARTESIAN_POINT('',(5.2,-0.69,3.));
#2853 = LINE('',#2854,#2855);
#2854 = CARTESIAN_POINT('',(5.2,-0.69,3.));
#2855 = VECTOR('',#2856,1.);
#2856 = DIRECTION('',(-1.,0.,0.));
#2857 = ORIENTED_EDGE('',*,*,#2858,.F.);
#2858 = EDGE_CURVE('',#2323,#2851,#2859,.T.);
#2859 = LINE('',#2860,#2861);
#2860 = CARTESIAN_POINT('',(5.2,-0.84,3.));
#2861 = VECTOR('',#2862,1.);
#2862 = DIRECTION('',(0.,1.,0.));
#2863 = PLANE('',#2864);
#2864 = AXIS2_PLACEMENT_3D('',#2865,#2866,#2867);
#2865 = CARTESIAN_POINT('',(0.,0.,3.));
#2866 = DIRECTION('',(0.,0.,1.));
#2867 = DIRECTION('',(1.,0.,-0.));
#2868 = ADVANCED_FACE('',(#2869),#2990,.F.);
#2869 = FACE_BOUND('',#2870,.T.);
#2870 = EDGE_LOOP('',(#2871,#2879,#2880,#2888,#2896,#2904,#2912,#2920,
    #2926,#2927,#2928,#2936,#2944,#2950,#2951,#2952,#2960,#2968,#2976,
    #2984));
#2871 = ORIENTED_EDGE('',*,*,#2872,.F.);
#2872 = EDGE_CURVE('',#1708,#2873,#2875,.T.);
#2873 = VERTEX_POINT('',#2874);
#2874 = CARTESIAN_POINT('',(-5.2,-3.8,4.4));
#2875 = LINE('',#2876,#2877);
#2876 = CARTESIAN_POINT('',(-5.2,-3.8,0.));
#2877 = VECTOR('',#2878,1.);
#2878 = DIRECTION('',(0.,0.,1.));
#2879 = ORIENTED_EDGE('',*,*,#1707,.T.);
#2880 = ORIENTED_EDGE('',*,*,#2881,.T.);
#2881 = EDGE_CURVE('',#1710,#2882,#2884,.T.);
#2882 = VERTEX_POINT('',#2883);
#2883 = CARTESIAN_POINT('',(-5.2,4.45,4.4));
#2884 = LINE('',#2885,#2886);
#2885 = CARTESIAN_POINT('',(-5.2,4.45,0.));
#2886 = VECTOR('',#2887,1.);
#2887 = DIRECTION('',(0.,0.,1.));
#2888 = ORIENTED_EDGE('',*,*,#2889,.F.);
#2889 = EDGE_CURVE('',#2890,#2882,#2892,.T.);
#2890 = VERTEX_POINT('',#2891);
#2891 = CARTESIAN_POINT('',(-5.2,3.85,4.4));
#2892 = LINE('',#2893,#2894);
#2893 = CARTESIAN_POINT('',(-5.2,3.85,4.4));
#2894 = VECTOR('',#2895,1.);
#2895 = DIRECTION('',(0.,1.,0.));
#2896 = ORIENTED_EDGE('',*,*,#2897,.T.);
#2897 = EDGE_CURVE('',#2890,#2898,#2900,.T.);
#2898 = VERTEX_POINT('',#2899);
#2899 = CARTESIAN_POINT('',(-5.2,3.85,5.9));
#2900 = LINE('',#2901,#2902);
#2901 = CARTESIAN_POINT('',(-5.2,3.85,4.4));
#2902 = VECTOR('',#2903,1.);
#2903 = DIRECTION('',(0.,0.,1.));
#2904 = ORIENTED_EDGE('',*,*,#2905,.F.);
#2905 = EDGE_CURVE('',#2906,#2898,#2908,.T.);
#2906 = VERTEX_POINT('',#2907);
#2907 = CARTESIAN_POINT('',(-5.2,2.56,5.9));
#2908 = LINE('',#2909,#2910);
#2909 = CARTESIAN_POINT('',(-5.2,2.56,5.9));
#2910 = VECTOR('',#2911,1.);
#2911 = DIRECTION('',(0.,1.,0.));
#2912 = ORIENTED_EDGE('',*,*,#2913,.F.);
#2913 = EDGE_CURVE('',#2914,#2906,#2916,.T.);
#2914 = VERTEX_POINT('',#2915);
#2915 = CARTESIAN_POINT('',(-5.2,2.56,4.4));
#2916 = LINE('',#2917,#2918);
#2917 = CARTESIAN_POINT('',(-5.2,2.56,4.4));
#2918 = VECTOR('',#2919,1.);
#2919 = DIRECTION('',(0.,0.,1.));
#2920 = ORIENTED_EDGE('',*,*,#2921,.F.);
#2921 = EDGE_CURVE('',#2675,#2914,#2922,.T.);
#2922 = LINE('',#2923,#2924);
#2923 = CARTESIAN_POINT('',(-5.2,1.96,4.4));
#2924 = VECTOR('',#2925,1.);
#2925 = DIRECTION('',(0.,1.,0.));
#2926 = ORIENTED_EDGE('',*,*,#2674,.T.);
#2927 = ORIENTED_EDGE('',*,*,#2809,.F.);
#2928 = ORIENTED_EDGE('',*,*,#2929,.T.);
#2929 = EDGE_CURVE('',#2802,#2930,#2932,.T.);
#2930 = VERTEX_POINT('',#2931);
#2931 = CARTESIAN_POINT('',(-5.2,1.81,2.));
#2932 = LINE('',#2933,#2934);
#2933 = CARTESIAN_POINT('',(-5.2,1.81,3.));
#2934 = VECTOR('',#2935,1.);
#2935 = DIRECTION('',(0.,0.,-1.));
#2936 = ORIENTED_EDGE('',*,*,#2937,.T.);
#2937 = EDGE_CURVE('',#2930,#2938,#2940,.T.);
#2938 = VERTEX_POINT('',#2939);
#2939 = CARTESIAN_POINT('',(-5.2,-0.69,2.));
#2940 = LINE('',#2941,#2942);
#2941 = CARTESIAN_POINT('',(-5.2,1.81,2.));
#2942 = VECTOR('',#2943,1.);
#2943 = DIRECTION('',(0.,-1.,0.));
#2944 = ORIENTED_EDGE('',*,*,#2945,.F.);
#2945 = EDGE_CURVE('',#2778,#2938,#2946,.T.);
#2946 = LINE('',#2947,#2948);
#2947 = CARTESIAN_POINT('',(-5.2,-0.69,3.));
#2948 = VECTOR('',#2949,1.);
#2949 = DIRECTION('',(0.,0.,-1.));
#2950 = ORIENTED_EDGE('',*,*,#2777,.F.);
#2951 = ORIENTED_EDGE('',*,*,#2442,.F.);
#2952 = ORIENTED_EDGE('',*,*,#2953,.F.);
#2953 = EDGE_CURVE('',#2954,#2435,#2956,.T.);
#2954 = VERTEX_POINT('',#2955);
#2955 = CARTESIAN_POINT('',(-5.2,-1.44,4.4));
#2956 = LINE('',#2957,#2958);
#2957 = CARTESIAN_POINT('',(-5.2,-1.44,4.4));
#2958 = VECTOR('',#2959,1.);
#2959 = DIRECTION('',(0.,1.,0.));
#2960 = ORIENTED_EDGE('',*,*,#2961,.T.);
#2961 = EDGE_CURVE('',#2954,#2962,#2964,.T.);
#2962 = VERTEX_POINT('',#2963);
#2963 = CARTESIAN_POINT('',(-5.2,-1.44,5.9));
#2964 = LINE('',#2965,#2966);
#2965 = CARTESIAN_POINT('',(-5.2,-1.44,4.4));
#2966 = VECTOR('',#2967,1.);
#2967 = DIRECTION('',(0.,0.,1.));
#2968 = ORIENTED_EDGE('',*,*,#2969,.F.);
#2969 = EDGE_CURVE('',#2970,#2962,#2972,.T.);
#2970 = VERTEX_POINT('',#2971);
#2971 = CARTESIAN_POINT('',(-5.2,-3.2,5.9));
#2972 = LINE('',#2973,#2974);
#2973 = CARTESIAN_POINT('',(-5.2,-3.2,5.9));
#2974 = VECTOR('',#2975,1.);
#2975 = DIRECTION('',(0.,1.,0.));
#2976 = ORIENTED_EDGE('',*,*,#2977,.F.);
#2977 = EDGE_CURVE('',#2978,#2970,#2980,.T.);
#2978 = VERTEX_POINT('',#2979);
#2979 = CARTESIAN_POINT('',(-5.2,-3.2,4.4));
#2980 = LINE('',#2981,#2982);
#2981 = CARTESIAN_POINT('',(-5.2,-3.2,4.4));
#2982 = VECTOR('',#2983,1.);
#2983 = DIRECTION('',(0.,0.,1.));
#2984 = ORIENTED_EDGE('',*,*,#2985,.F.);
#2985 = EDGE_CURVE('',#2873,#2978,#2986,.T.);
#2986 = LINE('',#2987,#2988);
#2987 = CARTESIAN_POINT('',(-5.2,-3.8,4.4));
#2988 = VECTOR('',#2989,1.);
#2989 = DIRECTION('',(0.,1.,0.));
#2990 = PLANE('',#2991);
#2991 = AXIS2_PLACEMENT_3D('',#2992,#2993,#2994);
#2992 = CARTESIAN_POINT('',(-5.2,-3.8,0.));
#2993 = DIRECTION('',(-1.,0.,0.));
#2994 = DIRECTION('',(0.,1.,0.));
#2995 = ADVANCED_FACE('',(#2996),#3108,.T.);
#2996 = FACE_BOUND('',#2997,.T.);
#2997 = EDGE_LOOP('',(#2998,#2999,#3007,#3015,#3021,#3022,#3030,#3038,
    #3046,#3054,#3062,#3070,#3076,#3077,#3085,#3093,#3099,#3100,#3101,
    #3107));
#2998 = ORIENTED_EDGE('',*,*,#2921,.T.);
#2999 = ORIENTED_EDGE('',*,*,#3000,.T.);
#3000 = EDGE_CURVE('',#2914,#3001,#3003,.T.);
#3001 = VERTEX_POINT('',#3002);
#3002 = CARTESIAN_POINT('',(-4.4,2.56,4.4));
#3003 = LINE('',#3004,#3005);
#3004 = CARTESIAN_POINT('',(-5.2,2.56,4.4));
#3005 = VECTOR('',#3006,1.);
#3006 = DIRECTION('',(1.,0.,0.));
#3007 = ORIENTED_EDGE('',*,*,#3008,.F.);
#3008 = EDGE_CURVE('',#3009,#3001,#3011,.T.);
#3009 = VERTEX_POINT('',#3010);
#3010 = CARTESIAN_POINT('',(-4.4,3.85,4.4));
#3011 = LINE('',#3012,#3013);
#3012 = CARTESIAN_POINT('',(-4.4,3.85,4.4));
#3013 = VECTOR('',#3014,1.);
#3014 = DIRECTION('',(0.,-1.,0.));
#3015 = ORIENTED_EDGE('',*,*,#3016,.F.);
#3016 = EDGE_CURVE('',#2890,#3009,#3017,.T.);
#3017 = LINE('',#3018,#3019);
#3018 = CARTESIAN_POINT('',(-5.2,3.85,4.4));
#3019 = VECTOR('',#3020,1.);
#3020 = DIRECTION('',(1.,0.,0.));
#3021 = ORIENTED_EDGE('',*,*,#2889,.T.);
#3022 = ORIENTED_EDGE('',*,*,#3023,.T.);
#3023 = EDGE_CURVE('',#2882,#3024,#3026,.T.);
#3024 = VERTEX_POINT('',#3025);
#3025 = CARTESIAN_POINT('',(-3.5,4.45,4.4));
#3026 = LINE('',#3027,#3028);
#3027 = CARTESIAN_POINT('',(-5.2,4.45,4.4));
#3028 = VECTOR('',#3029,1.);
#3029 = DIRECTION('',(1.,0.,0.));
#3030 = ORIENTED_EDGE('',*,*,#3031,.T.);
#3031 = EDGE_CURVE('',#3024,#3032,#3034,.T.);
#3032 = VERTEX_POINT('',#3033);
#3033 = CARTESIAN_POINT('',(-3.5,3.475,4.4));
#3034 = LINE('',#3035,#3036);
#3035 = CARTESIAN_POINT('',(-3.5,4.45,4.4));
#3036 = VECTOR('',#3037,1.);
#3037 = DIRECTION('',(0.,-1.,0.));
#3038 = ORIENTED_EDGE('',*,*,#3039,.F.);
#3039 = EDGE_CURVE('',#3040,#3032,#3042,.T.);
#3040 = VERTEX_POINT('',#3041);
#3041 = CARTESIAN_POINT('',(-2.4,3.475,4.4));
#3042 = LINE('',#3043,#3044);
#3043 = CARTESIAN_POINT('',(-2.4,3.475,4.4));
#3044 = VECTOR('',#3045,1.);
#3045 = DIRECTION('',(-1.,0.,0.));
#3046 = ORIENTED_EDGE('',*,*,#3047,.T.);
#3047 = EDGE_CURVE('',#3040,#3048,#3050,.T.);
#3048 = VERTEX_POINT('',#3049);
#3049 = CARTESIAN_POINT('',(-2.4,-2.825,4.4));
#3050 = LINE('',#3051,#3052);
#3051 = CARTESIAN_POINT('',(-2.4,3.475,4.4));
#3052 = VECTOR('',#3053,1.);
#3053 = DIRECTION('',(0.,-1.,0.));
#3054 = ORIENTED_EDGE('',*,*,#3055,.T.);
#3055 = EDGE_CURVE('',#3048,#3056,#3058,.T.);
#3056 = VERTEX_POINT('',#3057);
#3057 = CARTESIAN_POINT('',(-3.5,-2.825,4.4));
#3058 = LINE('',#3059,#3060);
#3059 = CARTESIAN_POINT('',(-2.4,-2.825,4.4));
#3060 = VECTOR('',#3061,1.);
#3061 = DIRECTION('',(-1.,0.,0.));
#3062 = ORIENTED_EDGE('',*,*,#3063,.F.);
#3063 = EDGE_CURVE('',#3064,#3056,#3066,.T.);
#3064 = VERTEX_POINT('',#3065);
#3065 = CARTESIAN_POINT('',(-3.5,-3.8,4.4));
#3066 = LINE('',#3067,#3068);
#3067 = CARTESIAN_POINT('',(-3.5,-3.8,4.4));
#3068 = VECTOR('',#3069,1.);
#3069 = DIRECTION('',(0.,1.,0.));
#3070 = ORIENTED_EDGE('',*,*,#3071,.F.);
#3071 = EDGE_CURVE('',#2873,#3064,#3072,.T.);
#3072 = LINE('',#3073,#3074);
#3073 = CARTESIAN_POINT('',(-5.2,-3.8,4.4));
#3074 = VECTOR('',#3075,1.);
#3075 = DIRECTION('',(1.,0.,0.));
#3076 = ORIENTED_EDGE('',*,*,#2985,.T.);
#3077 = ORIENTED_EDGE('',*,*,#3078,.T.);
#3078 = EDGE_CURVE('',#2978,#3079,#3081,.T.);
#3079 = VERTEX_POINT('',#3080);
#3080 = CARTESIAN_POINT('',(-4.4,-3.2,4.4));
#3081 = LINE('',#3082,#3083);
#3082 = CARTESIAN_POINT('',(-5.2,-3.2,4.4));
#3083 = VECTOR('',#3084,1.);
#3084 = DIRECTION('',(1.,0.,0.));
#3085 = ORIENTED_EDGE('',*,*,#3086,.F.);
#3086 = EDGE_CURVE('',#3087,#3079,#3089,.T.);
#3087 = VERTEX_POINT('',#3088);
#3088 = CARTESIAN_POINT('',(-4.4,-1.44,4.4));
#3089 = LINE('',#3090,#3091);
#3090 = CARTESIAN_POINT('',(-4.4,-1.44,4.4));
#3091 = VECTOR('',#3092,1.);
#3092 = DIRECTION('',(0.,-1.,0.));
#3093 = ORIENTED_EDGE('',*,*,#3094,.F.);
#3094 = EDGE_CURVE('',#2954,#3087,#3095,.T.);
#3095 = LINE('',#3096,#3097);
#3096 = CARTESIAN_POINT('',(-5.2,-1.44,4.4));
#3097 = VECTOR('',#3098,1.);
#3098 = DIRECTION('',(1.,0.,0.));
#3099 = ORIENTED_EDGE('',*,*,#2953,.T.);
#3100 = ORIENTED_EDGE('',*,*,#2434,.T.);
#3101 = ORIENTED_EDGE('',*,*,#3102,.F.);
#3102 = EDGE_CURVE('',#2683,#2427,#3103,.T.);
#3103 = LINE('',#3104,#3105);
#3104 = CARTESIAN_POINT('',(-3.625,1.96,4.4));
#3105 = VECTOR('',#3106,1.);
#3106 = DIRECTION('',(0.,-1.,0.));
#3107 = ORIENTED_EDGE('',*,*,#2682,.T.);
#3108 = PLANE('',#3109);
#3109 = AXIS2_PLACEMENT_3D('',#3110,#3111,#3112);
#3110 = CARTESIAN_POINT('',(-5.2,4.45,4.4));
#3111 = DIRECTION('',(0.,0.,-1.));
#3112 = DIRECTION('',(1.,0.,0.));
#3113 = ADVANCED_FACE('',(#3114),#3125,.F.);
#3114 = FACE_BOUND('',#3115,.T.);
#3115 = EDGE_LOOP('',(#3116,#3117,#3123,#3124));
#3116 = ORIENTED_EDGE('',*,*,#2426,.T.);
#3117 = ORIENTED_EDGE('',*,*,#3118,.F.);
#3118 = EDGE_CURVE('',#2691,#2419,#3119,.T.);
#3119 = LINE('',#3120,#3121);
#3120 = CARTESIAN_POINT('',(-3.625,1.96,6.4));
#3121 = VECTOR('',#3122,1.);
#3122 = DIRECTION('',(0.,-1.,0.));
#3123 = ORIENTED_EDGE('',*,*,#2690,.F.);
#3124 = ORIENTED_EDGE('',*,*,#3102,.T.);
#3125 = PLANE('',#3126);
#3126 = AXIS2_PLACEMENT_3D('',#3127,#3128,#3129);
#3127 = CARTESIAN_POINT('',(-3.625,1.96,4.4));
#3128 = DIRECTION('',(1.,0.,0.));
#3129 = DIRECTION('',(0.,-1.,0.));
#3130 = ADVANCED_FACE('',(#3131),#3142,.T.);
#3131 = FACE_BOUND('',#3132,.T.);
#3132 = EDGE_LOOP('',(#3133,#3134,#3135,#3136));
#3133 = ORIENTED_EDGE('',*,*,#2698,.T.);
#3134 = ORIENTED_EDGE('',*,*,#3118,.T.);
#3135 = ORIENTED_EDGE('',*,*,#2418,.T.);
#3136 = ORIENTED_EDGE('',*,*,#3137,.F.);
#3137 = EDGE_CURVE('',#2699,#2411,#3138,.T.);
#3138 = LINE('',#3139,#3140);
#3139 = CARTESIAN_POINT('',(-4.025,1.96,6.4));
#3140 = VECTOR('',#3141,1.);
#3141 = DIRECTION('',(0.,-1.,0.));
#3142 = PLANE('',#3143);
#3143 = AXIS2_PLACEMENT_3D('',#3144,#3145,#3146);
#3144 = CARTESIAN_POINT('',(0.,4.45,6.4));
#3145 = DIRECTION('',(0.,0.,-1.));
#3146 = DIRECTION('',(-1.,0.,0.));
#3147 = ADVANCED_FACE('',(#3148),#3159,.F.);
#3148 = FACE_BOUND('',#3149,.T.);
#3149 = EDGE_LOOP('',(#3150,#3151,#3157,#3158));
#3150 = ORIENTED_EDGE('',*,*,#2410,.T.);
#3151 = ORIENTED_EDGE('',*,*,#3152,.F.);
#3152 = EDGE_CURVE('',#2707,#2401,#3153,.T.);
#3153 = LINE('',#3154,#3155);
#3154 = CARTESIAN_POINT('',(-4.025,1.96,7.07));
#3155 = VECTOR('',#3156,1.);
#3156 = DIRECTION('',(0.,-1.,0.));
#3157 = ORIENTED_EDGE('',*,*,#2706,.F.);
#3158 = ORIENTED_EDGE('',*,*,#3137,.T.);
#3159 = PLANE('',#3160);
#3160 = AXIS2_PLACEMENT_3D('',#3161,#3162,#3163);
#3161 = CARTESIAN_POINT('',(-4.025,1.96,4.4));
#3162 = DIRECTION('',(1.,0.,0.));
#3163 = DIRECTION('',(0.,-1.,0.));
#3164 = ADVANCED_FACE('',(#3165),#3176,.T.);
#3165 = FACE_BOUND('',#3166,.T.);
#3166 = EDGE_LOOP('',(#3167,#3173,#3174,#3175));
#3167 = ORIENTED_EDGE('',*,*,#3168,.F.);
#3168 = EDGE_CURVE('',#2715,#2403,#3169,.T.);
#3169 = LINE('',#3170,#3171);
#3170 = CARTESIAN_POINT('',(-4.525,1.96,7.07));
#3171 = VECTOR('',#3172,1.);
#3172 = DIRECTION('',(0.,-1.,0.));
#3173 = ORIENTED_EDGE('',*,*,#2714,.T.);
#3174 = ORIENTED_EDGE('',*,*,#3152,.T.);
#3175 = ORIENTED_EDGE('',*,*,#2400,.T.);
#3176 = PLANE('',#3177);
#3177 = AXIS2_PLACEMENT_3D('',#3178,#3179,#3180);
#3178 = CARTESIAN_POINT('',(0.,0.,7.07));
#3179 = DIRECTION('',(0.,0.,-1.));
#3180 = DIRECTION('',(1.,0.,0.));
#3181 = ADVANCED_FACE('',(#3182),#3193,.F.);
#3182 = FACE_BOUND('',#3183,.T.);
#3183 = EDGE_LOOP('',(#3184,#3185,#3186,#3187));
#3184 = ORIENTED_EDGE('',*,*,#2722,.T.);
#3185 = ORIENTED_EDGE('',*,*,#3168,.T.);
#3186 = ORIENTED_EDGE('',*,*,#2498,.T.);
#3187 = ORIENTED_EDGE('',*,*,#3188,.T.);
#3188 = EDGE_CURVE('',#2491,#2723,#3189,.T.);
#3189 = LINE('',#3190,#3191);
#3190 = CARTESIAN_POINT('',(-4.525,-0.84,7.57));
#3191 = VECTOR('',#3192,1.);
#3192 = DIRECTION('',(0.,1.,0.));
#3193 = PLANE('',#3194);
#3194 = AXIS2_PLACEMENT_3D('',#3195,#3196,#3197);
#3195 = CARTESIAN_POINT('',(-4.525,5.5,7.82));
#3196 = DIRECTION('',(1.,0.,0.));
#3197 = DIRECTION('',(0.,0.,-1.));
#3198 = ADVANCED_FACE('',(#3199),#3210,.F.);
#3199 = FACE_BOUND('',#3200,.T.);
#3200 = EDGE_LOOP('',(#3201,#3202,#3208,#3209));
#3201 = ORIENTED_EDGE('',*,*,#2490,.F.);
#3202 = ORIENTED_EDGE('',*,*,#3203,.T.);
#3203 = EDGE_CURVE('',#2483,#2731,#3204,.T.);
#3204 = LINE('',#3205,#3206);
#3205 = CARTESIAN_POINT('',(-4.2,-0.84,8.97));
#3206 = VECTOR('',#3207,1.);
#3207 = DIRECTION('',(0.,1.,0.));
#3208 = ORIENTED_EDGE('',*,*,#2730,.T.);
#3209 = ORIENTED_EDGE('',*,*,#3188,.F.);
#3210 = PLANE('',#3211);
#3211 = AXIS2_PLACEMENT_3D('',#3212,#3213,#3214);
#3212 = CARTESIAN_POINT('',(-4.2,-0.84,8.97));
#3213 = DIRECTION('',(0.974097200243,0.,-0.226129707199));
#3214 = DIRECTION('',(-0.226129707199,0.,-0.974097200243));
#3215 = ADVANCED_FACE('',(#3216),#3266,.F.);
#3216 = FACE_BOUND('',#3217,.T.);
#3217 = EDGE_LOOP('',(#3218,#3228,#3236,#3244,#3252,#3260));
#3218 = ORIENTED_EDGE('',*,*,#3219,.T.);
#3219 = EDGE_CURVE('',#3220,#3222,#3224,.T.);
#3220 = VERTEX_POINT('',#3221);
#3221 = CARTESIAN_POINT('',(1.75,-3.45,8.97));
#3222 = VERTEX_POINT('',#3223);
#3223 = CARTESIAN_POINT('',(0.35,-3.45,8.97));
#3224 = LINE('',#3225,#3226);
#3225 = CARTESIAN_POINT('',(1.75,-3.45,8.97));
#3226 = VECTOR('',#3227,1.);
#3227 = DIRECTION('',(-1.,0.,0.));
#3228 = ORIENTED_EDGE('',*,*,#3229,.T.);
#3229 = EDGE_CURVE('',#3222,#3230,#3232,.T.);
#3230 = VERTEX_POINT('',#3231);
#3231 = CARTESIAN_POINT('',(0.35,-4.25,8.97));
#3232 = LINE('',#3233,#3234);
#3233 = CARTESIAN_POINT('',(0.35,-3.45,8.97));
#3234 = VECTOR('',#3235,1.);
#3235 = DIRECTION('',(0.,-1.,0.));
#3236 = ORIENTED_EDGE('',*,*,#3237,.T.);
#3237 = EDGE_CURVE('',#3230,#3238,#3240,.T.);
#3238 = VERTEX_POINT('',#3239);
#3239 = CARTESIAN_POINT('',(2.19,-4.25,8.97));
#3240 = LINE('',#3241,#3242);
#3241 = CARTESIAN_POINT('',(0.35,-4.25,8.97));
#3242 = VECTOR('',#3243,1.);
#3243 = DIRECTION('',(1.,0.,0.));
#3244 = ORIENTED_EDGE('',*,*,#3245,.T.);
#3245 = EDGE_CURVE('',#3238,#3246,#3248,.T.);
#3246 = VERTEX_POINT('',#3247);
#3247 = CARTESIAN_POINT('',(2.19,-3.95,8.97));
#3248 = LINE('',#3249,#3250);
#3249 = CARTESIAN_POINT('',(2.19,-4.25,8.97));
#3250 = VECTOR('',#3251,1.);
#3251 = DIRECTION('',(0.,1.,0.));
#3252 = ORIENTED_EDGE('',*,*,#3253,.F.);
#3253 = EDGE_CURVE('',#3254,#3246,#3256,.T.);
#3254 = VERTEX_POINT('',#3255);
#3255 = CARTESIAN_POINT('',(1.75,-3.95,8.97));
#3256 = LINE('',#3257,#3258);
#3257 = CARTESIAN_POINT('',(1.75,-3.95,8.97));
#3258 = VECTOR('',#3259,1.);
#3259 = DIRECTION('',(1.,0.,0.));
#3260 = ORIENTED_EDGE('',*,*,#3261,.F.);
#3261 = EDGE_CURVE('',#3220,#3254,#3262,.T.);
#3262 = LINE('',#3263,#3264);
#3263 = CARTESIAN_POINT('',(1.75,-3.45,8.97));
#3264 = VECTOR('',#3265,1.);
#3265 = DIRECTION('',(0.,-1.,0.));
#3266 = PLANE('',#3267);
#3267 = AXIS2_PLACEMENT_3D('',#3268,#3269,#3270);
#3268 = CARTESIAN_POINT('',(-6.,4.75,8.97));
#3269 = DIRECTION('',(0.,0.,-1.));
#3270 = DIRECTION('',(0.,-1.,0.));
#3271 = ADVANCED_FACE('',(#3272),#3322,.F.);
#3272 = FACE_BOUND('',#3273,.T.);
#3273 = EDGE_LOOP('',(#3274,#3284,#3292,#3300,#3308,#3316));
#3274 = ORIENTED_EDGE('',*,*,#3275,.T.);
#3275 = EDGE_CURVE('',#3276,#3278,#3280,.T.);
#3276 = VERTEX_POINT('',#3277);
#3277 = CARTESIAN_POINT('',(-2.19,-3.95,8.97));
#3278 = VERTEX_POINT('',#3279);
#3279 = CARTESIAN_POINT('',(-2.19,-4.25,8.97));
#3280 = LINE('',#3281,#3282);
#3281 = CARTESIAN_POINT('',(-2.19,-3.95,8.97));
#3282 = VECTOR('',#3283,1.);
#3283 = DIRECTION('',(0.,-1.,0.));
#3284 = ORIENTED_EDGE('',*,*,#3285,.T.);
#3285 = EDGE_CURVE('',#3278,#3286,#3288,.T.);
#3286 = VERTEX_POINT('',#3287);
#3287 = CARTESIAN_POINT('',(-0.35,-4.25,8.97));
#3288 = LINE('',#3289,#3290);
#3289 = CARTESIAN_POINT('',(-2.19,-4.25,8.97));
#3290 = VECTOR('',#3291,1.);
#3291 = DIRECTION('',(1.,0.,0.));
#3292 = ORIENTED_EDGE('',*,*,#3293,.T.);
#3293 = EDGE_CURVE('',#3286,#3294,#3296,.T.);
#3294 = VERTEX_POINT('',#3295);
#3295 = CARTESIAN_POINT('',(-0.35,-3.45,8.97));
#3296 = LINE('',#3297,#3298);
#3297 = CARTESIAN_POINT('',(-0.35,-4.25,8.97));
#3298 = VECTOR('',#3299,1.);
#3299 = DIRECTION('',(0.,1.,0.));
#3300 = ORIENTED_EDGE('',*,*,#3301,.T.);
#3301 = EDGE_CURVE('',#3294,#3302,#3304,.T.);
#3302 = VERTEX_POINT('',#3303);
#3303 = CARTESIAN_POINT('',(-1.75,-3.45,8.97));
#3304 = LINE('',#3305,#3306);
#3305 = CARTESIAN_POINT('',(-0.35,-3.45,8.97));
#3306 = VECTOR('',#3307,1.);
#3307 = DIRECTION('',(-1.,0.,0.));
#3308 = ORIENTED_EDGE('',*,*,#3309,.F.);
#3309 = EDGE_CURVE('',#3310,#3302,#3312,.T.);
#3310 = VERTEX_POINT('',#3311);
#3311 = CARTESIAN_POINT('',(-1.75,-3.95,8.97));
#3312 = LINE('',#3313,#3314);
#3313 = CARTESIAN_POINT('',(-1.75,-3.95,8.97));
#3314 = VECTOR('',#3315,1.);
#3315 = DIRECTION('',(0.,1.,0.));
#3316 = ORIENTED_EDGE('',*,*,#3317,.F.);
#3317 = EDGE_CURVE('',#3276,#3310,#3318,.T.);
#3318 = LINE('',#3319,#3320);
#3319 = CARTESIAN_POINT('',(-2.19,-3.95,8.97));
#3320 = VECTOR('',#3321,1.);
#3321 = DIRECTION('',(1.,0.,0.));
#3322 = PLANE('',#3323);
#3323 = AXIS2_PLACEMENT_3D('',#3324,#3325,#3326);
#3324 = CARTESIAN_POINT('',(-6.,4.75,8.97));
#3325 = DIRECTION('',(0.,0.,-1.));
#3326 = DIRECTION('',(0.,-1.,0.));
#3327 = ADVANCED_FACE('',(#3328),#3379,.F.);
#3328 = FACE_BOUND('',#3329,.T.);
#3329 = EDGE_LOOP('',(#3330,#3331,#3332,#3340,#3348,#3356,#3364,#3372,
    #3378));
#3330 = ORIENTED_EDGE('',*,*,#2520,.T.);
#3331 = ORIENTED_EDGE('',*,*,#2289,.F.);
#3332 = ORIENTED_EDGE('',*,*,#3333,.F.);
#3333 = EDGE_CURVE('',#3334,#2282,#3336,.T.);
#3334 = VERTEX_POINT('',#3335);
#3335 = CARTESIAN_POINT('',(4.,4.45,8.97));
#3336 = LINE('',#3337,#3338);
#3337 = CARTESIAN_POINT('',(4.,4.45,8.97));
#3338 = VECTOR('',#3339,1.);
#3339 = DIRECTION('',(1.,0.,0.));
#3340 = ORIENTED_EDGE('',*,*,#3341,.T.);
#3341 = EDGE_CURVE('',#3334,#3342,#3344,.T.);
#3342 = VERTEX_POINT('',#3343);
#3343 = CARTESIAN_POINT('',(4.,-3.45,8.97));
#3344 = LINE('',#3345,#3346);
#3345 = CARTESIAN_POINT('',(4.,4.45,8.97));
#3346 = VECTOR('',#3347,1.);
#3347 = DIRECTION('',(0.,-1.,0.));
#3348 = ORIENTED_EDGE('',*,*,#3349,.T.);
#3349 = EDGE_CURVE('',#3342,#3350,#3352,.T.);
#3350 = VERTEX_POINT('',#3351);
#3351 = CARTESIAN_POINT('',(2.89,-3.45,8.97));
#3352 = LINE('',#3353,#3354);
#3353 = CARTESIAN_POINT('',(4.,-3.45,8.97));
#3354 = VECTOR('',#3355,1.);
#3355 = DIRECTION('',(-1.,0.,0.));
#3356 = ORIENTED_EDGE('',*,*,#3357,.T.);
#3357 = EDGE_CURVE('',#3350,#3358,#3360,.T.);
#3358 = VERTEX_POINT('',#3359);
#3359 = CARTESIAN_POINT('',(2.89,-4.25,8.97));
#3360 = LINE('',#3361,#3362);
#3361 = CARTESIAN_POINT('',(2.89,-3.45,8.97));
#3362 = VECTOR('',#3363,1.);
#3363 = DIRECTION('',(0.,-1.,0.));
#3364 = ORIENTED_EDGE('',*,*,#3365,.T.);
#3365 = EDGE_CURVE('',#3358,#3366,#3368,.T.);
#3366 = VERTEX_POINT('',#3367);
#3367 = CARTESIAN_POINT('',(3.018937303106,-4.25,8.97));
#3368 = LINE('',#3369,#3370);
#3369 = CARTESIAN_POINT('',(2.89,-4.25,8.97));
#3370 = VECTOR('',#3371,1.);
#3371 = DIRECTION('',(1.,0.,0.));
#3372 = ORIENTED_EDGE('',*,*,#3373,.F.);
#3373 = EDGE_CURVE('',#2252,#3366,#3374,.T.);
#3374 = LINE('',#3375,#3376);
#3375 = CARTESIAN_POINT('',(4.2,-4.25,8.97));
#3376 = VECTOR('',#3377,1.);
#3377 = DIRECTION('',(-1.,0.,0.));
#3378 = ORIENTED_EDGE('',*,*,#2249,.F.);
#3379 = PLANE('',#3380);
#3380 = AXIS2_PLACEMENT_3D('',#3381,#3382,#3383);
#3381 = CARTESIAN_POINT('',(-6.,4.75,8.97));
#3382 = DIRECTION('',(0.,0.,-1.));
#3383 = DIRECTION('',(0.,-1.,0.));
#3384 = ADVANCED_FACE('',(#3385),#3450,.F.);
#3385 = FACE_BOUND('',#3386,.T.);
#3386 = EDGE_LOOP('',(#3387,#3388,#3396,#3404,#3412,#3420,#3428,#3436,
    #3444));
#3387 = ORIENTED_EDGE('',*,*,#3203,.F.);
#3388 = ORIENTED_EDGE('',*,*,#3389,.T.);
#3389 = EDGE_CURVE('',#2483,#3390,#3392,.T.);
#3390 = VERTEX_POINT('',#3391);
#3391 = CARTESIAN_POINT('',(-4.2,-4.25,8.97));
#3392 = LINE('',#3393,#3394);
#3393 = CARTESIAN_POINT('',(-4.2,-0.84,8.97));
#3394 = VECTOR('',#3395,1.);
#3395 = DIRECTION('',(0.,-1.,0.));
#3396 = ORIENTED_EDGE('',*,*,#3397,.F.);
#3397 = EDGE_CURVE('',#3398,#3390,#3400,.T.);
#3398 = VERTEX_POINT('',#3399);
#3399 = CARTESIAN_POINT('',(-3.018937303106,-4.25,8.97));
#3400 = LINE('',#3401,#3402);
#3401 = CARTESIAN_POINT('',(-3.018937303106,-4.25,8.97));
#3402 = VECTOR('',#3403,1.);
#3403 = DIRECTION('',(-1.,0.,0.));
#3404 = ORIENTED_EDGE('',*,*,#3405,.T.);
#3405 = EDGE_CURVE('',#3398,#3406,#3408,.T.);
#3406 = VERTEX_POINT('',#3407);
#3407 = CARTESIAN_POINT('',(-2.89,-4.25,8.97));
#3408 = LINE('',#3409,#3410);
#3409 = CARTESIAN_POINT('',(-3.018937303106,-4.25,8.97));
#3410 = VECTOR('',#3411,1.);
#3411 = DIRECTION('',(1.,0.,0.));
#3412 = ORIENTED_EDGE('',*,*,#3413,.T.);
#3413 = EDGE_CURVE('',#3406,#3414,#3416,.T.);
#3414 = VERTEX_POINT('',#3415);
#3415 = CARTESIAN_POINT('',(-2.89,-3.45,8.97));
#3416 = LINE('',#3417,#3418);
#3417 = CARTESIAN_POINT('',(-2.89,-4.25,8.97));
#3418 = VECTOR('',#3419,1.);
#3419 = DIRECTION('',(0.,1.,0.));
#3420 = ORIENTED_EDGE('',*,*,#3421,.T.);
#3421 = EDGE_CURVE('',#3414,#3422,#3424,.T.);
#3422 = VERTEX_POINT('',#3423);
#3423 = CARTESIAN_POINT('',(-4.,-3.45,8.97));
#3424 = LINE('',#3425,#3426);
#3425 = CARTESIAN_POINT('',(-2.89,-3.45,8.97));
#3426 = VECTOR('',#3427,1.);
#3427 = DIRECTION('',(-1.,0.,0.));
#3428 = ORIENTED_EDGE('',*,*,#3429,.F.);
#3429 = EDGE_CURVE('',#3430,#3422,#3432,.T.);
#3430 = VERTEX_POINT('',#3431);
#3431 = CARTESIAN_POINT('',(-4.,4.45,8.97));
#3432 = LINE('',#3433,#3434);
#3433 = CARTESIAN_POINT('',(-4.,4.45,8.97));
#3434 = VECTOR('',#3435,1.);
#3435 = DIRECTION('',(0.,-1.,0.));
#3436 = ORIENTED_EDGE('',*,*,#3437,.F.);
#3437 = EDGE_CURVE('',#3438,#3430,#3440,.T.);
#3438 = VERTEX_POINT('',#3439);
#3439 = CARTESIAN_POINT('',(-4.2,4.45,8.97));
#3440 = LINE('',#3441,#3442);
#3441 = CARTESIAN_POINT('',(-4.2,4.45,8.97));
#3442 = VECTOR('',#3443,1.);
#3443 = DIRECTION('',(1.,0.,0.));
#3444 = ORIENTED_EDGE('',*,*,#3445,.T.);
#3445 = EDGE_CURVE('',#3438,#2731,#3446,.T.);
#3446 = LINE('',#3447,#3448);
#3447 = CARTESIAN_POINT('',(-4.2,4.45,8.97));
#3448 = VECTOR('',#3449,1.);
#3449 = DIRECTION('',(0.,-1.,0.));
#3450 = PLANE('',#3451);
#3451 = AXIS2_PLACEMENT_3D('',#3452,#3453,#3454);
#3452 = CARTESIAN_POINT('',(-6.,4.75,8.97));
#3453 = DIRECTION('',(0.,0.,-1.));
#3454 = DIRECTION('',(0.,-1.,0.));
#3455 = ADVANCED_FACE('',(#3456),#3481,.F.);
#3456 = FACE_BOUND('',#3457,.T.);
#3457 = EDGE_LOOP('',(#3458,#3459,#3467,#3475));
#3458 = ORIENTED_EDGE('',*,*,#3261,.T.);
#3459 = ORIENTED_EDGE('',*,*,#3460,.T.);
#3460 = EDGE_CURVE('',#3254,#3461,#3463,.T.);
#3461 = VERTEX_POINT('',#3462);
#3462 = CARTESIAN_POINT('',(1.75,-3.95,8.47));
#3463 = LINE('',#3464,#3465);
#3464 = CARTESIAN_POINT('',(1.75,-3.95,8.97));
#3465 = VECTOR('',#3466,1.);
#3466 = DIRECTION('',(0.,0.,-1.));
#3467 = ORIENTED_EDGE('',*,*,#3468,.F.);
#3468 = EDGE_CURVE('',#3469,#3461,#3471,.T.);
#3469 = VERTEX_POINT('',#3470);
#3470 = CARTESIAN_POINT('',(1.75,-3.45,8.47));
#3471 = LINE('',#3472,#3473);
#3472 = CARTESIAN_POINT('',(1.75,-3.45,8.47));
#3473 = VECTOR('',#3474,1.);
#3474 = DIRECTION('',(0.,-1.,0.));
#3475 = ORIENTED_EDGE('',*,*,#3476,.T.);
#3476 = EDGE_CURVE('',#3469,#3220,#3477,.T.);
#3477 = LINE('',#3478,#3479);
#3478 = CARTESIAN_POINT('',(1.75,-3.45,8.47));
#3479 = VECTOR('',#3480,1.);
#3480 = DIRECTION('',(0.,0.,1.));
#3481 = PLANE('',#3482);
#3482 = AXIS2_PLACEMENT_3D('',#3483,#3484,#3485);
#3483 = CARTESIAN_POINT('',(1.75,-3.45,8.97));
#3484 = DIRECTION('',(-1.,0.,0.));
#3485 = DIRECTION('',(0.,-1.,0.));
#3486 = ADVANCED_FACE('',(#3487),#3505,.T.);
#3487 = FACE_BOUND('',#3488,.T.);
#3488 = EDGE_LOOP('',(#3489,#3497,#3503,#3504));
#3489 = ORIENTED_EDGE('',*,*,#3490,.T.);
#3490 = EDGE_CURVE('',#3469,#3491,#3493,.T.);
#3491 = VERTEX_POINT('',#3492);
#3492 = CARTESIAN_POINT('',(0.35,-3.45,8.47));
#3493 = LINE('',#3494,#3495);
#3494 = CARTESIAN_POINT('',(1.75,-3.45,8.47));
#3495 = VECTOR('',#3496,1.);
#3496 = DIRECTION('',(-1.,0.,0.));
#3497 = ORIENTED_EDGE('',*,*,#3498,.T.);
#3498 = EDGE_CURVE('',#3491,#3222,#3499,.T.);
#3499 = LINE('',#3500,#3501);
#3500 = CARTESIAN_POINT('',(0.35,-3.45,8.47));
#3501 = VECTOR('',#3502,1.);
#3502 = DIRECTION('',(0.,0.,1.));
#3503 = ORIENTED_EDGE('',*,*,#3219,.F.);
#3504 = ORIENTED_EDGE('',*,*,#3476,.F.);
#3505 = PLANE('',#3506);
#3506 = AXIS2_PLACEMENT_3D('',#3507,#3508,#3509);
#3507 = CARTESIAN_POINT('',(2.19,-3.45,8.6));
#3508 = DIRECTION('',(0.,1.,0.));
#3509 = DIRECTION('',(-1.,0.,0.));
#3510 = ADVANCED_FACE('',(#3511),#3529,.T.);
#3511 = FACE_BOUND('',#3512,.T.);
#3512 = EDGE_LOOP('',(#3513,#3521,#3522,#3523));
#3513 = ORIENTED_EDGE('',*,*,#3514,.T.);
#3514 = EDGE_CURVE('',#3515,#3230,#3517,.T.);
#3515 = VERTEX_POINT('',#3516);
#3516 = CARTESIAN_POINT('',(0.35,-4.25,8.47));
#3517 = LINE('',#3518,#3519);
#3518 = CARTESIAN_POINT('',(0.35,-4.25,8.47));
#3519 = VECTOR('',#3520,1.);
#3520 = DIRECTION('',(0.,0.,1.));
#3521 = ORIENTED_EDGE('',*,*,#3229,.F.);
#3522 = ORIENTED_EDGE('',*,*,#3498,.F.);
#3523 = ORIENTED_EDGE('',*,*,#3524,.F.);
#3524 = EDGE_CURVE('',#3515,#3491,#3525,.T.);
#3525 = LINE('',#3526,#3527);
#3526 = CARTESIAN_POINT('',(0.35,-4.25,8.47));
#3527 = VECTOR('',#3528,1.);
#3528 = DIRECTION('',(0.,1.,0.));
#3529 = PLANE('',#3530);
#3530 = AXIS2_PLACEMENT_3D('',#3531,#3532,#3533);
#3531 = CARTESIAN_POINT('',(0.35,-3.45,8.6));
#3532 = DIRECTION('',(-1.,0.,0.));
#3533 = DIRECTION('',(0.,-1.,0.));
#3534 = ADVANCED_FACE('',(#3535),#3690,.T.);
#3535 = FACE_BOUND('',#3536,.T.);
#3536 = EDGE_LOOP('',(#3537,#3547,#3555,#3563,#3571,#3579,#3587,#3595,
    #3603,#3611,#3619,#3627,#3635,#3643,#3651,#3659,#3667,#3673,#3674,
    #3675,#3676,#3684));
#3537 = ORIENTED_EDGE('',*,*,#3538,.T.);
#3538 = EDGE_CURVE('',#3539,#3541,#3543,.T.);
#3539 = VERTEX_POINT('',#3540);
#3540 = CARTESIAN_POINT('',(2.19,-4.25,8.47));
#3541 = VERTEX_POINT('',#3542);
#3542 = CARTESIAN_POINT('',(2.89,-4.25,8.47));
#3543 = LINE('',#3544,#3545);
#3544 = CARTESIAN_POINT('',(2.19,-4.25,8.47));
#3545 = VECTOR('',#3546,1.);
#3546 = DIRECTION('',(1.,0.,0.));
#3547 = ORIENTED_EDGE('',*,*,#3548,.T.);
#3548 = EDGE_CURVE('',#3541,#3549,#3551,.T.);
#3549 = VERTEX_POINT('',#3550);
#3550 = CARTESIAN_POINT('',(2.89,-3.45,8.47));
#3551 = LINE('',#3552,#3553);
#3552 = CARTESIAN_POINT('',(2.89,-4.25,8.47));
#3553 = VECTOR('',#3554,1.);
#3554 = DIRECTION('',(0.,1.,0.));
#3555 = ORIENTED_EDGE('',*,*,#3556,.F.);
#3556 = EDGE_CURVE('',#3557,#3549,#3559,.T.);
#3557 = VERTEX_POINT('',#3558);
#3558 = CARTESIAN_POINT('',(4.,-3.45,8.47));
#3559 = LINE('',#3560,#3561);
#3560 = CARTESIAN_POINT('',(4.,-3.45,8.47));
#3561 = VECTOR('',#3562,1.);
#3562 = DIRECTION('',(-1.,0.,0.));
#3563 = ORIENTED_EDGE('',*,*,#3564,.T.);
#3564 = EDGE_CURVE('',#3557,#3565,#3567,.T.);
#3565 = VERTEX_POINT('',#3566);
#3566 = CARTESIAN_POINT('',(4.,-1.975,8.47));
#3567 = LINE('',#3568,#3569);
#3568 = CARTESIAN_POINT('',(4.,-3.45,8.47));
#3569 = VECTOR('',#3570,1.);
#3570 = DIRECTION('',(0.,1.,0.));
#3571 = ORIENTED_EDGE('',*,*,#3572,.T.);
#3572 = EDGE_CURVE('',#3565,#3573,#3575,.T.);
#3573 = VERTEX_POINT('',#3574);
#3574 = CARTESIAN_POINT('',(2.85,-1.975,8.47));
#3575 = LINE('',#3576,#3577);
#3576 = CARTESIAN_POINT('',(4.,-1.975,8.47));
#3577 = VECTOR('',#3578,1.);
#3578 = DIRECTION('',(-1.,0.,0.));
#3579 = ORIENTED_EDGE('',*,*,#3580,.F.);
#3580 = EDGE_CURVE('',#3581,#3573,#3583,.T.);
#3581 = VERTEX_POINT('',#3582);
#3582 = CARTESIAN_POINT('',(-2.85,-1.975,8.47));
#3583 = LINE('',#3584,#3585);
#3584 = CARTESIAN_POINT('',(-2.85,-1.975,8.47));
#3585 = VECTOR('',#3586,1.);
#3586 = DIRECTION('',(1.,0.,0.));
#3587 = ORIENTED_EDGE('',*,*,#3588,.T.);
#3588 = EDGE_CURVE('',#3581,#3589,#3591,.T.);
#3589 = VERTEX_POINT('',#3590);
#3590 = CARTESIAN_POINT('',(-4.,-1.975,8.47));
#3591 = LINE('',#3592,#3593);
#3592 = CARTESIAN_POINT('',(-2.85,-1.975,8.47));
#3593 = VECTOR('',#3594,1.);
#3594 = DIRECTION('',(-1.,0.,0.));
#3595 = ORIENTED_EDGE('',*,*,#3596,.T.);
#3596 = EDGE_CURVE('',#3589,#3597,#3599,.T.);
#3597 = VERTEX_POINT('',#3598);
#3598 = CARTESIAN_POINT('',(-4.,-3.45,8.47));
#3599 = LINE('',#3600,#3601);
#3600 = CARTESIAN_POINT('',(-4.,-1.975,8.47));
#3601 = VECTOR('',#3602,1.);
#3602 = DIRECTION('',(0.,-1.,0.));
#3603 = ORIENTED_EDGE('',*,*,#3604,.T.);
#3604 = EDGE_CURVE('',#3597,#3605,#3607,.T.);
#3605 = VERTEX_POINT('',#3606);
#3606 = CARTESIAN_POINT('',(-2.89,-3.45,8.47));
#3607 = LINE('',#3608,#3609);
#3608 = CARTESIAN_POINT('',(-4.,-3.45,8.47));
#3609 = VECTOR('',#3610,1.);
#3610 = DIRECTION('',(1.,0.,0.));
#3611 = ORIENTED_EDGE('',*,*,#3612,.F.);
#3612 = EDGE_CURVE('',#3613,#3605,#3615,.T.);
#3613 = VERTEX_POINT('',#3614);
#3614 = CARTESIAN_POINT('',(-2.89,-4.25,8.47));
#3615 = LINE('',#3616,#3617);
#3616 = CARTESIAN_POINT('',(-2.89,-4.25,8.47));
#3617 = VECTOR('',#3618,1.);
#3618 = DIRECTION('',(0.,1.,0.));
#3619 = ORIENTED_EDGE('',*,*,#3620,.T.);
#3620 = EDGE_CURVE('',#3613,#3621,#3623,.T.);
#3621 = VERTEX_POINT('',#3622);
#3622 = CARTESIAN_POINT('',(-2.19,-4.25,8.47));
#3623 = LINE('',#3624,#3625);
#3624 = CARTESIAN_POINT('',(-2.89,-4.25,8.47));
#3625 = VECTOR('',#3626,1.);
#3626 = DIRECTION('',(1.,0.,0.));
#3627 = ORIENTED_EDGE('',*,*,#3628,.T.);
#3628 = EDGE_CURVE('',#3621,#3629,#3631,.T.);
#3629 = VERTEX_POINT('',#3630);
#3630 = CARTESIAN_POINT('',(-2.19,-3.95,8.47));
#3631 = LINE('',#3632,#3633);
#3632 = CARTESIAN_POINT('',(-2.19,-4.25,8.47));
#3633 = VECTOR('',#3634,1.);
#3634 = DIRECTION('',(0.,1.,0.));
#3635 = ORIENTED_EDGE('',*,*,#3636,.T.);
#3636 = EDGE_CURVE('',#3629,#3637,#3639,.T.);
#3637 = VERTEX_POINT('',#3638);
#3638 = CARTESIAN_POINT('',(-1.75,-3.95,8.47));
#3639 = LINE('',#3640,#3641);
#3640 = CARTESIAN_POINT('',(-2.19,-3.95,8.47));
#3641 = VECTOR('',#3642,1.);
#3642 = DIRECTION('',(1.,0.,0.));
#3643 = ORIENTED_EDGE('',*,*,#3644,.T.);
#3644 = EDGE_CURVE('',#3637,#3645,#3647,.T.);
#3645 = VERTEX_POINT('',#3646);
#3646 = CARTESIAN_POINT('',(-1.75,-3.45,8.47));
#3647 = LINE('',#3648,#3649);
#3648 = CARTESIAN_POINT('',(-1.75,-3.95,8.47));
#3649 = VECTOR('',#3650,1.);
#3650 = DIRECTION('',(0.,1.,0.));
#3651 = ORIENTED_EDGE('',*,*,#3652,.F.);
#3652 = EDGE_CURVE('',#3653,#3645,#3655,.T.);
#3653 = VERTEX_POINT('',#3654);
#3654 = CARTESIAN_POINT('',(-0.35,-3.45,8.47));
#3655 = LINE('',#3656,#3657);
#3656 = CARTESIAN_POINT('',(-0.35,-3.45,8.47));
#3657 = VECTOR('',#3658,1.);
#3658 = DIRECTION('',(-1.,0.,0.));
#3659 = ORIENTED_EDGE('',*,*,#3660,.F.);
#3660 = EDGE_CURVE('',#3661,#3653,#3663,.T.);
#3661 = VERTEX_POINT('',#3662);
#3662 = CARTESIAN_POINT('',(-0.35,-4.25,8.47));
#3663 = LINE('',#3664,#3665);
#3664 = CARTESIAN_POINT('',(-0.35,-4.25,8.47));
#3665 = VECTOR('',#3666,1.);
#3666 = DIRECTION('',(0.,1.,0.));
#3667 = ORIENTED_EDGE('',*,*,#3668,.T.);
#3668 = EDGE_CURVE('',#3661,#3515,#3669,.T.);
#3669 = LINE('',#3670,#3671);
#3670 = CARTESIAN_POINT('',(-0.35,-4.25,8.47));
#3671 = VECTOR('',#3672,1.);
#3672 = DIRECTION('',(1.,0.,0.));
#3673 = ORIENTED_EDGE('',*,*,#3524,.T.);
#3674 = ORIENTED_EDGE('',*,*,#3490,.F.);
#3675 = ORIENTED_EDGE('',*,*,#3468,.T.);
#3676 = ORIENTED_EDGE('',*,*,#3677,.T.);
#3677 = EDGE_CURVE('',#3461,#3678,#3680,.T.);
#3678 = VERTEX_POINT('',#3679);
#3679 = CARTESIAN_POINT('',(2.19,-3.95,8.47));
#3680 = LINE('',#3681,#3682);
#3681 = CARTESIAN_POINT('',(1.75,-3.95,8.47));
#3682 = VECTOR('',#3683,1.);
#3683 = DIRECTION('',(1.,0.,0.));
#3684 = ORIENTED_EDGE('',*,*,#3685,.F.);
#3685 = EDGE_CURVE('',#3539,#3678,#3686,.T.);
#3686 = LINE('',#3687,#3688);
#3687 = CARTESIAN_POINT('',(2.19,-4.25,8.47));
#3688 = VECTOR('',#3689,1.);
#3689 = DIRECTION('',(0.,1.,0.));
#3690 = PLANE('',#3691);
#3691 = AXIS2_PLACEMENT_3D('',#3692,#3693,#3694);
#3692 = CARTESIAN_POINT('',(-6.,0.,8.47));
#3693 = DIRECTION('',(0.,0.,1.));
#3694 = DIRECTION('',(1.,0.,-0.));
#3695 = ADVANCED_FACE('',(#3696),#3712,.T.);
#3696 = FACE_BOUND('',#3697,.T.);
#3697 = EDGE_LOOP('',(#3698,#3699,#3705,#3706));
#3698 = ORIENTED_EDGE('',*,*,#3245,.F.);
#3699 = ORIENTED_EDGE('',*,*,#3700,.F.);
#3700 = EDGE_CURVE('',#3539,#3238,#3701,.T.);
#3701 = LINE('',#3702,#3703);
#3702 = CARTESIAN_POINT('',(2.19,-4.25,8.47));
#3703 = VECTOR('',#3704,1.);
#3704 = DIRECTION('',(0.,0.,1.));
#3705 = ORIENTED_EDGE('',*,*,#3685,.T.);
#3706 = ORIENTED_EDGE('',*,*,#3707,.T.);
#3707 = EDGE_CURVE('',#3678,#3246,#3708,.T.);
#3708 = LINE('',#3709,#3710);
#3709 = CARTESIAN_POINT('',(2.19,-3.95,8.47));
#3710 = VECTOR('',#3711,1.);
#3711 = DIRECTION('',(0.,0.,1.));
#3712 = PLANE('',#3713);
#3713 = AXIS2_PLACEMENT_3D('',#3714,#3715,#3716);
#3714 = CARTESIAN_POINT('',(2.19,-4.25,8.6));
#3715 = DIRECTION('',(1.,0.,0.));
#3716 = DIRECTION('',(-0.,1.,0.));
#3717 = ADVANCED_FACE('',(#3718),#3724,.F.);
#3718 = FACE_BOUND('',#3719,.T.);
#3719 = EDGE_LOOP('',(#3720,#3721,#3722,#3723));
#3720 = ORIENTED_EDGE('',*,*,#3677,.F.);
#3721 = ORIENTED_EDGE('',*,*,#3460,.F.);
#3722 = ORIENTED_EDGE('',*,*,#3253,.T.);
#3723 = ORIENTED_EDGE('',*,*,#3707,.F.);
#3724 = PLANE('',#3725);
#3725 = AXIS2_PLACEMENT_3D('',#3726,#3727,#3728);
#3726 = CARTESIAN_POINT('',(1.75,-3.95,8.97));
#3727 = DIRECTION('',(0.,-1.,0.));
#3728 = DIRECTION('',(1.,0.,0.));
#3729 = ADVANCED_FACE('',(#3730),#3787,.T.);
#3730 = FACE_BOUND('',#3731,.T.);
#3731 = EDGE_LOOP('',(#3732,#3742,#3748,#3749,#3755,#3756,#3757,#3758,
    #3759,#3760,#3766,#3767,#3773,#3774,#3780,#3781));
#3732 = ORIENTED_EDGE('',*,*,#3733,.T.);
#3733 = EDGE_CURVE('',#3734,#3736,#3738,.T.);
#3734 = VERTEX_POINT('',#3735);
#3735 = CARTESIAN_POINT('',(-3.,-4.25,6.8));
#3736 = VERTEX_POINT('',#3737);
#3737 = CARTESIAN_POINT('',(3.,-4.25,6.8));
#3738 = LINE('',#3739,#3740);
#3739 = CARTESIAN_POINT('',(-3.,-4.25,6.8));
#3740 = VECTOR('',#3741,1.);
#3741 = DIRECTION('',(1.,0.,0.));
#3742 = ORIENTED_EDGE('',*,*,#3743,.F.);
#3743 = EDGE_CURVE('',#3366,#3736,#3744,.T.);
#3744 = LINE('',#3745,#3746);
#3745 = CARTESIAN_POINT('',(3.018937303106,-4.25,8.97));
#3746 = VECTOR('',#3747,1.);
#3747 = DIRECTION('',(-8.726535498374E-03,0.,-0.999961923064));
#3748 = ORIENTED_EDGE('',*,*,#3365,.F.);
#3749 = ORIENTED_EDGE('',*,*,#3750,.F.);
#3750 = EDGE_CURVE('',#3541,#3358,#3751,.T.);
#3751 = LINE('',#3752,#3753);
#3752 = CARTESIAN_POINT('',(2.89,-4.25,8.47));
#3753 = VECTOR('',#3754,1.);
#3754 = DIRECTION('',(0.,0.,1.));
#3755 = ORIENTED_EDGE('',*,*,#3538,.F.);
#3756 = ORIENTED_EDGE('',*,*,#3700,.T.);
#3757 = ORIENTED_EDGE('',*,*,#3237,.F.);
#3758 = ORIENTED_EDGE('',*,*,#3514,.F.);
#3759 = ORIENTED_EDGE('',*,*,#3668,.F.);
#3760 = ORIENTED_EDGE('',*,*,#3761,.T.);
#3761 = EDGE_CURVE('',#3661,#3286,#3762,.T.);
#3762 = LINE('',#3763,#3764);
#3763 = CARTESIAN_POINT('',(-0.35,-4.25,8.47));
#3764 = VECTOR('',#3765,1.);
#3765 = DIRECTION('',(0.,0.,1.));
#3766 = ORIENTED_EDGE('',*,*,#3285,.F.);
#3767 = ORIENTED_EDGE('',*,*,#3768,.F.);
#3768 = EDGE_CURVE('',#3621,#3278,#3769,.T.);
#3769 = LINE('',#3770,#3771);
#3770 = CARTESIAN_POINT('',(-2.19,-4.25,8.47));
#3771 = VECTOR('',#3772,1.);
#3772 = DIRECTION('',(0.,0.,1.));
#3773 = ORIENTED_EDGE('',*,*,#3620,.F.);
#3774 = ORIENTED_EDGE('',*,*,#3775,.T.);
#3775 = EDGE_CURVE('',#3613,#3406,#3776,.T.);
#3776 = LINE('',#3777,#3778);
#3777 = CARTESIAN_POINT('',(-2.89,-4.25,8.47));
#3778 = VECTOR('',#3779,1.);
#3779 = DIRECTION('',(0.,0.,1.));
#3780 = ORIENTED_EDGE('',*,*,#3405,.F.);
#3781 = ORIENTED_EDGE('',*,*,#3782,.F.);
#3782 = EDGE_CURVE('',#3734,#3398,#3783,.T.);
#3783 = LINE('',#3784,#3785);
#3784 = CARTESIAN_POINT('',(-3.,-4.25,6.8));
#3785 = VECTOR('',#3786,1.);
#3786 = DIRECTION('',(-8.726535498374E-03,0.,0.999961923064));
#3787 = PLANE('',#3788);
#3788 = AXIS2_PLACEMENT_3D('',#3789,#3790,#3791);
#3789 = CARTESIAN_POINT('',(0.,-4.25,0.));
#3790 = DIRECTION('',(0.,-1.,0.));
#3791 = DIRECTION('',(1.,0.,0.));
#3792 = ADVANCED_FACE('',(#3793),#3826,.F.);
#3793 = FACE_BOUND('',#3794,.T.);
#3794 = EDGE_LOOP('',(#3795,#3803,#3811,#3819,#3825));
#3795 = ORIENTED_EDGE('',*,*,#3796,.T.);
#3796 = EDGE_CURVE('',#3398,#3797,#3799,.T.);
#3797 = VERTEX_POINT('',#3798);
#3798 = CARTESIAN_POINT('',(-3.045379712512,-4.25,12.));
#3799 = LINE('',#3800,#3801);
#3800 = CARTESIAN_POINT('',(-3.018937303106,-4.25,8.97));
#3801 = VECTOR('',#3802,1.);
#3802 = DIRECTION('',(-8.726535498374E-03,0.,0.999961923064));
#3803 = ORIENTED_EDGE('',*,*,#3804,.F.);
#3804 = EDGE_CURVE('',#3805,#3797,#3807,.T.);
#3805 = VERTEX_POINT('',#3806);
#3806 = CARTESIAN_POINT('',(-3.045379712512,-5.5,12.));
#3807 = LINE('',#3808,#3809);
#3808 = CARTESIAN_POINT('',(-3.045379712512,-5.5,12.));
#3809 = VECTOR('',#3810,1.);
#3810 = DIRECTION('',(0.,1.,0.));
#3811 = ORIENTED_EDGE('',*,*,#3812,.T.);
#3812 = EDGE_CURVE('',#3805,#3813,#3815,.T.);
#3813 = VERTEX_POINT('',#3814);
#3814 = CARTESIAN_POINT('',(-3.,-5.5,6.8));
#3815 = LINE('',#3816,#3817);
#3816 = CARTESIAN_POINT('',(-3.045379712512,-5.5,12.));
#3817 = VECTOR('',#3818,1.);
#3818 = DIRECTION('',(8.726535498374E-03,0.,-0.999961923064));
#3819 = ORIENTED_EDGE('',*,*,#3820,.T.);
#3820 = EDGE_CURVE('',#3813,#3734,#3821,.T.);
#3821 = LINE('',#3822,#3823);
#3822 = CARTESIAN_POINT('',(-3.,-5.5,6.8));
#3823 = VECTOR('',#3824,1.);
#3824 = DIRECTION('',(0.,1.,0.));
#3825 = ORIENTED_EDGE('',*,*,#3782,.T.);
#3826 = PLANE('',#3827);
#3827 = AXIS2_PLACEMENT_3D('',#3828,#3829,#3830);
#3828 = CARTESIAN_POINT('',(-3.,-4.108601323991,6.8));
#3829 = DIRECTION('',(-0.999961923064,0.,-8.726535498374E-03));
#3830 = DIRECTION('',(0.,-1.,-0.));
#3831 = ADVANCED_FACE('',(#3832),#3850,.F.);
#3832 = FACE_BOUND('',#3833,.T.);
#3833 = EDGE_LOOP('',(#3834,#3842,#3843,#3844));
#3834 = ORIENTED_EDGE('',*,*,#3835,.T.);
#3835 = EDGE_CURVE('',#3836,#3736,#3838,.T.);
#3836 = VERTEX_POINT('',#3837);
#3837 = CARTESIAN_POINT('',(3.,-5.5,6.8));
#3838 = LINE('',#3839,#3840);
#3839 = CARTESIAN_POINT('',(3.,-5.5,6.8));
#3840 = VECTOR('',#3841,1.);
#3841 = DIRECTION('',(0.,1.,0.));
#3842 = ORIENTED_EDGE('',*,*,#3733,.F.);
#3843 = ORIENTED_EDGE('',*,*,#3820,.F.);
#3844 = ORIENTED_EDGE('',*,*,#3845,.T.);
#3845 = EDGE_CURVE('',#3813,#3836,#3846,.T.);
#3846 = LINE('',#3847,#3848);
#3847 = CARTESIAN_POINT('',(-3.,-5.5,6.8));
#3848 = VECTOR('',#3849,1.);
#3849 = DIRECTION('',(1.,0.,0.));
#3850 = PLANE('',#3851);
#3851 = AXIS2_PLACEMENT_3D('',#3852,#3853,#3854);
#3852 = CARTESIAN_POINT('',(-3.,-5.5,6.8));
#3853 = DIRECTION('',(0.,0.,-1.));
#3854 = DIRECTION('',(1.,0.,0.));
#3855 = ADVANCED_FACE('',(#3856),#3882,.F.);
#3856 = FACE_BOUND('',#3857,.T.);
#3857 = EDGE_LOOP('',(#3858,#3859,#3867,#3875,#3881));
#3858 = ORIENTED_EDGE('',*,*,#3835,.F.);
#3859 = ORIENTED_EDGE('',*,*,#3860,.T.);
#3860 = EDGE_CURVE('',#3836,#3861,#3863,.T.);
#3861 = VERTEX_POINT('',#3862);
#3862 = CARTESIAN_POINT('',(3.045379712512,-5.5,12.));
#3863 = LINE('',#3864,#3865);
#3864 = CARTESIAN_POINT('',(3.,-5.5,6.8));
#3865 = VECTOR('',#3866,1.);
#3866 = DIRECTION('',(8.726535498374E-03,0.,0.999961923064));
#3867 = ORIENTED_EDGE('',*,*,#3868,.T.);
#3868 = EDGE_CURVE('',#3861,#3869,#3871,.T.);
#3869 = VERTEX_POINT('',#3870);
#3870 = CARTESIAN_POINT('',(3.045379712512,-4.25,12.));
#3871 = LINE('',#3872,#3873);
#3872 = CARTESIAN_POINT('',(3.045379712512,-5.5,12.));
#3873 = VECTOR('',#3874,1.);
#3874 = DIRECTION('',(0.,1.,0.));
#3875 = ORIENTED_EDGE('',*,*,#3876,.T.);
#3876 = EDGE_CURVE('',#3869,#3366,#3877,.T.);
#3877 = LINE('',#3878,#3879);
#3878 = CARTESIAN_POINT('',(3.045379712512,-4.25,12.));
#3879 = VECTOR('',#3880,1.);
#3880 = DIRECTION('',(-8.726535498374E-03,0.,-0.999961923064));
#3881 = ORIENTED_EDGE('',*,*,#3743,.T.);
#3882 = PLANE('',#3883);
#3883 = AXIS2_PLACEMENT_3D('',#3884,#3885,#3886);
#3884 = CARTESIAN_POINT('',(3.,-4.108601323991,6.8));
#3885 = DIRECTION('',(0.999961923064,0.,-8.726535498374E-03));
#3886 = DIRECTION('',(0.,1.,0.));
#3887 = ADVANCED_FACE('',(#3888),#3930,.F.);
#3888 = FACE_BOUND('',#3889,.T.);
#3889 = EDGE_LOOP('',(#3890,#3900,#3908,#3914,#3915,#3916,#3924));
#3890 = ORIENTED_EDGE('',*,*,#3891,.T.);
#3891 = EDGE_CURVE('',#3892,#3894,#3896,.T.);
#3892 = VERTEX_POINT('',#3893);
#3893 = CARTESIAN_POINT('',(-5.,-4.25,7.3));
#3894 = VERTEX_POINT('',#3895);
#3895 = CARTESIAN_POINT('',(-6.,-4.25,7.3));
#3896 = LINE('',#3897,#3898);
#3897 = CARTESIAN_POINT('',(-5.,-4.25,7.3));
#3898 = VECTOR('',#3899,1.);
#3899 = DIRECTION('',(-1.,0.,0.));
#3900 = ORIENTED_EDGE('',*,*,#3901,.F.);
#3901 = EDGE_CURVE('',#3902,#3894,#3904,.T.);
#3902 = VERTEX_POINT('',#3903);
#3903 = CARTESIAN_POINT('',(-6.,-4.25,12.));
#3904 = LINE('',#3905,#3906);
#3905 = CARTESIAN_POINT('',(-6.,-4.25,12.));
#3906 = VECTOR('',#3907,1.);
#3907 = DIRECTION('',(0.,0.,-1.));
#3908 = ORIENTED_EDGE('',*,*,#3909,.T.);
#3909 = EDGE_CURVE('',#3902,#3797,#3910,.T.);
#3910 = LINE('',#3911,#3912);
#3911 = CARTESIAN_POINT('',(-6.,-4.25,12.));
#3912 = VECTOR('',#3913,1.);
#3913 = DIRECTION('',(1.,0.,0.));
#3914 = ORIENTED_EDGE('',*,*,#3796,.F.);
#3915 = ORIENTED_EDGE('',*,*,#3397,.T.);
#3916 = ORIENTED_EDGE('',*,*,#3917,.F.);
#3917 = EDGE_CURVE('',#3918,#3390,#3920,.T.);
#3918 = VERTEX_POINT('',#3919);
#3919 = CARTESIAN_POINT('',(-5.,-4.25,8.17));
#3920 = LINE('',#3921,#3922);
#3921 = CARTESIAN_POINT('',(-5.,-4.25,8.17));
#3922 = VECTOR('',#3923,1.);
#3923 = DIRECTION('',(0.707106781187,0.,0.707106781187));
#3924 = ORIENTED_EDGE('',*,*,#3925,.F.);
#3925 = EDGE_CURVE('',#3892,#3918,#3926,.T.);
#3926 = LINE('',#3927,#3928);
#3927 = CARTESIAN_POINT('',(-5.,-4.25,7.3));
#3928 = VECTOR('',#3929,1.);
#3929 = DIRECTION('',(0.,0.,1.));
#3930 = PLANE('',#3931);
#3931 = AXIS2_PLACEMENT_3D('',#3932,#3933,#3934);
#3932 = CARTESIAN_POINT('',(-6.,-4.25,9.1));
#3933 = DIRECTION('',(0.,-1.,0.));
#3934 = DIRECTION('',(0.,0.,1.));
#3935 = ADVANCED_FACE('',(#3936),#3950,.F.);
#3936 = FACE_BOUND('',#3937,.T.);
#3937 = EDGE_LOOP('',(#3938,#3939,#3945,#3946,#3947,#3948,#3949));
#3938 = ORIENTED_EDGE('',*,*,#3876,.F.);
#3939 = ORIENTED_EDGE('',*,*,#3940,.T.);
#3940 = EDGE_CURVE('',#3869,#2063,#3941,.T.);
#3941 = LINE('',#3942,#3943);
#3942 = CARTESIAN_POINT('',(3.045379712512,-4.25,12.));
#3943 = VECTOR('',#3944,1.);
#3944 = DIRECTION('',(1.,0.,0.));
#3945 = ORIENTED_EDGE('',*,*,#2060,.F.);
#3946 = ORIENTED_EDGE('',*,*,#2124,.T.);
#3947 = ORIENTED_EDGE('',*,*,#2187,.T.);
#3948 = ORIENTED_EDGE('',*,*,#2259,.F.);
#3949 = ORIENTED_EDGE('',*,*,#3373,.T.);
#3950 = PLANE('',#3951);
#3951 = AXIS2_PLACEMENT_3D('',#3952,#3953,#3954);
#3952 = CARTESIAN_POINT('',(-6.,-4.25,9.1));
#3953 = DIRECTION('',(0.,-1.,0.));
#3954 = DIRECTION('',(0.,0.,1.));
#3955 = ADVANCED_FACE('',(#3956),#3981,.T.);
#3956 = FACE_BOUND('',#3957,.T.);
#3957 = EDGE_LOOP('',(#3958,#3968,#3974,#3975));
#3958 = ORIENTED_EDGE('',*,*,#3959,.F.);
#3959 = EDGE_CURVE('',#3960,#3962,#3964,.T.);
#3960 = VERTEX_POINT('',#3961);
#3961 = CARTESIAN_POINT('',(-5.,4.45,7.3));
#3962 = VERTEX_POINT('',#3963);
#3963 = CARTESIAN_POINT('',(-5.,4.45,8.17));
#3964 = LINE('',#3965,#3966);
#3965 = CARTESIAN_POINT('',(-5.,4.45,7.3));
#3966 = VECTOR('',#3967,1.);
#3967 = DIRECTION('',(0.,0.,1.));
#3968 = ORIENTED_EDGE('',*,*,#3969,.F.);
#3969 = EDGE_CURVE('',#2641,#3960,#3970,.T.);
#3970 = LINE('',#3971,#3972);
#3971 = CARTESIAN_POINT('',(-5.,1.96,7.3));
#3972 = VECTOR('',#3973,1.);
#3973 = DIRECTION('',(0.,1.,0.));
#3974 = ORIENTED_EDGE('',*,*,#2640,.T.);
#3975 = ORIENTED_EDGE('',*,*,#3976,.F.);
#3976 = EDGE_CURVE('',#3962,#2643,#3977,.T.);
#3977 = LINE('',#3978,#3979);
#3978 = CARTESIAN_POINT('',(-5.,4.45,8.17));
#3979 = VECTOR('',#3980,1.);
#3980 = DIRECTION('',(0.,-1.,0.));
#3981 = PLANE('',#3982);
#3982 = AXIS2_PLACEMENT_3D('',#3983,#3984,#3985);
#3983 = CARTESIAN_POINT('',(-5.,5.5,0.));
#3984 = DIRECTION('',(-1.,0.,0.));
#3985 = DIRECTION('',(0.,0.,-1.));
#3986 = ADVANCED_FACE('',(#3987),#4003,.T.);
#3987 = FACE_BOUND('',#3988,.T.);
#3988 = EDGE_LOOP('',(#3989,#3990,#3996,#3997));
#3989 = ORIENTED_EDGE('',*,*,#2474,.T.);
#3990 = ORIENTED_EDGE('',*,*,#3991,.F.);
#3991 = EDGE_CURVE('',#3892,#2467,#3992,.T.);
#3992 = LINE('',#3993,#3994);
#3993 = CARTESIAN_POINT('',(-5.,-4.25,7.3));
#3994 = VECTOR('',#3995,1.);
#3995 = DIRECTION('',(0.,1.,0.));
#3996 = ORIENTED_EDGE('',*,*,#3925,.T.);
#3997 = ORIENTED_EDGE('',*,*,#3998,.F.);
#3998 = EDGE_CURVE('',#2475,#3918,#3999,.T.);
#3999 = LINE('',#4000,#4001);
#4000 = CARTESIAN_POINT('',(-5.,-0.84,8.17));
#4001 = VECTOR('',#4002,1.);
#4002 = DIRECTION('',(0.,-1.,0.));
#4003 = PLANE('',#4004);
#4004 = AXIS2_PLACEMENT_3D('',#4005,#4006,#4007);
#4005 = CARTESIAN_POINT('',(-5.,5.5,0.));
#4006 = DIRECTION('',(-1.,0.,0.));
#4007 = DIRECTION('',(0.,0.,-1.));
#4008 = ADVANCED_FACE('',(#4009),#4015,.F.);
#4009 = FACE_BOUND('',#4010,.T.);
#4010 = EDGE_LOOP('',(#4011,#4012,#4013,#4014));
#4011 = ORIENTED_EDGE('',*,*,#3998,.T.);
#4012 = ORIENTED_EDGE('',*,*,#3917,.T.);
#4013 = ORIENTED_EDGE('',*,*,#3389,.F.);
#4014 = ORIENTED_EDGE('',*,*,#2482,.T.);
#4015 = PLANE('',#4016);
#4016 = AXIS2_PLACEMENT_3D('',#4017,#4018,#4019);
#4017 = CARTESIAN_POINT('',(-5.,-4.25,8.17));
#4018 = DIRECTION('',(0.707106781187,0.,-0.707106781187));
#4019 = DIRECTION('',(0.707106781187,0.,0.707106781187));
#4020 = ADVANCED_FACE('',(#4021),#4032,.F.);
#4021 = FACE_BOUND('',#4022,.T.);
#4022 = EDGE_LOOP('',(#4023,#4024,#4030,#4031));
#4023 = ORIENTED_EDGE('',*,*,#3445,.F.);
#4024 = ORIENTED_EDGE('',*,*,#4025,.F.);
#4025 = EDGE_CURVE('',#3962,#3438,#4026,.T.);
#4026 = LINE('',#4027,#4028);
#4027 = CARTESIAN_POINT('',(-5.,4.45,8.17));
#4028 = VECTOR('',#4029,1.);
#4029 = DIRECTION('',(0.707106781187,0.,0.707106781187));
#4030 = ORIENTED_EDGE('',*,*,#3976,.T.);
#4031 = ORIENTED_EDGE('',*,*,#2738,.T.);
#4032 = PLANE('',#4033);
#4033 = AXIS2_PLACEMENT_3D('',#4034,#4035,#4036);
#4034 = CARTESIAN_POINT('',(-5.,-4.25,8.17));
#4035 = DIRECTION('',(0.707106781187,0.,-0.707106781187));
#4036 = DIRECTION('',(0.707106781187,0.,0.707106781187));
#4037 = ADVANCED_FACE('',(#4038),#4092,.F.);
#4038 = FACE_BOUND('',#4039,.T.);
#4039 = EDGE_LOOP('',(#4040,#4041,#4042,#4050,#4058,#4064,#4065,#4066,
    #4067,#4075,#4083,#4089,#4090,#4091));
#4040 = ORIENTED_EDGE('',*,*,#2133,.F.);
#4041 = ORIENTED_EDGE('',*,*,#2102,.F.);
#4042 = ORIENTED_EDGE('',*,*,#4043,.F.);
#4043 = EDGE_CURVE('',#4044,#2095,#4046,.T.);
#4044 = VERTEX_POINT('',#4045);
#4045 = CARTESIAN_POINT('',(-6.,4.45,12.));
#4046 = LINE('',#4047,#4048);
#4047 = CARTESIAN_POINT('',(-6.,4.45,12.));
#4048 = VECTOR('',#4049,1.);
#4049 = DIRECTION('',(1.,0.,0.));
#4050 = ORIENTED_EDGE('',*,*,#4051,.F.);
#4051 = EDGE_CURVE('',#4052,#4044,#4054,.T.);
#4052 = VERTEX_POINT('',#4053);
#4053 = CARTESIAN_POINT('',(-6.,4.45,7.3));
#4054 = LINE('',#4055,#4056);
#4055 = CARTESIAN_POINT('',(-6.,4.45,7.3));
#4056 = VECTOR('',#4057,1.);
#4057 = DIRECTION('',(0.,0.,1.));
#4058 = ORIENTED_EDGE('',*,*,#4059,.F.);
#4059 = EDGE_CURVE('',#3960,#4052,#4060,.T.);
#4060 = LINE('',#4061,#4062);
#4061 = CARTESIAN_POINT('',(-5.,4.45,7.3));
#4062 = VECTOR('',#4063,1.);
#4063 = DIRECTION('',(-1.,0.,0.));
#4064 = ORIENTED_EDGE('',*,*,#3959,.T.);
#4065 = ORIENTED_EDGE('',*,*,#4025,.T.);
#4066 = ORIENTED_EDGE('',*,*,#3437,.T.);
#4067 = ORIENTED_EDGE('',*,*,#4068,.T.);
#4068 = EDGE_CURVE('',#3430,#4069,#4071,.T.);
#4069 = VERTEX_POINT('',#4070);
#4070 = CARTESIAN_POINT('',(-4.,4.45,8.57));
#4071 = LINE('',#4072,#4073);
#4072 = CARTESIAN_POINT('',(-4.,4.45,8.97));
#4073 = VECTOR('',#4074,1.);
#4074 = DIRECTION('',(0.,0.,-1.));
#4075 = ORIENTED_EDGE('',*,*,#4076,.F.);
#4076 = EDGE_CURVE('',#4077,#4069,#4079,.T.);
#4077 = VERTEX_POINT('',#4078);
#4078 = CARTESIAN_POINT('',(4.,4.45,8.57));
#4079 = LINE('',#4080,#4081);
#4080 = CARTESIAN_POINT('',(4.,4.45,8.57));
#4081 = VECTOR('',#4082,1.);
#4082 = DIRECTION('',(-1.,0.,0.));
#4083 = ORIENTED_EDGE('',*,*,#4084,.F.);
#4084 = EDGE_CURVE('',#3334,#4077,#4085,.T.);
#4085 = LINE('',#4086,#4087);
#4086 = CARTESIAN_POINT('',(4.,4.45,8.97));
#4087 = VECTOR('',#4088,1.);
#4088 = DIRECTION('',(0.,0.,-1.));
#4089 = ORIENTED_EDGE('',*,*,#3333,.T.);
#4090 = ORIENTED_EDGE('',*,*,#2281,.T.);
#4091 = ORIENTED_EDGE('',*,*,#2227,.F.);
#4092 = PLANE('',#4093);
#4093 = AXIS2_PLACEMENT_3D('',#4094,#4095,#4096);
#4094 = CARTESIAN_POINT('',(-6.,4.45,12.));
#4095 = DIRECTION('',(0.,1.,0.));
#4096 = DIRECTION('',(0.,0.,-1.));
#4097 = ADVANCED_FACE('',(#4098),#4123,.F.);
#4098 = FACE_BOUND('',#4099,.T.);
#4099 = EDGE_LOOP('',(#4100,#4101,#4102,#4110,#4116,#4117));
#4100 = ORIENTED_EDGE('',*,*,#3341,.F.);
#4101 = ORIENTED_EDGE('',*,*,#4084,.T.);
#4102 = ORIENTED_EDGE('',*,*,#4103,.F.);
#4103 = EDGE_CURVE('',#4104,#4077,#4106,.T.);
#4104 = VERTEX_POINT('',#4105);
#4105 = CARTESIAN_POINT('',(4.,-1.975,8.57));
#4106 = LINE('',#4107,#4108);
#4107 = CARTESIAN_POINT('',(4.,-1.975,8.57));
#4108 = VECTOR('',#4109,1.);
#4109 = DIRECTION('',(0.,1.,0.));
#4110 = ORIENTED_EDGE('',*,*,#4111,.T.);
#4111 = EDGE_CURVE('',#4104,#3565,#4112,.T.);
#4112 = LINE('',#4113,#4114);
#4113 = CARTESIAN_POINT('',(4.,-1.975,8.57));
#4114 = VECTOR('',#4115,1.);
#4115 = DIRECTION('',(0.,0.,-1.));
#4116 = ORIENTED_EDGE('',*,*,#3564,.F.);
#4117 = ORIENTED_EDGE('',*,*,#4118,.T.);
#4118 = EDGE_CURVE('',#3557,#3342,#4119,.T.);
#4119 = LINE('',#4120,#4121);
#4120 = CARTESIAN_POINT('',(4.,-3.45,8.47));
#4121 = VECTOR('',#4122,1.);
#4122 = DIRECTION('',(0.,0.,1.));
#4123 = PLANE('',#4124);
#4124 = AXIS2_PLACEMENT_3D('',#4125,#4126,#4127);
#4125 = CARTESIAN_POINT('',(4.,-4.25,9.1));
#4126 = DIRECTION('',(1.,0.,0.));
#4127 = DIRECTION('',(-0.,1.,0.));
#4128 = ADVANCED_FACE('',(#4129),#4140,.T.);
#4129 = FACE_BOUND('',#4130,.T.);
#4130 = EDGE_LOOP('',(#4131,#4132,#4138,#4139));
#4131 = ORIENTED_EDGE('',*,*,#3556,.T.);
#4132 = ORIENTED_EDGE('',*,*,#4133,.T.);
#4133 = EDGE_CURVE('',#3549,#3350,#4134,.T.);
#4134 = LINE('',#4135,#4136);
#4135 = CARTESIAN_POINT('',(2.89,-3.45,8.47));
#4136 = VECTOR('',#4137,1.);
#4137 = DIRECTION('',(0.,0.,1.));
#4138 = ORIENTED_EDGE('',*,*,#3349,.F.);
#4139 = ORIENTED_EDGE('',*,*,#4118,.F.);
#4140 = PLANE('',#4141);
#4141 = AXIS2_PLACEMENT_3D('',#4142,#4143,#4144);
#4142 = CARTESIAN_POINT('',(4.,-3.45,8.6));
#4143 = DIRECTION('',(0.,1.,0.));
#4144 = DIRECTION('',(-1.,0.,0.));
#4145 = ADVANCED_FACE('',(#4146),#4152,.T.);
#4146 = FACE_BOUND('',#4147,.T.);
#4147 = EDGE_LOOP('',(#4148,#4149,#4150,#4151));
#4148 = ORIENTED_EDGE('',*,*,#3750,.T.);
#4149 = ORIENTED_EDGE('',*,*,#3357,.F.);
#4150 = ORIENTED_EDGE('',*,*,#4133,.F.);
#4151 = ORIENTED_EDGE('',*,*,#3548,.F.);
#4152 = PLANE('',#4153);
#4153 = AXIS2_PLACEMENT_3D('',#4154,#4155,#4156);
#4154 = CARTESIAN_POINT('',(2.89,-3.45,8.6));
#4155 = DIRECTION('',(-1.,0.,0.));
#4156 = DIRECTION('',(0.,-1.,0.));
#4157 = ADVANCED_FACE('',(#4158),#4183,.F.);
#4158 = FACE_BOUND('',#4159,.T.);
#4159 = EDGE_LOOP('',(#4160,#4170,#4176,#4177));
#4160 = ORIENTED_EDGE('',*,*,#4161,.F.);
#4161 = EDGE_CURVE('',#4162,#4164,#4166,.T.);
#4162 = VERTEX_POINT('',#4163);
#4163 = CARTESIAN_POINT('',(-4.,-1.975,8.57));
#4164 = VERTEX_POINT('',#4165);
#4165 = CARTESIAN_POINT('',(-2.85,-1.975,8.57));
#4166 = LINE('',#4167,#4168);
#4167 = CARTESIAN_POINT('',(-4.,-1.975,8.57));
#4168 = VECTOR('',#4169,1.);
#4169 = DIRECTION('',(1.,0.,0.));
#4170 = ORIENTED_EDGE('',*,*,#4171,.T.);
#4171 = EDGE_CURVE('',#4162,#3589,#4172,.T.);
#4172 = LINE('',#4173,#4174);
#4173 = CARTESIAN_POINT('',(-4.,-1.975,8.57));
#4174 = VECTOR('',#4175,1.);
#4175 = DIRECTION('',(0.,0.,-1.));
#4176 = ORIENTED_EDGE('',*,*,#3588,.F.);
#4177 = ORIENTED_EDGE('',*,*,#4178,.F.);
#4178 = EDGE_CURVE('',#4164,#3581,#4179,.T.);
#4179 = LINE('',#4180,#4181);
#4180 = CARTESIAN_POINT('',(-2.85,-1.975,8.57));
#4181 = VECTOR('',#4182,1.);
#4182 = DIRECTION('',(0.,0.,-1.));
#4183 = PLANE('',#4184);
#4184 = AXIS2_PLACEMENT_3D('',#4185,#4186,#4187);
#4185 = CARTESIAN_POINT('',(4.,-1.975,8.7));
#4186 = DIRECTION('',(0.,1.,0.));
#4187 = DIRECTION('',(-1.,0.,0.));
#4188 = ADVANCED_FACE('',(#4189),#4207,.F.);
#4189 = FACE_BOUND('',#4190,.T.);
#4190 = EDGE_LOOP('',(#4191,#4192,#4193,#4201));
#4191 = ORIENTED_EDGE('',*,*,#3572,.F.);
#4192 = ORIENTED_EDGE('',*,*,#4111,.F.);
#4193 = ORIENTED_EDGE('',*,*,#4194,.F.);
#4194 = EDGE_CURVE('',#4195,#4104,#4197,.T.);
#4195 = VERTEX_POINT('',#4196);
#4196 = CARTESIAN_POINT('',(2.85,-1.975,8.57));
#4197 = LINE('',#4198,#4199);
#4198 = CARTESIAN_POINT('',(2.85,-1.975,8.57));
#4199 = VECTOR('',#4200,1.);
#4200 = DIRECTION('',(1.,0.,0.));
#4201 = ORIENTED_EDGE('',*,*,#4202,.T.);
#4202 = EDGE_CURVE('',#4195,#3573,#4203,.T.);
#4203 = LINE('',#4204,#4205);
#4204 = CARTESIAN_POINT('',(2.85,-1.975,8.57));
#4205 = VECTOR('',#4206,1.);
#4206 = DIRECTION('',(0.,0.,-1.));
#4207 = PLANE('',#4208);
#4208 = AXIS2_PLACEMENT_3D('',#4209,#4210,#4211);
#4209 = CARTESIAN_POINT('',(4.,-1.975,8.7));
#4210 = DIRECTION('',(0.,1.,0.));
#4211 = DIRECTION('',(-1.,0.,0.));
#4212 = ADVANCED_FACE('',(#4213),#4246,.F.);
#4213 = FACE_BOUND('',#4214,.T.);
#4214 = EDGE_LOOP('',(#4215,#4223,#4231,#4239,#4245));
#4215 = ORIENTED_EDGE('',*,*,#4216,.T.);
#4216 = EDGE_CURVE('',#3581,#4217,#4219,.T.);
#4217 = VERTEX_POINT('',#4218);
#4218 = CARTESIAN_POINT('',(-2.85,-1.975,6.92));
#4219 = LINE('',#4220,#4221);
#4220 = CARTESIAN_POINT('',(-2.85,-1.975,8.47));
#4221 = VECTOR('',#4222,1.);
#4222 = DIRECTION('',(0.,0.,-1.));
#4223 = ORIENTED_EDGE('',*,*,#4224,.F.);
#4224 = EDGE_CURVE('',#4225,#4217,#4227,.T.);
#4225 = VERTEX_POINT('',#4226);
#4226 = CARTESIAN_POINT('',(-2.85,-1.,6.92));
#4227 = LINE('',#4228,#4229);
#4228 = CARTESIAN_POINT('',(-2.85,-1.,6.92));
#4229 = VECTOR('',#4230,1.);
#4230 = DIRECTION('',(0.,-1.,0.));
#4231 = ORIENTED_EDGE('',*,*,#4232,.F.);
#4232 = EDGE_CURVE('',#4233,#4225,#4235,.T.);
#4233 = VERTEX_POINT('',#4234);
#4234 = CARTESIAN_POINT('',(-2.85,-1.,8.57));
#4235 = LINE('',#4236,#4237);
#4236 = CARTESIAN_POINT('',(-2.85,-1.,8.57));
#4237 = VECTOR('',#4238,1.);
#4238 = DIRECTION('',(0.,0.,-1.));
#4239 = ORIENTED_EDGE('',*,*,#4240,.T.);
#4240 = EDGE_CURVE('',#4233,#4164,#4241,.T.);
#4241 = LINE('',#4242,#4243);
#4242 = CARTESIAN_POINT('',(-2.85,-1.,8.57));
#4243 = VECTOR('',#4244,1.);
#4244 = DIRECTION('',(0.,-1.,0.));
#4245 = ORIENTED_EDGE('',*,*,#4178,.T.);
#4246 = PLANE('',#4247);
#4247 = AXIS2_PLACEMENT_3D('',#4248,#4249,#4250);
#4248 = CARTESIAN_POINT('',(-2.85,-1.,9.1));
#4249 = DIRECTION('',(-1.,0.,0.));
#4250 = DIRECTION('',(0.,-1.,0.));
#4251 = ADVANCED_FACE('',(#4252),#4343,.T.);
#4252 = FACE_BOUND('',#4253,.T.);
#4253 = EDGE_LOOP('',(#4254,#4255,#4263,#4271,#4279,#4287,#4295,#4303,
    #4311,#4319,#4327,#4333,#4334,#4335,#4336,#4342));
#4254 = ORIENTED_EDGE('',*,*,#4240,.F.);
#4255 = ORIENTED_EDGE('',*,*,#4256,.F.);
#4256 = EDGE_CURVE('',#4257,#4233,#4259,.T.);
#4257 = VERTEX_POINT('',#4258);
#4258 = CARTESIAN_POINT('',(-3.75,-1.,8.57));
#4259 = LINE('',#4260,#4261);
#4260 = CARTESIAN_POINT('',(-3.75,-1.,8.57));
#4261 = VECTOR('',#4262,1.);
#4262 = DIRECTION('',(1.,0.,0.));
#4263 = ORIENTED_EDGE('',*,*,#4264,.F.);
#4264 = EDGE_CURVE('',#4265,#4257,#4267,.T.);
#4265 = VERTEX_POINT('',#4266);
#4266 = CARTESIAN_POINT('',(-3.75,2.,8.57));
#4267 = LINE('',#4268,#4269);
#4268 = CARTESIAN_POINT('',(-3.75,2.,8.57));
#4269 = VECTOR('',#4270,1.);
#4270 = DIRECTION('',(0.,-1.,0.));
#4271 = ORIENTED_EDGE('',*,*,#4272,.F.);
#4272 = EDGE_CURVE('',#4273,#4265,#4275,.T.);
#4273 = VERTEX_POINT('',#4274);
#4274 = CARTESIAN_POINT('',(-2.85,2.,8.57));
#4275 = LINE('',#4276,#4277);
#4276 = CARTESIAN_POINT('',(-2.85,2.,8.57));
#4277 = VECTOR('',#4278,1.);
#4278 = DIRECTION('',(-1.,0.,0.));
#4279 = ORIENTED_EDGE('',*,*,#4280,.F.);
#4280 = EDGE_CURVE('',#4281,#4273,#4283,.T.);
#4281 = VERTEX_POINT('',#4282);
#4282 = CARTESIAN_POINT('',(-2.85,2.975,8.57));
#4283 = LINE('',#4284,#4285);
#4284 = CARTESIAN_POINT('',(-2.85,2.975,8.57));
#4285 = VECTOR('',#4286,1.);
#4286 = DIRECTION('',(0.,-1.,0.));
#4287 = ORIENTED_EDGE('',*,*,#4288,.F.);
#4288 = EDGE_CURVE('',#4289,#4281,#4291,.T.);
#4289 = VERTEX_POINT('',#4290);
#4290 = CARTESIAN_POINT('',(2.85,2.975,8.57));
#4291 = LINE('',#4292,#4293);
#4292 = CARTESIAN_POINT('',(2.85,2.975,8.57));
#4293 = VECTOR('',#4294,1.);
#4294 = DIRECTION('',(-1.,0.,0.));
#4295 = ORIENTED_EDGE('',*,*,#4296,.F.);
#4296 = EDGE_CURVE('',#4297,#4289,#4299,.T.);
#4297 = VERTEX_POINT('',#4298);
#4298 = CARTESIAN_POINT('',(2.85,2.,8.57));
#4299 = LINE('',#4300,#4301);
#4300 = CARTESIAN_POINT('',(2.85,2.,8.57));
#4301 = VECTOR('',#4302,1.);
#4302 = DIRECTION('',(0.,1.,0.));
#4303 = ORIENTED_EDGE('',*,*,#4304,.F.);
#4304 = EDGE_CURVE('',#4305,#4297,#4307,.T.);
#4305 = VERTEX_POINT('',#4306);
#4306 = CARTESIAN_POINT('',(3.75,2.,8.57));
#4307 = LINE('',#4308,#4309);
#4308 = CARTESIAN_POINT('',(3.75,2.,8.57));
#4309 = VECTOR('',#4310,1.);
#4310 = DIRECTION('',(-1.,0.,0.));
#4311 = ORIENTED_EDGE('',*,*,#4312,.F.);
#4312 = EDGE_CURVE('',#4313,#4305,#4315,.T.);
#4313 = VERTEX_POINT('',#4314);
#4314 = CARTESIAN_POINT('',(3.75,-1.,8.57));
#4315 = LINE('',#4316,#4317);
#4316 = CARTESIAN_POINT('',(3.75,-1.,8.57));
#4317 = VECTOR('',#4318,1.);
#4318 = DIRECTION('',(0.,1.,0.));
#4319 = ORIENTED_EDGE('',*,*,#4320,.F.);
#4320 = EDGE_CURVE('',#4321,#4313,#4323,.T.);
#4321 = VERTEX_POINT('',#4322);
#4322 = CARTESIAN_POINT('',(2.85,-1.,8.57));
#4323 = LINE('',#4324,#4325);
#4324 = CARTESIAN_POINT('',(2.85,-1.,8.57));
#4325 = VECTOR('',#4326,1.);
#4326 = DIRECTION('',(1.,0.,0.));
#4327 = ORIENTED_EDGE('',*,*,#4328,.F.);
#4328 = EDGE_CURVE('',#4195,#4321,#4329,.T.);
#4329 = LINE('',#4330,#4331);
#4330 = CARTESIAN_POINT('',(2.85,-1.975,8.57));
#4331 = VECTOR('',#4332,1.);
#4332 = DIRECTION('',(0.,1.,0.));
#4333 = ORIENTED_EDGE('',*,*,#4194,.T.);
#4334 = ORIENTED_EDGE('',*,*,#4103,.T.);
#4335 = ORIENTED_EDGE('',*,*,#4076,.T.);
#4336 = ORIENTED_EDGE('',*,*,#4337,.T.);
#4337 = EDGE_CURVE('',#4069,#4162,#4338,.T.);
#4338 = LINE('',#4339,#4340);
#4339 = CARTESIAN_POINT('',(-4.,4.45,8.57));
#4340 = VECTOR('',#4341,1.);
#4341 = DIRECTION('',(0.,-1.,0.));
#4342 = ORIENTED_EDGE('',*,*,#4161,.T.);
#4343 = PLANE('',#4344);
#4344 = AXIS2_PLACEMENT_3D('',#4345,#4346,#4347);
#4345 = CARTESIAN_POINT('',(-6.,0.,8.57));
#4346 = DIRECTION('',(0.,0.,1.));
#4347 = DIRECTION('',(1.,0.,-0.));
#4348 = ADVANCED_FACE('',(#4349),#4362,.F.);
#4349 = FACE_BOUND('',#4350,.T.);
#4350 = EDGE_LOOP('',(#4351,#4352,#4353,#4354,#4355,#4356));
#4351 = ORIENTED_EDGE('',*,*,#3596,.F.);
#4352 = ORIENTED_EDGE('',*,*,#4171,.F.);
#4353 = ORIENTED_EDGE('',*,*,#4337,.F.);
#4354 = ORIENTED_EDGE('',*,*,#4068,.F.);
#4355 = ORIENTED_EDGE('',*,*,#3429,.T.);
#4356 = ORIENTED_EDGE('',*,*,#4357,.F.);
#4357 = EDGE_CURVE('',#3597,#3422,#4358,.T.);
#4358 = LINE('',#4359,#4360);
#4359 = CARTESIAN_POINT('',(-4.,-3.45,8.47));
#4360 = VECTOR('',#4361,1.);
#4361 = DIRECTION('',(0.,0.,1.));
#4362 = PLANE('',#4363);
#4363 = AXIS2_PLACEMENT_3D('',#4364,#4365,#4366);
#4364 = CARTESIAN_POINT('',(-4.,4.75,9.1));
#4365 = DIRECTION('',(-1.,0.,0.));
#4366 = DIRECTION('',(0.,-1.,0.));
#4367 = ADVANCED_FACE('',(#4368),#4379,.T.);
#4368 = FACE_BOUND('',#4369,.T.);
#4369 = EDGE_LOOP('',(#4370,#4371,#4377,#4378));
#4370 = ORIENTED_EDGE('',*,*,#3421,.F.);
#4371 = ORIENTED_EDGE('',*,*,#4372,.F.);
#4372 = EDGE_CURVE('',#3605,#3414,#4373,.T.);
#4373 = LINE('',#4374,#4375);
#4374 = CARTESIAN_POINT('',(-2.89,-3.45,8.47));
#4375 = VECTOR('',#4376,1.);
#4376 = DIRECTION('',(0.,0.,1.));
#4377 = ORIENTED_EDGE('',*,*,#3604,.F.);
#4378 = ORIENTED_EDGE('',*,*,#4357,.T.);
#4379 = PLANE('',#4380);
#4380 = AXIS2_PLACEMENT_3D('',#4381,#4382,#4383);
#4381 = CARTESIAN_POINT('',(-2.89,-3.45,8.6));
#4382 = DIRECTION('',(0.,1.,0.));
#4383 = DIRECTION('',(-1.,0.,0.));
#4384 = ADVANCED_FACE('',(#4385),#4391,.T.);
#4385 = FACE_BOUND('',#4386,.T.);
#4386 = EDGE_LOOP('',(#4387,#4388,#4389,#4390));
#4387 = ORIENTED_EDGE('',*,*,#4372,.T.);
#4388 = ORIENTED_EDGE('',*,*,#3413,.F.);
#4389 = ORIENTED_EDGE('',*,*,#3775,.F.);
#4390 = ORIENTED_EDGE('',*,*,#3612,.T.);
#4391 = PLANE('',#4392);
#4392 = AXIS2_PLACEMENT_3D('',#4393,#4394,#4395);
#4393 = CARTESIAN_POINT('',(-2.89,-4.25,8.6));
#4394 = DIRECTION('',(1.,0.,0.));
#4395 = DIRECTION('',(-0.,1.,0.));
#4396 = ADVANCED_FACE('',(#4397),#4423,.F.);
#4397 = FACE_BOUND('',#4398,.T.);
#4398 = EDGE_LOOP('',(#4399,#4400,#4408,#4416,#4422));
#4399 = ORIENTED_EDGE('',*,*,#4328,.T.);
#4400 = ORIENTED_EDGE('',*,*,#4401,.T.);
#4401 = EDGE_CURVE('',#4321,#4402,#4404,.T.);
#4402 = VERTEX_POINT('',#4403);
#4403 = CARTESIAN_POINT('',(2.85,-1.,6.92));
#4404 = LINE('',#4405,#4406);
#4405 = CARTESIAN_POINT('',(2.85,-1.,8.57));
#4406 = VECTOR('',#4407,1.);
#4407 = DIRECTION('',(0.,0.,-1.));
#4408 = ORIENTED_EDGE('',*,*,#4409,.F.);
#4409 = EDGE_CURVE('',#4410,#4402,#4412,.T.);
#4410 = VERTEX_POINT('',#4411);
#4411 = CARTESIAN_POINT('',(2.85,-1.975,6.92));
#4412 = LINE('',#4413,#4414);
#4413 = CARTESIAN_POINT('',(2.85,-1.975,6.92));
#4414 = VECTOR('',#4415,1.);
#4415 = DIRECTION('',(0.,1.,0.));
#4416 = ORIENTED_EDGE('',*,*,#4417,.F.);
#4417 = EDGE_CURVE('',#3573,#4410,#4418,.T.);
#4418 = LINE('',#4419,#4420);
#4419 = CARTESIAN_POINT('',(2.85,-1.975,8.47));
#4420 = VECTOR('',#4421,1.);
#4421 = DIRECTION('',(0.,0.,-1.));
#4422 = ORIENTED_EDGE('',*,*,#4202,.F.);
#4423 = PLANE('',#4424);
#4424 = AXIS2_PLACEMENT_3D('',#4425,#4426,#4427);
#4425 = CARTESIAN_POINT('',(2.85,-1.975,9.1));
#4426 = DIRECTION('',(1.,0.,0.));
#4427 = DIRECTION('',(-0.,1.,0.));
#4428 = ADVANCED_FACE('',(#4429),#4463,.F.);
#4429 = FACE_BOUND('',#4430,.T.);
#4430 = EDGE_LOOP('',(#4431,#4432,#4440,#4446,#4447,#4455,#4461,#4462));
#4431 = ORIENTED_EDGE('',*,*,#4417,.T.);
#4432 = ORIENTED_EDGE('',*,*,#4433,.F.);
#4433 = EDGE_CURVE('',#4434,#4410,#4436,.T.);
#4434 = VERTEX_POINT('',#4435);
#4435 = CARTESIAN_POINT('',(2.,-1.975,6.92));
#4436 = LINE('',#4437,#4438);
#4437 = CARTESIAN_POINT('',(2.,-1.975,6.92));
#4438 = VECTOR('',#4439,1.);
#4439 = DIRECTION('',(1.,0.,0.));
#4440 = ORIENTED_EDGE('',*,*,#4441,.T.);
#4441 = EDGE_CURVE('',#4434,#339,#4442,.T.);
#4442 = LINE('',#4443,#4444);
#4443 = CARTESIAN_POINT('',(2.,-1.975,6.92));
#4444 = VECTOR('',#4445,1.);
#4445 = DIRECTION('',(0.,0.,1.));
#4446 = ORIENTED_EDGE('',*,*,#338,.F.);
#4447 = ORIENTED_EDGE('',*,*,#4448,.F.);
#4448 = EDGE_CURVE('',#4449,#331,#4451,.T.);
#4449 = VERTEX_POINT('',#4450);
#4450 = CARTESIAN_POINT('',(-2.,-1.975,6.92));
#4451 = LINE('',#4452,#4453);
#4452 = CARTESIAN_POINT('',(-2.,-1.975,6.92));
#4453 = VECTOR('',#4454,1.);
#4454 = DIRECTION('',(0.,0.,1.));
#4455 = ORIENTED_EDGE('',*,*,#4456,.F.);
#4456 = EDGE_CURVE('',#4217,#4449,#4457,.T.);
#4457 = LINE('',#4458,#4459);
#4458 = CARTESIAN_POINT('',(-2.85,-1.975,6.92));
#4459 = VECTOR('',#4460,1.);
#4460 = DIRECTION('',(1.,0.,0.));
#4461 = ORIENTED_EDGE('',*,*,#4216,.F.);
#4462 = ORIENTED_EDGE('',*,*,#3580,.T.);
#4463 = PLANE('',#4464);
#4464 = AXIS2_PLACEMENT_3D('',#4465,#4466,#4467);
#4465 = CARTESIAN_POINT('',(-2.85,-1.975,9.1));
#4466 = DIRECTION('',(0.,-1.,0.));
#4467 = DIRECTION('',(1.,0.,0.));
#4468 = ADVANCED_FACE('',(#4469),#4519,.T.);
#4469 = FACE_BOUND('',#4470,.T.);
#4470 = EDGE_LOOP('',(#4471,#4472,#4473,#4481,#4489,#4497,#4505,#4513));
#4471 = ORIENTED_EDGE('',*,*,#4433,.T.);
#4472 = ORIENTED_EDGE('',*,*,#4409,.T.);
#4473 = ORIENTED_EDGE('',*,*,#4474,.T.);
#4474 = EDGE_CURVE('',#4402,#4475,#4477,.T.);
#4475 = VERTEX_POINT('',#4476);
#4476 = CARTESIAN_POINT('',(3.75,-1.,6.92));
#4477 = LINE('',#4478,#4479);
#4478 = CARTESIAN_POINT('',(2.85,-1.,6.92));
#4479 = VECTOR('',#4480,1.);
#4480 = DIRECTION('',(1.,0.,0.));
#4481 = ORIENTED_EDGE('',*,*,#4482,.T.);
#4482 = EDGE_CURVE('',#4475,#4483,#4485,.T.);
#4483 = VERTEX_POINT('',#4484);
#4484 = CARTESIAN_POINT('',(3.75,2.,6.92));
#4485 = LINE('',#4486,#4487);
#4486 = CARTESIAN_POINT('',(3.75,-1.,6.92));
#4487 = VECTOR('',#4488,1.);
#4488 = DIRECTION('',(0.,1.,0.));
#4489 = ORIENTED_EDGE('',*,*,#4490,.T.);
#4490 = EDGE_CURVE('',#4483,#4491,#4493,.T.);
#4491 = VERTEX_POINT('',#4492);
#4492 = CARTESIAN_POINT('',(2.85,2.,6.92));
#4493 = LINE('',#4494,#4495);
#4494 = CARTESIAN_POINT('',(3.75,2.,6.92));
#4495 = VECTOR('',#4496,1.);
#4496 = DIRECTION('',(-1.,0.,0.));
#4497 = ORIENTED_EDGE('',*,*,#4498,.T.);
#4498 = EDGE_CURVE('',#4491,#4499,#4501,.T.);
#4499 = VERTEX_POINT('',#4500);
#4500 = CARTESIAN_POINT('',(2.85,2.975,6.92));
#4501 = LINE('',#4502,#4503);
#4502 = CARTESIAN_POINT('',(2.85,2.,6.92));
#4503 = VECTOR('',#4504,1.);
#4504 = DIRECTION('',(0.,1.,0.));
#4505 = ORIENTED_EDGE('',*,*,#4506,.T.);
#4506 = EDGE_CURVE('',#4499,#4507,#4509,.T.);
#4507 = VERTEX_POINT('',#4508);
#4508 = CARTESIAN_POINT('',(2.,2.975,6.92));
#4509 = LINE('',#4510,#4511);
#4510 = CARTESIAN_POINT('',(2.85,2.975,6.92));
#4511 = VECTOR('',#4512,1.);
#4512 = DIRECTION('',(-1.,0.,0.));
#4513 = ORIENTED_EDGE('',*,*,#4514,.F.);
#4514 = EDGE_CURVE('',#4434,#4507,#4515,.T.);
#4515 = LINE('',#4516,#4517);
#4516 = CARTESIAN_POINT('',(2.,-1.975,6.92));
#4517 = VECTOR('',#4518,1.);
#4518 = DIRECTION('',(0.,1.,0.));
#4519 = PLANE('',#4520);
#4520 = AXIS2_PLACEMENT_3D('',#4521,#4522,#4523);
#4521 = CARTESIAN_POINT('',(-6.,0.,6.92));
#4522 = DIRECTION('',(0.,0.,1.));
#4523 = DIRECTION('',(1.,0.,-0.));
#4524 = ADVANCED_FACE('',(#4525),#4575,.T.);
#4525 = FACE_BOUND('',#4526,.T.);
#4526 = EDGE_LOOP('',(#4527,#4537,#4545,#4553,#4561,#4567,#4568,#4569));
#4527 = ORIENTED_EDGE('',*,*,#4528,.T.);
#4528 = EDGE_CURVE('',#4529,#4531,#4533,.T.);
#4529 = VERTEX_POINT('',#4530);
#4530 = CARTESIAN_POINT('',(-2.,2.975,6.92));
#4531 = VERTEX_POINT('',#4532);
#4532 = CARTESIAN_POINT('',(-2.85,2.975,6.92));
#4533 = LINE('',#4534,#4535);
#4534 = CARTESIAN_POINT('',(-2.,2.975,6.92));
#4535 = VECTOR('',#4536,1.);
#4536 = DIRECTION('',(-1.,0.,0.));
#4537 = ORIENTED_EDGE('',*,*,#4538,.T.);
#4538 = EDGE_CURVE('',#4531,#4539,#4541,.T.);
#4539 = VERTEX_POINT('',#4540);
#4540 = CARTESIAN_POINT('',(-2.85,2.,6.92));
#4541 = LINE('',#4542,#4543);
#4542 = CARTESIAN_POINT('',(-2.85,2.975,6.92));
#4543 = VECTOR('',#4544,1.);
#4544 = DIRECTION('',(0.,-1.,0.));
#4545 = ORIENTED_EDGE('',*,*,#4546,.T.);
#4546 = EDGE_CURVE('',#4539,#4547,#4549,.T.);
#4547 = VERTEX_POINT('',#4548);
#4548 = CARTESIAN_POINT('',(-3.75,2.,6.92));
#4549 = LINE('',#4550,#4551);
#4550 = CARTESIAN_POINT('',(-2.85,2.,6.92));
#4551 = VECTOR('',#4552,1.);
#4552 = DIRECTION('',(-1.,0.,0.));
#4553 = ORIENTED_EDGE('',*,*,#4554,.T.);
#4554 = EDGE_CURVE('',#4547,#4555,#4557,.T.);
#4555 = VERTEX_POINT('',#4556);
#4556 = CARTESIAN_POINT('',(-3.75,-1.,6.92));
#4557 = LINE('',#4558,#4559);
#4558 = CARTESIAN_POINT('',(-3.75,2.,6.92));
#4559 = VECTOR('',#4560,1.);
#4560 = DIRECTION('',(0.,-1.,0.));
#4561 = ORIENTED_EDGE('',*,*,#4562,.T.);
#4562 = EDGE_CURVE('',#4555,#4225,#4563,.T.);
#4563 = LINE('',#4564,#4565);
#4564 = CARTESIAN_POINT('',(-3.75,-1.,6.92));
#4565 = VECTOR('',#4566,1.);
#4566 = DIRECTION('',(1.,0.,0.));
#4567 = ORIENTED_EDGE('',*,*,#4224,.T.);
#4568 = ORIENTED_EDGE('',*,*,#4456,.T.);
#4569 = ORIENTED_EDGE('',*,*,#4570,.T.);
#4570 = EDGE_CURVE('',#4449,#4529,#4571,.T.);
#4571 = LINE('',#4572,#4573);
#4572 = CARTESIAN_POINT('',(-2.,-1.975,6.92));
#4573 = VECTOR('',#4574,1.);
#4574 = DIRECTION('',(0.,1.,0.));
#4575 = PLANE('',#4576);
#4576 = AXIS2_PLACEMENT_3D('',#4577,#4578,#4579);
#4577 = CARTESIAN_POINT('',(-6.,0.,6.92));
#4578 = DIRECTION('',(0.,0.,1.));
#4579 = DIRECTION('',(1.,0.,-0.));
#4580 = ADVANCED_FACE('',(#4581),#4599,.T.);
#4581 = FACE_BOUND('',#4582,.T.);
#4582 = EDGE_LOOP('',(#4583,#4589,#4590,#4596,#4597,#4598));
#4583 = ORIENTED_EDGE('',*,*,#4584,.T.);
#4584 = EDGE_CURVE('',#4507,#371,#4585,.T.);
#4585 = LINE('',#4586,#4587);
#4586 = CARTESIAN_POINT('',(2.,2.975,6.92));
#4587 = VECTOR('',#4588,1.);
#4588 = DIRECTION('',(0.,0.,1.));
#4589 = ORIENTED_EDGE('',*,*,#370,.F.);
#4590 = ORIENTED_EDGE('',*,*,#4591,.F.);
#4591 = EDGE_CURVE('',#323,#363,#4592,.T.);
#4592 = LINE('',#4593,#4594);
#4593 = CARTESIAN_POINT('',(2.,-1.418602677474,7.22));
#4594 = VECTOR('',#4595,1.);
#4595 = DIRECTION('',(0.,1.,-4.189196823996E-14));
#4596 = ORIENTED_EDGE('',*,*,#346,.F.);
#4597 = ORIENTED_EDGE('',*,*,#4441,.F.);
#4598 = ORIENTED_EDGE('',*,*,#4514,.T.);
#4599 = PLANE('',#4600);
#4600 = AXIS2_PLACEMENT_3D('',#4601,#4602,#4603);
#4601 = CARTESIAN_POINT('',(2.,-1.975,7.05));
#4602 = DIRECTION('',(1.,0.,0.));
#4603 = DIRECTION('',(-0.,1.,0.));
#4604 = ADVANCED_FACE('',(#4605),#4666,.F.);
#4605 = FACE_BOUND('',#4606,.F.);
#4606 = EDGE_LOOP('',(#4607,#4617,#4624,#4625,#4634,#4642,#4651,#4659));
#4607 = ORIENTED_EDGE('',*,*,#4608,.T.);
#4608 = EDGE_CURVE('',#4609,#4611,#4613,.T.);
#4609 = VERTEX_POINT('',#4610);
#4610 = CARTESIAN_POINT('',(1.543054966926E-16,-0.76,6.249999801716));
#4611 = VERTEX_POINT('',#4612);
#4612 = CARTESIAN_POINT('',(0.,-0.76,7.22));
#4613 = LINE('',#4614,#4615);
#4614 = CARTESIAN_POINT('',(1.543054966926E-16,-0.76,12.));
#4615 = VECTOR('',#4616,1.);
#4616 = DIRECTION('',(0.,0.,1.));
#4617 = ORIENTED_EDGE('',*,*,#4618,.T.);
#4618 = EDGE_CURVE('',#4611,#4611,#4619,.T.);
#4619 = CIRCLE('',#4620,1.26);
#4620 = AXIS2_PLACEMENT_3D('',#4621,#4622,#4623);
#4621 = CARTESIAN_POINT('',(0.,0.5,7.22));
#4622 = DIRECTION('',(0.,-4.189196823996E-14,-1.));
#4623 = DIRECTION('',(0.,1.,-4.189196823996E-14));
#4624 = ORIENTED_EDGE('',*,*,#4608,.F.);
#4625 = ORIENTED_EDGE('',*,*,#4626,.T.);
#4626 = EDGE_CURVE('',#4609,#4627,#4629,.T.);
#4627 = VERTEX_POINT('',#4628);
#4628 = CARTESIAN_POINT('',(0.699999939106,-0.547664034382,
    6.249999801716));
#4629 = CIRCLE('',#4630,1.26);
#4630 = AXIS2_PLACEMENT_3D('',#4631,#4632,#4633);
#4631 = CARTESIAN_POINT('',(0.,0.5,6.25));
#4632 = DIRECTION('',(0.,-0.,1.));
#4633 = DIRECTION('',(0.,1.,0.));
#4634 = ORIENTED_EDGE('',*,*,#4635,.T.);
#4635 = EDGE_CURVE('',#4627,#4636,#4638,.T.);
#4636 = VERTEX_POINT('',#4637);
#4637 = CARTESIAN_POINT('',(0.7,-0.547664068297,6.5));
#4638 = LINE('',#4639,#4640);
#4639 = CARTESIAN_POINT('',(0.7,-0.547664068297,6.25));
#4640 = VECTOR('',#4641,1.);
#4641 = DIRECTION('',(0.,0.,1.));
#4642 = ORIENTED_EDGE('',*,*,#4643,.T.);
#4643 = EDGE_CURVE('',#4636,#4644,#4646,.T.);
#4644 = VERTEX_POINT('',#4645);
#4645 = CARTESIAN_POINT('',(0.7,1.547664068297,6.5));
#4646 = CIRCLE('',#4647,1.26);
#4647 = AXIS2_PLACEMENT_3D('',#4648,#4649,#4650);
#4648 = CARTESIAN_POINT('',(0.,0.5,6.5));
#4649 = DIRECTION('',(0.,0.,1.));
#4650 = DIRECTION('',(0.555555555556,-0.831479419283,0.));
#4651 = ORIENTED_EDGE('',*,*,#4652,.F.);
#4652 = EDGE_CURVE('',#4653,#4644,#4655,.T.);
#4653 = VERTEX_POINT('',#4654);
#4654 = CARTESIAN_POINT('',(0.699999939106,1.547664034382,6.249999801716
    ));
#4655 = LINE('',#4656,#4657);
#4656 = CARTESIAN_POINT('',(0.7,1.547664068297,6.25));
#4657 = VECTOR('',#4658,1.);
#4658 = DIRECTION('',(0.,0.,1.));
#4659 = ORIENTED_EDGE('',*,*,#4660,.T.);
#4660 = EDGE_CURVE('',#4653,#4609,#4661,.T.);
#4661 = CIRCLE('',#4662,1.26);
#4662 = AXIS2_PLACEMENT_3D('',#4663,#4664,#4665);
#4663 = CARTESIAN_POINT('',(0.,0.5,6.25));
#4664 = DIRECTION('',(0.,-0.,1.));
#4665 = DIRECTION('',(0.,1.,0.));
#4666 = CYLINDRICAL_SURFACE('',#4667,1.26);
#4667 = AXIS2_PLACEMENT_3D('',#4668,#4669,#4670);
#4668 = CARTESIAN_POINT('',(0.,0.5,12.));
#4669 = DIRECTION('',(0.,0.,1.));
#4670 = DIRECTION('',(0.,1.,0.));
#4671 = ADVANCED_FACE('',(#4672),#4730,.F.);
#4672 = FACE_BOUND('',#4673,.F.);
#4673 = EDGE_LOOP('',(#4674,#4689,#4698,#4706,#4715,#4728,#4729));
#4674 = ORIENTED_EDGE('',*,*,#4675,.F.);
#4675 = EDGE_CURVE('',#4676,#4653,#4678,.T.);
#4676 = VERTEX_POINT('',#4677);
#4677 = CARTESIAN_POINT('',(0.699999998341,1.837946383653,6.000000090829
    ));
#4678 = B_SPLINE_CURVE_WITH_KNOTS('',3,(#4679,#4680,#4681,#4682,#4683,
    #4684,#4685,#4686,#4687,#4688),.UNSPECIFIED.,.F.,.F.,(4,3,3,4),(0.,
    0.333333333333,0.666666666667,0.999999710152),.UNSPECIFIED.);
#4679 = CARTESIAN_POINT('',(0.700000126318,1.837946428698,6.000000272488
    ));
#4680 = CARTESIAN_POINT('',(0.700000097665,1.803057878459,6.030913397864
    ));
#4681 = CARTESIAN_POINT('',(0.700000103126,1.76905170758,6.060784574596)
  );
#4682 = CARTESIAN_POINT('',(0.700000038037,1.735943416818,6.089593106079
    ));
#4683 = CARTESIAN_POINT('',(0.699999972949,1.702835126055,6.118401637562
    ));
#4684 = CARTESIAN_POINT('',(0.699999931899,1.670624888633,6.146147721083
    ));
#4685 = CARTESIAN_POINT('',(0.699999945362,1.639252228629,6.172877671206
    ));
#4686 = CARTESIAN_POINT('',(0.699999958825,1.607879595906,6.199607598087
    ));
#4687 = CARTESIAN_POINT('',(0.699999881473,1.577344307448,6.225321119891
    ));
#4688 = CARTESIAN_POINT('',(0.699999848618,1.547663919155,6.249999663134
    ));
#4689 = ORIENTED_EDGE('',*,*,#4690,.T.);
#4690 = EDGE_CURVE('',#4676,#4691,#4693,.T.);
#4691 = VERTEX_POINT('',#4692);
#4692 = CARTESIAN_POINT('',(-1.399999917713,1.065774483755,
    6.000000088753));
#4693 = CIRCLE('',#4694,1.51);
#4694 = AXIS2_PLACEMENT_3D('',#4695,#4696,#4697);
#4695 = CARTESIAN_POINT('',(0.,0.5,6.));
#4696 = DIRECTION('',(0.,0.,1.));
#4697 = DIRECTION('',(0.46357615894,0.886057077655,-0.));
#4698 = ORIENTED_EDGE('',*,*,#4699,.T.);
#4699 = EDGE_CURVE('',#4691,#4700,#4702,.T.);
#4700 = VERTEX_POINT('',#4701);
#4701 = CARTESIAN_POINT('',(-1.399999917713,-6.577448375468E-02,
    6.000000088753));
#4702 = ( BOUNDED_CURVE() B_SPLINE_CURVE(2,(#4703,#4704,#4705),
.UNSPECIFIED.,.F.,.F.) B_SPLINE_CURVE_WITH_KNOTS((3,3),(0.211146614176,
0.411500729365),.PIECEWISE_BEZIER_KNOTS.) CURVE() 
GEOMETRIC_REPRESENTATION_ITEM() RATIONAL_B_SPLINE_CURVE((1.515466206978,
1.634538853517,1.515466206978)) REPRESENTATION_ITEM('') );
#4703 = CARTESIAN_POINT('',(-1.4,1.065774550263,6.000000266258));
#4704 = CARTESIAN_POINT('',(-1.4,0.5,6.21198661531));
#4705 = CARTESIAN_POINT('',(-1.4,-6.577455026308E-02,6.000000266258));
#4706 = ORIENTED_EDGE('',*,*,#4707,.T.);
#4707 = EDGE_CURVE('',#4700,#4708,#4710,.T.);
#4708 = VERTEX_POINT('',#4709);
#4709 = CARTESIAN_POINT('',(0.699999998341,-0.837946383652,
    6.000000090829));
#4710 = CIRCLE('',#4711,1.51);
#4711 = AXIS2_PLACEMENT_3D('',#4712,#4713,#4714);
#4712 = CARTESIAN_POINT('',(0.,0.5,6.));
#4713 = DIRECTION('',(0.,0.,1.));
#4714 = DIRECTION('',(-0.927152317881,-0.374684639995,0.));
#4715 = ORIENTED_EDGE('',*,*,#4716,.T.);
#4716 = EDGE_CURVE('',#4708,#4627,#4717,.T.);
#4717 = B_SPLINE_CURVE_WITH_KNOTS('',3,(#4718,#4719,#4720,#4721,#4722,
    #4723,#4724,#4725,#4726,#4727),.UNSPECIFIED.,.F.,.F.,(4,3,3,4),(0.,
    0.333333333333,0.666666666667,0.999999710152),.UNSPECIFIED.);
#4718 = CARTESIAN_POINT('',(0.700000126318,-0.837946428698,
    6.000000272488));
#4719 = CARTESIAN_POINT('',(0.700000097665,-0.803057878459,
    6.030913397864));
#4720 = CARTESIAN_POINT('',(0.700000103126,-0.76905170758,6.060784574596
    ));
#4721 = CARTESIAN_POINT('',(0.700000038037,-0.735943416818,
    6.089593106079));
#4722 = CARTESIAN_POINT('',(0.699999972949,-0.702835126055,
    6.118401637562));
#4723 = CARTESIAN_POINT('',(0.699999931899,-0.670624888633,
    6.146147721083));
#4724 = CARTESIAN_POINT('',(0.699999945362,-0.639252228629,
    6.172877671206));
#4725 = CARTESIAN_POINT('',(0.699999958825,-0.607879595905,
    6.199607598087));
#4726 = CARTESIAN_POINT('',(0.699999881473,-0.577344307448,
    6.225321119891));
#4727 = CARTESIAN_POINT('',(0.699999848618,-0.547663919155,
    6.249999663135));
#4728 = ORIENTED_EDGE('',*,*,#4626,.F.);
#4729 = ORIENTED_EDGE('',*,*,#4660,.F.);
#4730 = CONICAL_SURFACE('',#4731,1.385,0.785400343298);
#4731 = AXIS2_PLACEMENT_3D('',#4732,#4733,#4734);
#4732 = CARTESIAN_POINT('',(0.,0.5,6.125));
#4733 = DIRECTION('',(0.,0.,-1.));
#4734 = DIRECTION('',(-1.,-5.379602673181E-14,-0.));
#4735 = ADVANCED_FACE('',(#4736),#4761,.T.);
#4736 = FACE_BOUND('',#4737,.T.);
#4737 = EDGE_LOOP('',(#4738,#4748,#4754,#4755));
#4738 = ORIENTED_EDGE('',*,*,#4739,.T.);
#4739 = EDGE_CURVE('',#4740,#4742,#4744,.T.);
#4740 = VERTEX_POINT('',#4741);
#4741 = CARTESIAN_POINT('',(-1.4,3.475,6.));
#4742 = VERTEX_POINT('',#4743);
#4743 = CARTESIAN_POINT('',(0.7,3.475,6.));
#4744 = LINE('',#4745,#4746);
#4745 = CARTESIAN_POINT('',(-1.4,3.475,6.));
#4746 = VECTOR('',#4747,1.);
#4747 = DIRECTION('',(1.,0.,0.));
#4748 = ORIENTED_EDGE('',*,*,#4749,.T.);
#4749 = EDGE_CURVE('',#4742,#4676,#4750,.T.);
#4750 = LINE('',#4751,#4752);
#4751 = CARTESIAN_POINT('',(0.7,3.475,6.));
#4752 = VECTOR('',#4753,1.);
#4753 = DIRECTION('',(0.,-1.,0.));
#4754 = ORIENTED_EDGE('',*,*,#4690,.T.);
#4755 = ORIENTED_EDGE('',*,*,#4756,.F.);
#4756 = EDGE_CURVE('',#4740,#4691,#4757,.T.);
#4757 = LINE('',#4758,#4759);
#4758 = CARTESIAN_POINT('',(-1.4,3.475,6.));
#4759 = VECTOR('',#4760,1.);
#4760 = DIRECTION('',(0.,-1.,0.));
#4761 = PLANE('',#4762);
#4762 = AXIS2_PLACEMENT_3D('',#4763,#4764,#4765);
#4763 = CARTESIAN_POINT('',(-1.4,4.45,6.));
#4764 = DIRECTION('',(0.,0.,-1.));
#4765 = DIRECTION('',(1.,0.,0.));
#4766 = ADVANCED_FACE('',(#4767),#4792,.T.);
#4767 = FACE_BOUND('',#4768,.T.);
#4768 = EDGE_LOOP('',(#4769,#4770,#4778,#4786));
#4769 = ORIENTED_EDGE('',*,*,#4707,.T.);
#4770 = ORIENTED_EDGE('',*,*,#4771,.T.);
#4771 = EDGE_CURVE('',#4708,#4772,#4774,.T.);
#4772 = VERTEX_POINT('',#4773);
#4773 = CARTESIAN_POINT('',(0.7,-2.825,6.));
#4774 = LINE('',#4775,#4776);
#4775 = CARTESIAN_POINT('',(0.7,-0.837946187259,6.));
#4776 = VECTOR('',#4777,1.);
#4777 = DIRECTION('',(0.,-1.,0.));
#4778 = ORIENTED_EDGE('',*,*,#4779,.F.);
#4779 = EDGE_CURVE('',#4780,#4772,#4782,.T.);
#4780 = VERTEX_POINT('',#4781);
#4781 = CARTESIAN_POINT('',(-1.4,-2.825,6.));
#4782 = LINE('',#4783,#4784);
#4783 = CARTESIAN_POINT('',(-1.4,-2.825,6.));
#4784 = VECTOR('',#4785,1.);
#4785 = DIRECTION('',(1.,0.,0.));
#4786 = ORIENTED_EDGE('',*,*,#4787,.F.);
#4787 = EDGE_CURVE('',#4700,#4780,#4788,.T.);
#4788 = LINE('',#4789,#4790);
#4789 = CARTESIAN_POINT('',(-1.4,-6.577380639262E-02,6.));
#4790 = VECTOR('',#4791,1.);
#4791 = DIRECTION('',(0.,-1.,0.));
#4792 = PLANE('',#4793);
#4793 = AXIS2_PLACEMENT_3D('',#4794,#4795,#4796);
#4794 = CARTESIAN_POINT('',(-1.4,4.45,6.));
#4795 = DIRECTION('',(0.,0.,-1.));
#4796 = DIRECTION('',(1.,0.,0.));
#4797 = ADVANCED_FACE('',(#4798),#4825,.T.);
#4798 = FACE_BOUND('',#4799,.T.);
#4799 = EDGE_LOOP('',(#4800,#4801,#4809,#4817,#4823,#4824));
#4800 = ORIENTED_EDGE('',*,*,#4787,.T.);
#4801 = ORIENTED_EDGE('',*,*,#4802,.F.);
#4802 = EDGE_CURVE('',#4803,#4780,#4805,.T.);
#4803 = VERTEX_POINT('',#4804);
#4804 = CARTESIAN_POINT('',(-1.4,-2.825,5.5));
#4805 = LINE('',#4806,#4807);
#4806 = CARTESIAN_POINT('',(-1.4,-2.825,5.5));
#4807 = VECTOR('',#4808,1.);
#4808 = DIRECTION('',(0.,0.,1.));
#4809 = ORIENTED_EDGE('',*,*,#4810,.F.);
#4810 = EDGE_CURVE('',#4811,#4803,#4813,.T.);
#4811 = VERTEX_POINT('',#4812);
#4812 = CARTESIAN_POINT('',(-1.4,3.475,5.5));
#4813 = LINE('',#4814,#4815);
#4814 = CARTESIAN_POINT('',(-1.4,3.475,5.5));
#4815 = VECTOR('',#4816,1.);
#4816 = DIRECTION('',(0.,-1.,0.));
#4817 = ORIENTED_EDGE('',*,*,#4818,.T.);
#4818 = EDGE_CURVE('',#4811,#4740,#4819,.T.);
#4819 = LINE('',#4820,#4821);
#4820 = CARTESIAN_POINT('',(-1.4,3.475,5.5));
#4821 = VECTOR('',#4822,1.);
#4822 = DIRECTION('',(0.,0.,1.));
#4823 = ORIENTED_EDGE('',*,*,#4756,.T.);
#4824 = ORIENTED_EDGE('',*,*,#4699,.T.);
#4825 = PLANE('',#4826);
#4826 = AXIS2_PLACEMENT_3D('',#4827,#4828,#4829);
#4827 = CARTESIAN_POINT('',(-1.4,4.45,5.5));
#4828 = DIRECTION('',(1.,0.,0.));
#4829 = DIRECTION('',(0.,0.,1.));
#4830 = ADVANCED_FACE('',(#4831),#4850,.T.);
#4831 = FACE_BOUND('',#4832,.T.);
#4832 = EDGE_LOOP('',(#4833,#4841,#4847,#4848,#4849));
#4833 = ORIENTED_EDGE('',*,*,#4834,.F.);
#4834 = EDGE_CURVE('',#4835,#4636,#4837,.T.);
#4835 = VERTEX_POINT('',#4836);
#4836 = CARTESIAN_POINT('',(0.7,-2.825,6.5));
#4837 = LINE('',#4838,#4839);
#4838 = CARTESIAN_POINT('',(0.7,-2.825,6.5));
#4839 = VECTOR('',#4840,1.);
#4840 = DIRECTION('',(0.,1.,0.));
#4841 = ORIENTED_EDGE('',*,*,#4842,.F.);
#4842 = EDGE_CURVE('',#4772,#4835,#4843,.T.);
#4843 = LINE('',#4844,#4845);
#4844 = CARTESIAN_POINT('',(0.7,-2.825,6.));
#4845 = VECTOR('',#4846,1.);
#4846 = DIRECTION('',(0.,0.,1.));
#4847 = ORIENTED_EDGE('',*,*,#4771,.F.);
#4848 = ORIENTED_EDGE('',*,*,#4716,.T.);
#4849 = ORIENTED_EDGE('',*,*,#4635,.T.);
#4850 = PLANE('',#4851);
#4851 = AXIS2_PLACEMENT_3D('',#4852,#4853,#4854);
#4852 = CARTESIAN_POINT('',(0.7,4.45,6.));
#4853 = DIRECTION('',(1.,0.,0.));
#4854 = DIRECTION('',(0.,0.,1.));
#4855 = ADVANCED_FACE('',(#4856),#4875,.T.);
#4856 = FACE_BOUND('',#4857,.T.);
#4857 = EDGE_LOOP('',(#4858,#4859,#4860,#4868,#4874));
#4858 = ORIENTED_EDGE('',*,*,#4675,.F.);
#4859 = ORIENTED_EDGE('',*,*,#4749,.F.);
#4860 = ORIENTED_EDGE('',*,*,#4861,.T.);
#4861 = EDGE_CURVE('',#4742,#4862,#4864,.T.);
#4862 = VERTEX_POINT('',#4863);
#4863 = CARTESIAN_POINT('',(0.7,3.475,6.5));
#4864 = LINE('',#4865,#4866);
#4865 = CARTESIAN_POINT('',(0.7,3.475,6.));
#4866 = VECTOR('',#4867,1.);
#4867 = DIRECTION('',(0.,0.,1.));
#4868 = ORIENTED_EDGE('',*,*,#4869,.F.);
#4869 = EDGE_CURVE('',#4644,#4862,#4870,.T.);
#4870 = LINE('',#4871,#4872);
#4871 = CARTESIAN_POINT('',(0.7,1.547664068297,6.5));
#4872 = VECTOR('',#4873,1.);
#4873 = DIRECTION('',(0.,1.,0.));
#4874 = ORIENTED_EDGE('',*,*,#4652,.F.);
#4875 = PLANE('',#4876);
#4876 = AXIS2_PLACEMENT_3D('',#4877,#4878,#4879);
#4877 = CARTESIAN_POINT('',(0.7,4.45,6.));
#4878 = DIRECTION('',(1.,0.,0.));
#4879 = DIRECTION('',(0.,0.,1.));
#4880 = ADVANCED_FACE('',(#4881),#4988,.T.);
#4881 = FACE_BOUND('',#4882,.T.);
#4882 = EDGE_LOOP('',(#4883,#4893,#4901,#4909,#4917,#4923,#4924,#4932,
    #4938,#4939,#4940,#4941,#4949,#4957,#4965,#4973,#4982));
#4883 = ORIENTED_EDGE('',*,*,#4884,.F.);
#4884 = EDGE_CURVE('',#4885,#4887,#4889,.T.);
#4885 = VERTEX_POINT('',#4886);
#4886 = CARTESIAN_POINT('',(3.18,-2.825,-0.6));
#4887 = VERTEX_POINT('',#4888);
#4888 = CARTESIAN_POINT('',(4.,-2.825,-0.6));
#4889 = LINE('',#4890,#4891);
#4890 = CARTESIAN_POINT('',(3.18,-2.825,-0.6));
#4891 = VECTOR('',#4892,1.);
#4892 = DIRECTION('',(1.,0.,0.));
#4893 = ORIENTED_EDGE('',*,*,#4894,.T.);
#4894 = EDGE_CURVE('',#4885,#4895,#4897,.T.);
#4895 = VERTEX_POINT('',#4896);
#4896 = CARTESIAN_POINT('',(2.7,-2.825,0.6));
#4897 = LINE('',#4898,#4899);
#4898 = CARTESIAN_POINT('',(3.18,-2.825,-0.6));
#4899 = VECTOR('',#4900,1.);
#4900 = DIRECTION('',(-0.371390676354,0.,0.928476690885));
#4901 = ORIENTED_EDGE('',*,*,#4902,.F.);
#4902 = EDGE_CURVE('',#4903,#4895,#4905,.T.);
#4903 = VERTEX_POINT('',#4904);
#4904 = CARTESIAN_POINT('',(2.7,-2.825,2.4));
#4905 = LINE('',#4906,#4907);
#4906 = CARTESIAN_POINT('',(2.7,-2.825,2.4));
#4907 = VECTOR('',#4908,1.);
#4908 = DIRECTION('',(0.,0.,-1.));
#4909 = ORIENTED_EDGE('',*,*,#4910,.F.);
#4910 = EDGE_CURVE('',#4911,#4903,#4913,.T.);
#4911 = VERTEX_POINT('',#4912);
#4912 = CARTESIAN_POINT('',(-3.5,-2.825,2.4));
#4913 = LINE('',#4914,#4915);
#4914 = CARTESIAN_POINT('',(-3.5,-2.825,2.4));
#4915 = VECTOR('',#4916,1.);
#4916 = DIRECTION('',(1.,0.,0.));
#4917 = ORIENTED_EDGE('',*,*,#4918,.F.);
#4918 = EDGE_CURVE('',#3056,#4911,#4919,.T.);
#4919 = LINE('',#4920,#4921);
#4920 = CARTESIAN_POINT('',(-3.5,-2.825,4.4));
#4921 = VECTOR('',#4922,1.);
#4922 = DIRECTION('',(0.,0.,-1.));
#4923 = ORIENTED_EDGE('',*,*,#3055,.F.);
#4924 = ORIENTED_EDGE('',*,*,#4925,.T.);
#4925 = EDGE_CURVE('',#3048,#4926,#4928,.T.);
#4926 = VERTEX_POINT('',#4927);
#4927 = CARTESIAN_POINT('',(-2.4,-2.825,5.));
#4928 = LINE('',#4929,#4930);
#4929 = CARTESIAN_POINT('',(-2.4,-2.825,4.4));
#4930 = VECTOR('',#4931,1.);
#4931 = DIRECTION('',(0.,0.,1.));
#4932 = ORIENTED_EDGE('',*,*,#4933,.T.);
#4933 = EDGE_CURVE('',#4926,#4803,#4934,.T.);
#4934 = LINE('',#4935,#4936);
#4935 = CARTESIAN_POINT('',(-2.4,-2.825,5.));
#4936 = VECTOR('',#4937,1.);
#4937 = DIRECTION('',(0.894427191,0.,0.4472135955));
#4938 = ORIENTED_EDGE('',*,*,#4802,.T.);
#4939 = ORIENTED_EDGE('',*,*,#4779,.T.);
#4940 = ORIENTED_EDGE('',*,*,#4842,.T.);
#4941 = ORIENTED_EDGE('',*,*,#4942,.T.);
#4942 = EDGE_CURVE('',#4835,#4943,#4945,.T.);
#4943 = VERTEX_POINT('',#4944);
#4944 = CARTESIAN_POINT('',(4.4,-2.825,6.5));
#4945 = LINE('',#4946,#4947);
#4946 = CARTESIAN_POINT('',(0.7,-2.825,6.5));
#4947 = VECTOR('',#4948,1.);
#4948 = DIRECTION('',(1.,0.,0.));
#4949 = ORIENTED_EDGE('',*,*,#4950,.T.);
#4950 = EDGE_CURVE('',#4943,#4951,#4953,.T.);
#4951 = VERTEX_POINT('',#4952);
#4952 = CARTESIAN_POINT('',(4.4,-2.825,6.));
#4953 = LINE('',#4954,#4955);
#4954 = CARTESIAN_POINT('',(4.4,-2.825,6.5));
#4955 = VECTOR('',#4956,1.);
#4956 = DIRECTION('',(0.,0.,-1.));
#4957 = ORIENTED_EDGE('',*,*,#4958,.F.);
#4958 = EDGE_CURVE('',#4959,#4951,#4961,.T.);
#4959 = VERTEX_POINT('',#4960);
#4960 = CARTESIAN_POINT('',(4.25,-2.825,6.));
#4961 = LINE('',#4962,#4963);
#4962 = CARTESIAN_POINT('',(4.25,-2.825,6.));
#4963 = VECTOR('',#4964,1.);
#4964 = DIRECTION('',(1.,0.,0.));
#4965 = ORIENTED_EDGE('',*,*,#4966,.F.);
#4966 = EDGE_CURVE('',#4967,#4959,#4969,.T.);
#4967 = VERTEX_POINT('',#4968);
#4968 = CARTESIAN_POINT('',(4.25,-2.825,4.470809924355));
#4969 = LINE('',#4970,#4971);
#4970 = CARTESIAN_POINT('',(4.25,-2.825,4.470809924355));
#4971 = VECTOR('',#4972,1.);
#4972 = DIRECTION('',(0.,0.,1.));
#4973 = ORIENTED_EDGE('',*,*,#4974,.T.);
#4974 = EDGE_CURVE('',#4967,#4975,#4977,.T.);
#4975 = VERTEX_POINT('',#4976);
#4976 = CARTESIAN_POINT('',(4.,-2.825,4.1));
#4977 = CIRCLE('',#4978,0.4);
#4978 = AXIS2_PLACEMENT_3D('',#4979,#4980,#4981);
#4979 = CARTESIAN_POINT('',(4.4,-2.825,4.1));
#4980 = DIRECTION('',(0.,-1.,0.));
#4981 = DIRECTION('',(-0.375,0.,0.927024810887));
#4982 = ORIENTED_EDGE('',*,*,#4983,.F.);
#4983 = EDGE_CURVE('',#4887,#4975,#4984,.T.);
#4984 = LINE('',#4985,#4986);
#4985 = CARTESIAN_POINT('',(4.,-2.825,-0.6));
#4986 = VECTOR('',#4987,1.);
#4987 = DIRECTION('',(0.,0.,1.));
#4988 = PLANE('',#4989);
#4989 = AXIS2_PLACEMENT_3D('',#4990,#4991,#4992);
#4990 = CARTESIAN_POINT('',(3.8,-2.825,0.));
#4991 = DIRECTION('',(0.,1.,0.));
#4992 = DIRECTION('',(-1.,0.,0.));
#4993 = ADVANCED_FACE('',(#4994),#5043,.F.);
#4994 = FACE_BOUND('',#4995,.T.);
#4995 = EDGE_LOOP('',(#4996,#5006,#5014,#5022,#5030,#5036,#5037));
#4996 = ORIENTED_EDGE('',*,*,#4997,.F.);
#4997 = EDGE_CURVE('',#4998,#5000,#5002,.T.);
#4998 = VERTEX_POINT('',#4999);
#4999 = CARTESIAN_POINT('',(4.,-3.8,0.6));
#5000 = VERTEX_POINT('',#5001);
#5001 = CARTESIAN_POINT('',(4.,-3.8,4.1));
#5002 = LINE('',#5003,#5004);
#5003 = CARTESIAN_POINT('',(4.,-3.8,0.6));
#5004 = VECTOR('',#5005,1.);
#5005 = DIRECTION('',(0.,0.,1.));
#5006 = ORIENTED_EDGE('',*,*,#5007,.T.);
#5007 = EDGE_CURVE('',#4998,#5008,#5010,.T.);
#5008 = VERTEX_POINT('',#5009);
#5009 = CARTESIAN_POINT('',(4.,-3.45,0.6));
#5010 = LINE('',#5011,#5012);
#5011 = CARTESIAN_POINT('',(4.,-3.8,0.6));
#5012 = VECTOR('',#5013,1.);
#5013 = DIRECTION('',(0.,1.,0.));
#5014 = ORIENTED_EDGE('',*,*,#5015,.T.);
#5015 = EDGE_CURVE('',#5008,#5016,#5018,.T.);
#5016 = VERTEX_POINT('',#5017);
#5017 = CARTESIAN_POINT('',(4.,-3.45,0.497));
#5018 = LINE('',#5019,#5020);
#5019 = CARTESIAN_POINT('',(4.,-3.45,0.6));
#5020 = VECTOR('',#5021,1.);
#5021 = DIRECTION('',(0.,0.,-1.));
#5022 = ORIENTED_EDGE('',*,*,#5023,.F.);
#5023 = EDGE_CURVE('',#5024,#5016,#5026,.T.);
#5024 = VERTEX_POINT('',#5025);
#5025 = CARTESIAN_POINT('',(4.,-3.45,-0.6));
#5026 = LINE('',#5027,#5028);
#5027 = CARTESIAN_POINT('',(4.,-3.45,1.975));
#5028 = VECTOR('',#5029,1.);
#5029 = DIRECTION('',(0.,0.,1.));
#5030 = ORIENTED_EDGE('',*,*,#5031,.T.);
#5031 = EDGE_CURVE('',#5024,#4887,#5032,.T.);
#5032 = LINE('',#5033,#5034);
#5033 = CARTESIAN_POINT('',(4.,-3.45,-0.6));
#5034 = VECTOR('',#5035,1.);
#5035 = DIRECTION('',(0.,1.,0.));
#5036 = ORIENTED_EDGE('',*,*,#4983,.T.);
#5037 = ORIENTED_EDGE('',*,*,#5038,.T.);
#5038 = EDGE_CURVE('',#4975,#5000,#5039,.T.);
#5039 = LINE('',#5040,#5041);
#5040 = CARTESIAN_POINT('',(4.,-2.825,4.1));
#5041 = VECTOR('',#5042,1.);
#5042 = DIRECTION('',(0.,-1.,0.));
#5043 = PLANE('',#5044);
#5044 = AXIS2_PLACEMENT_3D('',#5045,#5046,#5047);
#5045 = CARTESIAN_POINT('',(4.,-3.8,-0.4));
#5046 = DIRECTION('',(-1.,0.,0.));
#5047 = DIRECTION('',(0.,0.,1.));
#5048 = ADVANCED_FACE('',(#5049),#5068,.F.);
#5049 = FACE_BOUND('',#5050,.F.);
#5050 = EDGE_LOOP('',(#5051,#5060,#5066,#5067));
#5051 = ORIENTED_EDGE('',*,*,#5052,.T.);
#5052 = EDGE_CURVE('',#5000,#5053,#5055,.T.);
#5053 = VERTEX_POINT('',#5054);
#5054 = CARTESIAN_POINT('',(4.25,-3.8,4.470809924355));
#5055 = CIRCLE('',#5056,0.4);
#5056 = AXIS2_PLACEMENT_3D('',#5057,#5058,#5059);
#5057 = CARTESIAN_POINT('',(4.4,-3.8,4.1));
#5058 = DIRECTION('',(0.,1.,0.));
#5059 = DIRECTION('',(-1.,0.,0.));
#5060 = ORIENTED_EDGE('',*,*,#5061,.F.);
#5061 = EDGE_CURVE('',#4967,#5053,#5062,.T.);
#5062 = LINE('',#5063,#5064);
#5063 = CARTESIAN_POINT('',(4.25,-2.825,4.470809924355));
#5064 = VECTOR('',#5065,1.);
#5065 = DIRECTION('',(0.,-1.,0.));
#5066 = ORIENTED_EDGE('',*,*,#4974,.T.);
#5067 = ORIENTED_EDGE('',*,*,#5038,.T.);
#5068 = CYLINDRICAL_SURFACE('',#5069,0.4);
#5069 = AXIS2_PLACEMENT_3D('',#5070,#5071,#5072);
#5070 = CARTESIAN_POINT('',(4.4,-3.081562350184,4.1));
#5071 = DIRECTION('',(0.,-1.,0.));
#5072 = DIRECTION('',(0.,0.,1.));
#5073 = ADVANCED_FACE('',(#5074),#5133,.F.);
#5074 = FACE_BOUND('',#5075,.T.);
#5075 = EDGE_LOOP('',(#5076,#5084,#5092,#5098,#5099,#5100,#5101,#5109,
    #5117,#5125,#5131,#5132));
#5076 = ORIENTED_EDGE('',*,*,#5077,.F.);
#5077 = EDGE_CURVE('',#5078,#5053,#5080,.T.);
#5078 = VERTEX_POINT('',#5079);
#5079 = CARTESIAN_POINT('',(4.25,-3.8,6.));
#5080 = LINE('',#5081,#5082);
#5081 = CARTESIAN_POINT('',(4.25,-3.8,6.));
#5082 = VECTOR('',#5083,1.);
#5083 = DIRECTION('',(0.,0.,-1.));
#5084 = ORIENTED_EDGE('',*,*,#5085,.F.);
#5085 = EDGE_CURVE('',#5086,#5078,#5088,.T.);
#5086 = VERTEX_POINT('',#5087);
#5087 = CARTESIAN_POINT('',(5.2,-3.8,6.));
#5088 = LINE('',#5089,#5090);
#5089 = CARTESIAN_POINT('',(5.2,-3.8,6.));
#5090 = VECTOR('',#5091,1.);
#5091 = DIRECTION('',(-1.,0.,0.));
#5092 = ORIENTED_EDGE('',*,*,#5093,.F.);
#5093 = EDGE_CURVE('',#1718,#5086,#5094,.T.);
#5094 = LINE('',#5095,#5096);
#5095 = CARTESIAN_POINT('',(5.2,-3.8,0.));
#5096 = VECTOR('',#5097,1.);
#5097 = DIRECTION('',(0.,0.,1.));
#5098 = ORIENTED_EDGE('',*,*,#1717,.F.);
#5099 = ORIENTED_EDGE('',*,*,#2872,.T.);
#5100 = ORIENTED_EDGE('',*,*,#3071,.T.);
#5101 = ORIENTED_EDGE('',*,*,#5102,.T.);
#5102 = EDGE_CURVE('',#3064,#5103,#5105,.T.);
#5103 = VERTEX_POINT('',#5104);
#5104 = CARTESIAN_POINT('',(-3.5,-3.8,2.4));
#5105 = LINE('',#5106,#5107);
#5106 = CARTESIAN_POINT('',(-3.5,-3.8,4.4));
#5107 = VECTOR('',#5108,1.);
#5108 = DIRECTION('',(0.,0.,-1.));
#5109 = ORIENTED_EDGE('',*,*,#5110,.T.);
#5110 = EDGE_CURVE('',#5103,#5111,#5113,.T.);
#5111 = VERTEX_POINT('',#5112);
#5112 = CARTESIAN_POINT('',(2.7,-3.8,2.4));
#5113 = LINE('',#5114,#5115);
#5114 = CARTESIAN_POINT('',(-3.5,-3.8,2.4));
#5115 = VECTOR('',#5116,1.);
#5116 = DIRECTION('',(1.,0.,0.));
#5117 = ORIENTED_EDGE('',*,*,#5118,.F.);
#5118 = EDGE_CURVE('',#5119,#5111,#5121,.T.);
#5119 = VERTEX_POINT('',#5120);
#5120 = CARTESIAN_POINT('',(2.7,-3.8,0.6));
#5121 = LINE('',#5122,#5123);
#5122 = CARTESIAN_POINT('',(2.7,-3.8,0.6));
#5123 = VECTOR('',#5124,1.);
#5124 = DIRECTION('',(0.,0.,1.));
#5125 = ORIENTED_EDGE('',*,*,#5126,.F.);
#5126 = EDGE_CURVE('',#4998,#5119,#5127,.T.);
#5127 = LINE('',#5128,#5129);
#5128 = CARTESIAN_POINT('',(4.,-3.8,0.6));
#5129 = VECTOR('',#5130,1.);
#5130 = DIRECTION('',(-1.,0.,0.));
#5131 = ORIENTED_EDGE('',*,*,#4997,.T.);
#5132 = ORIENTED_EDGE('',*,*,#5052,.T.);
#5133 = PLANE('',#5134);
#5134 = AXIS2_PLACEMENT_3D('',#5135,#5136,#5137);
#5135 = CARTESIAN_POINT('',(5.2,-3.8,0.));
#5136 = DIRECTION('',(0.,-1.,0.));
#5137 = DIRECTION('',(-1.,0.,0.));
#5138 = ADVANCED_FACE('',(#5139),#5164,.T.);
#5139 = FACE_BOUND('',#5140,.T.);
#5140 = EDGE_LOOP('',(#5141,#5151,#5157,#5158));
#5141 = ORIENTED_EDGE('',*,*,#5142,.T.);
#5142 = EDGE_CURVE('',#5143,#5145,#5147,.T.);
#5143 = VERTEX_POINT('',#5144);
#5144 = CARTESIAN_POINT('',(2.7,4.45,0.6));
#5145 = VERTEX_POINT('',#5146);
#5146 = CARTESIAN_POINT('',(4.,4.45,0.6));
#5147 = LINE('',#5148,#5149);
#5148 = CARTESIAN_POINT('',(2.7,4.45,0.6));
#5149 = VECTOR('',#5150,1.);
#5150 = DIRECTION('',(1.,0.,0.));
#5151 = ORIENTED_EDGE('',*,*,#5152,.T.);
#5152 = EDGE_CURVE('',#5145,#419,#5153,.T.);
#5153 = LINE('',#5154,#5155);
#5154 = CARTESIAN_POINT('',(4.,4.45,0.6));
#5155 = VECTOR('',#5156,1.);
#5156 = DIRECTION('',(0.,-1.,0.));
#5157 = ORIENTED_EDGE('',*,*,#418,.T.);
#5158 = ORIENTED_EDGE('',*,*,#5159,.F.);
#5159 = EDGE_CURVE('',#5143,#411,#5160,.T.);
#5160 = LINE('',#5161,#5162);
#5161 = CARTESIAN_POINT('',(2.7,4.45,0.6));
#5162 = VECTOR('',#5163,1.);
#5163 = DIRECTION('',(0.,-1.,0.));
#5164 = PLANE('',#5165);
#5165 = AXIS2_PLACEMENT_3D('',#5166,#5167,#5168);
#5166 = CARTESIAN_POINT('',(0.,0.,0.6));
#5167 = DIRECTION('',(0.,0.,-1.));
#5168 = DIRECTION('',(0.,1.,0.));
#5169 = ADVANCED_FACE('',(#5170),#5188,.T.);
#5170 = FACE_BOUND('',#5171,.T.);
#5171 = EDGE_LOOP('',(#5172,#5180,#5181,#5182));
#5172 = ORIENTED_EDGE('',*,*,#5173,.T.);
#5173 = EDGE_CURVE('',#5174,#5008,#5176,.T.);
#5174 = VERTEX_POINT('',#5175);
#5175 = CARTESIAN_POINT('',(2.7,-3.45,0.6));
#5176 = LINE('',#5177,#5178);
#5177 = CARTESIAN_POINT('',(2.7,-3.45,0.6));
#5178 = VECTOR('',#5179,1.);
#5179 = DIRECTION('',(1.,0.,0.));
#5180 = ORIENTED_EDGE('',*,*,#5007,.F.);
#5181 = ORIENTED_EDGE('',*,*,#5126,.T.);
#5182 = ORIENTED_EDGE('',*,*,#5183,.T.);
#5183 = EDGE_CURVE('',#5119,#5174,#5184,.T.);
#5184 = LINE('',#5185,#5186);
#5185 = CARTESIAN_POINT('',(2.7,-3.8,0.6));
#5186 = VECTOR('',#5187,1.);
#5187 = DIRECTION('',(0.,1.,0.));
#5188 = PLANE('',#5189);
#5189 = AXIS2_PLACEMENT_3D('',#5190,#5191,#5192);
#5190 = CARTESIAN_POINT('',(0.,0.,0.6));
#5191 = DIRECTION('',(0.,0.,-1.));
#5192 = DIRECTION('',(0.,1.,0.));
#5193 = ADVANCED_FACE('',(#5194),#5227,.T.);
#5194 = FACE_BOUND('',#5195,.T.);
#5195 = EDGE_LOOP('',(#5196,#5206,#5214,#5220,#5221));
#5196 = ORIENTED_EDGE('',*,*,#5197,.F.);
#5197 = EDGE_CURVE('',#5198,#5200,#5202,.T.);
#5198 = VERTEX_POINT('',#5199);
#5199 = CARTESIAN_POINT('',(2.7,3.475,2.4));
#5200 = VERTEX_POINT('',#5201);
#5201 = CARTESIAN_POINT('',(2.7,3.475,0.6));
#5202 = LINE('',#5203,#5204);
#5203 = CARTESIAN_POINT('',(2.7,3.475,2.4));
#5204 = VECTOR('',#5205,1.);
#5205 = DIRECTION('',(0.,0.,-1.));
#5206 = ORIENTED_EDGE('',*,*,#5207,.F.);
#5207 = EDGE_CURVE('',#5208,#5198,#5210,.T.);
#5208 = VERTEX_POINT('',#5209);
#5209 = CARTESIAN_POINT('',(2.7,4.45,2.4));
#5210 = LINE('',#5211,#5212);
#5211 = CARTESIAN_POINT('',(2.7,4.45,2.4));
#5212 = VECTOR('',#5213,1.);
#5213 = DIRECTION('',(0.,-1.,0.));
#5214 = ORIENTED_EDGE('',*,*,#5215,.F.);
#5215 = EDGE_CURVE('',#5143,#5208,#5216,.T.);
#5216 = LINE('',#5217,#5218);
#5217 = CARTESIAN_POINT('',(2.7,4.45,0.6));
#5218 = VECTOR('',#5219,1.);
#5219 = DIRECTION('',(0.,0.,1.));
#5220 = ORIENTED_EDGE('',*,*,#5159,.T.);
#5221 = ORIENTED_EDGE('',*,*,#5222,.T.);
#5222 = EDGE_CURVE('',#411,#5200,#5223,.T.);
#5223 = LINE('',#5224,#5225);
#5224 = CARTESIAN_POINT('',(2.7,4.1,0.6));
#5225 = VECTOR('',#5226,1.);
#5226 = DIRECTION('',(0.,-1.,0.));
#5227 = PLANE('',#5228);
#5228 = AXIS2_PLACEMENT_3D('',#5229,#5230,#5231);
#5229 = CARTESIAN_POINT('',(2.7,4.45,2.4));
#5230 = DIRECTION('',(-1.,0.,0.));
#5231 = DIRECTION('',(0.,0.,-1.));
#5232 = ADVANCED_FACE('',(#5233),#5259,.T.);
#5233 = FACE_BOUND('',#5234,.T.);
#5234 = EDGE_LOOP('',(#5235,#5243,#5244,#5245,#5253));
#5235 = ORIENTED_EDGE('',*,*,#5236,.T.);
#5236 = EDGE_CURVE('',#5237,#5200,#5239,.T.);
#5237 = VERTEX_POINT('',#5238);
#5238 = CARTESIAN_POINT('',(3.18,3.475,-0.6));
#5239 = LINE('',#5240,#5241);
#5240 = CARTESIAN_POINT('',(3.18,3.475,-0.6));
#5241 = VECTOR('',#5242,1.);
#5242 = DIRECTION('',(-0.371390676354,0.,0.928476690885));
#5243 = ORIENTED_EDGE('',*,*,#5222,.F.);
#5244 = ORIENTED_EDGE('',*,*,#410,.F.);
#5245 = ORIENTED_EDGE('',*,*,#5246,.F.);
#5246 = EDGE_CURVE('',#5247,#403,#5249,.T.);
#5247 = VERTEX_POINT('',#5248);
#5248 = CARTESIAN_POINT('',(3.18,4.1,-0.6));
#5249 = LINE('',#5250,#5251);
#5250 = CARTESIAN_POINT('',(2.06724137931,4.1,2.181896551724));
#5251 = VECTOR('',#5252,1.);
#5252 = DIRECTION('',(-0.371390676354,0.,0.928476690885));
#5253 = ORIENTED_EDGE('',*,*,#5254,.T.);
#5254 = EDGE_CURVE('',#5247,#5237,#5255,.T.);
#5255 = LINE('',#5256,#5257);
#5256 = CARTESIAN_POINT('',(3.18,4.1,-0.6));
#5257 = VECTOR('',#5258,1.);
#5258 = DIRECTION('',(0.,-1.,0.));
#5259 = PLANE('',#5260);
#5260 = AXIS2_PLACEMENT_3D('',#5261,#5262,#5263);
#5261 = CARTESIAN_POINT('',(3.1,4.3,-0.4));
#5262 = DIRECTION('',(-0.928476690885,0.,-0.371390676354));
#5263 = DIRECTION('',(0.,-1.,-0.));
#5264 = ADVANCED_FACE('',(#5265),#5290,.T.);
#5265 = FACE_BOUND('',#5266,.T.);
#5266 = EDGE_LOOP('',(#5267,#5277,#5283,#5284));
#5267 = ORIENTED_EDGE('',*,*,#5268,.T.);
#5268 = EDGE_CURVE('',#5269,#5271,#5273,.T.);
#5269 = VERTEX_POINT('',#5270);
#5270 = CARTESIAN_POINT('',(4.,4.1,-0.6));
#5271 = VERTEX_POINT('',#5272);
#5272 = CARTESIAN_POINT('',(4.,3.475,-0.6));
#5273 = LINE('',#5274,#5275);
#5274 = CARTESIAN_POINT('',(4.,4.1,-0.6));
#5275 = VECTOR('',#5276,1.);
#5276 = DIRECTION('',(0.,-1.,0.));
#5277 = ORIENTED_EDGE('',*,*,#5278,.F.);
#5278 = EDGE_CURVE('',#5237,#5271,#5279,.T.);
#5279 = LINE('',#5280,#5281);
#5280 = CARTESIAN_POINT('',(3.18,3.475,-0.6));
#5281 = VECTOR('',#5282,1.);
#5282 = DIRECTION('',(1.,0.,0.));
#5283 = ORIENTED_EDGE('',*,*,#5254,.F.);
#5284 = ORIENTED_EDGE('',*,*,#5285,.F.);
#5285 = EDGE_CURVE('',#5269,#5247,#5286,.T.);
#5286 = LINE('',#5287,#5288);
#5287 = CARTESIAN_POINT('',(1.35,4.1,-0.6));
#5288 = VECTOR('',#5289,1.);
#5289 = DIRECTION('',(-1.,0.,0.));
#5290 = PLANE('',#5291);
#5291 = AXIS2_PLACEMENT_3D('',#5292,#5293,#5294);
#5292 = CARTESIAN_POINT('',(2.7,4.45,-0.6));
#5293 = DIRECTION('',(0.,0.,-1.));
#5294 = DIRECTION('',(1.,0.,0.));
#5295 = ADVANCED_FACE('',(#5296),#5329,.T.);
#5296 = FACE_BOUND('',#5297,.T.);
#5297 = EDGE_LOOP('',(#5298,#5306,#5307,#5313,#5314,#5315,#5323));
#5298 = ORIENTED_EDGE('',*,*,#5299,.F.);
#5299 = EDGE_CURVE('',#5271,#5300,#5302,.T.);
#5300 = VERTEX_POINT('',#5301);
#5301 = CARTESIAN_POINT('',(4.,3.475,4.1));
#5302 = LINE('',#5303,#5304);
#5303 = CARTESIAN_POINT('',(4.,3.475,-0.6));
#5304 = VECTOR('',#5305,1.);
#5305 = DIRECTION('',(0.,0.,1.));
#5306 = ORIENTED_EDGE('',*,*,#5268,.F.);
#5307 = ORIENTED_EDGE('',*,*,#5308,.F.);
#5308 = EDGE_CURVE('',#401,#5269,#5309,.T.);
#5309 = LINE('',#5310,#5311);
#5310 = CARTESIAN_POINT('',(4.,4.1,1.975));
#5311 = VECTOR('',#5312,1.);
#5312 = DIRECTION('',(0.,0.,-1.));
#5313 = ORIENTED_EDGE('',*,*,#426,.T.);
#5314 = ORIENTED_EDGE('',*,*,#5152,.F.);
#5315 = ORIENTED_EDGE('',*,*,#5316,.T.);
#5316 = EDGE_CURVE('',#5145,#5317,#5319,.T.);
#5317 = VERTEX_POINT('',#5318);
#5318 = CARTESIAN_POINT('',(4.,4.45,4.1));
#5319 = LINE('',#5320,#5321);
#5320 = CARTESIAN_POINT('',(4.,4.45,0.6));
#5321 = VECTOR('',#5322,1.);
#5322 = DIRECTION('',(0.,0.,1.));
#5323 = ORIENTED_EDGE('',*,*,#5324,.T.);
#5324 = EDGE_CURVE('',#5317,#5300,#5325,.T.);
#5325 = LINE('',#5326,#5327);
#5326 = CARTESIAN_POINT('',(4.,4.45,4.1));
#5327 = VECTOR('',#5328,1.);
#5328 = DIRECTION('',(0.,-1.,0.));
#5329 = PLANE('',#5330);
#5330 = AXIS2_PLACEMENT_3D('',#5331,#5332,#5333);
#5331 = CARTESIAN_POINT('',(4.,4.45,-0.4));
#5332 = DIRECTION('',(1.,0.,0.));
#5333 = DIRECTION('',(0.,0.,1.));
#5334 = ADVANCED_FACE('',(#5335),#5362,.F.);
#5335 = FACE_BOUND('',#5336,.F.);
#5336 = EDGE_LOOP('',(#5337,#5347,#5354,#5355));
#5337 = ORIENTED_EDGE('',*,*,#5338,.F.);
#5338 = EDGE_CURVE('',#5339,#5341,#5343,.T.);
#5339 = VERTEX_POINT('',#5340);
#5340 = CARTESIAN_POINT('',(4.25,4.45,4.470809924355));
#5341 = VERTEX_POINT('',#5342);
#5342 = CARTESIAN_POINT('',(4.25,3.475,4.470809924355));
#5343 = LINE('',#5344,#5345);
#5344 = CARTESIAN_POINT('',(4.25,4.45,4.470809924355));
#5345 = VECTOR('',#5346,1.);
#5346 = DIRECTION('',(0.,-1.,0.));
#5347 = ORIENTED_EDGE('',*,*,#5348,.T.);
#5348 = EDGE_CURVE('',#5339,#5317,#5349,.T.);
#5349 = CIRCLE('',#5350,0.4);
#5350 = AXIS2_PLACEMENT_3D('',#5351,#5352,#5353);
#5351 = CARTESIAN_POINT('',(4.4,4.45,4.1));
#5352 = DIRECTION('',(0.,-1.,0.));
#5353 = DIRECTION('',(-0.375,0.,0.927024810887));
#5354 = ORIENTED_EDGE('',*,*,#5324,.T.);
#5355 = ORIENTED_EDGE('',*,*,#5356,.T.);
#5356 = EDGE_CURVE('',#5300,#5341,#5357,.T.);
#5357 = CIRCLE('',#5358,0.4);
#5358 = AXIS2_PLACEMENT_3D('',#5359,#5360,#5361);
#5359 = CARTESIAN_POINT('',(4.4,3.475,4.1));
#5360 = DIRECTION('',(0.,1.,0.));
#5361 = DIRECTION('',(-1.,0.,0.));
#5362 = CYLINDRICAL_SURFACE('',#5363,0.4);
#5363 = AXIS2_PLACEMENT_3D('',#5364,#5365,#5366);
#5364 = CARTESIAN_POINT('',(4.4,4.465754010295,4.1));
#5365 = DIRECTION('',(0.,-1.,0.));
#5366 = DIRECTION('',(0.,0.,1.));
#5367 = ADVANCED_FACE('',(#5368),#5393,.T.);
#5368 = FACE_BOUND('',#5369,.T.);
#5369 = EDGE_LOOP('',(#5370,#5378,#5386,#5392));
#5370 = ORIENTED_EDGE('',*,*,#5371,.F.);
#5371 = EDGE_CURVE('',#5372,#5339,#5374,.T.);
#5372 = VERTEX_POINT('',#5373);
#5373 = CARTESIAN_POINT('',(4.25,4.45,6.));
#5374 = LINE('',#5375,#5376);
#5375 = CARTESIAN_POINT('',(4.25,4.45,6.));
#5376 = VECTOR('',#5377,1.);
#5377 = DIRECTION('',(0.,0.,-1.));
#5378 = ORIENTED_EDGE('',*,*,#5379,.T.);
#5379 = EDGE_CURVE('',#5372,#5380,#5382,.T.);
#5380 = VERTEX_POINT('',#5381);
#5381 = CARTESIAN_POINT('',(4.25,3.475,6.));
#5382 = LINE('',#5383,#5384);
#5383 = CARTESIAN_POINT('',(4.25,4.45,6.));
#5384 = VECTOR('',#5385,1.);
#5385 = DIRECTION('',(0.,-1.,0.));
#5386 = ORIENTED_EDGE('',*,*,#5387,.F.);
#5387 = EDGE_CURVE('',#5341,#5380,#5388,.T.);
#5388 = LINE('',#5389,#5390);
#5389 = CARTESIAN_POINT('',(4.25,3.475,4.470809924355));
#5390 = VECTOR('',#5391,1.);
#5391 = DIRECTION('',(0.,0.,1.));
#5392 = ORIENTED_EDGE('',*,*,#5338,.F.);
#5393 = PLANE('',#5394);
#5394 = AXIS2_PLACEMENT_3D('',#5395,#5396,#5397);
#5395 = CARTESIAN_POINT('',(4.25,4.45,4.5));
#5396 = DIRECTION('',(1.,0.,0.));
#5397 = DIRECTION('',(0.,0.,1.));
#5398 = ADVANCED_FACE('',(#5399),#5461,.F.);
#5399 = FACE_BOUND('',#5400,.T.);
#5400 = EDGE_LOOP('',(#5401,#5409,#5417,#5423,#5424,#5425,#5426,#5434,
    #5440,#5441,#5449,#5455,#5456,#5457,#5458,#5459,#5460));
#5401 = ORIENTED_EDGE('',*,*,#5402,.T.);
#5402 = EDGE_CURVE('',#5380,#5403,#5405,.T.);
#5403 = VERTEX_POINT('',#5404);
#5404 = CARTESIAN_POINT('',(4.4,3.475,6.));
#5405 = LINE('',#5406,#5407);
#5406 = CARTESIAN_POINT('',(4.25,3.475,6.));
#5407 = VECTOR('',#5408,1.);
#5408 = DIRECTION('',(1.,0.,0.));
#5409 = ORIENTED_EDGE('',*,*,#5410,.F.);
#5410 = EDGE_CURVE('',#5411,#5403,#5413,.T.);
#5411 = VERTEX_POINT('',#5412);
#5412 = CARTESIAN_POINT('',(4.4,3.475,6.5));
#5413 = LINE('',#5414,#5415);
#5414 = CARTESIAN_POINT('',(4.4,3.475,6.5));
#5415 = VECTOR('',#5416,1.);
#5416 = DIRECTION('',(0.,0.,-1.));
#5417 = ORIENTED_EDGE('',*,*,#5418,.F.);
#5418 = EDGE_CURVE('',#4862,#5411,#5419,.T.);
#5419 = LINE('',#5420,#5421);
#5420 = CARTESIAN_POINT('',(0.7,3.475,6.5));
#5421 = VECTOR('',#5422,1.);
#5422 = DIRECTION('',(1.,0.,0.));
#5423 = ORIENTED_EDGE('',*,*,#4861,.F.);
#5424 = ORIENTED_EDGE('',*,*,#4739,.F.);
#5425 = ORIENTED_EDGE('',*,*,#4818,.F.);
#5426 = ORIENTED_EDGE('',*,*,#5427,.F.);
#5427 = EDGE_CURVE('',#5428,#4811,#5430,.T.);
#5428 = VERTEX_POINT('',#5429);
#5429 = CARTESIAN_POINT('',(-2.4,3.475,5.));
#5430 = LINE('',#5431,#5432);
#5431 = CARTESIAN_POINT('',(-2.4,3.475,5.));
#5432 = VECTOR('',#5433,1.);
#5433 = DIRECTION('',(0.894427191,0.,0.4472135955));
#5434 = ORIENTED_EDGE('',*,*,#5435,.F.);
#5435 = EDGE_CURVE('',#3040,#5428,#5436,.T.);
#5436 = LINE('',#5437,#5438);
#5437 = CARTESIAN_POINT('',(-2.4,3.475,4.4));
#5438 = VECTOR('',#5439,1.);
#5439 = DIRECTION('',(0.,0.,1.));
#5440 = ORIENTED_EDGE('',*,*,#3039,.T.);
#5441 = ORIENTED_EDGE('',*,*,#5442,.T.);
#5442 = EDGE_CURVE('',#3032,#5443,#5445,.T.);
#5443 = VERTEX_POINT('',#5444);
#5444 = CARTESIAN_POINT('',(-3.5,3.475,2.4));
#5445 = LINE('',#5446,#5447);
#5446 = CARTESIAN_POINT('',(-3.5,3.475,4.4));
#5447 = VECTOR('',#5448,1.);
#5448 = DIRECTION('',(0.,0.,-1.));
#5449 = ORIENTED_EDGE('',*,*,#5450,.T.);
#5450 = EDGE_CURVE('',#5443,#5198,#5451,.T.);
#5451 = LINE('',#5452,#5453);
#5452 = CARTESIAN_POINT('',(-3.5,3.475,2.4));
#5453 = VECTOR('',#5454,1.);
#5454 = DIRECTION('',(1.,0.,0.));
#5455 = ORIENTED_EDGE('',*,*,#5197,.T.);
#5456 = ORIENTED_EDGE('',*,*,#5236,.F.);
#5457 = ORIENTED_EDGE('',*,*,#5278,.T.);
#5458 = ORIENTED_EDGE('',*,*,#5299,.T.);
#5459 = ORIENTED_EDGE('',*,*,#5356,.T.);
#5460 = ORIENTED_EDGE('',*,*,#5387,.T.);
#5461 = PLANE('',#5462);
#5462 = AXIS2_PLACEMENT_3D('',#5463,#5464,#5465);
#5463 = CARTESIAN_POINT('',(3.8,3.475,0.));
#5464 = DIRECTION('',(0.,1.,0.));
#5465 = DIRECTION('',(-1.,0.,0.));
#5466 = ADVANCED_FACE('',(#5467),#5485,.T.);
#5467 = FACE_BOUND('',#5468,.T.);
#5468 = EDGE_LOOP('',(#5469,#5470,#5471,#5479));
#5469 = ORIENTED_EDGE('',*,*,#5207,.T.);
#5470 = ORIENTED_EDGE('',*,*,#5450,.F.);
#5471 = ORIENTED_EDGE('',*,*,#5472,.F.);
#5472 = EDGE_CURVE('',#5473,#5443,#5475,.T.);
#5473 = VERTEX_POINT('',#5474);
#5474 = CARTESIAN_POINT('',(-3.5,4.45,2.4));
#5475 = LINE('',#5476,#5477);
#5476 = CARTESIAN_POINT('',(-3.5,4.45,2.4));
#5477 = VECTOR('',#5478,1.);
#5478 = DIRECTION('',(0.,-1.,0.));
#5479 = ORIENTED_EDGE('',*,*,#5480,.T.);
#5480 = EDGE_CURVE('',#5473,#5208,#5481,.T.);
#5481 = LINE('',#5482,#5483);
#5482 = CARTESIAN_POINT('',(-3.5,4.45,2.4));
#5483 = VECTOR('',#5484,1.);
#5484 = DIRECTION('',(1.,0.,0.));
#5485 = PLANE('',#5486);
#5486 = AXIS2_PLACEMENT_3D('',#5487,#5488,#5489);
#5487 = CARTESIAN_POINT('',(-3.5,4.45,2.4));
#5488 = DIRECTION('',(0.,0.,-1.));
#5489 = DIRECTION('',(1.,0.,0.));
#5490 = ADVANCED_FACE('',(#5491),#5522,.F.);
#5491 = FACE_BOUND('',#5492,.T.);
#5492 = EDGE_LOOP('',(#5493,#5494,#5495,#5496,#5497,#5503,#5504,#5505,
    #5506,#5514,#5520,#5521));
#5493 = ORIENTED_EDGE('',*,*,#5316,.F.);
#5494 = ORIENTED_EDGE('',*,*,#5142,.F.);
#5495 = ORIENTED_EDGE('',*,*,#5215,.T.);
#5496 = ORIENTED_EDGE('',*,*,#5480,.F.);
#5497 = ORIENTED_EDGE('',*,*,#5498,.F.);
#5498 = EDGE_CURVE('',#3024,#5473,#5499,.T.);
#5499 = LINE('',#5500,#5501);
#5500 = CARTESIAN_POINT('',(-3.5,4.45,4.4));
#5501 = VECTOR('',#5502,1.);
#5502 = DIRECTION('',(0.,0.,-1.));
#5503 = ORIENTED_EDGE('',*,*,#3023,.F.);
#5504 = ORIENTED_EDGE('',*,*,#2881,.F.);
#5505 = ORIENTED_EDGE('',*,*,#1733,.F.);
#5506 = ORIENTED_EDGE('',*,*,#5507,.T.);
#5507 = EDGE_CURVE('',#1726,#5508,#5510,.T.);
#5508 = VERTEX_POINT('',#5509);
#5509 = CARTESIAN_POINT('',(5.2,4.45,6.));
#5510 = LINE('',#5511,#5512);
#5511 = CARTESIAN_POINT('',(5.2,4.45,0.));
#5512 = VECTOR('',#5513,1.);
#5513 = DIRECTION('',(0.,0.,1.));
#5514 = ORIENTED_EDGE('',*,*,#5515,.T.);
#5515 = EDGE_CURVE('',#5508,#5372,#5516,.T.);
#5516 = LINE('',#5517,#5518);
#5517 = CARTESIAN_POINT('',(5.2,4.45,6.));
#5518 = VECTOR('',#5519,1.);
#5519 = DIRECTION('',(-1.,0.,0.));
#5520 = ORIENTED_EDGE('',*,*,#5371,.T.);
#5521 = ORIENTED_EDGE('',*,*,#5348,.T.);
#5522 = PLANE('',#5523);
#5523 = AXIS2_PLACEMENT_3D('',#5524,#5525,#5526);
#5524 = CARTESIAN_POINT('',(-5.2,4.45,0.));
#5525 = DIRECTION('',(0.,1.,0.));
#5526 = DIRECTION('',(1.,0.,0.));
#5527 = ADVANCED_FACE('',(#5528),#5551,.F.);
#5528 = FACE_BOUND('',#5529,.T.);
#5529 = EDGE_LOOP('',(#5530,#5536,#5537,#5543,#5544,#5550));
#5530 = ORIENTED_EDGE('',*,*,#5531,.T.);
#5531 = EDGE_CURVE('',#5078,#4959,#5532,.T.);
#5532 = LINE('',#5533,#5534);
#5533 = CARTESIAN_POINT('',(4.25,-3.8,6.));
#5534 = VECTOR('',#5535,1.);
#5535 = DIRECTION('',(0.,1.,0.));
#5536 = ORIENTED_EDGE('',*,*,#4958,.T.);
#5537 = ORIENTED_EDGE('',*,*,#5538,.T.);
#5538 = EDGE_CURVE('',#4951,#2339,#5539,.T.);
#5539 = LINE('',#5540,#5541);
#5540 = CARTESIAN_POINT('',(4.4,-2.825,6.));
#5541 = VECTOR('',#5542,1.);
#5542 = DIRECTION('',(0.,1.,0.));
#5543 = ORIENTED_EDGE('',*,*,#2338,.T.);
#5544 = ORIENTED_EDGE('',*,*,#5545,.T.);
#5545 = EDGE_CURVE('',#2331,#5086,#5546,.T.);
#5546 = LINE('',#5547,#5548);
#5547 = CARTESIAN_POINT('',(5.2,-0.84,6.));
#5548 = VECTOR('',#5549,1.);
#5549 = DIRECTION('',(0.,-1.,0.));
#5550 = ORIENTED_EDGE('',*,*,#5085,.T.);
#5551 = PLANE('',#5552);
#5552 = AXIS2_PLACEMENT_3D('',#5553,#5554,#5555);
#5553 = CARTESIAN_POINT('',(0.,0.,6.));
#5554 = DIRECTION('',(0.,0.,1.));
#5555 = DIRECTION('',(1.,0.,-0.));
#5556 = ADVANCED_FACE('',(#5557),#5575,.F.);
#5557 = FACE_BOUND('',#5558,.T.);
#5558 = EDGE_LOOP('',(#5559,#5565,#5566,#5572,#5573,#5574));
#5559 = ORIENTED_EDGE('',*,*,#5560,.T.);
#5560 = EDGE_CURVE('',#5508,#2600,#5561,.T.);
#5561 = LINE('',#5562,#5563);
#5562 = CARTESIAN_POINT('',(5.2,4.45,6.));
#5563 = VECTOR('',#5564,1.);
#5564 = DIRECTION('',(0.,-1.,0.));
#5565 = ORIENTED_EDGE('',*,*,#2599,.T.);
#5566 = ORIENTED_EDGE('',*,*,#5567,.T.);
#5567 = EDGE_CURVE('',#2592,#5403,#5568,.T.);
#5568 = LINE('',#5569,#5570);
#5569 = CARTESIAN_POINT('',(4.4,1.96,6.));
#5570 = VECTOR('',#5571,1.);
#5571 = DIRECTION('',(0.,1.,0.));
#5572 = ORIENTED_EDGE('',*,*,#5402,.F.);
#5573 = ORIENTED_EDGE('',*,*,#5379,.F.);
#5574 = ORIENTED_EDGE('',*,*,#5515,.F.);
#5575 = PLANE('',#5576);
#5576 = AXIS2_PLACEMENT_3D('',#5577,#5578,#5579);
#5577 = CARTESIAN_POINT('',(0.,0.,6.));
#5578 = DIRECTION('',(0.,0.,1.));
#5579 = DIRECTION('',(1.,0.,-0.));
#5580 = ADVANCED_FACE('',(#5581),#5614,.F.);
#5581 = FACE_BOUND('',#5582,.T.);
#5582 = EDGE_LOOP('',(#5583,#5584,#5585,#5586,#5587,#5588,#5589,#5597,
    #5605,#5611,#5612,#5613));
#5583 = ORIENTED_EDGE('',*,*,#5507,.F.);
#5584 = ORIENTED_EDGE('',*,*,#1725,.T.);
#5585 = ORIENTED_EDGE('',*,*,#5093,.T.);
#5586 = ORIENTED_EDGE('',*,*,#5545,.F.);
#5587 = ORIENTED_EDGE('',*,*,#2330,.T.);
#5588 = ORIENTED_EDGE('',*,*,#2858,.T.);
#5589 = ORIENTED_EDGE('',*,*,#5590,.T.);
#5590 = EDGE_CURVE('',#2851,#5591,#5593,.T.);
#5591 = VERTEX_POINT('',#5592);
#5592 = CARTESIAN_POINT('',(5.2,-0.69,2.));
#5593 = LINE('',#5594,#5595);
#5594 = CARTESIAN_POINT('',(5.2,-0.69,3.));
#5595 = VECTOR('',#5596,1.);
#5596 = DIRECTION('',(0.,0.,-1.));
#5597 = ORIENTED_EDGE('',*,*,#5598,.F.);
#5598 = EDGE_CURVE('',#5599,#5591,#5601,.T.);
#5599 = VERTEX_POINT('',#5600);
#5600 = CARTESIAN_POINT('',(5.2,1.81,2.));
#5601 = LINE('',#5602,#5603);
#5602 = CARTESIAN_POINT('',(5.2,1.81,2.));
#5603 = VECTOR('',#5604,1.);
#5604 = DIRECTION('',(0.,-1.,0.));
#5605 = ORIENTED_EDGE('',*,*,#5606,.F.);
#5606 = EDGE_CURVE('',#2827,#5599,#5607,.T.);
#5607 = LINE('',#5608,#5609);
#5608 = CARTESIAN_POINT('',(5.2,1.81,3.));
#5609 = VECTOR('',#5610,1.);
#5610 = DIRECTION('',(0.,0.,-1.));
#5611 = ORIENTED_EDGE('',*,*,#2826,.T.);
#5612 = ORIENTED_EDGE('',*,*,#2607,.F.);
#5613 = ORIENTED_EDGE('',*,*,#5560,.F.);
#5614 = PLANE('',#5615);
#5615 = AXIS2_PLACEMENT_3D('',#5616,#5617,#5618);
#5616 = CARTESIAN_POINT('',(5.2,4.45,0.));
#5617 = DIRECTION('',(1.,0.,0.));
#5618 = DIRECTION('',(0.,-1.,0.));
#5619 = ADVANCED_FACE('',(#5620),#5638,.F.);
#5620 = FACE_BOUND('',#5621,.T.);
#5621 = EDGE_LOOP('',(#5622,#5623,#5631,#5637));
#5622 = ORIENTED_EDGE('',*,*,#2801,.F.);
#5623 = ORIENTED_EDGE('',*,*,#5624,.F.);
#5624 = EDGE_CURVE('',#5625,#2794,#5627,.T.);
#5625 = VERTEX_POINT('',#5626);
#5626 = CARTESIAN_POINT('',(-4.8,1.81,2.6));
#5627 = LINE('',#5628,#5629);
#5628 = CARTESIAN_POINT('',(-4.8,1.81,2.6));
#5629 = VECTOR('',#5630,1.);
#5630 = DIRECTION('',(0.,0.,1.));
#5631 = ORIENTED_EDGE('',*,*,#5632,.F.);
#5632 = EDGE_CURVE('',#2930,#5625,#5633,.T.);
#5633 = LINE('',#5634,#5635);
#5634 = CARTESIAN_POINT('',(-5.2,1.81,2.));
#5635 = VECTOR('',#5636,1.);
#5636 = DIRECTION('',(0.554700196225,0.,0.832050294338));
#5637 = ORIENTED_EDGE('',*,*,#2929,.F.);
#5638 = PLANE('',#5639);
#5639 = AXIS2_PLACEMENT_3D('',#5640,#5641,#5642);
#5640 = CARTESIAN_POINT('',(0.,1.81,3.));
#5641 = DIRECTION('',(0.,-1.,0.));
#5642 = DIRECTION('',(-1.,0.,0.));
#5643 = ADVANCED_FACE('',(#5644),#5662,.F.);
#5644 = FACE_BOUND('',#5645,.T.);
#5645 = EDGE_LOOP('',(#5646,#5654,#5660,#5661));
#5646 = ORIENTED_EDGE('',*,*,#5647,.F.);
#5647 = EDGE_CURVE('',#5648,#5599,#5650,.T.);
#5648 = VERTEX_POINT('',#5649);
#5649 = CARTESIAN_POINT('',(4.8,1.81,2.6));
#5650 = LINE('',#5651,#5652);
#5651 = CARTESIAN_POINT('',(4.8,1.81,2.6));
#5652 = VECTOR('',#5653,1.);
#5653 = DIRECTION('',(0.554700196225,0.,-0.832050294338));
#5654 = ORIENTED_EDGE('',*,*,#5655,.F.);
#5655 = EDGE_CURVE('',#2835,#5648,#5656,.T.);
#5656 = LINE('',#5657,#5658);
#5657 = CARTESIAN_POINT('',(4.8,1.81,3.));
#5658 = VECTOR('',#5659,1.);
#5659 = DIRECTION('',(0.,0.,-1.));
#5660 = ORIENTED_EDGE('',*,*,#2834,.F.);
#5661 = ORIENTED_EDGE('',*,*,#5606,.T.);
#5662 = PLANE('',#5663);
#5663 = AXIS2_PLACEMENT_3D('',#5664,#5665,#5666);
#5664 = CARTESIAN_POINT('',(0.,1.81,3.));
#5665 = DIRECTION('',(0.,-1.,0.));
#5666 = DIRECTION('',(-1.,0.,0.));
#5667 = ADVANCED_FACE('',(#5668),#5686,.T.);
#5668 = FACE_BOUND('',#5669,.T.);
#5669 = EDGE_LOOP('',(#5670,#5671,#5679,#5685));
#5670 = ORIENTED_EDGE('',*,*,#5632,.T.);
#5671 = ORIENTED_EDGE('',*,*,#5672,.T.);
#5672 = EDGE_CURVE('',#5625,#5673,#5675,.T.);
#5673 = VERTEX_POINT('',#5674);
#5674 = CARTESIAN_POINT('',(-4.8,-0.69,2.6));
#5675 = LINE('',#5676,#5677);
#5676 = CARTESIAN_POINT('',(-4.8,1.81,2.6));
#5677 = VECTOR('',#5678,1.);
#5678 = DIRECTION('',(0.,-1.,0.));
#5679 = ORIENTED_EDGE('',*,*,#5680,.F.);
#5680 = EDGE_CURVE('',#2938,#5673,#5681,.T.);
#5681 = LINE('',#5682,#5683);
#5682 = CARTESIAN_POINT('',(-5.2,-0.69,2.));
#5683 = VECTOR('',#5684,1.);
#5684 = DIRECTION('',(0.554700196225,0.,0.832050294338));
#5685 = ORIENTED_EDGE('',*,*,#2937,.F.);
#5686 = PLANE('',#5687);
#5687 = AXIS2_PLACEMENT_3D('',#5688,#5689,#5690);
#5688 = CARTESIAN_POINT('',(-5.2,1.81,2.));
#5689 = DIRECTION('',(0.832050294338,0.,-0.554700196225));
#5690 = DIRECTION('',(0.554700196225,0.,0.832050294338));
#5691 = ADVANCED_FACE('',(#5692),#5703,.T.);
#5692 = FACE_BOUND('',#5693,.T.);
#5693 = EDGE_LOOP('',(#5694,#5695,#5701,#5702));
#5694 = ORIENTED_EDGE('',*,*,#5680,.T.);
#5695 = ORIENTED_EDGE('',*,*,#5696,.T.);
#5696 = EDGE_CURVE('',#5673,#2786,#5697,.T.);
#5697 = LINE('',#5698,#5699);
#5698 = CARTESIAN_POINT('',(-4.8,-0.69,2.6));
#5699 = VECTOR('',#5700,1.);
#5700 = DIRECTION('',(0.,0.,1.));
#5701 = ORIENTED_EDGE('',*,*,#2785,.T.);
#5702 = ORIENTED_EDGE('',*,*,#2945,.T.);
#5703 = PLANE('',#5704);
#5704 = AXIS2_PLACEMENT_3D('',#5705,#5706,#5707);
#5705 = CARTESIAN_POINT('',(0.,-0.69,3.));
#5706 = DIRECTION('',(0.,-1.,0.));
#5707 = DIRECTION('',(-1.,0.,0.));
#5708 = ADVANCED_FACE('',(#5709),#5727,.T.);
#5709 = FACE_BOUND('',#5710,.T.);
#5710 = EDGE_LOOP('',(#5711,#5712,#5720,#5726));
#5711 = ORIENTED_EDGE('',*,*,#2850,.T.);
#5712 = ORIENTED_EDGE('',*,*,#5713,.T.);
#5713 = EDGE_CURVE('',#2843,#5714,#5716,.T.);
#5714 = VERTEX_POINT('',#5715);
#5715 = CARTESIAN_POINT('',(4.8,-0.69,2.6));
#5716 = LINE('',#5717,#5718);
#5717 = CARTESIAN_POINT('',(4.8,-0.69,3.));
#5718 = VECTOR('',#5719,1.);
#5719 = DIRECTION('',(0.,0.,-1.));
#5720 = ORIENTED_EDGE('',*,*,#5721,.T.);
#5721 = EDGE_CURVE('',#5714,#5591,#5722,.T.);
#5722 = LINE('',#5723,#5724);
#5723 = CARTESIAN_POINT('',(4.8,-0.69,2.6));
#5724 = VECTOR('',#5725,1.);
#5725 = DIRECTION('',(0.554700196225,0.,-0.832050294338));
#5726 = ORIENTED_EDGE('',*,*,#5590,.F.);
#5727 = PLANE('',#5728);
#5728 = AXIS2_PLACEMENT_3D('',#5729,#5730,#5731);
#5729 = CARTESIAN_POINT('',(0.,-0.69,3.));
#5730 = DIRECTION('',(0.,-1.,0.));
#5731 = DIRECTION('',(-1.,0.,0.));
#5732 = ADVANCED_FACE('',(#5733),#5739,.T.);
#5733 = FACE_BOUND('',#5734,.T.);
#5734 = EDGE_LOOP('',(#5735,#5736,#5737,#5738));
#5735 = ORIENTED_EDGE('',*,*,#2793,.T.);
#5736 = ORIENTED_EDGE('',*,*,#5696,.F.);
#5737 = ORIENTED_EDGE('',*,*,#5672,.F.);
#5738 = ORIENTED_EDGE('',*,*,#5624,.T.);
#5739 = PLANE('',#5740);
#5740 = AXIS2_PLACEMENT_3D('',#5741,#5742,#5743);
#5741 = CARTESIAN_POINT('',(-4.8,1.81,2.6));
#5742 = DIRECTION('',(1.,0.,0.));
#5743 = DIRECTION('',(0.,0.,1.));
#5744 = ADVANCED_FACE('',(#5745),#5756,.T.);
#5745 = FACE_BOUND('',#5746,.T.);
#5746 = EDGE_LOOP('',(#5747,#5748,#5754,#5755));
#5747 = ORIENTED_EDGE('',*,*,#5721,.F.);
#5748 = ORIENTED_EDGE('',*,*,#5749,.F.);
#5749 = EDGE_CURVE('',#5648,#5714,#5750,.T.);
#5750 = LINE('',#5751,#5752);
#5751 = CARTESIAN_POINT('',(4.8,1.81,2.6));
#5752 = VECTOR('',#5753,1.);
#5753 = DIRECTION('',(0.,-1.,0.));
#5754 = ORIENTED_EDGE('',*,*,#5647,.T.);
#5755 = ORIENTED_EDGE('',*,*,#5598,.T.);
#5756 = PLANE('',#5757);
#5757 = AXIS2_PLACEMENT_3D('',#5758,#5759,#5760);
#5758 = CARTESIAN_POINT('',(4.8,1.81,2.6));
#5759 = DIRECTION('',(-0.832050294338,0.,-0.554700196225));
#5760 = DIRECTION('',(0.554700196225,0.,-0.832050294338));
#5761 = ADVANCED_FACE('',(#5762),#5768,.T.);
#5762 = FACE_BOUND('',#5763,.T.);
#5763 = EDGE_LOOP('',(#5764,#5765,#5766,#5767));
#5764 = ORIENTED_EDGE('',*,*,#5749,.T.);
#5765 = ORIENTED_EDGE('',*,*,#5713,.F.);
#5766 = ORIENTED_EDGE('',*,*,#2842,.F.);
#5767 = ORIENTED_EDGE('',*,*,#5655,.T.);
#5768 = PLANE('',#5769);
#5769 = AXIS2_PLACEMENT_3D('',#5770,#5771,#5772);
#5770 = CARTESIAN_POINT('',(4.8,1.81,3.));
#5771 = DIRECTION('',(-1.,0.,0.));
#5772 = DIRECTION('',(0.,0.,-1.));
#5773 = ADVANCED_FACE('',(#5774),#5785,.T.);
#5774 = FACE_BOUND('',#5775,.T.);
#5775 = EDGE_LOOP('',(#5776,#5777,#5778,#5784));
#5776 = ORIENTED_EDGE('',*,*,#5538,.F.);
#5777 = ORIENTED_EDGE('',*,*,#4950,.F.);
#5778 = ORIENTED_EDGE('',*,*,#5779,.T.);
#5779 = EDGE_CURVE('',#4943,#2347,#5780,.T.);
#5780 = LINE('',#5781,#5782);
#5781 = CARTESIAN_POINT('',(4.4,-2.825,6.5));
#5782 = VECTOR('',#5783,1.);
#5783 = DIRECTION('',(0.,1.,0.));
#5784 = ORIENTED_EDGE('',*,*,#2346,.T.);
#5785 = PLANE('',#5786);
#5786 = AXIS2_PLACEMENT_3D('',#5787,#5788,#5789);
#5787 = CARTESIAN_POINT('',(4.4,-3.8,6.4));
#5788 = DIRECTION('',(-1.,0.,0.));
#5789 = DIRECTION('',(0.,1.,0.));
#5790 = ADVANCED_FACE('',(#5791),#5813,.T.);
#5791 = FACE_BOUND('',#5792,.T.);
#5792 = EDGE_LOOP('',(#5793,#5794,#5795,#5796,#5797,#5798,#5799,#5805,
    #5806,#5812));
#5793 = ORIENTED_EDGE('',*,*,#5779,.F.);
#5794 = ORIENTED_EDGE('',*,*,#4942,.F.);
#5795 = ORIENTED_EDGE('',*,*,#4834,.T.);
#5796 = ORIENTED_EDGE('',*,*,#4643,.T.);
#5797 = ORIENTED_EDGE('',*,*,#4869,.T.);
#5798 = ORIENTED_EDGE('',*,*,#5418,.T.);
#5799 = ORIENTED_EDGE('',*,*,#5800,.T.);
#5800 = EDGE_CURVE('',#5411,#2584,#5801,.T.);
#5801 = LINE('',#5802,#5803);
#5802 = CARTESIAN_POINT('',(4.4,3.475,6.5));
#5803 = VECTOR('',#5804,1.);
#5804 = DIRECTION('',(0.,-1.,0.));
#5805 = ORIENTED_EDGE('',*,*,#2583,.T.);
#5806 = ORIENTED_EDGE('',*,*,#5807,.F.);
#5807 = EDGE_CURVE('',#2355,#2576,#5808,.T.);
#5808 = LINE('',#5809,#5810);
#5809 = CARTESIAN_POINT('',(4.025,-0.84,6.5));
#5810 = VECTOR('',#5811,1.);
#5811 = DIRECTION('',(0.,1.,0.));
#5812 = ORIENTED_EDGE('',*,*,#2354,.F.);
#5813 = PLANE('',#5814);
#5814 = AXIS2_PLACEMENT_3D('',#5815,#5816,#5817);
#5815 = CARTESIAN_POINT('',(0.,0.,6.5));
#5816 = DIRECTION('',(0.,0.,-1.));
#5817 = DIRECTION('',(-1.,0.,0.));
#5818 = ADVANCED_FACE('',(#5819),#5830,.F.);
#5819 = FACE_BOUND('',#5820,.T.);
#5820 = EDGE_LOOP('',(#5821,#5822,#5828,#5829));
#5821 = ORIENTED_EDGE('',*,*,#2575,.T.);
#5822 = ORIENTED_EDGE('',*,*,#5823,.F.);
#5823 = EDGE_CURVE('',#2363,#2568,#5824,.T.);
#5824 = LINE('',#5825,#5826);
#5825 = CARTESIAN_POINT('',(4.025,-0.84,7.07));
#5826 = VECTOR('',#5827,1.);
#5827 = DIRECTION('',(0.,1.,0.));
#5828 = ORIENTED_EDGE('',*,*,#2362,.F.);
#5829 = ORIENTED_EDGE('',*,*,#5807,.T.);
#5830 = PLANE('',#5831);
#5831 = AXIS2_PLACEMENT_3D('',#5832,#5833,#5834);
#5832 = CARTESIAN_POINT('',(4.025,-0.84,6.4));
#5833 = DIRECTION('',(-1.,0.,0.));
#5834 = DIRECTION('',(0.,1.,0.));
#5835 = ADVANCED_FACE('',(#5836),#5842,.T.);
#5836 = FACE_BOUND('',#5837,.T.);
#5837 = EDGE_LOOP('',(#5838,#5839,#5840,#5841));
#5838 = ORIENTED_EDGE('',*,*,#2370,.T.);
#5839 = ORIENTED_EDGE('',*,*,#5823,.T.);
#5840 = ORIENTED_EDGE('',*,*,#2567,.T.);
#5841 = ORIENTED_EDGE('',*,*,#2542,.T.);
#5842 = PLANE('',#5843);
#5843 = AXIS2_PLACEMENT_3D('',#5844,#5845,#5846);
#5844 = CARTESIAN_POINT('',(0.,0.,7.07));
#5845 = DIRECTION('',(0.,0.,-1.));
#5846 = DIRECTION('',(1.,0.,0.));
#5847 = ADVANCED_FACE('',(#5848),#5854,.T.);
#5848 = FACE_BOUND('',#5849,.T.);
#5849 = EDGE_LOOP('',(#5850,#5851,#5852,#5853));
#5850 = ORIENTED_EDGE('',*,*,#5800,.F.);
#5851 = ORIENTED_EDGE('',*,*,#5410,.T.);
#5852 = ORIENTED_EDGE('',*,*,#5567,.F.);
#5853 = ORIENTED_EDGE('',*,*,#2591,.F.);
#5854 = PLANE('',#5855);
#5855 = AXIS2_PLACEMENT_3D('',#5856,#5857,#5858);
#5856 = CARTESIAN_POINT('',(4.4,1.96,6.4));
#5857 = DIRECTION('',(-1.,0.,0.));
#5858 = DIRECTION('',(0.,1.,0.));
#5859 = ADVANCED_FACE('',(#5860),#5866,.F.);
#5860 = FACE_BOUND('',#5861,.T.);
#5861 = EDGE_LOOP('',(#5862,#5863,#5864,#5865));
#5862 = ORIENTED_EDGE('',*,*,#4966,.T.);
#5863 = ORIENTED_EDGE('',*,*,#5531,.F.);
#5864 = ORIENTED_EDGE('',*,*,#5077,.T.);
#5865 = ORIENTED_EDGE('',*,*,#5061,.F.);
#5866 = PLANE('',#5867);
#5867 = AXIS2_PLACEMENT_3D('',#5868,#5869,#5870);
#5868 = CARTESIAN_POINT('',(4.25,-3.8,4.5));
#5869 = DIRECTION('',(-1.,0.,0.));
#5870 = DIRECTION('',(0.,0.,1.));
#5871 = ADVANCED_FACE('',(#5872),#5878,.T.);
#5872 = FACE_BOUND('',#5873,.T.);
#5873 = EDGE_LOOP('',(#5874,#5875,#5876,#5877));
#5874 = ORIENTED_EDGE('',*,*,#5472,.T.);
#5875 = ORIENTED_EDGE('',*,*,#5442,.F.);
#5876 = ORIENTED_EDGE('',*,*,#3031,.F.);
#5877 = ORIENTED_EDGE('',*,*,#5498,.T.);
#5878 = PLANE('',#5879);
#5879 = AXIS2_PLACEMENT_3D('',#5880,#5881,#5882);
#5880 = CARTESIAN_POINT('',(-3.5,4.45,6.4));
#5881 = DIRECTION('',(-1.,0.,0.));
#5882 = DIRECTION('',(0.,0.,-1.));
#5883 = ADVANCED_FACE('',(#5884),#5895,.T.);
#5884 = FACE_BOUND('',#5885,.T.);
#5885 = EDGE_LOOP('',(#5886,#5887,#5888,#5894));
#5886 = ORIENTED_EDGE('',*,*,#3047,.F.);
#5887 = ORIENTED_EDGE('',*,*,#5435,.T.);
#5888 = ORIENTED_EDGE('',*,*,#5889,.T.);
#5889 = EDGE_CURVE('',#5428,#4926,#5890,.T.);
#5890 = LINE('',#5891,#5892);
#5891 = CARTESIAN_POINT('',(-2.4,3.475,5.));
#5892 = VECTOR('',#5893,1.);
#5893 = DIRECTION('',(0.,-1.,0.));
#5894 = ORIENTED_EDGE('',*,*,#4925,.F.);
#5895 = PLANE('',#5896);
#5896 = AXIS2_PLACEMENT_3D('',#5897,#5898,#5899);
#5897 = CARTESIAN_POINT('',(-2.4,4.45,4.4));
#5898 = DIRECTION('',(1.,0.,0.));
#5899 = DIRECTION('',(0.,0.,1.));
#5900 = ADVANCED_FACE('',(#5901),#5907,.T.);
#5901 = FACE_BOUND('',#5902,.T.);
#5902 = EDGE_LOOP('',(#5903,#5904,#5905,#5906));
#5903 = ORIENTED_EDGE('',*,*,#5889,.F.);
#5904 = ORIENTED_EDGE('',*,*,#5427,.T.);
#5905 = ORIENTED_EDGE('',*,*,#4810,.T.);
#5906 = ORIENTED_EDGE('',*,*,#4933,.F.);
#5907 = PLANE('',#5908);
#5908 = AXIS2_PLACEMENT_3D('',#5909,#5910,#5911);
#5909 = CARTESIAN_POINT('',(-2.4,4.45,5.));
#5910 = DIRECTION('',(0.4472135955,0.,-0.894427191));
#5911 = DIRECTION('',(0.894427191,0.,0.4472135955));
#5912 = ADVANCED_FACE('',(#5913),#5930,.F.);
#5913 = FACE_BOUND('',#5914,.T.);
#5914 = EDGE_LOOP('',(#5915,#5916,#5917,#5923,#5924));
#5915 = ORIENTED_EDGE('',*,*,#5183,.F.);
#5916 = ORIENTED_EDGE('',*,*,#5118,.T.);
#5917 = ORIENTED_EDGE('',*,*,#5918,.T.);
#5918 = EDGE_CURVE('',#5111,#4903,#5919,.T.);
#5919 = LINE('',#5920,#5921);
#5920 = CARTESIAN_POINT('',(2.7,-3.8,2.4));
#5921 = VECTOR('',#5922,1.);
#5922 = DIRECTION('',(0.,1.,0.));
#5923 = ORIENTED_EDGE('',*,*,#4902,.T.);
#5924 = ORIENTED_EDGE('',*,*,#5925,.F.);
#5925 = EDGE_CURVE('',#5174,#4895,#5926,.T.);
#5926 = LINE('',#5927,#5928);
#5927 = CARTESIAN_POINT('',(2.7,-3.45,0.6));
#5928 = VECTOR('',#5929,1.);
#5929 = DIRECTION('',(0.,1.,0.));
#5930 = PLANE('',#5931);
#5931 = AXIS2_PLACEMENT_3D('',#5932,#5933,#5934);
#5932 = CARTESIAN_POINT('',(2.7,-3.8,2.4));
#5933 = DIRECTION('',(1.,0.,0.));
#5934 = DIRECTION('',(0.,0.,-1.));
#5935 = ADVANCED_FACE('',(#5936),#5962,.F.);
#5936 = FACE_BOUND('',#5937,.T.);
#5937 = EDGE_LOOP('',(#5938,#5948,#5954,#5955,#5956));
#5938 = ORIENTED_EDGE('',*,*,#5939,.F.);
#5939 = EDGE_CURVE('',#5940,#5942,#5944,.T.);
#5940 = VERTEX_POINT('',#5941);
#5941 = CARTESIAN_POINT('',(2.7412,-3.45,0.497));
#5942 = VERTEX_POINT('',#5943);
#5943 = CARTESIAN_POINT('',(3.18,-3.45,-0.6));
#5944 = LINE('',#5945,#5946);
#5945 = CARTESIAN_POINT('',(2.06724137931,-3.45,2.181896551724));
#5946 = VECTOR('',#5947,1.);
#5947 = DIRECTION('',(0.371390676354,0.,-0.928476690885));
#5948 = ORIENTED_EDGE('',*,*,#5949,.T.);
#5949 = EDGE_CURVE('',#5940,#5174,#5950,.T.);
#5950 = LINE('',#5951,#5952);
#5951 = CARTESIAN_POINT('',(3.18,-3.45,-0.6));
#5952 = VECTOR('',#5953,1.);
#5953 = DIRECTION('',(-0.371390676354,0.,0.928476690885));
#5954 = ORIENTED_EDGE('',*,*,#5925,.T.);
#5955 = ORIENTED_EDGE('',*,*,#4894,.F.);
#5956 = ORIENTED_EDGE('',*,*,#5957,.F.);
#5957 = EDGE_CURVE('',#5942,#4885,#5958,.T.);
#5958 = LINE('',#5959,#5960);
#5959 = CARTESIAN_POINT('',(3.18,-3.45,-0.6));
#5960 = VECTOR('',#5961,1.);
#5961 = DIRECTION('',(0.,1.,0.));
#5962 = PLANE('',#5963);
#5963 = AXIS2_PLACEMENT_3D('',#5964,#5965,#5966);
#5964 = CARTESIAN_POINT('',(3.1,-3.65,-0.4));
#5965 = DIRECTION('',(0.928476690885,0.,0.371390676354));
#5966 = DIRECTION('',(-0.,1.,0.));
#5967 = ADVANCED_FACE('',(#5968),#5979,.F.);
#5968 = FACE_BOUND('',#5969,.T.);
#5969 = EDGE_LOOP('',(#5970,#5971,#5972,#5973));
#5970 = ORIENTED_EDGE('',*,*,#5957,.T.);
#5971 = ORIENTED_EDGE('',*,*,#4884,.T.);
#5972 = ORIENTED_EDGE('',*,*,#5031,.F.);
#5973 = ORIENTED_EDGE('',*,*,#5974,.F.);
#5974 = EDGE_CURVE('',#5942,#5024,#5975,.T.);
#5975 = LINE('',#5976,#5977);
#5976 = CARTESIAN_POINT('',(1.35,-3.45,-0.6));
#5977 = VECTOR('',#5978,1.);
#5978 = DIRECTION('',(1.,0.,0.));
#5979 = PLANE('',#5980);
#5980 = AXIS2_PLACEMENT_3D('',#5981,#5982,#5983);
#5981 = CARTESIAN_POINT('',(2.7,-3.8,-0.6));
#5982 = DIRECTION('',(0.,0.,1.));
#5983 = DIRECTION('',(1.,0.,-0.));
#5984 = ADVANCED_FACE('',(#5985),#5996,.F.);
#5985 = FACE_BOUND('',#5986,.T.);
#5986 = EDGE_LOOP('',(#5987,#5993,#5994,#5995));
#5987 = ORIENTED_EDGE('',*,*,#5988,.F.);
#5988 = EDGE_CURVE('',#5016,#5940,#5989,.T.);
#5989 = LINE('',#5990,#5991);
#5990 = CARTESIAN_POINT('',(4.1,-3.45,0.497));
#5991 = VECTOR('',#5992,1.);
#5992 = DIRECTION('',(-1.,0.,0.));
#5993 = ORIENTED_EDGE('',*,*,#5015,.F.);
#5994 = ORIENTED_EDGE('',*,*,#5173,.F.);
#5995 = ORIENTED_EDGE('',*,*,#5949,.F.);
#5996 = PLANE('',#5997);
#5997 = AXIS2_PLACEMENT_3D('',#5998,#5999,#6000);
#5998 = CARTESIAN_POINT('',(2.7,-3.45,0.));
#5999 = DIRECTION('',(0.,1.,0.));
#6000 = DIRECTION('',(1.,0.,0.));
#6001 = ADVANCED_FACE('',(#6002),#6013,.F.);
#6002 = FACE_BOUND('',#6003,.T.);
#6003 = EDGE_LOOP('',(#6004,#6010,#6011,#6012));
#6004 = ORIENTED_EDGE('',*,*,#6005,.T.);
#6005 = EDGE_CURVE('',#5103,#4911,#6006,.T.);
#6006 = LINE('',#6007,#6008);
#6007 = CARTESIAN_POINT('',(-3.5,-3.8,2.4));
#6008 = VECTOR('',#6009,1.);
#6009 = DIRECTION('',(0.,1.,0.));
#6010 = ORIENTED_EDGE('',*,*,#4910,.T.);
#6011 = ORIENTED_EDGE('',*,*,#5918,.F.);
#6012 = ORIENTED_EDGE('',*,*,#5110,.F.);
#6013 = PLANE('',#6014);
#6014 = AXIS2_PLACEMENT_3D('',#6015,#6016,#6017);
#6015 = CARTESIAN_POINT('',(-3.5,-3.8,2.4));
#6016 = DIRECTION('',(0.,0.,1.));
#6017 = DIRECTION('',(1.,0.,-0.));
#6018 = ADVANCED_FACE('',(#6019),#6025,.F.);
#6019 = FACE_BOUND('',#6020,.T.);
#6020 = EDGE_LOOP('',(#6021,#6022,#6023,#6024));
#6021 = ORIENTED_EDGE('',*,*,#3063,.T.);
#6022 = ORIENTED_EDGE('',*,*,#4918,.T.);
#6023 = ORIENTED_EDGE('',*,*,#6005,.F.);
#6024 = ORIENTED_EDGE('',*,*,#5102,.F.);
#6025 = PLANE('',#6026);
#6026 = AXIS2_PLACEMENT_3D('',#6027,#6028,#6029);
#6027 = CARTESIAN_POINT('',(-3.5,-3.8,6.4));
#6028 = DIRECTION('',(1.,0.,0.));
#6029 = DIRECTION('',(0.,0.,-1.));
#6030 = ADVANCED_FACE('',(#6031),#6049,.T.);
#6031 = FACE_BOUND('',#6032,.T.);
#6032 = EDGE_LOOP('',(#6033,#6034,#6035,#6041,#6042,#6048));
#6033 = ORIENTED_EDGE('',*,*,#4448,.T.);
#6034 = ORIENTED_EDGE('',*,*,#330,.F.);
#6035 = ORIENTED_EDGE('',*,*,#6036,.F.);
#6036 = EDGE_CURVE('',#361,#321,#6037,.T.);
#6037 = LINE('',#6038,#6039);
#6038 = CARTESIAN_POINT('',(-2.,1.056397322526,7.22));
#6039 = VECTOR('',#6040,1.);
#6040 = DIRECTION('',(0.,-1.,4.189196823996E-14));
#6041 = ORIENTED_EDGE('',*,*,#386,.F.);
#6042 = ORIENTED_EDGE('',*,*,#6043,.F.);
#6043 = EDGE_CURVE('',#4529,#379,#6044,.T.);
#6044 = LINE('',#6045,#6046);
#6045 = CARTESIAN_POINT('',(-2.,2.975,6.92));
#6046 = VECTOR('',#6047,1.);
#6047 = DIRECTION('',(0.,0.,1.));
#6048 = ORIENTED_EDGE('',*,*,#4570,.F.);
#6049 = PLANE('',#6050);
#6050 = AXIS2_PLACEMENT_3D('',#6051,#6052,#6053);
#6051 = CARTESIAN_POINT('',(-2.,2.975,7.05));
#6052 = DIRECTION('',(-1.,0.,0.));
#6053 = DIRECTION('',(0.,-1.,0.));
#6054 = ADVANCED_FACE('',(#6055),#6075,.F.);
#6055 = FACE_BOUND('',#6056,.T.);
#6056 = EDGE_LOOP('',(#6057,#6063,#6064,#6065,#6066,#6067,#6068,#6074));
#6057 = ORIENTED_EDGE('',*,*,#6058,.T.);
#6058 = EDGE_CURVE('',#4281,#4531,#6059,.T.);
#6059 = LINE('',#6060,#6061);
#6060 = CARTESIAN_POINT('',(-2.85,2.975,8.57));
#6061 = VECTOR('',#6062,1.);
#6062 = DIRECTION('',(0.,0.,-1.));
#6063 = ORIENTED_EDGE('',*,*,#4528,.F.);
#6064 = ORIENTED_EDGE('',*,*,#6043,.T.);
#6065 = ORIENTED_EDGE('',*,*,#378,.T.);
#6066 = ORIENTED_EDGE('',*,*,#4584,.F.);
#6067 = ORIENTED_EDGE('',*,*,#4506,.F.);
#6068 = ORIENTED_EDGE('',*,*,#6069,.F.);
#6069 = EDGE_CURVE('',#4289,#4499,#6070,.T.);
#6070 = LINE('',#6071,#6072);
#6071 = CARTESIAN_POINT('',(2.85,2.975,8.57));
#6072 = VECTOR('',#6073,1.);
#6073 = DIRECTION('',(0.,0.,-1.));
#6074 = ORIENTED_EDGE('',*,*,#4288,.T.);
#6075 = PLANE('',#6076);
#6076 = AXIS2_PLACEMENT_3D('',#6077,#6078,#6079);
#6077 = CARTESIAN_POINT('',(2.85,2.975,9.1));
#6078 = DIRECTION('',(0.,1.,0.));
#6079 = DIRECTION('',(-1.,0.,0.));
#6080 = ADVANCED_FACE('',(#6081),#6092,.F.);
#6081 = FACE_BOUND('',#6082,.T.);
#6082 = EDGE_LOOP('',(#6083,#6084,#6085,#6091));
#6083 = ORIENTED_EDGE('',*,*,#6069,.T.);
#6084 = ORIENTED_EDGE('',*,*,#4498,.F.);
#6085 = ORIENTED_EDGE('',*,*,#6086,.F.);
#6086 = EDGE_CURVE('',#4297,#4491,#6087,.T.);
#6087 = LINE('',#6088,#6089);
#6088 = CARTESIAN_POINT('',(2.85,2.,8.57));
#6089 = VECTOR('',#6090,1.);
#6090 = DIRECTION('',(0.,0.,-1.));
#6091 = ORIENTED_EDGE('',*,*,#4296,.T.);
#6092 = PLANE('',#6093);
#6093 = AXIS2_PLACEMENT_3D('',#6094,#6095,#6096);
#6094 = CARTESIAN_POINT('',(2.85,2.,9.1));
#6095 = DIRECTION('',(1.,0.,0.));
#6096 = DIRECTION('',(-0.,1.,0.));
#6097 = ADVANCED_FACE('',(#6098),#6109,.F.);
#6098 = FACE_BOUND('',#6099,.T.);
#6099 = EDGE_LOOP('',(#6100,#6101,#6102,#6108));
#6100 = ORIENTED_EDGE('',*,*,#6086,.T.);
#6101 = ORIENTED_EDGE('',*,*,#4490,.F.);
#6102 = ORIENTED_EDGE('',*,*,#6103,.F.);
#6103 = EDGE_CURVE('',#4305,#4483,#6104,.T.);
#6104 = LINE('',#6105,#6106);
#6105 = CARTESIAN_POINT('',(3.75,2.,8.57));
#6106 = VECTOR('',#6107,1.);
#6107 = DIRECTION('',(0.,0.,-1.));
#6108 = ORIENTED_EDGE('',*,*,#4304,.T.);
#6109 = PLANE('',#6110);
#6110 = AXIS2_PLACEMENT_3D('',#6111,#6112,#6113);
#6111 = CARTESIAN_POINT('',(3.75,2.,9.1));
#6112 = DIRECTION('',(0.,1.,0.));
#6113 = DIRECTION('',(-1.,0.,0.));
#6114 = ADVANCED_FACE('',(#6115),#6126,.F.);
#6115 = FACE_BOUND('',#6116,.T.);
#6116 = EDGE_LOOP('',(#6117,#6118,#6119,#6125));
#6117 = ORIENTED_EDGE('',*,*,#6103,.T.);
#6118 = ORIENTED_EDGE('',*,*,#4482,.F.);
#6119 = ORIENTED_EDGE('',*,*,#6120,.F.);
#6120 = EDGE_CURVE('',#4313,#4475,#6121,.T.);
#6121 = LINE('',#6122,#6123);
#6122 = CARTESIAN_POINT('',(3.75,-1.,8.57));
#6123 = VECTOR('',#6124,1.);
#6124 = DIRECTION('',(0.,0.,-1.));
#6125 = ORIENTED_EDGE('',*,*,#4312,.T.);
#6126 = PLANE('',#6127);
#6127 = AXIS2_PLACEMENT_3D('',#6128,#6129,#6130);
#6128 = CARTESIAN_POINT('',(3.75,-1.,9.1));
#6129 = DIRECTION('',(1.,0.,0.));
#6130 = DIRECTION('',(-0.,1.,0.));
#6131 = ADVANCED_FACE('',(#6132),#6138,.F.);
#6132 = FACE_BOUND('',#6133,.T.);
#6133 = EDGE_LOOP('',(#6134,#6135,#6136,#6137));
#6134 = ORIENTED_EDGE('',*,*,#6120,.T.);
#6135 = ORIENTED_EDGE('',*,*,#4474,.F.);
#6136 = ORIENTED_EDGE('',*,*,#4401,.F.);
#6137 = ORIENTED_EDGE('',*,*,#4320,.T.);
#6138 = PLANE('',#6139);
#6139 = AXIS2_PLACEMENT_3D('',#6140,#6141,#6142);
#6140 = CARTESIAN_POINT('',(2.85,-1.,9.1));
#6141 = DIRECTION('',(0.,-1.,0.));
#6142 = DIRECTION('',(1.,0.,0.));
#6143 = ADVANCED_FACE('',(#6144),#6155,.F.);
#6144 = FACE_BOUND('',#6145,.T.);
#6145 = EDGE_LOOP('',(#6146,#6152,#6153,#6154));
#6146 = ORIENTED_EDGE('',*,*,#6147,.T.);
#6147 = EDGE_CURVE('',#4273,#4539,#6148,.T.);
#6148 = LINE('',#6149,#6150);
#6149 = CARTESIAN_POINT('',(-2.85,2.,8.57));
#6150 = VECTOR('',#6151,1.);
#6151 = DIRECTION('',(0.,0.,-1.));
#6152 = ORIENTED_EDGE('',*,*,#4538,.F.);
#6153 = ORIENTED_EDGE('',*,*,#6058,.F.);
#6154 = ORIENTED_EDGE('',*,*,#4280,.T.);
#6155 = PLANE('',#6156);
#6156 = AXIS2_PLACEMENT_3D('',#6157,#6158,#6159);
#6157 = CARTESIAN_POINT('',(-2.85,2.975,9.1));
#6158 = DIRECTION('',(-1.,0.,0.));
#6159 = DIRECTION('',(0.,-1.,0.));
#6160 = ADVANCED_FACE('',(#6161),#6172,.F.);
#6161 = FACE_BOUND('',#6162,.T.);
#6162 = EDGE_LOOP('',(#6163,#6169,#6170,#6171));
#6163 = ORIENTED_EDGE('',*,*,#6164,.T.);
#6164 = EDGE_CURVE('',#4265,#4547,#6165,.T.);
#6165 = LINE('',#6166,#6167);
#6166 = CARTESIAN_POINT('',(-3.75,2.,8.57));
#6167 = VECTOR('',#6168,1.);
#6168 = DIRECTION('',(0.,0.,-1.));
#6169 = ORIENTED_EDGE('',*,*,#4546,.F.);
#6170 = ORIENTED_EDGE('',*,*,#6147,.F.);
#6171 = ORIENTED_EDGE('',*,*,#4272,.T.);
#6172 = PLANE('',#6173);
#6173 = AXIS2_PLACEMENT_3D('',#6174,#6175,#6176);
#6174 = CARTESIAN_POINT('',(-2.85,2.,9.1));
#6175 = DIRECTION('',(0.,1.,0.));
#6176 = DIRECTION('',(-1.,0.,0.));
#6177 = ADVANCED_FACE('',(#6178),#6189,.F.);
#6178 = FACE_BOUND('',#6179,.T.);
#6179 = EDGE_LOOP('',(#6180,#6186,#6187,#6188));
#6180 = ORIENTED_EDGE('',*,*,#6181,.T.);
#6181 = EDGE_CURVE('',#4257,#4555,#6182,.T.);
#6182 = LINE('',#6183,#6184);
#6183 = CARTESIAN_POINT('',(-3.75,-1.,8.57));
#6184 = VECTOR('',#6185,1.);
#6185 = DIRECTION('',(0.,0.,-1.));
#6186 = ORIENTED_EDGE('',*,*,#4554,.F.);
#6187 = ORIENTED_EDGE('',*,*,#6164,.F.);
#6188 = ORIENTED_EDGE('',*,*,#4264,.T.);
#6189 = PLANE('',#6190);
#6190 = AXIS2_PLACEMENT_3D('',#6191,#6192,#6193);
#6191 = CARTESIAN_POINT('',(-3.75,2.,9.1));
#6192 = DIRECTION('',(-1.,0.,0.));
#6193 = DIRECTION('',(0.,-1.,0.));
#6194 = ADVANCED_FACE('',(#6195),#6201,.F.);
#6195 = FACE_BOUND('',#6196,.T.);
#6196 = EDGE_LOOP('',(#6197,#6198,#6199,#6200));
#6197 = ORIENTED_EDGE('',*,*,#4232,.T.);
#6198 = ORIENTED_EDGE('',*,*,#4562,.F.);
#6199 = ORIENTED_EDGE('',*,*,#6181,.F.);
#6200 = ORIENTED_EDGE('',*,*,#4256,.T.);
#6201 = PLANE('',#6202);
#6202 = AXIS2_PLACEMENT_3D('',#6203,#6204,#6205);
#6203 = CARTESIAN_POINT('',(-3.75,-1.,9.1));
#6204 = DIRECTION('',(0.,-1.,0.));
#6205 = DIRECTION('',(1.,0.,0.));
#6206 = ADVANCED_FACE('',(#6207),#6227,.F.);
#6207 = FACE_BOUND('',#6208,.T.);
#6208 = EDGE_LOOP('',(#6209,#6210,#6216,#6217,#6218,#6219,#6225,#6226));
#6209 = ORIENTED_EDGE('',*,*,#2466,.F.);
#6210 = ORIENTED_EDGE('',*,*,#6211,.F.);
#6211 = EDGE_CURVE('',#2651,#2459,#6212,.T.);
#6212 = LINE('',#6213,#6214);
#6213 = CARTESIAN_POINT('',(-5.5,1.96,7.3));
#6214 = VECTOR('',#6215,1.);
#6215 = DIRECTION('',(0.,-1.,0.));
#6216 = ORIENTED_EDGE('',*,*,#2650,.F.);
#6217 = ORIENTED_EDGE('',*,*,#3969,.T.);
#6218 = ORIENTED_EDGE('',*,*,#4059,.T.);
#6219 = ORIENTED_EDGE('',*,*,#6220,.T.);
#6220 = EDGE_CURVE('',#4052,#3894,#6221,.T.);
#6221 = LINE('',#6222,#6223);
#6222 = CARTESIAN_POINT('',(-6.,4.45,7.3));
#6223 = VECTOR('',#6224,1.);
#6224 = DIRECTION('',(0.,-1.,0.));
#6225 = ORIENTED_EDGE('',*,*,#3891,.F.);
#6226 = ORIENTED_EDGE('',*,*,#3991,.T.);
#6227 = PLANE('',#6228);
#6228 = AXIS2_PLACEMENT_3D('',#6229,#6230,#6231);
#6229 = CARTESIAN_POINT('',(-4.325,5.5,7.3));
#6230 = DIRECTION('',(0.,0.,-1.));
#6231 = DIRECTION('',(-1.,0.,0.));
#6232 = ADVANCED_FACE('',(#6233),#6275,.T.);
#6233 = FACE_BOUND('',#6234,.T.);
#6234 = EDGE_LOOP('',(#6235,#6243,#6244,#6252,#6258,#6259,#6260,#6261,
    #6269));
#6235 = ORIENTED_EDGE('',*,*,#6236,.F.);
#6236 = EDGE_CURVE('',#1595,#6237,#6239,.T.);
#6237 = VERTEX_POINT('',#6238);
#6238 = CARTESIAN_POINT('',(-6.,5.5,1.6));
#6239 = LINE('',#6240,#6241);
#6240 = CARTESIAN_POINT('',(-6.,5.5,0.));
#6241 = VECTOR('',#6242,1.);
#6242 = DIRECTION('',(0.,0.,1.));
#6243 = ORIENTED_EDGE('',*,*,#1594,.T.);
#6244 = ORIENTED_EDGE('',*,*,#6245,.T.);
#6245 = EDGE_CURVE('',#1597,#6246,#6248,.T.);
#6246 = VERTEX_POINT('',#6247);
#6247 = CARTESIAN_POINT('',(-6.,-5.5,12.));
#6248 = LINE('',#6249,#6250);
#6249 = CARTESIAN_POINT('',(-6.,-5.5,0.));
#6250 = VECTOR('',#6251,1.);
#6251 = DIRECTION('',(0.,0.,1.));
#6252 = ORIENTED_EDGE('',*,*,#6253,.F.);
#6253 = EDGE_CURVE('',#3902,#6246,#6254,.T.);
#6254 = LINE('',#6255,#6256);
#6255 = CARTESIAN_POINT('',(-6.,-4.25,12.));
#6256 = VECTOR('',#6257,1.);
#6257 = DIRECTION('',(0.,-1.,0.));
#6258 = ORIENTED_EDGE('',*,*,#3901,.T.);
#6259 = ORIENTED_EDGE('',*,*,#6220,.F.);
#6260 = ORIENTED_EDGE('',*,*,#4051,.T.);
#6261 = ORIENTED_EDGE('',*,*,#6262,.F.);
#6262 = EDGE_CURVE('',#6263,#4044,#6265,.T.);
#6263 = VERTEX_POINT('',#6264);
#6264 = CARTESIAN_POINT('',(-6.,5.5,12.));
#6265 = LINE('',#6266,#6267);
#6266 = CARTESIAN_POINT('',(-6.,5.5,12.));
#6267 = VECTOR('',#6268,1.);
#6268 = DIRECTION('',(0.,-1.,0.));
#6269 = ORIENTED_EDGE('',*,*,#6270,.T.);
#6270 = EDGE_CURVE('',#6263,#6237,#6271,.T.);
#6271 = LINE('',#6272,#6273);
#6272 = CARTESIAN_POINT('',(-6.,5.5,12.));
#6273 = VECTOR('',#6274,1.);
#6274 = DIRECTION('',(0.,0.,-1.));
#6275 = PLANE('',#6276);
#6276 = AXIS2_PLACEMENT_3D('',#6277,#6278,#6279);
#6277 = CARTESIAN_POINT('',(-6.,5.5,0.));
#6278 = DIRECTION('',(-1.,0.,0.));
#6279 = DIRECTION('',(0.,-1.,0.));
#6280 = ADVANCED_FACE('',(#6281),#6330,.T.);
#6281 = FACE_BOUND('',#6282,.T.);
#6282 = EDGE_LOOP('',(#6283,#6291,#6297,#6298,#6299,#6308,#6316,#6322,
    #6323,#6329));
#6283 = ORIENTED_EDGE('',*,*,#6284,.T.);
#6284 = EDGE_CURVE('',#2039,#6285,#6287,.T.);
#6285 = VERTEX_POINT('',#6286);
#6286 = CARTESIAN_POINT('',(3.8,5.5,1.6));
#6287 = LINE('',#6288,#6289);
#6288 = CARTESIAN_POINT('',(6.,5.5,1.6));
#6289 = VECTOR('',#6290,1.);
#6290 = DIRECTION('',(-1.,0.,0.));
#6291 = ORIENTED_EDGE('',*,*,#6292,.T.);
#6292 = EDGE_CURVE('',#6285,#1949,#6293,.T.);
#6293 = LINE('',#6294,#6295);
#6294 = CARTESIAN_POINT('',(3.8,5.5,1.6));
#6295 = VECTOR('',#6296,1.);
#6296 = DIRECTION('',(0.,0.,1.));
#6297 = ORIENTED_EDGE('',*,*,#1948,.T.);
#6298 = ORIENTED_EDGE('',*,*,#1923,.F.);
#6299 = ORIENTED_EDGE('',*,*,#6300,.T.);
#6300 = EDGE_CURVE('',#1916,#6301,#6303,.T.);
#6301 = VERTEX_POINT('',#6302);
#6302 = CARTESIAN_POINT('',(-3.8,5.5,7.5));
#6303 = CIRCLE('',#6304,1.);
#6304 = AXIS2_PLACEMENT_3D('',#6305,#6306,#6307);
#6305 = CARTESIAN_POINT('',(-2.8,5.5,7.5));
#6306 = DIRECTION('',(0.,-1.,0.));
#6307 = DIRECTION('',(0.,0.,1.));
#6308 = ORIENTED_EDGE('',*,*,#6309,.F.);
#6309 = EDGE_CURVE('',#6310,#6301,#6312,.T.);
#6310 = VERTEX_POINT('',#6311);
#6311 = CARTESIAN_POINT('',(-3.8,5.5,1.6));
#6312 = LINE('',#6313,#6314);
#6313 = CARTESIAN_POINT('',(-3.8,5.5,1.6));
#6314 = VECTOR('',#6315,1.);
#6315 = DIRECTION('',(0.,0.,1.));
#6316 = ORIENTED_EDGE('',*,*,#6317,.T.);
#6317 = EDGE_CURVE('',#6310,#6237,#6318,.T.);
#6318 = LINE('',#6319,#6320);
#6319 = CARTESIAN_POINT('',(-3.8,5.5,1.6));
#6320 = VECTOR('',#6321,1.);
#6321 = DIRECTION('',(-1.,0.,0.));
#6322 = ORIENTED_EDGE('',*,*,#6270,.F.);
#6323 = ORIENTED_EDGE('',*,*,#6324,.F.);
#6324 = EDGE_CURVE('',#2087,#6263,#6325,.T.);
#6325 = LINE('',#6326,#6327);
#6326 = CARTESIAN_POINT('',(6.,5.5,12.));
#6327 = VECTOR('',#6328,1.);
#6328 = DIRECTION('',(-1.,0.,0.));
#6329 = ORIENTED_EDGE('',*,*,#2086,.F.);
#6330 = PLANE('',#6331);
#6331 = AXIS2_PLACEMENT_3D('',#6332,#6333,#6334);
#6332 = CARTESIAN_POINT('',(6.,5.5,0.));
#6333 = DIRECTION('',(0.,1.,0.));
#6334 = DIRECTION('',(-1.,0.,0.));
#6335 = ADVANCED_FACE('',(#6336),#6342,.T.);
#6336 = FACE_BOUND('',#6337,.T.);
#6337 = EDGE_LOOP('',(#6338,#6339,#6340,#6341));
#6338 = ORIENTED_EDGE('',*,*,#2094,.T.);
#6339 = ORIENTED_EDGE('',*,*,#6324,.T.);
#6340 = ORIENTED_EDGE('',*,*,#6262,.T.);
#6341 = ORIENTED_EDGE('',*,*,#4043,.T.);
#6342 = PLANE('',#6343);
#6343 = AXIS2_PLACEMENT_3D('',#6344,#6345,#6346);
#6344 = CARTESIAN_POINT('',(0.,0.,12.));
#6345 = DIRECTION('',(0.,0.,1.));
#6346 = DIRECTION('',(1.,0.,-0.));
#6347 = ADVANCED_FACE('',(#6348),#6359,.T.);
#6348 = FACE_BOUND('',#6349,.T.);
#6349 = EDGE_LOOP('',(#6350,#6351,#6357,#6358));
#6350 = ORIENTED_EDGE('',*,*,#6253,.T.);
#6351 = ORIENTED_EDGE('',*,*,#6352,.T.);
#6352 = EDGE_CURVE('',#6246,#3805,#6353,.T.);
#6353 = LINE('',#6354,#6355);
#6354 = CARTESIAN_POINT('',(-6.,-5.5,12.));
#6355 = VECTOR('',#6356,1.);
#6356 = DIRECTION('',(1.,0.,0.));
#6357 = ORIENTED_EDGE('',*,*,#3804,.T.);
#6358 = ORIENTED_EDGE('',*,*,#3909,.F.);
#6359 = PLANE('',#6360);
#6360 = AXIS2_PLACEMENT_3D('',#6361,#6362,#6363);
#6361 = CARTESIAN_POINT('',(0.,0.,12.));
#6362 = DIRECTION('',(0.,0.,1.));
#6363 = DIRECTION('',(1.,0.,-0.));
#6364 = ADVANCED_FACE('',(#6365),#6376,.T.);
#6365 = FACE_BOUND('',#6366,.T.);
#6366 = EDGE_LOOP('',(#6367,#6368,#6374,#6375));
#6367 = ORIENTED_EDGE('',*,*,#3868,.F.);
#6368 = ORIENTED_EDGE('',*,*,#6369,.T.);
#6369 = EDGE_CURVE('',#3861,#2071,#6370,.T.);
#6370 = LINE('',#6371,#6372);
#6371 = CARTESIAN_POINT('',(3.045379712512,-5.5,12.));
#6372 = VECTOR('',#6373,1.);
#6373 = DIRECTION('',(1.,0.,0.));
#6374 = ORIENTED_EDGE('',*,*,#2070,.T.);
#6375 = ORIENTED_EDGE('',*,*,#3940,.F.);
#6376 = PLANE('',#6377);
#6377 = AXIS2_PLACEMENT_3D('',#6378,#6379,#6380);
#6378 = CARTESIAN_POINT('',(0.,0.,12.));
#6379 = DIRECTION('',(0.,0.,1.));
#6380 = DIRECTION('',(1.,0.,-0.));
#6381 = ADVANCED_FACE('',(#6382),#6392,.T.);
#6382 = FACE_BOUND('',#6383,.T.);
#6383 = EDGE_LOOP('',(#6384,#6385,#6391));
#6384 = ORIENTED_EDGE('',*,*,#2038,.T.);
#6385 = ORIENTED_EDGE('',*,*,#6386,.F.);
#6386 = EDGE_CURVE('',#6285,#2015,#6387,.T.);
#6387 = LINE('',#6388,#6389);
#6388 = CARTESIAN_POINT('',(3.8,5.5,1.6));
#6389 = VECTOR('',#6390,1.);
#6390 = DIRECTION('',(0.,1.,0.));
#6391 = ORIENTED_EDGE('',*,*,#6284,.F.);
#6392 = PLANE('',#6393);
#6393 = AXIS2_PLACEMENT_3D('',#6394,#6395,#6396);
#6394 = CARTESIAN_POINT('',(0.,0.,1.6));
#6395 = DIRECTION('',(0.,0.,1.));
#6396 = DIRECTION('',(1.,0.,-0.));
#6397 = ADVANCED_FACE('',(#6398),#6415,.T.);
#6398 = FACE_BOUND('',#6399,.T.);
#6399 = EDGE_LOOP('',(#6400,#6408,#6414));
#6400 = ORIENTED_EDGE('',*,*,#6401,.F.);
#6401 = EDGE_CURVE('',#6402,#6310,#6404,.T.);
#6402 = VERTEX_POINT('',#6403);
#6403 = CARTESIAN_POINT('',(-3.8,12.5,1.6));
#6404 = LINE('',#6405,#6406);
#6405 = CARTESIAN_POINT('',(-3.8,12.5,1.6));
#6406 = VECTOR('',#6407,1.);
#6407 = DIRECTION('',(0.,-1.,0.));
#6408 = ORIENTED_EDGE('',*,*,#6409,.T.);
#6409 = EDGE_CURVE('',#6402,#6237,#6410,.T.);
#6410 = LINE('',#6411,#6412);
#6411 = CARTESIAN_POINT('',(-3.8,12.5,1.6));
#6412 = VECTOR('',#6413,1.);
#6413 = DIRECTION('',(-0.29982659674,-0.953993716901,0.));
#6414 = ORIENTED_EDGE('',*,*,#6317,.F.);
#6415 = PLANE('',#6416);
#6416 = AXIS2_PLACEMENT_3D('',#6417,#6418,#6419);
#6417 = CARTESIAN_POINT('',(0.,0.,1.6));
#6418 = DIRECTION('',(0.,0.,1.));
#6419 = DIRECTION('',(1.,0.,-0.));
#6420 = ADVANCED_FACE('',(#6421),#6427,.T.);
#6421 = FACE_BOUND('',#6422,.T.);
#6422 = EDGE_LOOP('',(#6423,#6424,#6425,#6426));
#6423 = ORIENTED_EDGE('',*,*,#2014,.F.);
#6424 = ORIENTED_EDGE('',*,*,#1957,.F.);
#6425 = ORIENTED_EDGE('',*,*,#6292,.F.);
#6426 = ORIENTED_EDGE('',*,*,#6386,.T.);
#6427 = PLANE('',#6428);
#6428 = AXIS2_PLACEMENT_3D('',#6429,#6430,#6431);
#6429 = CARTESIAN_POINT('',(3.8,5.5,0.));
#6430 = DIRECTION('',(1.,0.,0.));
#6431 = DIRECTION('',(-0.,1.,0.));
#6432 = ADVANCED_FACE('',(#6433),#6444,.T.);
#6433 = FACE_BOUND('',#6434,.T.);
#6434 = EDGE_LOOP('',(#6435,#6436,#6442,#6443));
#6435 = ORIENTED_EDGE('',*,*,#6409,.F.);
#6436 = ORIENTED_EDGE('',*,*,#6437,.F.);
#6437 = EDGE_CURVE('',#1605,#6402,#6438,.T.);
#6438 = LINE('',#6439,#6440);
#6439 = CARTESIAN_POINT('',(-3.8,12.5,0.));
#6440 = VECTOR('',#6441,1.);
#6441 = DIRECTION('',(0.,0.,1.));
#6442 = ORIENTED_EDGE('',*,*,#1604,.T.);
#6443 = ORIENTED_EDGE('',*,*,#6236,.T.);
#6444 = PLANE('',#6445);
#6445 = AXIS2_PLACEMENT_3D('',#6446,#6447,#6448);
#6446 = CARTESIAN_POINT('',(-3.8,12.5,0.));
#6447 = DIRECTION('',(-0.953993716901,0.29982659674,0.));
#6448 = DIRECTION('',(-0.29982659674,-0.953993716901,0.));
#6449 = ADVANCED_FACE('',(#6450),#6477,.T.);
#6450 = FACE_BOUND('',#6451,.T.);
#6451 = EDGE_LOOP('',(#6452,#6460,#6469,#6475,#6476));
#6452 = ORIENTED_EDGE('',*,*,#6453,.F.);
#6453 = EDGE_CURVE('',#6454,#6402,#6456,.T.);
#6454 = VERTEX_POINT('',#6455);
#6455 = CARTESIAN_POINT('',(-3.8,12.5,7.5));
#6456 = LINE('',#6457,#6458);
#6457 = CARTESIAN_POINT('',(-3.8,12.5,7.5));
#6458 = VECTOR('',#6459,1.);
#6459 = DIRECTION('',(0.,0.,-1.));
#6460 = ORIENTED_EDGE('',*,*,#6461,.T.);
#6461 = EDGE_CURVE('',#6454,#6462,#6464,.T.);
#6462 = VERTEX_POINT('',#6463);
#6463 = CARTESIAN_POINT('',(-2.8,13.5,7.5));
#6464 = CIRCLE('',#6465,1.);
#6465 = AXIS2_PLACEMENT_3D('',#6466,#6467,#6468);
#6466 = CARTESIAN_POINT('',(-2.8,12.5,7.5));
#6467 = DIRECTION('',(0.,0.,-1.));
#6468 = DIRECTION('',(-1.,0.,0.));
#6469 = ORIENTED_EDGE('',*,*,#6470,.T.);
#6470 = EDGE_CURVE('',#6462,#1613,#6471,.T.);
#6471 = LINE('',#6472,#6473);
#6472 = CARTESIAN_POINT('',(-2.8,13.5,7.5));
#6473 = VECTOR('',#6474,1.);
#6474 = DIRECTION('',(0.,0.,-1.));
#6475 = ORIENTED_EDGE('',*,*,#1612,.F.);
#6476 = ORIENTED_EDGE('',*,*,#6437,.T.);
#6477 = CYLINDRICAL_SURFACE('',#6478,1.);
#6478 = AXIS2_PLACEMENT_3D('',#6479,#6480,#6481);
#6479 = CARTESIAN_POINT('',(-2.8,12.5,8.51660934752));
#6480 = DIRECTION('',(0.,0.,-1.));
#6481 = DIRECTION('',(-1.,0.,0.));
#6482 = ADVANCED_FACE('',(#6483),#6494,.T.);
#6483 = FACE_BOUND('',#6484,.T.);
#6484 = EDGE_LOOP('',(#6485,#6491,#6492,#6493));
#6485 = ORIENTED_EDGE('',*,*,#6486,.F.);
#6486 = EDGE_CURVE('',#1982,#6462,#6487,.T.);
#6487 = LINE('',#6488,#6489);
#6488 = CARTESIAN_POINT('',(2.8,13.5,7.5));
#6489 = VECTOR('',#6490,1.);
#6490 = DIRECTION('',(-1.,0.,0.));
#6491 = ORIENTED_EDGE('',*,*,#2007,.T.);
#6492 = ORIENTED_EDGE('',*,*,#1621,.T.);
#6493 = ORIENTED_EDGE('',*,*,#6470,.F.);
#6494 = PLANE('',#6495);
#6495 = AXIS2_PLACEMENT_3D('',#6496,#6497,#6498);
#6496 = CARTESIAN_POINT('',(3.8,13.5,0.));
#6497 = DIRECTION('',(0.,1.,0.));
#6498 = DIRECTION('',(-1.,0.,0.));
#6499 = ADVANCED_FACE('',(#6500),#6512,.T.);
#6500 = FACE_BOUND('',#6501,.T.);
#6501 = EDGE_LOOP('',(#6502,#6509,#6510,#6511));
#6502 = ORIENTED_EDGE('',*,*,#6503,.F.);
#6503 = EDGE_CURVE('',#1908,#6462,#6504,.T.);
#6504 = CIRCLE('',#6505,1.);
#6505 = AXIS2_PLACEMENT_3D('',#6506,#6507,#6508);
#6506 = CARTESIAN_POINT('',(-2.8,12.5,7.5));
#6507 = DIRECTION('',(-1.,0.,0.));
#6508 = DIRECTION('',(0.,0.,1.));
#6509 = ORIENTED_EDGE('',*,*,#1905,.F.);
#6510 = ORIENTED_EDGE('',*,*,#1981,.T.);
#6511 = ORIENTED_EDGE('',*,*,#6486,.T.);
#6512 = CYLINDRICAL_SURFACE('',#6513,1.);
#6513 = AXIS2_PLACEMENT_3D('',#6514,#6515,#6516);
#6514 = CARTESIAN_POINT('',(3.815693540705,12.5,7.5));
#6515 = DIRECTION('',(-1.,0.,0.));
#6516 = DIRECTION('',(0.,0.,1.));
#6517 = ADVANCED_FACE('',(#6518),#6529,.T.);
#6518 = FACE_BOUND('',#6519,.T.);
#6519 = EDGE_LOOP('',(#6520,#6521,#6528));
#6520 = ORIENTED_EDGE('',*,*,#6461,.F.);
#6521 = ORIENTED_EDGE('',*,*,#6522,.F.);
#6522 = EDGE_CURVE('',#1908,#6454,#6523,.T.);
#6523 = CIRCLE('',#6524,1.);
#6524 = AXIS2_PLACEMENT_3D('',#6525,#6526,#6527);
#6525 = CARTESIAN_POINT('',(-2.8,12.5,7.5));
#6526 = DIRECTION('',(0.,-1.,0.));
#6527 = DIRECTION('',(0.,0.,1.));
#6528 = ORIENTED_EDGE('',*,*,#6503,.T.);
#6529 = SPHERICAL_SURFACE('',#6530,1.);
#6530 = AXIS2_PLACEMENT_3D('',#6531,#6532,#6533);
#6531 = CARTESIAN_POINT('',(-2.8,12.5,7.5));
#6532 = DIRECTION('',(-0.707106781187,0.,-0.707106781187));
#6533 = DIRECTION('',(-0.707106781187,0.,0.707106781187));
#6534 = ADVANCED_FACE('',(#6535),#6546,.T.);
#6535 = FACE_BOUND('',#6536,.T.);
#6536 = EDGE_LOOP('',(#6537,#6538,#6539,#6540));
#6537 = ORIENTED_EDGE('',*,*,#6300,.F.);
#6538 = ORIENTED_EDGE('',*,*,#1915,.F.);
#6539 = ORIENTED_EDGE('',*,*,#6522,.T.);
#6540 = ORIENTED_EDGE('',*,*,#6541,.T.);
#6541 = EDGE_CURVE('',#6454,#6301,#6542,.T.);
#6542 = LINE('',#6543,#6544);
#6543 = CARTESIAN_POINT('',(-3.8,12.5,7.5));
#6544 = VECTOR('',#6545,1.);
#6545 = DIRECTION('',(0.,-1.,0.));
#6546 = CYLINDRICAL_SURFACE('',#6547,1.);
#6547 = AXIS2_PLACEMENT_3D('',#6548,#6549,#6550);
#6548 = CARTESIAN_POINT('',(-2.8,13.51632148613,7.5));
#6549 = DIRECTION('',(0.,-1.,0.));
#6550 = DIRECTION('',(0.,0.,1.));
#6551 = ADVANCED_FACE('',(#6552),#6558,.T.);
#6552 = FACE_BOUND('',#6553,.T.);
#6553 = EDGE_LOOP('',(#6554,#6555,#6556,#6557));
#6554 = ORIENTED_EDGE('',*,*,#6309,.T.);
#6555 = ORIENTED_EDGE('',*,*,#6541,.F.);
#6556 = ORIENTED_EDGE('',*,*,#6453,.T.);
#6557 = ORIENTED_EDGE('',*,*,#6401,.T.);
#6558 = PLANE('',#6559);
#6559 = AXIS2_PLACEMENT_3D('',#6560,#6561,#6562);
#6560 = CARTESIAN_POINT('',(-3.8,13.5,0.));
#6561 = DIRECTION('',(-1.,0.,0.));
#6562 = DIRECTION('',(0.,-1.,0.));
#6563 = ADVANCED_FACE('',(#6564),#6570,.F.);
#6564 = FACE_BOUND('',#6565,.T.);
#6565 = EDGE_LOOP('',(#6566,#6567,#6568,#6569));
#6566 = ORIENTED_EDGE('',*,*,#2458,.T.);
#6567 = ORIENTED_EDGE('',*,*,#2770,.F.);
#6568 = ORIENTED_EDGE('',*,*,#2658,.F.);
#6569 = ORIENTED_EDGE('',*,*,#6211,.T.);
#6570 = PLANE('',#6571);
#6571 = AXIS2_PLACEMENT_3D('',#6572,#6573,#6574);
#6572 = CARTESIAN_POINT('',(-5.5,1.96,12.));
#6573 = DIRECTION('',(-1.,0.,0.));
#6574 = DIRECTION('',(0.,-1.,0.));
#6575 = ADVANCED_FACE('',(#6576),#6587,.T.);
#6576 = FACE_BOUND('',#6577,.T.);
#6577 = EDGE_LOOP('',(#6578,#6579,#6580,#6581));
#6578 = ORIENTED_EDGE('',*,*,#3628,.F.);
#6579 = ORIENTED_EDGE('',*,*,#3768,.T.);
#6580 = ORIENTED_EDGE('',*,*,#3275,.F.);
#6581 = ORIENTED_EDGE('',*,*,#6582,.F.);
#6582 = EDGE_CURVE('',#3629,#3276,#6583,.T.);
#6583 = LINE('',#6584,#6585);
#6584 = CARTESIAN_POINT('',(-2.19,-3.95,8.47));
#6585 = VECTOR('',#6586,1.);
#6586 = DIRECTION('',(0.,0.,1.));
#6587 = PLANE('',#6588);
#6588 = AXIS2_PLACEMENT_3D('',#6589,#6590,#6591);
#6589 = CARTESIAN_POINT('',(-2.19,-3.45,8.6));
#6590 = DIRECTION('',(-1.,0.,0.));
#6591 = DIRECTION('',(0.,-1.,0.));
#6592 = ADVANCED_FACE('',(#6593),#6604,.F.);
#6593 = FACE_BOUND('',#6594,.T.);
#6594 = EDGE_LOOP('',(#6595,#6596,#6602,#6603));
#6595 = ORIENTED_EDGE('',*,*,#3317,.T.);
#6596 = ORIENTED_EDGE('',*,*,#6597,.T.);
#6597 = EDGE_CURVE('',#3310,#3637,#6598,.T.);
#6598 = LINE('',#6599,#6600);
#6599 = CARTESIAN_POINT('',(-1.75,-3.95,8.97));
#6600 = VECTOR('',#6601,1.);
#6601 = DIRECTION('',(0.,0.,-1.));
#6602 = ORIENTED_EDGE('',*,*,#3636,.F.);
#6603 = ORIENTED_EDGE('',*,*,#6582,.T.);
#6604 = PLANE('',#6605);
#6605 = AXIS2_PLACEMENT_3D('',#6606,#6607,#6608);
#6606 = CARTESIAN_POINT('',(-2.19,-3.95,8.97));
#6607 = DIRECTION('',(0.,-1.,0.));
#6608 = DIRECTION('',(1.,0.,0.));
#6609 = ADVANCED_FACE('',(#6610),#6621,.F.);
#6610 = FACE_BOUND('',#6611,.T.);
#6611 = EDGE_LOOP('',(#6612,#6613,#6614,#6615));
#6612 = ORIENTED_EDGE('',*,*,#3644,.F.);
#6613 = ORIENTED_EDGE('',*,*,#6597,.F.);
#6614 = ORIENTED_EDGE('',*,*,#3309,.T.);
#6615 = ORIENTED_EDGE('',*,*,#6616,.F.);
#6616 = EDGE_CURVE('',#3645,#3302,#6617,.T.);
#6617 = LINE('',#6618,#6619);
#6618 = CARTESIAN_POINT('',(-1.75,-3.45,8.47));
#6619 = VECTOR('',#6620,1.);
#6620 = DIRECTION('',(0.,0.,1.));
#6621 = PLANE('',#6622);
#6622 = AXIS2_PLACEMENT_3D('',#6623,#6624,#6625);
#6623 = CARTESIAN_POINT('',(-1.75,-3.95,8.97));
#6624 = DIRECTION('',(1.,0.,0.));
#6625 = DIRECTION('',(-0.,1.,0.));
#6626 = ADVANCED_FACE('',(#6627),#6638,.T.);
#6627 = FACE_BOUND('',#6628,.T.);
#6628 = EDGE_LOOP('',(#6629,#6630,#6636,#6637));
#6629 = ORIENTED_EDGE('',*,*,#3301,.F.);
#6630 = ORIENTED_EDGE('',*,*,#6631,.F.);
#6631 = EDGE_CURVE('',#3653,#3294,#6632,.T.);
#6632 = LINE('',#6633,#6634);
#6633 = CARTESIAN_POINT('',(-0.35,-3.45,8.47));
#6634 = VECTOR('',#6635,1.);
#6635 = DIRECTION('',(0.,0.,1.));
#6636 = ORIENTED_EDGE('',*,*,#3652,.T.);
#6637 = ORIENTED_EDGE('',*,*,#6616,.T.);
#6638 = PLANE('',#6639);
#6639 = AXIS2_PLACEMENT_3D('',#6640,#6641,#6642);
#6640 = CARTESIAN_POINT('',(-0.35,-3.45,8.6));
#6641 = DIRECTION('',(0.,1.,0.));
#6642 = DIRECTION('',(-1.,0.,0.));
#6643 = ADVANCED_FACE('',(#6644),#6650,.T.);
#6644 = FACE_BOUND('',#6645,.T.);
#6645 = EDGE_LOOP('',(#6646,#6647,#6648,#6649));
#6646 = ORIENTED_EDGE('',*,*,#6631,.T.);
#6647 = ORIENTED_EDGE('',*,*,#3293,.F.);
#6648 = ORIENTED_EDGE('',*,*,#3761,.F.);
#6649 = ORIENTED_EDGE('',*,*,#3660,.T.);
#6650 = PLANE('',#6651);
#6651 = AXIS2_PLACEMENT_3D('',#6652,#6653,#6654);
#6652 = CARTESIAN_POINT('',(-0.35,-4.25,8.6));
#6653 = DIRECTION('',(1.,0.,0.));
#6654 = DIRECTION('',(-0.,1.,0.));
#6655 = ADVANCED_FACE('',(#6656),#6674,.F.);
#6656 = FACE_BOUND('',#6657,.T.);
#6657 = EDGE_LOOP('',(#6658,#6666,#6672,#6673));
#6658 = ORIENTED_EDGE('',*,*,#6659,.T.);
#6659 = EDGE_CURVE('',#3087,#6660,#6662,.T.);
#6660 = VERTEX_POINT('',#6661);
#6661 = CARTESIAN_POINT('',(-4.4,-1.44,5.9));
#6662 = LINE('',#6663,#6664);
#6663 = CARTESIAN_POINT('',(-4.4,-1.44,4.4));
#6664 = VECTOR('',#6665,1.);
#6665 = DIRECTION('',(0.,0.,1.));
#6666 = ORIENTED_EDGE('',*,*,#6667,.F.);
#6667 = EDGE_CURVE('',#2962,#6660,#6668,.T.);
#6668 = LINE('',#6669,#6670);
#6669 = CARTESIAN_POINT('',(-5.2,-1.44,5.9));
#6670 = VECTOR('',#6671,1.);
#6671 = DIRECTION('',(1.,0.,0.));
#6672 = ORIENTED_EDGE('',*,*,#2961,.F.);
#6673 = ORIENTED_EDGE('',*,*,#3094,.T.);
#6674 = PLANE('',#6675);
#6675 = AXIS2_PLACEMENT_3D('',#6676,#6677,#6678);
#6676 = CARTESIAN_POINT('',(-5.2,-1.44,4.4));
#6677 = DIRECTION('',(0.,1.,0.));
#6678 = DIRECTION('',(1.,0.,0.));
#6679 = ADVANCED_FACE('',(#6680),#6705,.T.);
#6680 = FACE_BOUND('',#6681,.T.);
#6681 = EDGE_LOOP('',(#6682,#6690,#6698,#6704));
#6682 = ORIENTED_EDGE('',*,*,#6683,.T.);
#6683 = EDGE_CURVE('',#2898,#6684,#6686,.T.);
#6684 = VERTEX_POINT('',#6685);
#6685 = CARTESIAN_POINT('',(-4.4,3.85,5.9));
#6686 = LINE('',#6687,#6688);
#6687 = CARTESIAN_POINT('',(-5.2,3.85,5.9));
#6688 = VECTOR('',#6689,1.);
#6689 = DIRECTION('',(1.,0.,0.));
#6690 = ORIENTED_EDGE('',*,*,#6691,.T.);
#6691 = EDGE_CURVE('',#6684,#6692,#6694,.T.);
#6692 = VERTEX_POINT('',#6693);
#6693 = CARTESIAN_POINT('',(-4.4,2.56,5.9));
#6694 = LINE('',#6695,#6696);
#6695 = CARTESIAN_POINT('',(-4.4,3.85,5.9));
#6696 = VECTOR('',#6697,1.);
#6697 = DIRECTION('',(0.,-1.,0.));
#6698 = ORIENTED_EDGE('',*,*,#6699,.T.);
#6699 = EDGE_CURVE('',#6692,#2906,#6700,.T.);
#6700 = LINE('',#6701,#6702);
#6701 = CARTESIAN_POINT('',(-4.4,2.56,5.9));
#6702 = VECTOR('',#6703,1.);
#6703 = DIRECTION('',(-1.,0.,0.));
#6704 = ORIENTED_EDGE('',*,*,#2905,.T.);
#6705 = PLANE('',#6706);
#6706 = AXIS2_PLACEMENT_3D('',#6707,#6708,#6709);
#6707 = CARTESIAN_POINT('',(0.,4.45,5.9));
#6708 = DIRECTION('',(0.,0.,-1.));
#6709 = DIRECTION('',(-1.,0.,0.));
#6710 = ADVANCED_FACE('',(#6711),#6729,.T.);
#6711 = FACE_BOUND('',#6712,.T.);
#6712 = EDGE_LOOP('',(#6713,#6721,#6722,#6723));
#6713 = ORIENTED_EDGE('',*,*,#6714,.T.);
#6714 = EDGE_CURVE('',#6715,#2970,#6717,.T.);
#6715 = VERTEX_POINT('',#6716);
#6716 = CARTESIAN_POINT('',(-4.4,-3.2,5.9));
#6717 = LINE('',#6718,#6719);
#6718 = CARTESIAN_POINT('',(-4.4,-3.2,5.9));
#6719 = VECTOR('',#6720,1.);
#6720 = DIRECTION('',(-1.,0.,0.));
#6721 = ORIENTED_EDGE('',*,*,#2969,.T.);
#6722 = ORIENTED_EDGE('',*,*,#6667,.T.);
#6723 = ORIENTED_EDGE('',*,*,#6724,.T.);
#6724 = EDGE_CURVE('',#6660,#6715,#6725,.T.);
#6725 = LINE('',#6726,#6727);
#6726 = CARTESIAN_POINT('',(-4.4,-1.44,5.9));
#6727 = VECTOR('',#6728,1.);
#6728 = DIRECTION('',(0.,-1.,0.));
#6729 = PLANE('',#6730);
#6730 = AXIS2_PLACEMENT_3D('',#6731,#6732,#6733);
#6731 = CARTESIAN_POINT('',(0.,4.45,5.9));
#6732 = DIRECTION('',(0.,0.,-1.));
#6733 = DIRECTION('',(-1.,0.,0.));
#6734 = ADVANCED_FACE('',(#6735),#6746,.F.);
#6735 = FACE_BOUND('',#6736,.T.);
#6736 = EDGE_LOOP('',(#6737,#6738,#6739,#6745));
#6737 = ORIENTED_EDGE('',*,*,#2913,.T.);
#6738 = ORIENTED_EDGE('',*,*,#6699,.F.);
#6739 = ORIENTED_EDGE('',*,*,#6740,.F.);
#6740 = EDGE_CURVE('',#3001,#6692,#6741,.T.);
#6741 = LINE('',#6742,#6743);
#6742 = CARTESIAN_POINT('',(-4.4,2.56,4.4));
#6743 = VECTOR('',#6744,1.);
#6744 = DIRECTION('',(0.,0.,1.));
#6745 = ORIENTED_EDGE('',*,*,#3000,.F.);
#6746 = PLANE('',#6747);
#6747 = AXIS2_PLACEMENT_3D('',#6748,#6749,#6750);
#6748 = CARTESIAN_POINT('',(-4.4,2.56,4.4));
#6749 = DIRECTION('',(0.,-1.,0.));
#6750 = DIRECTION('',(-1.,0.,0.));
#6751 = ADVANCED_FACE('',(#6752),#6763,.F.);
#6752 = FACE_BOUND('',#6753,.T.);
#6753 = EDGE_LOOP('',(#6754,#6755,#6756,#6762));
#6754 = ORIENTED_EDGE('',*,*,#6740,.T.);
#6755 = ORIENTED_EDGE('',*,*,#6691,.F.);
#6756 = ORIENTED_EDGE('',*,*,#6757,.F.);
#6757 = EDGE_CURVE('',#3009,#6684,#6758,.T.);
#6758 = LINE('',#6759,#6760);
#6759 = CARTESIAN_POINT('',(-4.4,3.85,4.4));
#6760 = VECTOR('',#6761,1.);
#6761 = DIRECTION('',(0.,0.,1.));
#6762 = ORIENTED_EDGE('',*,*,#3008,.T.);
#6763 = PLANE('',#6764);
#6764 = AXIS2_PLACEMENT_3D('',#6765,#6766,#6767);
#6765 = CARTESIAN_POINT('',(-4.4,3.85,4.4));
#6766 = DIRECTION('',(1.,0.,0.));
#6767 = DIRECTION('',(0.,-1.,0.));
#6768 = ADVANCED_FACE('',(#6769),#6775,.F.);
#6769 = FACE_BOUND('',#6770,.T.);
#6770 = EDGE_LOOP('',(#6771,#6772,#6773,#6774));
#6771 = ORIENTED_EDGE('',*,*,#6757,.T.);
#6772 = ORIENTED_EDGE('',*,*,#6683,.F.);
#6773 = ORIENTED_EDGE('',*,*,#2897,.F.);
#6774 = ORIENTED_EDGE('',*,*,#3016,.T.);
#6775 = PLANE('',#6776);
#6776 = AXIS2_PLACEMENT_3D('',#6777,#6778,#6779);
#6777 = CARTESIAN_POINT('',(-5.2,3.85,4.4));
#6778 = DIRECTION('',(0.,1.,0.));
#6779 = DIRECTION('',(1.,0.,0.));
#6780 = ADVANCED_FACE('',(#6781),#6792,.F.);
#6781 = FACE_BOUND('',#6782,.T.);
#6782 = EDGE_LOOP('',(#6783,#6789,#6790,#6791));
#6783 = ORIENTED_EDGE('',*,*,#6784,.T.);
#6784 = EDGE_CURVE('',#3079,#6715,#6785,.T.);
#6785 = LINE('',#6786,#6787);
#6786 = CARTESIAN_POINT('',(-4.4,-3.2,4.4));
#6787 = VECTOR('',#6788,1.);
#6788 = DIRECTION('',(0.,0.,1.));
#6789 = ORIENTED_EDGE('',*,*,#6724,.F.);
#6790 = ORIENTED_EDGE('',*,*,#6659,.F.);
#6791 = ORIENTED_EDGE('',*,*,#3086,.T.);
#6792 = PLANE('',#6793);
#6793 = AXIS2_PLACEMENT_3D('',#6794,#6795,#6796);
#6794 = CARTESIAN_POINT('',(-4.4,-1.44,4.4));
#6795 = DIRECTION('',(1.,0.,0.));
#6796 = DIRECTION('',(0.,-1.,0.));
#6797 = ADVANCED_FACE('',(#6798),#6804,.F.);
#6798 = FACE_BOUND('',#6799,.T.);
#6799 = EDGE_LOOP('',(#6800,#6801,#6802,#6803));
#6800 = ORIENTED_EDGE('',*,*,#2977,.T.);
#6801 = ORIENTED_EDGE('',*,*,#6714,.F.);
#6802 = ORIENTED_EDGE('',*,*,#6784,.F.);
#6803 = ORIENTED_EDGE('',*,*,#3078,.F.);
#6804 = PLANE('',#6805);
#6805 = AXIS2_PLACEMENT_3D('',#6806,#6807,#6808);
#6806 = CARTESIAN_POINT('',(-4.4,-3.2,4.4));
#6807 = DIRECTION('',(0.,-1.,0.));
#6808 = DIRECTION('',(-1.,0.,0.));
#6809 = ADVANCED_FACE('',(#6810,#6820,#6830),#6840,.T.);
#6810 = FACE_BOUND('',#6811,.T.);
#6811 = EDGE_LOOP('',(#6812,#6813,#6814,#6815,#6816,#6817,#6818,#6819));
#6812 = ORIENTED_EDGE('',*,*,#6352,.F.);
#6813 = ORIENTED_EDGE('',*,*,#6245,.F.);
#6814 = ORIENTED_EDGE('',*,*,#1654,.F.);
#6815 = ORIENTED_EDGE('',*,*,#2078,.T.);
#6816 = ORIENTED_EDGE('',*,*,#6369,.F.);
#6817 = ORIENTED_EDGE('',*,*,#3860,.F.);
#6818 = ORIENTED_EDGE('',*,*,#3845,.F.);
#6819 = ORIENTED_EDGE('',*,*,#3812,.F.);
#6820 = FACE_BOUND('',#6821,.T.);
#6821 = EDGE_LOOP('',(#6822,#6823,#6824,#6825,#6826,#6827,#6828,#6829));
#6822 = ORIENTED_EDGE('',*,*,#768,.T.);
#6823 = ORIENTED_EDGE('',*,*,#595,.T.);
#6824 = ORIENTED_EDGE('',*,*,#662,.T.);
#6825 = ORIENTED_EDGE('',*,*,#483,.F.);
#6826 = ORIENTED_EDGE('',*,*,#450,.F.);
#6827 = ORIENTED_EDGE('',*,*,#515,.F.);
#6828 = ORIENTED_EDGE('',*,*,#792,.T.);
#6829 = ORIENTED_EDGE('',*,*,#710,.T.);
#6830 = FACE_BOUND('',#6831,.T.);
#6831 = EDGE_LOOP('',(#6832,#6833,#6834,#6835,#6836,#6837,#6838,#6839));
#6832 = ORIENTED_EDGE('',*,*,#1292,.F.);
#6833 = ORIENTED_EDGE('',*,*,#1393,.T.);
#6834 = ORIENTED_EDGE('',*,*,#1485,.F.);
#6835 = ORIENTED_EDGE('',*,*,#1563,.F.);
#6836 = ORIENTED_EDGE('',*,*,#1499,.F.);
#6837 = ORIENTED_EDGE('',*,*,#1427,.T.);
#6838 = ORIENTED_EDGE('',*,*,#1208,.F.);
#6839 = ORIENTED_EDGE('',*,*,#1409,.T.);
#6840 = PLANE('',#6841);
#6841 = AXIS2_PLACEMENT_3D('',#6842,#6843,#6844);
#6842 = CARTESIAN_POINT('',(-6.,-5.5,0.));
#6843 = DIRECTION('',(0.,-1.,0.));
#6844 = DIRECTION('',(1.,0.,0.));
#6845 = ADVANCED_FACE('',(#6846),#6906,.T.);
#6846 = FACE_BOUND('',#6847,.T.);
#6847 = EDGE_LOOP('',(#6848,#6849,#6850,#6851,#6859,#6867,#6875,#6883,
    #6892,#6900));
#6848 = ORIENTED_EDGE('',*,*,#5308,.T.);
#6849 = ORIENTED_EDGE('',*,*,#5285,.T.);
#6850 = ORIENTED_EDGE('',*,*,#5246,.T.);
#6851 = ORIENTED_EDGE('',*,*,#6852,.T.);
#6852 = EDGE_CURVE('',#403,#6853,#6855,.T.);
#6853 = VERTEX_POINT('',#6854);
#6854 = CARTESIAN_POINT('',(2.633496703857,4.1,0.497));
#6855 = LINE('',#6856,#6857);
#6856 = CARTESIAN_POINT('',(4.1,4.1,0.497));
#6857 = VECTOR('',#6858,1.);
#6858 = DIRECTION('',(-1.,0.,0.));
#6859 = ORIENTED_EDGE('',*,*,#6860,.T.);
#6860 = EDGE_CURVE('',#6853,#6861,#6863,.T.);
#6861 = VERTEX_POINT('',#6862);
#6862 = CARTESIAN_POINT('',(2.95,4.1,-0.294258240357));
#6863 = LINE('',#6864,#6865);
#6864 = CARTESIAN_POINT('',(2.633496703857,4.1,0.497));
#6865 = VECTOR('',#6866,1.);
#6866 = DIRECTION('',(0.371390676354,0.,-0.928476690885));
#6867 = ORIENTED_EDGE('',*,*,#6868,.T.);
#6868 = EDGE_CURVE('',#6861,#6869,#6871,.T.);
#6869 = VERTEX_POINT('',#6870);
#6870 = CARTESIAN_POINT('',(2.95,4.1,-1.653));
#6871 = LINE('',#6872,#6873);
#6872 = CARTESIAN_POINT('',(2.95,4.1,-0.294258240357));
#6873 = VECTOR('',#6874,1.);
#6874 = DIRECTION('',(0.,0.,-1.));
#6875 = ORIENTED_EDGE('',*,*,#6876,.T.);
#6876 = EDGE_CURVE('',#6869,#6877,#6879,.T.);
#6877 = VERTEX_POINT('',#6878);
#6878 = CARTESIAN_POINT('',(3.6,4.1,-1.653));
#6879 = LINE('',#6880,#6881);
#6880 = CARTESIAN_POINT('',(2.95,4.1,-1.653));
#6881 = VECTOR('',#6882,1.);
#6882 = DIRECTION('',(1.,0.,0.));
#6883 = ORIENTED_EDGE('',*,*,#6884,.T.);
#6884 = EDGE_CURVE('',#6877,#6885,#6887,.T.);
#6885 = VERTEX_POINT('',#6886);
#6886 = CARTESIAN_POINT('',(4.1,4.1,-1.153));
#6887 = CIRCLE('',#6888,0.5);
#6888 = AXIS2_PLACEMENT_3D('',#6889,#6890,#6891);
#6889 = CARTESIAN_POINT('',(3.6,4.1,-1.153));
#6890 = DIRECTION('',(0.,-1.,0.));
#6891 = DIRECTION('',(0.,0.,-1.));
#6892 = ORIENTED_EDGE('',*,*,#6893,.T.);
#6893 = EDGE_CURVE('',#6885,#6894,#6896,.T.);
#6894 = VERTEX_POINT('',#6895);
#6895 = CARTESIAN_POINT('',(4.1,4.1,0.497));
#6896 = LINE('',#6897,#6898);
#6897 = CARTESIAN_POINT('',(4.1,4.1,-1.153));
#6898 = VECTOR('',#6899,1.);
#6899 = DIRECTION('',(0.,0.,1.));
#6900 = ORIENTED_EDGE('',*,*,#6901,.T.);
#6901 = EDGE_CURVE('',#6894,#401,#6902,.T.);
#6902 = LINE('',#6903,#6904);
#6903 = CARTESIAN_POINT('',(4.1,4.1,0.497));
#6904 = VECTOR('',#6905,1.);
#6905 = DIRECTION('',(-1.,0.,0.));
#6906 = PLANE('',#6907);
#6907 = AXIS2_PLACEMENT_3D('',#6908,#6909,#6910);
#6908 = CARTESIAN_POINT('',(0.,4.1,4.35));
#6909 = DIRECTION('',(0.,-1.,0.));
#6910 = DIRECTION('',(1.,0.,0.));
#6911 = ADVANCED_FACE('',(#6912),#6978,.T.);
#6912 = FACE_BOUND('',#6913,.T.);
#6913 = EDGE_LOOP('',(#6914,#6924,#6932,#6940,#6948,#6956,#6964,#6972));
#6914 = ORIENTED_EDGE('',*,*,#6915,.F.);
#6915 = EDGE_CURVE('',#6916,#6918,#6920,.T.);
#6916 = VERTEX_POINT('',#6917);
#6917 = CARTESIAN_POINT('',(3.5,-0.85,-0.859833456766));
#6918 = VERTEX_POINT('',#6919);
#6919 = CARTESIAN_POINT('',(3.5,-0.85,-0.853));
#6920 = LINE('',#6921,#6922);
#6921 = CARTESIAN_POINT('',(3.5,-0.85,-0.303));
#6922 = VECTOR('',#6923,1.);
#6923 = DIRECTION('',(0.,0.,1.));
#6924 = ORIENTED_EDGE('',*,*,#6925,.F.);
#6925 = EDGE_CURVE('',#6926,#6916,#6928,.T.);
#6926 = VERTEX_POINT('',#6927);
#6927 = CARTESIAN_POINT('',(3.5,-2.075,-0.859833456766));
#6928 = LINE('',#6929,#6930);
#6929 = CARTESIAN_POINT('',(3.5,2.725,-0.859833456766));
#6930 = VECTOR('',#6931,1.);
#6931 = DIRECTION('',(0.,1.,0.));
#6932 = ORIENTED_EDGE('',*,*,#6933,.F.);
#6933 = EDGE_CURVE('',#6934,#6926,#6936,.T.);
#6934 = VERTEX_POINT('',#6935);
#6935 = CARTESIAN_POINT('',(3.5,-2.075,-0.853));
#6936 = LINE('',#6937,#6938);
#6937 = CARTESIAN_POINT('',(3.5,-2.075,-0.604170938037));
#6938 = VECTOR('',#6939,1.);
#6939 = DIRECTION('',(0.,0.,-1.));
#6940 = ORIENTED_EDGE('',*,*,#6941,.F.);
#6941 = EDGE_CURVE('',#6942,#6934,#6944,.T.);
#6942 = VERTEX_POINT('',#6943);
#6943 = CARTESIAN_POINT('',(3.5,-2.175,-0.853));
#6944 = LINE('',#6945,#6946);
#6945 = CARTESIAN_POINT('',(3.5,-2.175,-0.853));
#6946 = VECTOR('',#6947,1.);
#6947 = DIRECTION('',(0.,1.,0.));
#6948 = ORIENTED_EDGE('',*,*,#6949,.T.);
#6949 = EDGE_CURVE('',#6942,#6950,#6952,.T.);
#6950 = VERTEX_POINT('',#6951);
#6951 = CARTESIAN_POINT('',(3.5,-2.175,-1.153));
#6952 = LINE('',#6953,#6954);
#6953 = CARTESIAN_POINT('',(3.5,-2.175,-0.853));
#6954 = VECTOR('',#6955,1.);
#6955 = DIRECTION('',(0.,0.,-1.));
#6956 = ORIENTED_EDGE('',*,*,#6957,.F.);
#6957 = EDGE_CURVE('',#6958,#6950,#6960,.T.);
#6958 = VERTEX_POINT('',#6959);
#6959 = CARTESIAN_POINT('',(3.5,-0.675,-1.153));
#6960 = LINE('',#6961,#6962);
#6961 = CARTESIAN_POINT('',(3.5,-0.675,-1.153));
#6962 = VECTOR('',#6963,1.);
#6963 = DIRECTION('',(0.,-1.,0.));
#6964 = ORIENTED_EDGE('',*,*,#6965,.F.);
#6965 = EDGE_CURVE('',#6966,#6958,#6968,.T.);
#6966 = VERTEX_POINT('',#6967);
#6967 = CARTESIAN_POINT('',(3.5,-0.675,-0.853));
#6968 = LINE('',#6969,#6970);
#6969 = CARTESIAN_POINT('',(3.5,-0.675,-0.853));
#6970 = VECTOR('',#6971,1.);
#6971 = DIRECTION('',(0.,0.,-1.));
#6972 = ORIENTED_EDGE('',*,*,#6973,.F.);
#6973 = EDGE_CURVE('',#6918,#6966,#6974,.T.);
#6974 = LINE('',#6975,#6976);
#6975 = CARTESIAN_POINT('',(3.5,-2.175,-0.853));
#6976 = VECTOR('',#6977,1.);
#6977 = DIRECTION('',(0.,1.,0.));
#6978 = PLANE('',#6979);
#6979 = AXIS2_PLACEMENT_3D('',#6980,#6981,#6982);
#6980 = CARTESIAN_POINT('',(3.5,-0.675,-0.653));
#6981 = DIRECTION('',(1.,0.,0.));
#6982 = DIRECTION('',(0.,0.,-1.));
#6983 = ADVANCED_FACE('',(#6984),#7072,.T.);
#6984 = FACE_BOUND('',#6985,.T.);
#6985 = EDGE_LOOP('',(#6986,#6997,#7005,#7014,#7022,#7031,#7040,#7048,
    #7057,#7066));
#6986 = ORIENTED_EDGE('',*,*,#6987,.F.);
#6987 = EDGE_CURVE('',#6988,#6990,#6992,.T.);
#6988 = VERTEX_POINT('',#6989);
#6989 = CARTESIAN_POINT('',(3.461824441124,1.5,-0.706548772521));
#6990 = VERTEX_POINT('',#6991);
#6991 = CARTESIAN_POINT('',(3.5,1.5,-0.853));
#6992 = CIRCLE('',#6993,0.3);
#6993 = AXIS2_PLACEMENT_3D('',#6994,#6995,#6996);
#6994 = CARTESIAN_POINT('',(3.2,1.5,-0.853));
#6995 = DIRECTION('',(0.,1.,0.));
#6996 = DIRECTION('',(0.,-0.,1.));
#6997 = ORIENTED_EDGE('',*,*,#6998,.F.);
#6998 = EDGE_CURVE('',#6999,#6988,#7001,.T.);
#6999 = VERTEX_POINT('',#7000);
#7000 = CARTESIAN_POINT('',(3.461824441124,2.725,-0.706548772521));
#7001 = LINE('',#7002,#7003);
#7002 = CARTESIAN_POINT('',(3.461824441124,1.29532401931,-0.706548772521
    ));
#7003 = VECTOR('',#7004,1.);
#7004 = DIRECTION('',(0.,-1.,0.));
#7005 = ORIENTED_EDGE('',*,*,#7006,.F.);
#7006 = EDGE_CURVE('',#7007,#6999,#7009,.T.);
#7007 = VERTEX_POINT('',#7008);
#7008 = CARTESIAN_POINT('',(3.5,2.725,-0.853));
#7009 = CIRCLE('',#7010,0.3);
#7010 = AXIS2_PLACEMENT_3D('',#7011,#7012,#7013);
#7011 = CARTESIAN_POINT('',(3.2,2.725,-0.853));
#7012 = DIRECTION('',(0.,-1.,0.));
#7013 = DIRECTION('',(0.,0.,1.));
#7014 = ORIENTED_EDGE('',*,*,#7015,.T.);
#7015 = EDGE_CURVE('',#7007,#7016,#7018,.T.);
#7016 = VERTEX_POINT('',#7017);
#7017 = CARTESIAN_POINT('',(3.5,2.825,-0.853));
#7018 = LINE('',#7019,#7020);
#7019 = CARTESIAN_POINT('',(3.5,1.325,-0.853));
#7020 = VECTOR('',#7021,1.);
#7021 = DIRECTION('',(0.,1.,0.));
#7022 = ORIENTED_EDGE('',*,*,#7023,.F.);
#7023 = EDGE_CURVE('',#7024,#7016,#7026,.T.);
#7024 = VERTEX_POINT('',#7025);
#7025 = CARTESIAN_POINT('',(3.42360679775,2.825,-0.653));
#7026 = CIRCLE('',#7027,0.3);
#7027 = AXIS2_PLACEMENT_3D('',#7028,#7029,#7030);
#7028 = CARTESIAN_POINT('',(3.2,2.825,-0.853));
#7029 = DIRECTION('',(0.,1.,0.));
#7030 = DIRECTION('',(0.7453559925,-0.,0.666666666667));
#7031 = ORIENTED_EDGE('',*,*,#7032,.F.);
#7032 = EDGE_CURVE('',#7033,#7024,#7035,.T.);
#7033 = VERTEX_POINT('',#7034);
#7034 = CARTESIAN_POINT('',(3.2,2.825,-0.553));
#7035 = CIRCLE('',#7036,0.3);
#7036 = AXIS2_PLACEMENT_3D('',#7037,#7038,#7039);
#7037 = CARTESIAN_POINT('',(3.2,2.825,-0.853));
#7038 = DIRECTION('',(0.,1.,0.));
#7039 = DIRECTION('',(0.,-0.,1.));
#7040 = ORIENTED_EDGE('',*,*,#7041,.F.);
#7041 = EDGE_CURVE('',#7042,#7033,#7044,.T.);
#7042 = VERTEX_POINT('',#7043);
#7043 = CARTESIAN_POINT('',(3.2,1.325,-0.553));
#7044 = LINE('',#7045,#7046);
#7045 = CARTESIAN_POINT('',(3.2,1.325,-0.553));
#7046 = VECTOR('',#7047,1.);
#7047 = DIRECTION('',(0.,1.,0.));
#7048 = ORIENTED_EDGE('',*,*,#7049,.F.);
#7049 = EDGE_CURVE('',#7050,#7042,#7052,.T.);
#7050 = VERTEX_POINT('',#7051);
#7051 = CARTESIAN_POINT('',(3.42360679775,1.325,-0.653));
#7052 = CIRCLE('',#7053,0.3);
#7053 = AXIS2_PLACEMENT_3D('',#7054,#7055,#7056);
#7054 = CARTESIAN_POINT('',(3.2,1.325,-0.853));
#7055 = DIRECTION('',(0.,-1.,0.));
#7056 = DIRECTION('',(0.7453559925,0.,0.666666666667));
#7057 = ORIENTED_EDGE('',*,*,#7058,.F.);
#7058 = EDGE_CURVE('',#7059,#7050,#7061,.T.);
#7059 = VERTEX_POINT('',#7060);
#7060 = CARTESIAN_POINT('',(3.5,1.325,-0.853));
#7061 = CIRCLE('',#7062,0.3);
#7062 = AXIS2_PLACEMENT_3D('',#7063,#7064,#7065);
#7063 = CARTESIAN_POINT('',(3.2,1.325,-0.853));
#7064 = DIRECTION('',(0.,-1.,0.));
#7065 = DIRECTION('',(1.,0.,0.));
#7066 = ORIENTED_EDGE('',*,*,#7067,.T.);
#7067 = EDGE_CURVE('',#7059,#6990,#7068,.T.);
#7068 = LINE('',#7069,#7070);
#7069 = CARTESIAN_POINT('',(3.5,1.325,-0.853));
#7070 = VECTOR('',#7071,1.);
#7071 = DIRECTION('',(0.,1.,0.));
#7072 = CYLINDRICAL_SURFACE('',#7073,0.3);
#7073 = AXIS2_PLACEMENT_3D('',#7074,#7075,#7076);
#7074 = CARTESIAN_POINT('',(3.2,1.29532401931,-0.853));
#7075 = DIRECTION('',(0.,1.,0.));
#7076 = DIRECTION('',(0.,-0.,1.));
#7077 = ADVANCED_FACE('',(#7078),#7097,.T.);
#7078 = FACE_BOUND('',#7079,.T.);
#7079 = EDGE_LOOP('',(#7080,#7091));
#7080 = ORIENTED_EDGE('',*,*,#7081,.T.);
#7081 = EDGE_CURVE('',#7082,#7084,#7086,.T.);
#7082 = VERTEX_POINT('',#7083);
#7083 = CARTESIAN_POINT('',(-2.7,1.075,-1.653));
#7084 = VERTEX_POINT('',#7085);
#7085 = CARTESIAN_POINT('',(-2.7,-0.425,-1.653));
#7086 = CIRCLE('',#7087,0.76875);
#7087 = AXIS2_PLACEMENT_3D('',#7088,#7089,#7090);
#7088 = CARTESIAN_POINT('',(-2.7,0.325,-1.82175));
#7089 = DIRECTION('',(1.,0.,0.));
#7090 = DIRECTION('',(-0.,0.975609756098,0.219512195122));
#7091 = ORIENTED_EDGE('',*,*,#7092,.F.);
#7092 = EDGE_CURVE('',#7082,#7084,#7093,.T.);
#7093 = LINE('',#7094,#7095);
#7094 = CARTESIAN_POINT('',(-2.7,1.075,-1.653));
#7095 = VECTOR('',#7096,1.);
#7096 = DIRECTION('',(0.,-1.,0.));
#7097 = PLANE('',#7098);
#7098 = AXIS2_PLACEMENT_3D('',#7099,#7100,#7101);
#7099 = CARTESIAN_POINT('',(-2.7,-3.225,-1.653));
#7100 = DIRECTION('',(1.,0.,0.));
#7101 = DIRECTION('',(0.,-1.,0.));
#7102 = ADVANCED_FACE('',(#7103),#7133,.F.);
#7103 = FACE_BOUND('',#7104,.F.);
#7104 = EDGE_LOOP('',(#7105,#7118,#7119,#7125,#7126,#7132));
#7105 = ORIENTED_EDGE('',*,*,#7106,.T.);
#7106 = EDGE_CURVE('',#259,#202,#7107,.T.);
#7107 = B_SPLINE_CURVE_WITH_KNOTS('',3,(#7108,#7109,#7110,#7111,#7112,
    #7113,#7114,#7115,#7116,#7117),.UNSPECIFIED.,.F.,.F.,(4,2,2,2,4),(
    0.342440111902,0.353284321549,0.380315973482,0.407347625416,
    0.418191835063),.UNSPECIFIED.);
#7108 = CARTESIAN_POINT('',(4.,-5.414384060964E-02,-1.153000038783));
#7109 = CARTESIAN_POINT('',(4.000000001452,-2.112393634978E-02,
    -1.134279599091));
#7110 = CARTESIAN_POINT('',(3.998953091219,1.363184210748E-02,
    -1.117834188206));
#7111 = CARTESIAN_POINT('',(3.994232951781,0.138689333228,-1.06981562987
    ));
#7112 = CARTESIAN_POINT('',(3.989897948557,0.234894493553,-1.053));
#7113 = CARTESIAN_POINT('',(3.989897948557,0.415105506447,-1.053));
#7114 = CARTESIAN_POINT('',(3.994232951781,0.511310666772,-1.06981562987
    ));
#7115 = CARTESIAN_POINT('',(3.998953091219,0.636368157893,
    -1.117834188206));
#7116 = CARTESIAN_POINT('',(4.000000001452,0.67112393635,-1.134279599091
    ));
#7117 = CARTESIAN_POINT('',(4.,0.70414384061,-1.153000038783));
#7118 = ORIENTED_EDGE('',*,*,#209,.T.);
#7119 = ORIENTED_EDGE('',*,*,#7120,.F.);
#7120 = EDGE_CURVE('',#7082,#210,#7121,.T.);
#7121 = LINE('',#7122,#7123);
#7122 = CARTESIAN_POINT('',(-2.7,1.075,-1.653));
#7123 = VECTOR('',#7124,1.);
#7124 = DIRECTION('',(1.,0.,0.));
#7125 = ORIENTED_EDGE('',*,*,#7081,.T.);
#7126 = ORIENTED_EDGE('',*,*,#7127,.T.);
#7127 = EDGE_CURVE('',#7084,#290,#7128,.T.);
#7128 = LINE('',#7129,#7130);
#7129 = CARTESIAN_POINT('',(-2.7,-0.425,-1.653));
#7130 = VECTOR('',#7131,1.);
#7131 = DIRECTION('',(1.,0.,0.));
#7132 = ORIENTED_EDGE('',*,*,#297,.T.);
#7133 = CYLINDRICAL_SURFACE('',#7134,0.76875);
#7134 = AXIS2_PLACEMENT_3D('',#7135,#7136,#7137);
#7135 = CARTESIAN_POINT('',(11.45,0.325,-1.82175));
#7136 = DIRECTION('',(1.,0.,0.));
#7137 = DIRECTION('',(0.,-1.,0.));
#7138 = ADVANCED_FACE('',(#7139),#7143,.F.);
#7139 = FACE_BOUND('',#7140,.T.);
#7140 = EDGE_LOOP('',(#7141,#7142));
#7141 = ORIENTED_EDGE('',*,*,#241,.F.);
#7142 = ORIENTED_EDGE('',*,*,#84,.F.);
#7143 = PLANE('',#7144);
#7144 = AXIS2_PLACEMENT_3D('',#7145,#7146,#7147);
#7145 = CARTESIAN_POINT('',(-0.1,4.05,4.2));
#7146 = DIRECTION('',(0.,-1.,0.));
#7147 = DIRECTION('',(1.,0.,0.));
#7148 = ADVANCED_FACE('',(#7149),#7168,.F.);
#7149 = FACE_BOUND('',#7150,.T.);
#7150 = EDGE_LOOP('',(#7151,#7162));
#7151 = ORIENTED_EDGE('',*,*,#7152,.F.);
#7152 = EDGE_CURVE('',#7153,#7155,#7157,.T.);
#7153 = VERTEX_POINT('',#7154);
#7154 = CARTESIAN_POINT('',(-3.4,-0.29949979984,-1.203));
#7155 = VERTEX_POINT('',#7156);
#7156 = CARTESIAN_POINT('',(-3.4,0.94949979984,-1.203));
#7157 = CIRCLE('',#7158,0.8);
#7158 = AXIS2_PLACEMENT_3D('',#7159,#7160,#7161);
#7159 = CARTESIAN_POINT('',(-2.9,0.325,-1.203));
#7160 = DIRECTION('',(0.,0.,-1.));
#7161 = DIRECTION('',(-0.625,-0.7806247498,-0.));
#7162 = ORIENTED_EDGE('',*,*,#7163,.F.);
#7163 = EDGE_CURVE('',#7155,#7153,#7164,.T.);
#7164 = LINE('',#7165,#7166);
#7165 = CARTESIAN_POINT('',(-3.4,0.94949979984,-1.203));
#7166 = VECTOR('',#7167,1.);
#7167 = DIRECTION('',(0.,-1.,0.));
#7168 = PLANE('',#7169);
#7169 = AXIS2_PLACEMENT_3D('',#7170,#7171,#7172);
#7170 = CARTESIAN_POINT('',(-0.1,0.,-1.203));
#7171 = DIRECTION('',(0.,0.,-1.));
#7172 = DIRECTION('',(0.,-1.,0.));
#7173 = ADVANCED_FACE('',(#7174),#7200,.T.);
#7174 = FACE_BOUND('',#7175,.T.);
#7175 = EDGE_LOOP('',(#7176,#7177,#7185,#7194));
#7176 = ORIENTED_EDGE('',*,*,#7152,.T.);
#7177 = ORIENTED_EDGE('',*,*,#7178,.T.);
#7178 = EDGE_CURVE('',#7155,#7179,#7181,.T.);
#7179 = VERTEX_POINT('',#7180);
#7180 = CARTESIAN_POINT('',(-3.4,0.94949979984,-1.653));
#7181 = LINE('',#7182,#7183);
#7182 = CARTESIAN_POINT('',(-3.4,0.94949979984,-1.203));
#7183 = VECTOR('',#7184,1.);
#7184 = DIRECTION('',(0.,0.,-1.));
#7185 = ORIENTED_EDGE('',*,*,#7186,.F.);
#7186 = EDGE_CURVE('',#7187,#7179,#7189,.T.);
#7187 = VERTEX_POINT('',#7188);
#7188 = CARTESIAN_POINT('',(-3.4,-0.29949979984,-1.653));
#7189 = CIRCLE('',#7190,0.8);
#7190 = AXIS2_PLACEMENT_3D('',#7191,#7192,#7193);
#7191 = CARTESIAN_POINT('',(-2.9,0.325,-1.653));
#7192 = DIRECTION('',(0.,0.,-1.));
#7193 = DIRECTION('',(-0.625,-0.7806247498,-0.));
#7194 = ORIENTED_EDGE('',*,*,#7195,.F.);
#7195 = EDGE_CURVE('',#7153,#7187,#7196,.T.);
#7196 = LINE('',#7197,#7198);
#7197 = CARTESIAN_POINT('',(-3.4,-0.29949979984,-1.203));
#7198 = VECTOR('',#7199,1.);
#7199 = DIRECTION('',(0.,0.,-1.));
#7200 = CYLINDRICAL_SURFACE('',#7201,0.8);
#7201 = AXIS2_PLACEMENT_3D('',#7202,#7203,#7204);
#7202 = CARTESIAN_POINT('',(-2.9,0.325,-1.653));
#7203 = DIRECTION('',(0.,0.,-1.));
#7204 = DIRECTION('',(0.,-1.,0.));
#7205 = ADVANCED_FACE('',(#7206),#7265,.F.);
#7206 = FACE_BOUND('',#7207,.T.);
#7207 = EDGE_LOOP('',(#7208,#7218,#7226,#7234,#7240,#7241,#7242,#7243,
    #7251,#7259));
#7208 = ORIENTED_EDGE('',*,*,#7209,.F.);
#7209 = EDGE_CURVE('',#7210,#7212,#7214,.T.);
#7210 = VERTEX_POINT('',#7211);
#7211 = CARTESIAN_POINT('',(-3.4,3.425,-0.653));
#7212 = VERTEX_POINT('',#7213);
#7213 = CARTESIAN_POINT('',(-3.4,-1.975,-0.653));
#7214 = LINE('',#7215,#7216);
#7215 = CARTESIAN_POINT('',(-3.4,3.425,-0.653));
#7216 = VECTOR('',#7217,1.);
#7217 = DIRECTION('',(0.,-1.,0.));
#7218 = ORIENTED_EDGE('',*,*,#7219,.T.);
#7219 = EDGE_CURVE('',#7210,#7220,#7222,.T.);
#7220 = VERTEX_POINT('',#7221);
#7221 = CARTESIAN_POINT('',(-3.4,3.425,-1.653));
#7222 = LINE('',#7223,#7224);
#7223 = CARTESIAN_POINT('',(-3.4,3.425,-0.653));
#7224 = VECTOR('',#7225,1.);
#7225 = DIRECTION('',(0.,0.,-1.));
#7226 = ORIENTED_EDGE('',*,*,#7227,.F.);
#7227 = EDGE_CURVE('',#7228,#7220,#7230,.T.);
#7228 = VERTEX_POINT('',#7229);
#7229 = CARTESIAN_POINT('',(-3.4,1.191025403784,-1.653));
#7230 = LINE('',#7231,#7232);
#7231 = CARTESIAN_POINT('',(-3.4,-0.397391498334,-1.653));
#7232 = VECTOR('',#7233,1.);
#7233 = DIRECTION('',(0.,1.,0.));
#7234 = ORIENTED_EDGE('',*,*,#7235,.T.);
#7235 = EDGE_CURVE('',#7228,#7179,#7236,.T.);
#7236 = LINE('',#7237,#7238);
#7237 = CARTESIAN_POINT('',(-3.4,3.425,-1.653));
#7238 = VECTOR('',#7239,1.);
#7239 = DIRECTION('',(0.,-1.,0.));
#7240 = ORIENTED_EDGE('',*,*,#7178,.F.);
#7241 = ORIENTED_EDGE('',*,*,#7163,.T.);
#7242 = ORIENTED_EDGE('',*,*,#7195,.T.);
#7243 = ORIENTED_EDGE('',*,*,#7244,.T.);
#7244 = EDGE_CURVE('',#7187,#7245,#7247,.T.);
#7245 = VERTEX_POINT('',#7246);
#7246 = CARTESIAN_POINT('',(-3.4,-0.541025403784,-1.653));
#7247 = LINE('',#7248,#7249);
#7248 = CARTESIAN_POINT('',(-3.4,-0.29949979984,-1.653));
#7249 = VECTOR('',#7250,1.);
#7250 = DIRECTION('',(0.,-1.,0.));
#7251 = ORIENTED_EDGE('',*,*,#7252,.F.);
#7252 = EDGE_CURVE('',#7253,#7245,#7255,.T.);
#7253 = VERTEX_POINT('',#7254);
#7254 = CARTESIAN_POINT('',(-3.4,-1.975,-1.653));
#7255 = LINE('',#7256,#7257);
#7256 = CARTESIAN_POINT('',(-3.4,-0.397391498334,-1.653));
#7257 = VECTOR('',#7258,1.);
#7258 = DIRECTION('',(0.,1.,0.));
#7259 = ORIENTED_EDGE('',*,*,#7260,.F.);
#7260 = EDGE_CURVE('',#7212,#7253,#7261,.T.);
#7261 = LINE('',#7262,#7263);
#7262 = CARTESIAN_POINT('',(-3.4,-1.975,-0.653));
#7263 = VECTOR('',#7264,1.);
#7264 = DIRECTION('',(0.,0.,-1.));
#7265 = PLANE('',#7266);
#7266 = AXIS2_PLACEMENT_3D('',#7267,#7268,#7269);
#7267 = CARTESIAN_POINT('',(-3.4,4.505217003333,-1.653));
#7268 = DIRECTION('',(1.,0.,0.));
#7269 = DIRECTION('',(0.,-1.,0.));
#7270 = ADVANCED_FACE('',(#7271),#7303,.T.);
#7271 = FACE_BOUND('',#7272,.T.);
#7272 = EDGE_LOOP('',(#7273,#7279,#7280,#7288,#7296,#7302));
#7273 = ORIENTED_EDGE('',*,*,#7274,.T.);
#7274 = EDGE_CURVE('',#7210,#102,#7275,.T.);
#7275 = LINE('',#7276,#7277);
#7276 = CARTESIAN_POINT('',(-3.4,3.425,-0.653));
#7277 = VECTOR('',#7278,1.);
#7278 = DIRECTION('',(1.,0.,0.));
#7279 = ORIENTED_EDGE('',*,*,#101,.T.);
#7280 = ORIENTED_EDGE('',*,*,#7281,.F.);
#7281 = EDGE_CURVE('',#7282,#94,#7284,.T.);
#7282 = VERTEX_POINT('',#7283);
#7283 = CARTESIAN_POINT('',(3.15,3.425,-1.653));
#7284 = LINE('',#7285,#7286);
#7285 = CARTESIAN_POINT('',(-1.875,3.425,-1.653));
#7286 = VECTOR('',#7287,1.);
#7287 = DIRECTION('',(1.,0.,0.));
#7288 = ORIENTED_EDGE('',*,*,#7289,.F.);
#7289 = EDGE_CURVE('',#7290,#7282,#7292,.T.);
#7290 = VERTEX_POINT('',#7291);
#7291 = CARTESIAN_POINT('',(-3.15,3.425,-1.653));
#7292 = LINE('',#7293,#7294);
#7293 = CARTESIAN_POINT('',(-3.4,3.425,-1.653));
#7294 = VECTOR('',#7295,1.);
#7295 = DIRECTION('',(1.,0.,0.));
#7296 = ORIENTED_EDGE('',*,*,#7297,.F.);
#7297 = EDGE_CURVE('',#7220,#7290,#7298,.T.);
#7298 = LINE('',#7299,#7300);
#7299 = CARTESIAN_POINT('',(-1.875,3.425,-1.653));
#7300 = VECTOR('',#7301,1.);
#7301 = DIRECTION('',(1.,0.,0.));
#7302 = ORIENTED_EDGE('',*,*,#7219,.F.);
#7303 = PLANE('',#7304);
#7304 = AXIS2_PLACEMENT_3D('',#7305,#7306,#7307);
#7305 = CARTESIAN_POINT('',(-3.75,3.425,-1.653));
#7306 = DIRECTION('',(0.,1.,0.));
#7307 = DIRECTION('',(1.,0.,0.));
#7308 = ADVANCED_FACE('',(#7309),#7350,.T.);
#7309 = FACE_BOUND('',#7310,.T.);
#7310 = EDGE_LOOP('',(#7311,#7319,#7320,#7328,#7336,#7344));
#7311 = ORIENTED_EDGE('',*,*,#7312,.F.);
#7312 = EDGE_CURVE('',#161,#7313,#7315,.T.);
#7313 = VERTEX_POINT('',#7314);
#7314 = CARTESIAN_POINT('',(2.2,-2.775,-1.653));
#7315 = LINE('',#7316,#7317);
#7316 = CARTESIAN_POINT('',(2.,-2.775,-1.653));
#7317 = VECTOR('',#7318,1.);
#7318 = DIRECTION('',(-1.,0.,0.));
#7319 = ORIENTED_EDGE('',*,*,#160,.F.);
#7320 = ORIENTED_EDGE('',*,*,#7321,.T.);
#7321 = EDGE_CURVE('',#153,#7322,#7324,.T.);
#7322 = VERTEX_POINT('',#7323);
#7323 = CARTESIAN_POINT('',(-2.6,-2.775,-0.653));
#7324 = LINE('',#7325,#7326);
#7325 = CARTESIAN_POINT('',(3.5,-2.775,-0.653));
#7326 = VECTOR('',#7327,1.);
#7327 = DIRECTION('',(-1.,0.,0.));
#7328 = ORIENTED_EDGE('',*,*,#7329,.T.);
#7329 = EDGE_CURVE('',#7322,#7330,#7332,.T.);
#7330 = VERTEX_POINT('',#7331);
#7331 = CARTESIAN_POINT('',(-2.6,-2.775,-1.653));
#7332 = LINE('',#7333,#7334);
#7333 = CARTESIAN_POINT('',(-2.6,-2.775,-0.653));
#7334 = VECTOR('',#7335,1.);
#7335 = DIRECTION('',(0.,0.,-1.));
#7336 = ORIENTED_EDGE('',*,*,#7337,.F.);
#7337 = EDGE_CURVE('',#7338,#7330,#7340,.T.);
#7338 = VERTEX_POINT('',#7339);
#7339 = CARTESIAN_POINT('',(-2.2,-2.775,-1.653));
#7340 = LINE('',#7341,#7342);
#7341 = CARTESIAN_POINT('',(2.,-2.775,-1.653));
#7342 = VECTOR('',#7343,1.);
#7343 = DIRECTION('',(-1.,0.,0.));
#7344 = ORIENTED_EDGE('',*,*,#7345,.F.);
#7345 = EDGE_CURVE('',#7313,#7338,#7346,.T.);
#7346 = LINE('',#7347,#7348);
#7347 = CARTESIAN_POINT('',(3.5,-2.775,-1.653));
#7348 = VECTOR('',#7349,1.);
#7349 = DIRECTION('',(-1.,0.,0.));
#7350 = PLANE('',#7351);
#7351 = AXIS2_PLACEMENT_3D('',#7352,#7353,#7354);
#7352 = CARTESIAN_POINT('',(4.,-2.775,-1.653));
#7353 = DIRECTION('',(0.,-1.,0.));
#7354 = DIRECTION('',(-1.,0.,0.));
#7355 = ADVANCED_FACE('',(#7356),#7360,.T.);
#7356 = FACE_BOUND('',#7357,.T.);
#7357 = EDGE_LOOP('',(#7358,#7359));
#7358 = ORIENTED_EDGE('',*,*,#273,.T.);
#7359 = ORIENTED_EDGE('',*,*,#177,.T.);
#7360 = PLANE('',#7361);
#7361 = AXIS2_PLACEMENT_3D('',#7362,#7363,#7364);
#7362 = CARTESIAN_POINT('',(-0.1,-3.4,-0.15));
#7363 = DIRECTION('',(0.,-1.,0.));
#7364 = DIRECTION('',(-1.,0.,0.));
#7365 = ADVANCED_FACE('',(#7366),#7395,.T.);
#7366 = FACE_BOUND('',#7367,.T.);
#7367 = EDGE_LOOP('',(#7368,#7369,#7370,#7371,#7380,#7388));
#7368 = ORIENTED_EDGE('',*,*,#256,.T.);
#7369 = ORIENTED_EDGE('',*,*,#7106,.T.);
#7370 = ORIENTED_EDGE('',*,*,#201,.T.);
#7371 = ORIENTED_EDGE('',*,*,#7372,.T.);
#7372 = EDGE_CURVE('',#194,#7373,#7375,.T.);
#7373 = VERTEX_POINT('',#7374);
#7374 = CARTESIAN_POINT('',(3.5,1.325,-0.653));
#7375 = CIRCLE('',#7376,0.5);
#7376 = AXIS2_PLACEMENT_3D('',#7377,#7378,#7379);
#7377 = CARTESIAN_POINT('',(3.5,1.325,-1.153));
#7378 = DIRECTION('',(0.,-1.,0.));
#7379 = DIRECTION('',(1.,0.,0.));
#7380 = ORIENTED_EDGE('',*,*,#7381,.F.);
#7381 = EDGE_CURVE('',#7382,#7373,#7384,.T.);
#7382 = VERTEX_POINT('',#7383);
#7383 = CARTESIAN_POINT('',(3.5,-0.675,-0.653));
#7384 = LINE('',#7385,#7386);
#7385 = CARTESIAN_POINT('',(3.5,-0.675,-0.653));
#7386 = VECTOR('',#7387,1.);
#7387 = DIRECTION('',(0.,1.,0.));
#7388 = ORIENTED_EDGE('',*,*,#7389,.F.);
#7389 = EDGE_CURVE('',#257,#7382,#7390,.T.);
#7390 = CIRCLE('',#7391,0.5);
#7391 = AXIS2_PLACEMENT_3D('',#7392,#7393,#7394);
#7392 = CARTESIAN_POINT('',(3.5,-0.675,-1.153));
#7393 = DIRECTION('',(0.,-1.,0.));
#7394 = DIRECTION('',(1.,0.,0.));
#7395 = CYLINDRICAL_SURFACE('',#7396,0.5);
#7396 = AXIS2_PLACEMENT_3D('',#7397,#7398,#7399);
#7397 = CARTESIAN_POINT('',(3.5,-3.4,-1.153));
#7398 = DIRECTION('',(0.,-1.,0.));
#7399 = DIRECTION('',(-1.,0.,0.));
#7400 = ADVANCED_FACE('',(#7401),#7425,.T.);
#7401 = FACE_BOUND('',#7402,.T.);
#7402 = EDGE_LOOP('',(#7403,#7411,#7412,#7418,#7419));
#7403 = ORIENTED_EDGE('',*,*,#7404,.T.);
#7404 = EDGE_CURVE('',#7405,#75,#7407,.T.);
#7405 = VERTEX_POINT('',#7406);
#7406 = CARTESIAN_POINT('',(3.5,2.825,-1.153));
#7407 = LINE('',#7408,#7409);
#7408 = CARTESIAN_POINT('',(3.5,2.825,-1.153));
#7409 = VECTOR('',#7410,1.);
#7410 = DIRECTION('',(1.,0.,0.));
#7411 = ORIENTED_EDGE('',*,*,#118,.T.);
#7412 = ORIENTED_EDGE('',*,*,#7413,.T.);
#7413 = EDGE_CURVE('',#111,#7024,#7414,.T.);
#7414 = LINE('',#7415,#7416);
#7415 = CARTESIAN_POINT('',(3.5,2.825,-0.653));
#7416 = VECTOR('',#7417,1.);
#7417 = DIRECTION('',(-1.,0.,0.));
#7418 = ORIENTED_EDGE('',*,*,#7023,.T.);
#7419 = ORIENTED_EDGE('',*,*,#7420,.T.);
#7420 = EDGE_CURVE('',#7016,#7405,#7421,.T.);
#7421 = LINE('',#7422,#7423);
#7422 = CARTESIAN_POINT('',(3.5,2.825,-0.853));
#7423 = VECTOR('',#7424,1.);
#7424 = DIRECTION('',(0.,0.,-1.));
#7425 = PLANE('',#7426);
#7426 = AXIS2_PLACEMENT_3D('',#7427,#7428,#7429);
#7427 = CARTESIAN_POINT('',(4.45,2.825,-1.653));
#7428 = DIRECTION('',(0.,-1.,0.));
#7429 = DIRECTION('',(1.,0.,0.));
#7430 = ADVANCED_FACE('',(#7431),#7466,.T.);
#7431 = FACE_BOUND('',#7432,.T.);
#7432 = EDGE_LOOP('',(#7433,#7443,#7451,#7459));
#7433 = ORIENTED_EDGE('',*,*,#7434,.T.);
#7434 = EDGE_CURVE('',#7435,#7437,#7439,.T.);
#7435 = VERTEX_POINT('',#7436);
#7436 = CARTESIAN_POINT('',(3.42360679775,-0.675,-0.653));
#7437 = VERTEX_POINT('',#7438);
#7438 = CARTESIAN_POINT('',(2.8,-0.675,-0.653));
#7439 = LINE('',#7440,#7441);
#7440 = CARTESIAN_POINT('',(3.42360679775,-0.675,-0.653));
#7441 = VECTOR('',#7442,1.);
#7442 = DIRECTION('',(-1.,0.,0.));
#7443 = ORIENTED_EDGE('',*,*,#7444,.T.);
#7444 = EDGE_CURVE('',#7437,#7445,#7447,.T.);
#7445 = VERTEX_POINT('',#7446);
#7446 = CARTESIAN_POINT('',(2.8,-0.675,-0.553));
#7447 = LINE('',#7448,#7449);
#7448 = CARTESIAN_POINT('',(2.8,-0.675,-0.653));
#7449 = VECTOR('',#7450,1.);
#7450 = DIRECTION('',(0.,0.,1.));
#7451 = ORIENTED_EDGE('',*,*,#7452,.F.);
#7452 = EDGE_CURVE('',#7453,#7445,#7455,.T.);
#7453 = VERTEX_POINT('',#7454);
#7454 = CARTESIAN_POINT('',(3.2,-0.675,-0.553));
#7455 = LINE('',#7456,#7457);
#7456 = CARTESIAN_POINT('',(3.2,-0.675,-0.553));
#7457 = VECTOR('',#7458,1.);
#7458 = DIRECTION('',(-1.,0.,0.));
#7459 = ORIENTED_EDGE('',*,*,#7460,.T.);
#7460 = EDGE_CURVE('',#7453,#7435,#7461,.T.);
#7461 = CIRCLE('',#7462,0.3);
#7462 = AXIS2_PLACEMENT_3D('',#7463,#7464,#7465);
#7463 = CARTESIAN_POINT('',(3.2,-0.675,-0.853));
#7464 = DIRECTION('',(0.,1.,0.));
#7465 = DIRECTION('',(0.,-0.,1.));
#7466 = PLANE('',#7467);
#7467 = AXIS2_PLACEMENT_3D('',#7468,#7469,#7470);
#7468 = CARTESIAN_POINT('',(3.5,-0.675,-0.653));
#7469 = DIRECTION('',(0.,1.,0.));
#7470 = DIRECTION('',(-1.,0.,0.));
#7471 = ADVANCED_FACE('',(#7472),#7497,.T.);
#7472 = FACE_BOUND('',#7473,.T.);
#7473 = EDGE_LOOP('',(#7474,#7484,#7490,#7491));
#7474 = ORIENTED_EDGE('',*,*,#7475,.T.);
#7475 = EDGE_CURVE('',#7476,#7478,#7480,.T.);
#7476 = VERTEX_POINT('',#7477);
#7477 = CARTESIAN_POINT('',(2.8,-2.175,-0.653));
#7478 = VERTEX_POINT('',#7479);
#7479 = CARTESIAN_POINT('',(2.8,-2.175,-0.553));
#7480 = LINE('',#7481,#7482);
#7481 = CARTESIAN_POINT('',(2.8,-2.175,-0.653));
#7482 = VECTOR('',#7483,1.);
#7483 = DIRECTION('',(0.,0.,1.));
#7484 = ORIENTED_EDGE('',*,*,#7485,.F.);
#7485 = EDGE_CURVE('',#7445,#7478,#7486,.T.);
#7486 = LINE('',#7487,#7488);
#7487 = CARTESIAN_POINT('',(2.8,-0.675,-0.553));
#7488 = VECTOR('',#7489,1.);
#7489 = DIRECTION('',(0.,-1.,0.));
#7490 = ORIENTED_EDGE('',*,*,#7444,.F.);
#7491 = ORIENTED_EDGE('',*,*,#7492,.T.);
#7492 = EDGE_CURVE('',#7437,#7476,#7493,.T.);
#7493 = LINE('',#7494,#7495);
#7494 = CARTESIAN_POINT('',(2.8,-0.675,-0.653));
#7495 = VECTOR('',#7496,1.);
#7496 = DIRECTION('',(0.,-1.,0.));
#7497 = PLANE('',#7498);
#7498 = AXIS2_PLACEMENT_3D('',#7499,#7500,#7501);
#7499 = CARTESIAN_POINT('',(2.8,-0.675,-0.653));
#7500 = DIRECTION('',(-1.,0.,0.));
#7501 = DIRECTION('',(0.,-1.,0.));
#7502 = ADVANCED_FACE('',(#7503),#7529,.T.);
#7503 = FACE_BOUND('',#7504,.T.);
#7504 = EDGE_LOOP('',(#7505,#7513,#7514,#7522));
#7505 = ORIENTED_EDGE('',*,*,#7506,.F.);
#7506 = EDGE_CURVE('',#7478,#7507,#7509,.T.);
#7507 = VERTEX_POINT('',#7508);
#7508 = CARTESIAN_POINT('',(3.2,-2.175,-0.553));
#7509 = LINE('',#7510,#7511);
#7510 = CARTESIAN_POINT('',(2.8,-2.175,-0.553));
#7511 = VECTOR('',#7512,1.);
#7512 = DIRECTION('',(1.,0.,0.));
#7513 = ORIENTED_EDGE('',*,*,#7475,.F.);
#7514 = ORIENTED_EDGE('',*,*,#7515,.F.);
#7515 = EDGE_CURVE('',#7516,#7476,#7518,.T.);
#7516 = VERTEX_POINT('',#7517);
#7517 = CARTESIAN_POINT('',(3.42360679775,-2.175,-0.653));
#7518 = LINE('',#7519,#7520);
#7519 = CARTESIAN_POINT('',(3.42360679775,-2.175,-0.653));
#7520 = VECTOR('',#7521,1.);
#7521 = DIRECTION('',(-1.,0.,0.));
#7522 = ORIENTED_EDGE('',*,*,#7523,.T.);
#7523 = EDGE_CURVE('',#7516,#7507,#7524,.T.);
#7524 = CIRCLE('',#7525,0.3);
#7525 = AXIS2_PLACEMENT_3D('',#7526,#7527,#7528);
#7526 = CARTESIAN_POINT('',(3.2,-2.175,-0.853));
#7527 = DIRECTION('',(0.,-1.,0.));
#7528 = DIRECTION('',(0.7453559925,0.,0.666666666667));
#7529 = PLANE('',#7530);
#7530 = AXIS2_PLACEMENT_3D('',#7531,#7532,#7533);
#7531 = CARTESIAN_POINT('',(2.8,-2.175,-0.653));
#7532 = DIRECTION('',(0.,-1.,0.));
#7533 = DIRECTION('',(1.,0.,0.));
#7534 = ADVANCED_FACE('',(#7535),#7558,.F.);
#7535 = FACE_BOUND('',#7536,.T.);
#7536 = EDGE_LOOP('',(#7537,#7543,#7544,#7551,#7557));
#7537 = ORIENTED_EDGE('',*,*,#7538,.F.);
#7538 = EDGE_CURVE('',#6950,#136,#7539,.T.);
#7539 = LINE('',#7540,#7541);
#7540 = CARTESIAN_POINT('',(3.5,-2.175,-1.153));
#7541 = VECTOR('',#7542,1.);
#7542 = DIRECTION('',(1.,0.,0.));
#7543 = ORIENTED_EDGE('',*,*,#6949,.F.);
#7544 = ORIENTED_EDGE('',*,*,#7545,.T.);
#7545 = EDGE_CURVE('',#6942,#7516,#7546,.T.);
#7546 = CIRCLE('',#7547,0.3);
#7547 = AXIS2_PLACEMENT_3D('',#7548,#7549,#7550);
#7548 = CARTESIAN_POINT('',(3.2,-2.175,-0.853));
#7549 = DIRECTION('',(0.,-1.,0.));
#7550 = DIRECTION('',(1.,0.,0.));
#7551 = ORIENTED_EDGE('',*,*,#7552,.T.);
#7552 = EDGE_CURVE('',#7516,#144,#7553,.T.);
#7553 = LINE('',#7554,#7555);
#7554 = CARTESIAN_POINT('',(3.42360679775,-2.175,-0.653));
#7555 = VECTOR('',#7556,1.);
#7556 = DIRECTION('',(1.,0.,0.));
#7557 = ORIENTED_EDGE('',*,*,#143,.F.);
#7558 = PLANE('',#7559);
#7559 = AXIS2_PLACEMENT_3D('',#7560,#7561,#7562);
#7560 = CARTESIAN_POINT('',(4.45,-2.175,-1.653));
#7561 = DIRECTION('',(0.,-1.,0.));
#7562 = DIRECTION('',(1.,0.,0.));
#7563 = ADVANCED_FACE('',(#7564),#7575,.T.);
#7564 = FACE_BOUND('',#7565,.T.);
#7565 = EDGE_LOOP('',(#7566,#7572,#7573,#7574));
#7566 = ORIENTED_EDGE('',*,*,#7567,.F.);
#7567 = EDGE_CURVE('',#6958,#257,#7568,.T.);
#7568 = LINE('',#7569,#7570);
#7569 = CARTESIAN_POINT('',(3.5,-0.675,-1.153));
#7570 = VECTOR('',#7571,1.);
#7571 = DIRECTION('',(1.,0.,0.));
#7572 = ORIENTED_EDGE('',*,*,#6957,.T.);
#7573 = ORIENTED_EDGE('',*,*,#7538,.T.);
#7574 = ORIENTED_EDGE('',*,*,#266,.F.);
#7575 = PLANE('',#7576);
#7576 = AXIS2_PLACEMENT_3D('',#7577,#7578,#7579);
#7577 = CARTESIAN_POINT('',(3.5,-0.675,-1.153));
#7578 = DIRECTION('',(0.,0.,1.));
#7579 = DIRECTION('',(1.,0.,-0.));
#7580 = ADVANCED_FACE('',(#7581),#7599,.T.);
#7581 = FACE_BOUND('',#7582,.T.);
#7582 = EDGE_LOOP('',(#7583,#7584,#7585,#7591,#7598));
#7583 = ORIENTED_EDGE('',*,*,#7567,.T.);
#7584 = ORIENTED_EDGE('',*,*,#7389,.T.);
#7585 = ORIENTED_EDGE('',*,*,#7586,.T.);
#7586 = EDGE_CURVE('',#7382,#7435,#7587,.T.);
#7587 = LINE('',#7588,#7589);
#7588 = CARTESIAN_POINT('',(3.5,-0.675,-0.653));
#7589 = VECTOR('',#7590,1.);
#7590 = DIRECTION('',(-1.,0.,0.));
#7591 = ORIENTED_EDGE('',*,*,#7592,.T.);
#7592 = EDGE_CURVE('',#7435,#6966,#7593,.T.);
#7593 = CIRCLE('',#7594,0.3);
#7594 = AXIS2_PLACEMENT_3D('',#7595,#7596,#7597);
#7595 = CARTESIAN_POINT('',(3.2,-0.675,-0.853));
#7596 = DIRECTION('',(0.,1.,0.));
#7597 = DIRECTION('',(0.7453559925,-0.,0.666666666667));
#7598 = ORIENTED_EDGE('',*,*,#6965,.T.);
#7599 = PLANE('',#7600);
#7600 = AXIS2_PLACEMENT_3D('',#7601,#7602,#7603);
#7601 = CARTESIAN_POINT('',(4.45,-0.675,-1.653));
#7602 = DIRECTION('',(0.,-1.,0.));
#7603 = DIRECTION('',(1.,0.,0.));
#7604 = ADVANCED_FACE('',(#7605),#7643,.T.);
#7605 = FACE_BOUND('',#7606,.T.);
#7606 = EDGE_LOOP('',(#7607,#7616,#7617,#7618,#7619,#7625,#7626,#7627,
    #7628,#7637));
#7607 = ORIENTED_EDGE('',*,*,#7608,.F.);
#7608 = EDGE_CURVE('',#6918,#7609,#7611,.T.);
#7609 = VERTEX_POINT('',#7610);
#7610 = CARTESIAN_POINT('',(3.461824441124,-0.85,-0.706548772521));
#7611 = CIRCLE('',#7612,0.3);
#7612 = AXIS2_PLACEMENT_3D('',#7613,#7614,#7615);
#7613 = CARTESIAN_POINT('',(3.2,-0.85,-0.853));
#7614 = DIRECTION('',(0.,-1.,0.));
#7615 = DIRECTION('',(0.,0.,1.));
#7616 = ORIENTED_EDGE('',*,*,#6973,.T.);
#7617 = ORIENTED_EDGE('',*,*,#7592,.F.);
#7618 = ORIENTED_EDGE('',*,*,#7460,.F.);
#7619 = ORIENTED_EDGE('',*,*,#7620,.F.);
#7620 = EDGE_CURVE('',#7507,#7453,#7621,.T.);
#7621 = LINE('',#7622,#7623);
#7622 = CARTESIAN_POINT('',(3.2,-2.175,-0.553));
#7623 = VECTOR('',#7624,1.);
#7624 = DIRECTION('',(0.,1.,0.));
#7625 = ORIENTED_EDGE('',*,*,#7523,.F.);
#7626 = ORIENTED_EDGE('',*,*,#7545,.F.);
#7627 = ORIENTED_EDGE('',*,*,#6941,.T.);
#7628 = ORIENTED_EDGE('',*,*,#7629,.F.);
#7629 = EDGE_CURVE('',#7630,#6934,#7632,.T.);
#7630 = VERTEX_POINT('',#7631);
#7631 = CARTESIAN_POINT('',(3.461824441124,-2.075,-0.706548772521));
#7632 = CIRCLE('',#7633,0.3);
#7633 = AXIS2_PLACEMENT_3D('',#7634,#7635,#7636);
#7634 = CARTESIAN_POINT('',(3.2,-2.075,-0.853));
#7635 = DIRECTION('',(0.,1.,0.));
#7636 = DIRECTION('',(0.,-0.,1.));
#7637 = ORIENTED_EDGE('',*,*,#7638,.F.);
#7638 = EDGE_CURVE('',#7609,#7630,#7639,.T.);
#7639 = LINE('',#7640,#7641);
#7640 = CARTESIAN_POINT('',(3.461824441124,-2.192190900325,
    -0.706548772521));
#7641 = VECTOR('',#7642,1.);
#7642 = DIRECTION('',(0.,-1.,0.));
#7643 = CYLINDRICAL_SURFACE('',#7644,0.3);
#7644 = AXIS2_PLACEMENT_3D('',#7645,#7646,#7647);
#7645 = CARTESIAN_POINT('',(3.2,-2.192190900325,-0.853));
#7646 = DIRECTION('',(0.,1.,0.));
#7647 = DIRECTION('',(0.,-0.,1.));
#7648 = ADVANCED_FACE('',(#7649),#7655,.T.);
#7649 = FACE_BOUND('',#7650,.T.);
#7650 = EDGE_LOOP('',(#7651,#7652,#7653,#7654));
#7651 = ORIENTED_EDGE('',*,*,#7452,.T.);
#7652 = ORIENTED_EDGE('',*,*,#7485,.T.);
#7653 = ORIENTED_EDGE('',*,*,#7506,.T.);
#7654 = ORIENTED_EDGE('',*,*,#7620,.T.);
#7655 = PLANE('',#7656);
#7656 = AXIS2_PLACEMENT_3D('',#7657,#7658,#7659);
#7657 = CARTESIAN_POINT('',(-0.1,0.,-0.553));
#7658 = DIRECTION('',(0.,0.,1.));
#7659 = DIRECTION('',(1.,0.,-0.));
#7660 = ADVANCED_FACE('',(#7661),#7686,.T.);
#7661 = FACE_BOUND('',#7662,.T.);
#7662 = EDGE_LOOP('',(#7663,#7671,#7679,#7685));
#7663 = ORIENTED_EDGE('',*,*,#7664,.T.);
#7664 = EDGE_CURVE('',#7033,#7665,#7667,.T.);
#7665 = VERTEX_POINT('',#7666);
#7666 = CARTESIAN_POINT('',(2.8,2.825,-0.553));
#7667 = LINE('',#7668,#7669);
#7668 = CARTESIAN_POINT('',(3.2,2.825,-0.553));
#7669 = VECTOR('',#7670,1.);
#7670 = DIRECTION('',(-1.,0.,0.));
#7671 = ORIENTED_EDGE('',*,*,#7672,.T.);
#7672 = EDGE_CURVE('',#7665,#7673,#7675,.T.);
#7673 = VERTEX_POINT('',#7674);
#7674 = CARTESIAN_POINT('',(2.8,1.325,-0.553));
#7675 = LINE('',#7676,#7677);
#7676 = CARTESIAN_POINT('',(2.8,2.825,-0.553));
#7677 = VECTOR('',#7678,1.);
#7678 = DIRECTION('',(0.,-1.,0.));
#7679 = ORIENTED_EDGE('',*,*,#7680,.T.);
#7680 = EDGE_CURVE('',#7673,#7042,#7681,.T.);
#7681 = LINE('',#7682,#7683);
#7682 = CARTESIAN_POINT('',(2.8,1.325,-0.553));
#7683 = VECTOR('',#7684,1.);
#7684 = DIRECTION('',(1.,0.,0.));
#7685 = ORIENTED_EDGE('',*,*,#7041,.T.);
#7686 = PLANE('',#7687);
#7687 = AXIS2_PLACEMENT_3D('',#7688,#7689,#7690);
#7688 = CARTESIAN_POINT('',(-0.1,0.,-0.553));
#7689 = DIRECTION('',(0.,0.,1.));
#7690 = DIRECTION('',(1.,0.,-0.));
#7691 = ADVANCED_FACE('',(#7692),#7710,.T.);
#7692 = FACE_BOUND('',#7693,.T.);
#7693 = EDGE_LOOP('',(#7694,#7702,#7708,#7709));
#7694 = ORIENTED_EDGE('',*,*,#7695,.T.);
#7695 = EDGE_CURVE('',#7024,#7696,#7698,.T.);
#7696 = VERTEX_POINT('',#7697);
#7697 = CARTESIAN_POINT('',(2.8,2.825,-0.653));
#7698 = LINE('',#7699,#7700);
#7699 = CARTESIAN_POINT('',(3.42360679775,2.825,-0.653));
#7700 = VECTOR('',#7701,1.);
#7701 = DIRECTION('',(-1.,0.,0.));
#7702 = ORIENTED_EDGE('',*,*,#7703,.T.);
#7703 = EDGE_CURVE('',#7696,#7665,#7704,.T.);
#7704 = LINE('',#7705,#7706);
#7705 = CARTESIAN_POINT('',(2.8,2.825,-0.653));
#7706 = VECTOR('',#7707,1.);
#7707 = DIRECTION('',(0.,0.,1.));
#7708 = ORIENTED_EDGE('',*,*,#7664,.F.);
#7709 = ORIENTED_EDGE('',*,*,#7032,.T.);
#7710 = PLANE('',#7711);
#7711 = AXIS2_PLACEMENT_3D('',#7712,#7713,#7714);
#7712 = CARTESIAN_POINT('',(3.5,2.825,-0.653));
#7713 = DIRECTION('',(0.,1.,0.));
#7714 = DIRECTION('',(-1.,0.,0.));
#7715 = ADVANCED_FACE('',(#7716),#7734,.T.);
#7716 = FACE_BOUND('',#7717,.T.);
#7717 = EDGE_LOOP('',(#7718,#7726,#7727,#7728));
#7718 = ORIENTED_EDGE('',*,*,#7719,.T.);
#7719 = EDGE_CURVE('',#7720,#7673,#7722,.T.);
#7720 = VERTEX_POINT('',#7721);
#7721 = CARTESIAN_POINT('',(2.8,1.325,-0.653));
#7722 = LINE('',#7723,#7724);
#7723 = CARTESIAN_POINT('',(2.8,1.325,-0.653));
#7724 = VECTOR('',#7725,1.);
#7725 = DIRECTION('',(0.,0.,1.));
#7726 = ORIENTED_EDGE('',*,*,#7672,.F.);
#7727 = ORIENTED_EDGE('',*,*,#7703,.F.);
#7728 = ORIENTED_EDGE('',*,*,#7729,.T.);
#7729 = EDGE_CURVE('',#7696,#7720,#7730,.T.);
#7730 = LINE('',#7731,#7732);
#7731 = CARTESIAN_POINT('',(2.8,2.825,-0.653));
#7732 = VECTOR('',#7733,1.);
#7733 = DIRECTION('',(0.,-1.,0.));
#7734 = PLANE('',#7735);
#7735 = AXIS2_PLACEMENT_3D('',#7736,#7737,#7738);
#7736 = CARTESIAN_POINT('',(2.8,2.825,-0.653));
#7737 = DIRECTION('',(-1.,0.,0.));
#7738 = DIRECTION('',(0.,-1.,0.));
#7739 = ADVANCED_FACE('',(#7740),#7751,.T.);
#7740 = FACE_BOUND('',#7741,.T.);
#7741 = EDGE_LOOP('',(#7742,#7743,#7744,#7750));
#7742 = ORIENTED_EDGE('',*,*,#7680,.F.);
#7743 = ORIENTED_EDGE('',*,*,#7719,.F.);
#7744 = ORIENTED_EDGE('',*,*,#7745,.F.);
#7745 = EDGE_CURVE('',#7050,#7720,#7746,.T.);
#7746 = LINE('',#7747,#7748);
#7747 = CARTESIAN_POINT('',(3.42360679775,1.325,-0.653));
#7748 = VECTOR('',#7749,1.);
#7749 = DIRECTION('',(-1.,0.,0.));
#7750 = ORIENTED_EDGE('',*,*,#7049,.T.);
#7751 = PLANE('',#7752);
#7752 = AXIS2_PLACEMENT_3D('',#7753,#7754,#7755);
#7753 = CARTESIAN_POINT('',(2.8,1.325,-0.653));
#7754 = DIRECTION('',(0.,-1.,0.));
#7755 = DIRECTION('',(1.,0.,0.));
#7756 = ADVANCED_FACE('',(#7757),#7798,.F.);
#7757 = FACE_BOUND('',#7758,.T.);
#7758 = EDGE_LOOP('',(#7759,#7767,#7768,#7776,#7782,#7783,#7784,#7792));
#7759 = ORIENTED_EDGE('',*,*,#7760,.F.);
#7760 = EDGE_CURVE('',#6990,#7761,#7763,.T.);
#7761 = VERTEX_POINT('',#7762);
#7762 = CARTESIAN_POINT('',(3.5,1.5,-0.859833456766));
#7763 = LINE('',#7764,#7765);
#7764 = CARTESIAN_POINT('',(3.5,1.5,-2.032950156665));
#7765 = VECTOR('',#7766,1.);
#7766 = DIRECTION('',(0.,0.,-1.));
#7767 = ORIENTED_EDGE('',*,*,#7067,.F.);
#7768 = ORIENTED_EDGE('',*,*,#7769,.T.);
#7769 = EDGE_CURVE('',#7059,#7770,#7772,.T.);
#7770 = VERTEX_POINT('',#7771);
#7771 = CARTESIAN_POINT('',(3.5,1.325,-1.153));
#7772 = LINE('',#7773,#7774);
#7773 = CARTESIAN_POINT('',(3.5,1.325,-0.853));
#7774 = VECTOR('',#7775,1.);
#7775 = DIRECTION('',(0.,0.,-1.));
#7776 = ORIENTED_EDGE('',*,*,#7777,.T.);
#7777 = EDGE_CURVE('',#7770,#7405,#7778,.T.);
#7778 = LINE('',#7779,#7780);
#7779 = CARTESIAN_POINT('',(3.5,1.325,-1.153));
#7780 = VECTOR('',#7781,1.);
#7781 = DIRECTION('',(0.,1.,0.));
#7782 = ORIENTED_EDGE('',*,*,#7420,.F.);
#7783 = ORIENTED_EDGE('',*,*,#7015,.F.);
#7784 = ORIENTED_EDGE('',*,*,#7785,.F.);
#7785 = EDGE_CURVE('',#7786,#7007,#7788,.T.);
#7786 = VERTEX_POINT('',#7787);
#7787 = CARTESIAN_POINT('',(3.5,2.725,-0.859833456766));
#7788 = LINE('',#7789,#7790);
#7789 = CARTESIAN_POINT('',(3.5,2.725,2.622));
#7790 = VECTOR('',#7791,1.);
#7791 = DIRECTION('',(0.,0.,1.));
#7792 = ORIENTED_EDGE('',*,*,#7793,.F.);
#7793 = EDGE_CURVE('',#7761,#7786,#7794,.T.);
#7794 = LINE('',#7795,#7796);
#7795 = CARTESIAN_POINT('',(3.5,2.725,-0.859833456766));
#7796 = VECTOR('',#7797,1.);
#7797 = DIRECTION('',(0.,1.,0.));
#7798 = PLANE('',#7799);
#7799 = AXIS2_PLACEMENT_3D('',#7800,#7801,#7802);
#7800 = CARTESIAN_POINT('',(3.5,1.325,-0.653));
#7801 = DIRECTION('',(-1.,0.,0.));
#7802 = DIRECTION('',(0.,0.,-1.));
#7803 = ADVANCED_FACE('',(#7804),#7815,.F.);
#7804 = FACE_BOUND('',#7805,.T.);
#7805 = EDGE_LOOP('',(#7806,#7807,#7808,#7814));
#7806 = ORIENTED_EDGE('',*,*,#7404,.F.);
#7807 = ORIENTED_EDGE('',*,*,#7777,.F.);
#7808 = ORIENTED_EDGE('',*,*,#7809,.T.);
#7809 = EDGE_CURVE('',#7770,#194,#7810,.T.);
#7810 = LINE('',#7811,#7812);
#7811 = CARTESIAN_POINT('',(3.5,1.325,-1.153));
#7812 = VECTOR('',#7813,1.);
#7813 = DIRECTION('',(1.,0.,0.));
#7814 = ORIENTED_EDGE('',*,*,#193,.F.);
#7815 = PLANE('',#7816);
#7816 = AXIS2_PLACEMENT_3D('',#7817,#7818,#7819);
#7817 = CARTESIAN_POINT('',(3.5,1.325,-1.153));
#7818 = DIRECTION('',(0.,0.,-1.));
#7819 = DIRECTION('',(1.,0.,0.));
#7820 = ADVANCED_FACE('',(#7821),#7833,.F.);
#7821 = FACE_BOUND('',#7822,.T.);
#7822 = EDGE_LOOP('',(#7823,#7824,#7825,#7826,#7832));
#7823 = ORIENTED_EDGE('',*,*,#7809,.F.);
#7824 = ORIENTED_EDGE('',*,*,#7769,.F.);
#7825 = ORIENTED_EDGE('',*,*,#7058,.T.);
#7826 = ORIENTED_EDGE('',*,*,#7827,.T.);
#7827 = EDGE_CURVE('',#7050,#7373,#7828,.T.);
#7828 = LINE('',#7829,#7830);
#7829 = CARTESIAN_POINT('',(3.42360679775,1.325,-0.653));
#7830 = VECTOR('',#7831,1.);
#7831 = DIRECTION('',(1.,0.,0.));
#7832 = ORIENTED_EDGE('',*,*,#7372,.F.);
#7833 = PLANE('',#7834);
#7834 = AXIS2_PLACEMENT_3D('',#7835,#7836,#7837);
#7835 = CARTESIAN_POINT('',(4.45,1.325,-1.653));
#7836 = DIRECTION('',(0.,-1.,0.));
#7837 = DIRECTION('',(1.,0.,0.));
#7838 = ADVANCED_FACE('',(#7839),#7863,.F.);
#7839 = FACE_BOUND('',#7840,.T.);
#7840 = EDGE_LOOP('',(#7841,#7842,#7843,#7844,#7845,#7846,#7847,#7848,
    #7854,#7855,#7856,#7857,#7858,#7859,#7860,#7861,#7862));
#7841 = ORIENTED_EDGE('',*,*,#7745,.T.);
#7842 = ORIENTED_EDGE('',*,*,#7729,.F.);
#7843 = ORIENTED_EDGE('',*,*,#7695,.F.);
#7844 = ORIENTED_EDGE('',*,*,#7413,.F.);
#7845 = ORIENTED_EDGE('',*,*,#110,.T.);
#7846 = ORIENTED_EDGE('',*,*,#7274,.F.);
#7847 = ORIENTED_EDGE('',*,*,#7209,.T.);
#7848 = ORIENTED_EDGE('',*,*,#7849,.T.);
#7849 = EDGE_CURVE('',#7212,#7322,#7850,.T.);
#7850 = LINE('',#7851,#7852);
#7851 = CARTESIAN_POINT('',(-3.4,-1.975,-0.653));
#7852 = VECTOR('',#7853,1.);
#7853 = DIRECTION('',(0.707106781187,-0.707106781187,0.));
#7854 = ORIENTED_EDGE('',*,*,#7321,.F.);
#7855 = ORIENTED_EDGE('',*,*,#152,.T.);
#7856 = ORIENTED_EDGE('',*,*,#7552,.F.);
#7857 = ORIENTED_EDGE('',*,*,#7515,.T.);
#7858 = ORIENTED_EDGE('',*,*,#7492,.F.);
#7859 = ORIENTED_EDGE('',*,*,#7434,.F.);
#7860 = ORIENTED_EDGE('',*,*,#7586,.F.);
#7861 = ORIENTED_EDGE('',*,*,#7381,.T.);
#7862 = ORIENTED_EDGE('',*,*,#7827,.F.);
#7863 = PLANE('',#7864);
#7864 = AXIS2_PLACEMENT_3D('',#7865,#7866,#7867);
#7865 = CARTESIAN_POINT('',(4.45,-3.225,-0.653));
#7866 = DIRECTION('',(0.,0.,-1.));
#7867 = DIRECTION('',(0.,-1.,0.));
#7868 = ADVANCED_FACE('',(#7869),#7880,.F.);
#7869 = FACE_BOUND('',#7870,.T.);
#7870 = EDGE_LOOP('',(#7871,#7872,#7878,#7879));
#7871 = ORIENTED_EDGE('',*,*,#7260,.T.);
#7872 = ORIENTED_EDGE('',*,*,#7873,.F.);
#7873 = EDGE_CURVE('',#7330,#7253,#7874,.T.);
#7874 = LINE('',#7875,#7876);
#7875 = CARTESIAN_POINT('',(-1.71875,-3.65625,-1.653));
#7876 = VECTOR('',#7877,1.);
#7877 = DIRECTION('',(-0.707106781187,0.707106781187,0.));
#7878 = ORIENTED_EDGE('',*,*,#7329,.F.);
#7879 = ORIENTED_EDGE('',*,*,#7849,.F.);
#7880 = PLANE('',#7881);
#7881 = AXIS2_PLACEMENT_3D('',#7882,#7883,#7884);
#7882 = CARTESIAN_POINT('',(-3.4,-1.975,-1.653));
#7883 = DIRECTION('',(0.707106781187,0.707106781187,0.));
#7884 = DIRECTION('',(0.707106781187,-0.707106781187,0.));
#7885 = ADVANCED_FACE('',(#7886),#7974,.T.);
#7886 = FACE_BOUND('',#7887,.T.);
#7887 = EDGE_LOOP('',(#7888,#7896,#7897,#7905,#7912,#7913,#7914,#7915,
    #7916,#7917,#7926,#7934,#7940,#7941,#7949,#7957,#7964,#7965,#7966,
    #7967));
#7888 = ORIENTED_EDGE('',*,*,#7889,.F.);
#7889 = EDGE_CURVE('',#7290,#7890,#7892,.T.);
#7890 = VERTEX_POINT('',#7891);
#7891 = CARTESIAN_POINT('',(-3.15,1.293245836552,-1.653));
#7892 = LINE('',#7893,#7894);
#7893 = CARTESIAN_POINT('',(-3.15,3.475,-1.653));
#7894 = VECTOR('',#7895,1.);
#7895 = DIRECTION('',(0.,-1.,0.));
#7896 = ORIENTED_EDGE('',*,*,#7289,.T.);
#7897 = ORIENTED_EDGE('',*,*,#7898,.F.);
#7898 = EDGE_CURVE('',#7899,#7282,#7901,.T.);
#7899 = VERTEX_POINT('',#7900);
#7900 = CARTESIAN_POINT('',(3.15,1.293245836552,-1.653));
#7901 = LINE('',#7902,#7903);
#7902 = CARTESIAN_POINT('',(3.15,1.293245836552,-1.653));
#7903 = VECTOR('',#7904,1.);
#7904 = DIRECTION('',(0.,1.,0.));
#7905 = ORIENTED_EDGE('',*,*,#7906,.F.);
#7906 = EDGE_CURVE('',#227,#7899,#7907,.T.);
#7907 = CIRCLE('',#7908,1.);
#7908 = AXIS2_PLACEMENT_3D('',#7909,#7910,#7911);
#7909 = CARTESIAN_POINT('',(2.9,0.325,-1.653));
#7910 = DIRECTION('',(0.,0.,1.));
#7911 = DIRECTION('',(0.7,0.714142842854,-0.));
#7912 = ORIENTED_EDGE('',*,*,#226,.F.);
#7913 = ORIENTED_EDGE('',*,*,#7120,.F.);
#7914 = ORIENTED_EDGE('',*,*,#7092,.T.);
#7915 = ORIENTED_EDGE('',*,*,#7127,.T.);
#7916 = ORIENTED_EDGE('',*,*,#289,.F.);
#7917 = ORIENTED_EDGE('',*,*,#7918,.F.);
#7918 = EDGE_CURVE('',#7919,#282,#7921,.T.);
#7919 = VERTEX_POINT('',#7920);
#7920 = CARTESIAN_POINT('',(3.15,-0.643245836552,-1.653));
#7921 = CIRCLE('',#7922,1.);
#7922 = AXIS2_PLACEMENT_3D('',#7923,#7924,#7925);
#7923 = CARTESIAN_POINT('',(2.9,0.325,-1.653));
#7924 = DIRECTION('',(0.,0.,1.));
#7925 = DIRECTION('',(0.25,-0.968245836552,0.));
#7926 = ORIENTED_EDGE('',*,*,#7927,.F.);
#7927 = EDGE_CURVE('',#7928,#7919,#7930,.T.);
#7928 = VERTEX_POINT('',#7929);
#7929 = CARTESIAN_POINT('',(3.15,-1.825,-1.653));
#7930 = LINE('',#7931,#7932);
#7931 = CARTESIAN_POINT('',(3.15,-1.825,-1.653));
#7932 = VECTOR('',#7933,1.);
#7933 = DIRECTION('',(0.,1.,0.));
#7934 = ORIENTED_EDGE('',*,*,#7935,.F.);
#7935 = EDGE_CURVE('',#7313,#7928,#7936,.T.);
#7936 = LINE('',#7937,#7938);
#7937 = CARTESIAN_POINT('',(2.15,-2.825,-1.653));
#7938 = VECTOR('',#7939,1.);
#7939 = DIRECTION('',(0.707106781187,0.707106781187,0.));
#7940 = ORIENTED_EDGE('',*,*,#7345,.T.);
#7941 = ORIENTED_EDGE('',*,*,#7942,.F.);
#7942 = EDGE_CURVE('',#7943,#7338,#7945,.T.);
#7943 = VERTEX_POINT('',#7944);
#7944 = CARTESIAN_POINT('',(-3.15,-1.825,-1.653));
#7945 = LINE('',#7946,#7947);
#7946 = CARTESIAN_POINT('',(-3.15,-1.825,-1.653));
#7947 = VECTOR('',#7948,1.);
#7948 = DIRECTION('',(0.707106781187,-0.707106781187,0.));
#7949 = ORIENTED_EDGE('',*,*,#7950,.F.);
#7950 = EDGE_CURVE('',#7951,#7943,#7953,.T.);
#7951 = VERTEX_POINT('',#7952);
#7952 = CARTESIAN_POINT('',(-3.15,-0.643245836552,-1.653));
#7953 = LINE('',#7954,#7955);
#7954 = CARTESIAN_POINT('',(-3.15,-0.643245836552,-1.653));
#7955 = VECTOR('',#7956,1.);
#7956 = DIRECTION('',(0.,-1.,0.));
#7957 = ORIENTED_EDGE('',*,*,#7958,.T.);
#7958 = EDGE_CURVE('',#7951,#7245,#7959,.T.);
#7959 = CIRCLE('',#7960,1.);
#7960 = AXIS2_PLACEMENT_3D('',#7961,#7962,#7963);
#7961 = CARTESIAN_POINT('',(-2.9,0.325,-1.653));
#7962 = DIRECTION('',(0.,0.,-1.));
#7963 = DIRECTION('',(-0.25,-0.968245836552,-0.));
#7964 = ORIENTED_EDGE('',*,*,#7244,.F.);
#7965 = ORIENTED_EDGE('',*,*,#7186,.T.);
#7966 = ORIENTED_EDGE('',*,*,#7235,.F.);
#7967 = ORIENTED_EDGE('',*,*,#7968,.T.);
#7968 = EDGE_CURVE('',#7228,#7890,#7969,.T.);
#7969 = CIRCLE('',#7970,1.);
#7970 = AXIS2_PLACEMENT_3D('',#7971,#7972,#7973);
#7971 = CARTESIAN_POINT('',(-2.9,0.325,-1.653));
#7972 = DIRECTION('',(0.,0.,-1.));
#7973 = DIRECTION('',(-0.85,0.526782687643,0.));
#7974 = PLANE('',#7975);
#7975 = AXIS2_PLACEMENT_3D('',#7976,#7977,#7978);
#7976 = CARTESIAN_POINT('',(4.45,-3.225,-1.653));
#7977 = DIRECTION('',(0.,0.,-1.));
#7978 = DIRECTION('',(0.,-1.,0.));
#7979 = ADVANCED_FACE('',(#7980),#8031,.F.);
#7980 = FACE_BOUND('',#7981,.F.);
#7981 = EDGE_LOOP('',(#7982,#7991,#7999,#8007,#8015,#8023,#8029,#8030));
#7982 = ORIENTED_EDGE('',*,*,#7983,.T.);
#7983 = EDGE_CURVE('',#282,#7984,#7986,.T.);
#7984 = VERTEX_POINT('',#7985);
#7985 = CARTESIAN_POINT('',(3.6,-0.389142842854,-1.653));
#7986 = CIRCLE('',#7987,1.);
#7987 = AXIS2_PLACEMENT_3D('',#7988,#7989,#7990);
#7988 = CARTESIAN_POINT('',(2.9,0.325,-1.653));
#7989 = DIRECTION('',(0.,0.,1.));
#7990 = DIRECTION('',(0.25,-0.968245836552,0.));
#7991 = ORIENTED_EDGE('',*,*,#7992,.T.);
#7992 = EDGE_CURVE('',#7984,#7993,#7995,.T.);
#7993 = VERTEX_POINT('',#7994);
#7994 = CARTESIAN_POINT('',(3.6,-3.45,-1.653));
#7995 = LINE('',#7996,#7997);
#7996 = CARTESIAN_POINT('',(3.6,-0.389142842854,-1.653));
#7997 = VECTOR('',#7998,1.);
#7998 = DIRECTION('',(0.,-1.,0.));
#7999 = ORIENTED_EDGE('',*,*,#8000,.T.);
#8000 = EDGE_CURVE('',#7993,#8001,#8003,.T.);
#8001 = VERTEX_POINT('',#8002);
#8002 = CARTESIAN_POINT('',(2.95,-3.45,-1.653));
#8003 = LINE('',#8004,#8005);
#8004 = CARTESIAN_POINT('',(3.6,-3.45,-1.653));
#8005 = VECTOR('',#8006,1.);
#8006 = DIRECTION('',(-1.,0.,0.));
#8007 = ORIENTED_EDGE('',*,*,#8008,.F.);
#8008 = EDGE_CURVE('',#8009,#8001,#8011,.T.);
#8009 = VERTEX_POINT('',#8010);
#8010 = CARTESIAN_POINT('',(2.95,-2.825,-1.653));
#8011 = LINE('',#8012,#8013);
#8012 = CARTESIAN_POINT('',(2.95,-2.825,-1.653));
#8013 = VECTOR('',#8014,1.);
#8014 = DIRECTION('',(0.,-1.,0.));
#8015 = ORIENTED_EDGE('',*,*,#8016,.F.);
#8016 = EDGE_CURVE('',#8017,#8009,#8019,.T.);
#8017 = VERTEX_POINT('',#8018);
#8018 = CARTESIAN_POINT('',(2.15,-2.825,-1.653));
#8019 = LINE('',#8020,#8021);
#8020 = CARTESIAN_POINT('',(2.15,-2.825,-1.653));
#8021 = VECTOR('',#8022,1.);
#8022 = DIRECTION('',(1.,0.,0.));
#8023 = ORIENTED_EDGE('',*,*,#8024,.T.);
#8024 = EDGE_CURVE('',#8017,#7313,#8025,.T.);
#8025 = LINE('',#8026,#8027);
#8026 = CARTESIAN_POINT('',(2.15,-2.825,-1.653));
#8027 = VECTOR('',#8028,1.);
#8028 = DIRECTION('',(0.707106781187,0.707106781187,0.));
#8029 = ORIENTED_EDGE('',*,*,#7312,.F.);
#8030 = ORIENTED_EDGE('',*,*,#281,.F.);
#8031 = PLANE('',#8032);
#8032 = AXIS2_PLACEMENT_3D('',#8033,#8034,#8035);
#8033 = CARTESIAN_POINT('',(0.,-5.3,-1.653));
#8034 = DIRECTION('',(0.,0.,-1.));
#8035 = DIRECTION('',(1.,0.,0.));
#8036 = ADVANCED_FACE('',(#8037),#8064,.T.);
#8037 = FACE_BOUND('',#8038,.T.);
#8038 = EDGE_LOOP('',(#8039,#8040,#8049,#8057));
#8039 = ORIENTED_EDGE('',*,*,#6925,.T.);
#8040 = ORIENTED_EDGE('',*,*,#8041,.T.);
#8041 = EDGE_CURVE('',#6916,#8042,#8044,.T.);
#8042 = VERTEX_POINT('',#8043);
#8043 = CARTESIAN_POINT('',(3.78,-0.85,-1.13035042893));
#8044 = CIRCLE('',#8045,0.5);
#8045 = AXIS2_PLACEMENT_3D('',#8046,#8047,#8048);
#8046 = CARTESIAN_POINT('',(3.96,-0.85,-0.663874277343));
#8047 = DIRECTION('',(0.,-1.,0.));
#8048 = DIRECTION('',(-0.969956993876,0.,0.243276447751));
#8049 = ORIENTED_EDGE('',*,*,#8050,.T.);
#8050 = EDGE_CURVE('',#8042,#8051,#8053,.T.);
#8051 = VERTEX_POINT('',#8052);
#8052 = CARTESIAN_POINT('',(3.78,-2.075,-1.13035042893));
#8053 = LINE('',#8054,#8055);
#8054 = CARTESIAN_POINT('',(3.78,-0.85,-1.13035042893));
#8055 = VECTOR('',#8056,1.);
#8056 = DIRECTION('',(0.,-1.,0.));
#8057 = ORIENTED_EDGE('',*,*,#8058,.F.);
#8058 = EDGE_CURVE('',#6926,#8051,#8059,.T.);
#8059 = CIRCLE('',#8060,0.5);
#8060 = AXIS2_PLACEMENT_3D('',#8061,#8062,#8063);
#8061 = CARTESIAN_POINT('',(3.96,-2.075,-0.663874277343));
#8062 = DIRECTION('',(0.,-1.,0.));
#8063 = DIRECTION('',(-0.969956993876,0.,0.243276447751));
#8064 = CYLINDRICAL_SURFACE('',#8065,0.5);
#8065 = AXIS2_PLACEMENT_3D('',#8066,#8067,#8068);
#8066 = CARTESIAN_POINT('',(3.96,2.725,-0.663874277343));
#8067 = DIRECTION('',(0.,-1.,0.));
#8068 = DIRECTION('',(1.,0.,0.));
#8069 = ADVANCED_FACE('',(#8070),#8097,.T.);
#8070 = FACE_BOUND('',#8071,.T.);
#8071 = EDGE_LOOP('',(#8072,#8073,#8082,#8090));
#8072 = ORIENTED_EDGE('',*,*,#7638,.T.);
#8073 = ORIENTED_EDGE('',*,*,#8074,.F.);
#8074 = EDGE_CURVE('',#8075,#7630,#8077,.T.);
#8075 = VERTEX_POINT('',#8076);
#8076 = CARTESIAN_POINT('',(3.475021503062,-2.075,-0.542236053467));
#8077 = CIRCLE('',#8078,0.5);
#8078 = AXIS2_PLACEMENT_3D('',#8079,#8080,#8081);
#8079 = CARTESIAN_POINT('',(3.96,-2.075,-0.663874277343));
#8080 = DIRECTION('',(0.,-1.,0.));
#8081 = DIRECTION('',(-0.969956993876,0.,0.243276447751));
#8082 = ORIENTED_EDGE('',*,*,#8083,.F.);
#8083 = EDGE_CURVE('',#8084,#8075,#8086,.T.);
#8084 = VERTEX_POINT('',#8085);
#8085 = CARTESIAN_POINT('',(3.475021503062,-0.85,-0.542236053467));
#8086 = LINE('',#8087,#8088);
#8087 = CARTESIAN_POINT('',(3.475021503062,-0.85,-0.542236053467));
#8088 = VECTOR('',#8089,1.);
#8089 = DIRECTION('',(0.,-1.,0.));
#8090 = ORIENTED_EDGE('',*,*,#8091,.T.);
#8091 = EDGE_CURVE('',#8084,#7609,#8092,.T.);
#8092 = CIRCLE('',#8093,0.5);
#8093 = AXIS2_PLACEMENT_3D('',#8094,#8095,#8096);
#8094 = CARTESIAN_POINT('',(3.96,-0.85,-0.663874277343));
#8095 = DIRECTION('',(0.,-1.,0.));
#8096 = DIRECTION('',(-0.969956993876,0.,0.243276447751));
#8097 = CYLINDRICAL_SURFACE('',#8098,0.5);
#8098 = AXIS2_PLACEMENT_3D('',#8099,#8100,#8101);
#8099 = CARTESIAN_POINT('',(3.96,2.725,-0.663874277343));
#8100 = DIRECTION('',(0.,-1.,0.));
#8101 = DIRECTION('',(-0.996790131927,0.,8.005893387778E-02));
#8102 = ADVANCED_FACE('',(#8103),#8157,.T.);
#8103 = FACE_BOUND('',#8104,.T.);
#8104 = EDGE_LOOP('',(#8105,#8106,#8107,#8108,#8116,#8125,#8133,#8141,
    #8150,#8156));
#8105 = ORIENTED_EDGE('',*,*,#7629,.T.);
#8106 = ORIENTED_EDGE('',*,*,#6933,.T.);
#8107 = ORIENTED_EDGE('',*,*,#8058,.T.);
#8108 = ORIENTED_EDGE('',*,*,#8109,.T.);
#8109 = EDGE_CURVE('',#8051,#8110,#8112,.T.);
#8110 = VERTEX_POINT('',#8111);
#8111 = CARTESIAN_POINT('',(3.860080841353,-2.075,-0.976843782199));
#8112 = LINE('',#8113,#8114);
#8113 = CARTESIAN_POINT('',(3.78,-2.075,-1.13035042893));
#8114 = VECTOR('',#8115,1.);
#8115 = DIRECTION('',(0.462522500293,0.,0.8866075438));
#8116 = ORIENTED_EDGE('',*,*,#8117,.T.);
#8117 = EDGE_CURVE('',#8110,#8118,#8120,.T.);
#8118 = VERTEX_POINT('',#8119);
#8119 = CARTESIAN_POINT('',(3.682017202449,-2.075,-0.539042458976));
#8120 = CIRCLE('',#8121,0.4);
#8121 = AXIS2_PLACEMENT_3D('',#8122,#8123,#8124);
#8122 = CARTESIAN_POINT('',(4.07,-2.075,-0.636353038076));
#8123 = DIRECTION('',(0.,1.,0.));
#8124 = DIRECTION('',(-0.524797896616,0.,-0.851226860306));
#8125 = ORIENTED_EDGE('',*,*,#8126,.T.);
#8126 = EDGE_CURVE('',#8118,#8127,#8129,.T.);
#8127 = VERTEX_POINT('',#8128);
#8128 = CARTESIAN_POINT('',(4.3,-2.075,1.924890001894));
#8129 = LINE('',#8130,#8131);
#8130 = CARTESIAN_POINT('',(3.682017202449,-2.075,-0.539042458976));
#8131 = VECTOR('',#8132,1.);
#8132 = DIRECTION('',(0.243276447751,0.,0.969956993876));
#8133 = ORIENTED_EDGE('',*,*,#8134,.F.);
#8134 = EDGE_CURVE('',#8135,#8127,#8137,.T.);
#8135 = VERTEX_POINT('',#8136);
#8136 = CARTESIAN_POINT('',(4.3,-2.075,2.808746639269));
#8137 = LINE('',#8138,#8139);
#8138 = CARTESIAN_POINT('',(4.3,-2.075,2.808746639269));
#8139 = VECTOR('',#8140,1.);
#8140 = DIRECTION('',(0.,0.,-1.));
#8141 = ORIENTED_EDGE('',*,*,#8142,.T.);
#8142 = EDGE_CURVE('',#8135,#8143,#8145,.T.);
#8143 = VERTEX_POINT('',#8144);
#8144 = CARTESIAN_POINT('',(4.284978496938,-2.075,2.687108415393));
#8145 = CIRCLE('',#8146,0.5);
#8146 = AXIS2_PLACEMENT_3D('',#8147,#8148,#8149);
#8147 = CARTESIAN_POINT('',(3.8,-2.075,2.808746639269));
#8148 = DIRECTION('',(-0.,1.,0.));
#8149 = DIRECTION('',(1.,0.,0.));
#8150 = ORIENTED_EDGE('',*,*,#8151,.T.);
#8151 = EDGE_CURVE('',#8143,#8075,#8152,.T.);
#8152 = LINE('',#8153,#8154);
#8153 = CARTESIAN_POINT('',(4.284978496938,-2.075,2.687108415393));
#8154 = VECTOR('',#8155,1.);
#8155 = DIRECTION('',(-0.243276447751,0.,-0.969956993876));
#8156 = ORIENTED_EDGE('',*,*,#8074,.T.);
#8157 = PLANE('',#8158);
#8158 = AXIS2_PLACEMENT_3D('',#8159,#8160,#8161);
#8159 = CARTESIAN_POINT('',(4.3,-2.075,-0.555341876075));
#8160 = DIRECTION('',(0.,-1.,0.));
#8161 = DIRECTION('',(0.,0.,1.));
#8162 = ADVANCED_FACE('',(#8163),#8190,.T.);
#8163 = FACE_BOUND('',#8164,.T.);
#8164 = EDGE_LOOP('',(#8165,#8166,#8175,#8183));
#8165 = ORIENTED_EDGE('',*,*,#6998,.T.);
#8166 = ORIENTED_EDGE('',*,*,#8167,.F.);
#8167 = EDGE_CURVE('',#8168,#6988,#8170,.T.);
#8168 = VERTEX_POINT('',#8169);
#8169 = CARTESIAN_POINT('',(3.475021503062,1.5,-0.542236053467));
#8170 = CIRCLE('',#8171,0.5);
#8171 = AXIS2_PLACEMENT_3D('',#8172,#8173,#8174);
#8172 = CARTESIAN_POINT('',(3.96,1.5,-0.663874277343));
#8173 = DIRECTION('',(0.,-1.,0.));
#8174 = DIRECTION('',(-0.969956993876,0.,0.243276447751));
#8175 = ORIENTED_EDGE('',*,*,#8176,.F.);
#8176 = EDGE_CURVE('',#8177,#8168,#8179,.T.);
#8177 = VERTEX_POINT('',#8178);
#8178 = CARTESIAN_POINT('',(3.475021503062,2.725,-0.542236053467));
#8179 = LINE('',#8180,#8181);
#8180 = CARTESIAN_POINT('',(3.475021503062,2.725,-0.542236053467));
#8181 = VECTOR('',#8182,1.);
#8182 = DIRECTION('',(0.,-1.,0.));
#8183 = ORIENTED_EDGE('',*,*,#8184,.T.);
#8184 = EDGE_CURVE('',#8177,#6999,#8185,.T.);
#8185 = CIRCLE('',#8186,0.5);
#8186 = AXIS2_PLACEMENT_3D('',#8187,#8188,#8189);
#8187 = CARTESIAN_POINT('',(3.96,2.725,-0.663874277343));
#8188 = DIRECTION('',(0.,-1.,0.));
#8189 = DIRECTION('',(-0.969956993876,0.,0.243276447751));
#8190 = CYLINDRICAL_SURFACE('',#8191,0.5);
#8191 = AXIS2_PLACEMENT_3D('',#8192,#8193,#8194);
#8192 = CARTESIAN_POINT('',(3.96,2.725,-0.663874277343));
#8193 = DIRECTION('',(0.,-1.,0.));
#8194 = DIRECTION('',(-0.996790131927,0.,8.005893387778E-02));
#8195 = ADVANCED_FACE('',(#8196),#8223,.T.);
#8196 = FACE_BOUND('',#8197,.T.);
#8197 = EDGE_LOOP('',(#8198,#8199,#8208,#8216));
#8198 = ORIENTED_EDGE('',*,*,#7793,.T.);
#8199 = ORIENTED_EDGE('',*,*,#8200,.T.);
#8200 = EDGE_CURVE('',#7786,#8201,#8203,.T.);
#8201 = VERTEX_POINT('',#8202);
#8202 = CARTESIAN_POINT('',(3.78,2.725,-1.13035042893));
#8203 = CIRCLE('',#8204,0.5);
#8204 = AXIS2_PLACEMENT_3D('',#8205,#8206,#8207);
#8205 = CARTESIAN_POINT('',(3.96,2.725,-0.663874277343));
#8206 = DIRECTION('',(0.,-1.,0.));
#8207 = DIRECTION('',(-0.969956993876,0.,0.243276447751));
#8208 = ORIENTED_EDGE('',*,*,#8209,.T.);
#8209 = EDGE_CURVE('',#8201,#8210,#8212,.T.);
#8210 = VERTEX_POINT('',#8211);
#8211 = CARTESIAN_POINT('',(3.78,1.5,-1.13035042893));
#8212 = LINE('',#8213,#8214);
#8213 = CARTESIAN_POINT('',(3.78,2.725,-1.13035042893));
#8214 = VECTOR('',#8215,1.);
#8215 = DIRECTION('',(0.,-1.,0.));
#8216 = ORIENTED_EDGE('',*,*,#8217,.F.);
#8217 = EDGE_CURVE('',#7761,#8210,#8218,.T.);
#8218 = CIRCLE('',#8219,0.5);
#8219 = AXIS2_PLACEMENT_3D('',#8220,#8221,#8222);
#8220 = CARTESIAN_POINT('',(3.96,1.5,-0.663874277343));
#8221 = DIRECTION('',(0.,-1.,0.));
#8222 = DIRECTION('',(-0.969956993876,0.,0.243276447751));
#8223 = CYLINDRICAL_SURFACE('',#8224,0.5);
#8224 = AXIS2_PLACEMENT_3D('',#8225,#8226,#8227);
#8225 = CARTESIAN_POINT('',(3.96,2.725,-0.663874277343));
#8226 = DIRECTION('',(0.,-1.,0.));
#8227 = DIRECTION('',(1.,0.,0.));
#8228 = ADVANCED_FACE('',(#8229),#8283,.F.);
#8229 = FACE_BOUND('',#8230,.T.);
#8230 = EDGE_LOOP('',(#8231,#8232,#8233,#8234,#8242,#8251,#8259,#8267,
    #8276,#8282));
#8231 = ORIENTED_EDGE('',*,*,#7785,.T.);
#8232 = ORIENTED_EDGE('',*,*,#7006,.T.);
#8233 = ORIENTED_EDGE('',*,*,#8184,.F.);
#8234 = ORIENTED_EDGE('',*,*,#8235,.F.);
#8235 = EDGE_CURVE('',#8236,#8177,#8238,.T.);
#8236 = VERTEX_POINT('',#8237);
#8237 = CARTESIAN_POINT('',(4.284978496938,2.725,2.687108415393));
#8238 = LINE('',#8239,#8240);
#8239 = CARTESIAN_POINT('',(4.284978496938,2.725,2.687108415393));
#8240 = VECTOR('',#8241,1.);
#8241 = DIRECTION('',(-0.243276447751,0.,-0.969956993876));
#8242 = ORIENTED_EDGE('',*,*,#8243,.T.);
#8243 = EDGE_CURVE('',#8236,#8244,#8246,.T.);
#8244 = VERTEX_POINT('',#8245);
#8245 = CARTESIAN_POINT('',(4.3,2.725,2.808746639269));
#8246 = CIRCLE('',#8247,0.5);
#8247 = AXIS2_PLACEMENT_3D('',#8248,#8249,#8250);
#8248 = CARTESIAN_POINT('',(3.8,2.725,2.808746639269));
#8249 = DIRECTION('',(0.,-1.,0.));
#8250 = DIRECTION('',(0.969956993876,0.,-0.243276447751));
#8251 = ORIENTED_EDGE('',*,*,#8252,.F.);
#8252 = EDGE_CURVE('',#8253,#8244,#8255,.T.);
#8253 = VERTEX_POINT('',#8254);
#8254 = CARTESIAN_POINT('',(4.3,2.725,1.924890001894));
#8255 = LINE('',#8256,#8257);
#8256 = CARTESIAN_POINT('',(4.3,2.725,1.924890001894));
#8257 = VECTOR('',#8258,1.);
#8258 = DIRECTION('',(0.,0.,1.));
#8259 = ORIENTED_EDGE('',*,*,#8260,.F.);
#8260 = EDGE_CURVE('',#8261,#8253,#8263,.T.);
#8261 = VERTEX_POINT('',#8262);
#8262 = CARTESIAN_POINT('',(3.682017202449,2.725,-0.539042458976));
#8263 = LINE('',#8264,#8265);
#8264 = CARTESIAN_POINT('',(3.682017202449,2.725,-0.539042458976));
#8265 = VECTOR('',#8266,1.);
#8266 = DIRECTION('',(0.243276447751,0.,0.969956993876));
#8267 = ORIENTED_EDGE('',*,*,#8268,.F.);
#8268 = EDGE_CURVE('',#8269,#8261,#8271,.T.);
#8269 = VERTEX_POINT('',#8270);
#8270 = CARTESIAN_POINT('',(3.860080841353,2.725,-0.976843782199));
#8271 = CIRCLE('',#8272,0.4);
#8272 = AXIS2_PLACEMENT_3D('',#8273,#8274,#8275);
#8273 = CARTESIAN_POINT('',(4.07,2.725,-0.636353038076));
#8274 = DIRECTION('',(0.,1.,0.));
#8275 = DIRECTION('',(-0.524797896616,0.,-0.851226860306));
#8276 = ORIENTED_EDGE('',*,*,#8277,.F.);
#8277 = EDGE_CURVE('',#8201,#8269,#8278,.T.);
#8278 = LINE('',#8279,#8280);
#8279 = CARTESIAN_POINT('',(3.78,2.725,-1.13035042893));
#8280 = VECTOR('',#8281,1.);
#8281 = DIRECTION('',(0.462522500293,0.,0.8866075438));
#8282 = ORIENTED_EDGE('',*,*,#8200,.F.);
#8283 = PLANE('',#8284);
#8284 = AXIS2_PLACEMENT_3D('',#8285,#8286,#8287);
#8285 = CARTESIAN_POINT('',(4.3,2.725,5.897));
#8286 = DIRECTION('',(0.,-1.,0.));
#8287 = DIRECTION('',(1.,0.,0.));
#8288 = ADVANCED_FACE('',(#8289),#8325,.T.);
#8289 = FACE_BOUND('',#8290,.T.);
#8290 = EDGE_LOOP('',(#8291,#8301,#8310,#8318));
#8291 = ORIENTED_EDGE('',*,*,#8292,.F.);
#8292 = EDGE_CURVE('',#8293,#8295,#8297,.T.);
#8293 = VERTEX_POINT('',#8294);
#8294 = CARTESIAN_POINT('',(4.5,2.925,0.447));
#8295 = VERTEX_POINT('',#8296);
#8296 = CARTESIAN_POINT('',(4.3,2.925,0.447));
#8297 = LINE('',#8298,#8299);
#8298 = CARTESIAN_POINT('',(4.5,2.925,0.447));
#8299 = VECTOR('',#8300,1.);
#8300 = DIRECTION('',(-1.,0.,0.));
#8301 = ORIENTED_EDGE('',*,*,#8302,.F.);
#8302 = EDGE_CURVE('',#8303,#8293,#8305,.T.);
#8303 = VERTEX_POINT('',#8304);
#8304 = CARTESIAN_POINT('',(4.5,2.725,0.647));
#8305 = CIRCLE('',#8306,0.2);
#8306 = AXIS2_PLACEMENT_3D('',#8307,#8308,#8309);
#8307 = CARTESIAN_POINT('',(4.5,2.925,0.647));
#8308 = DIRECTION('',(1.,0.,0.));
#8309 = DIRECTION('',(0.,-1.,0.));
#8310 = ORIENTED_EDGE('',*,*,#8311,.T.);
#8311 = EDGE_CURVE('',#8303,#8312,#8314,.T.);
#8312 = VERTEX_POINT('',#8313);
#8313 = CARTESIAN_POINT('',(4.3,2.725,0.647));
#8314 = LINE('',#8315,#8316);
#8315 = CARTESIAN_POINT('',(4.5,2.725,0.647));
#8316 = VECTOR('',#8317,1.);
#8317 = DIRECTION('',(-1.,0.,0.));
#8318 = ORIENTED_EDGE('',*,*,#8319,.F.);
#8319 = EDGE_CURVE('',#8295,#8312,#8320,.T.);
#8320 = CIRCLE('',#8321,0.2);
#8321 = AXIS2_PLACEMENT_3D('',#8322,#8323,#8324);
#8322 = CARTESIAN_POINT('',(4.3,2.925,0.647));
#8323 = DIRECTION('',(-1.,0.,0.));
#8324 = DIRECTION('',(0.,0.,-1.));
#8325 = CYLINDRICAL_SURFACE('',#8326,0.2);
#8326 = AXIS2_PLACEMENT_3D('',#8327,#8328,#8329);
#8327 = CARTESIAN_POINT('',(4.513123414522,2.925,0.647));
#8328 = DIRECTION('',(-1.,0.,0.));
#8329 = DIRECTION('',(0.,0.,-1.));
#8330 = ADVANCED_FACE('',(#8331),#8363,.F.);
#8331 = FACE_BOUND('',#8332,.T.);
#8332 = EDGE_LOOP('',(#8333,#8339,#8340,#8348,#8357));
#8333 = ORIENTED_EDGE('',*,*,#8334,.F.);
#8334 = EDGE_CURVE('',#8312,#8253,#8335,.T.);
#8335 = LINE('',#8336,#8337);
#8336 = CARTESIAN_POINT('',(4.3,2.725,0.647));
#8337 = VECTOR('',#8338,1.);
#8338 = DIRECTION('',(0.,0.,1.));
#8339 = ORIENTED_EDGE('',*,*,#8311,.F.);
#8340 = ORIENTED_EDGE('',*,*,#8341,.F.);
#8341 = EDGE_CURVE('',#8342,#8303,#8344,.T.);
#8342 = VERTEX_POINT('',#8343);
#8343 = CARTESIAN_POINT('',(4.5,2.725,2.784047983561));
#8344 = LINE('',#8345,#8346);
#8345 = CARTESIAN_POINT('',(4.5,2.725,2.784047983561));
#8346 = VECTOR('',#8347,1.);
#8347 = DIRECTION('',(0.,0.,-1.));
#8348 = ORIENTED_EDGE('',*,*,#8349,.T.);
#8349 = EDGE_CURVE('',#8342,#8350,#8352,.T.);
#8350 = VERTEX_POINT('',#8351);
#8351 = CARTESIAN_POINT('',(4.484978496938,2.725,2.662409759686));
#8352 = CIRCLE('',#8353,0.5);
#8353 = AXIS2_PLACEMENT_3D('',#8354,#8355,#8356);
#8354 = CARTESIAN_POINT('',(4.,2.725,2.784047983561));
#8355 = DIRECTION('',(-0.,1.,0.));
#8356 = DIRECTION('',(1.,0.,0.));
#8357 = ORIENTED_EDGE('',*,*,#8358,.F.);
#8358 = EDGE_CURVE('',#8253,#8350,#8359,.T.);
#8359 = LINE('',#8360,#8361);
#8360 = CARTESIAN_POINT('',(4.3,2.725,1.924890001894));
#8361 = VECTOR('',#8362,1.);
#8362 = DIRECTION('',(0.243276447751,0.,0.969956993876));
#8363 = PLANE('',#8364);
#8364 = AXIS2_PLACEMENT_3D('',#8365,#8366,#8367);
#8365 = CARTESIAN_POINT('',(4.3,2.725,2.747));
#8366 = DIRECTION('',(0.,1.,0.));
#8367 = DIRECTION('',(0.,0.,-1.));
#8368 = ADVANCED_FACE('',(#8369),#8395,.F.);
#8369 = FACE_BOUND('',#8370,.F.);
#8370 = EDGE_LOOP('',(#8371,#8382,#8388,#8389));
#8371 = ORIENTED_EDGE('',*,*,#8372,.F.);
#8372 = EDGE_CURVE('',#8373,#8375,#8377,.T.);
#8373 = VERTEX_POINT('',#8374);
#8374 = CARTESIAN_POINT('',(3.682017202449,1.5,-0.539042458976));
#8375 = VERTEX_POINT('',#8376);
#8376 = CARTESIAN_POINT('',(3.860080841353,1.5,-0.976843782199));
#8377 = CIRCLE('',#8378,0.4);
#8378 = AXIS2_PLACEMENT_3D('',#8379,#8380,#8381);
#8379 = CARTESIAN_POINT('',(4.07,1.5,-0.636353038076));
#8380 = DIRECTION('',(0.,-1.,0.));
#8381 = DIRECTION('',(-0.969956993876,0.,0.243276447751));
#8382 = ORIENTED_EDGE('',*,*,#8383,.F.);
#8383 = EDGE_CURVE('',#8261,#8373,#8384,.T.);
#8384 = LINE('',#8385,#8386);
#8385 = CARTESIAN_POINT('',(3.682017202449,2.725,-0.539042458976));
#8386 = VECTOR('',#8387,1.);
#8387 = DIRECTION('',(0.,-1.,0.));
#8388 = ORIENTED_EDGE('',*,*,#8268,.F.);
#8389 = ORIENTED_EDGE('',*,*,#8390,.T.);
#8390 = EDGE_CURVE('',#8269,#8375,#8391,.T.);
#8391 = LINE('',#8392,#8393);
#8392 = CARTESIAN_POINT('',(3.860080841353,2.725,-0.976843782199));
#8393 = VECTOR('',#8394,1.);
#8394 = DIRECTION('',(0.,-1.,0.));
#8395 = CYLINDRICAL_SURFACE('',#8396,0.4);
#8396 = AXIS2_PLACEMENT_3D('',#8397,#8398,#8399);
#8397 = CARTESIAN_POINT('',(4.07,2.725,-0.636353038076));
#8398 = DIRECTION('',(0.,-1.,0.));
#8399 = DIRECTION('',(-0.926313887675,-0.,-0.376752679486));
#8400 = ADVANCED_FACE('',(#8401),#8427,.F.);
#8401 = FACE_BOUND('',#8402,.F.);
#8402 = EDGE_LOOP('',(#8403,#8414,#8420,#8421));
#8403 = ORIENTED_EDGE('',*,*,#8404,.T.);
#8404 = EDGE_CURVE('',#8405,#8407,#8409,.T.);
#8405 = VERTEX_POINT('',#8406);
#8406 = CARTESIAN_POINT('',(3.682017202449,-0.85,-0.539042458976));
#8407 = VERTEX_POINT('',#8408);
#8408 = CARTESIAN_POINT('',(3.860080841353,-0.85,-0.976843782199));
#8409 = CIRCLE('',#8410,0.4);
#8410 = AXIS2_PLACEMENT_3D('',#8411,#8412,#8413);
#8411 = CARTESIAN_POINT('',(4.07,-0.85,-0.636353038076));
#8412 = DIRECTION('',(0.,-1.,0.));
#8413 = DIRECTION('',(-0.969956993876,0.,0.243276447751));
#8414 = ORIENTED_EDGE('',*,*,#8415,.T.);
#8415 = EDGE_CURVE('',#8407,#8110,#8416,.T.);
#8416 = LINE('',#8417,#8418);
#8417 = CARTESIAN_POINT('',(3.860080841353,-0.85,-0.976843782199));
#8418 = VECTOR('',#8419,1.);
#8419 = DIRECTION('',(0.,-1.,0.));
#8420 = ORIENTED_EDGE('',*,*,#8117,.T.);
#8421 = ORIENTED_EDGE('',*,*,#8422,.F.);
#8422 = EDGE_CURVE('',#8405,#8118,#8423,.T.);
#8423 = LINE('',#8424,#8425);
#8424 = CARTESIAN_POINT('',(3.682017202449,-0.85,-0.539042458976));
#8425 = VECTOR('',#8426,1.);
#8426 = DIRECTION('',(0.,-1.,0.));
#8427 = CYLINDRICAL_SURFACE('',#8428,0.4);
#8428 = AXIS2_PLACEMENT_3D('',#8429,#8430,#8431);
#8429 = CARTESIAN_POINT('',(4.07,2.725,-0.636353038076));
#8430 = DIRECTION('',(0.,-1.,0.));
#8431 = DIRECTION('',(-0.926313887675,-0.,-0.376752679486));
#8432 = ADVANCED_FACE('',(#8433),#8444,.T.);
#8433 = FACE_BOUND('',#8434,.T.);
#8434 = EDGE_LOOP('',(#8435,#8436,#8437,#8438));
#8435 = ORIENTED_EDGE('',*,*,#8209,.F.);
#8436 = ORIENTED_EDGE('',*,*,#8277,.T.);
#8437 = ORIENTED_EDGE('',*,*,#8390,.T.);
#8438 = ORIENTED_EDGE('',*,*,#8439,.F.);
#8439 = EDGE_CURVE('',#8210,#8375,#8440,.T.);
#8440 = LINE('',#8441,#8442);
#8441 = CARTESIAN_POINT('',(3.78,1.5,-1.13035042893));
#8442 = VECTOR('',#8443,1.);
#8443 = DIRECTION('',(0.462522500293,0.,0.8866075438));
#8444 = PLANE('',#8445);
#8445 = AXIS2_PLACEMENT_3D('',#8446,#8447,#8448);
#8446 = CARTESIAN_POINT('',(3.78,2.725,-1.13035042893));
#8447 = DIRECTION('',(0.8866075438,0.,-0.462522500293));
#8448 = DIRECTION('',(0.462522500293,0.,0.8866075438));
#8449 = ADVANCED_FACE('',(#8450),#8461,.T.);
#8450 = FACE_BOUND('',#8451,.T.);
#8451 = EDGE_LOOP('',(#8452,#8453,#8454,#8455));
#8452 = ORIENTED_EDGE('',*,*,#8415,.T.);
#8453 = ORIENTED_EDGE('',*,*,#8109,.F.);
#8454 = ORIENTED_EDGE('',*,*,#8050,.F.);
#8455 = ORIENTED_EDGE('',*,*,#8456,.T.);
#8456 = EDGE_CURVE('',#8042,#8407,#8457,.T.);
#8457 = LINE('',#8458,#8459);
#8458 = CARTESIAN_POINT('',(3.78,-0.85,-1.13035042893));
#8459 = VECTOR('',#8460,1.);
#8460 = DIRECTION('',(0.462522500293,0.,0.8866075438));
#8461 = PLANE('',#8462);
#8462 = AXIS2_PLACEMENT_3D('',#8463,#8464,#8465);
#8463 = CARTESIAN_POINT('',(3.78,2.725,-1.13035042893));
#8464 = DIRECTION('',(0.8866075438,0.,-0.462522500293));
#8465 = DIRECTION('',(0.462522500293,0.,0.8866075438));
#8466 = ADVANCED_FACE('',(#8467),#8483,.F.);
#8467 = FACE_BOUND('',#8468,.F.);
#8468 = EDGE_LOOP('',(#8469,#8475,#8476,#8482));
#8469 = ORIENTED_EDGE('',*,*,#8470,.F.);
#8470 = EDGE_CURVE('',#8135,#8244,#8471,.T.);
#8471 = LINE('',#8472,#8473);
#8472 = CARTESIAN_POINT('',(4.3,-2.075,2.808746639269));
#8473 = VECTOR('',#8474,1.);
#8474 = DIRECTION('',(0.,1.,0.));
#8475 = ORIENTED_EDGE('',*,*,#8142,.T.);
#8476 = ORIENTED_EDGE('',*,*,#8477,.T.);
#8477 = EDGE_CURVE('',#8143,#8236,#8478,.T.);
#8478 = LINE('',#8479,#8480);
#8479 = CARTESIAN_POINT('',(4.284978496938,-2.075,2.687108415393));
#8480 = VECTOR('',#8481,1.);
#8481 = DIRECTION('',(0.,1.,0.));
#8482 = ORIENTED_EDGE('',*,*,#8243,.T.);
#8483 = CYLINDRICAL_SURFACE('',#8484,0.5);
#8484 = AXIS2_PLACEMENT_3D('',#8485,#8486,#8487);
#8485 = CARTESIAN_POINT('',(3.8,-3.050407089892,2.808746639269));
#8486 = DIRECTION('',(0.,1.,0.));
#8487 = DIRECTION('',(1.,0.,0.));
#8488 = ADVANCED_FACE('',(#8489),#8536,.T.);
#8489 = FACE_BOUND('',#8490,.T.);
#8490 = EDGE_LOOP('',(#8491,#8502,#8508,#8509,#8510,#8511,#8512,#8513,
    #8521,#8530));
#8491 = ORIENTED_EDGE('',*,*,#8492,.T.);
#8492 = EDGE_CURVE('',#8493,#8495,#8497,.T.);
#8493 = VERTEX_POINT('',#8494);
#8494 = CARTESIAN_POINT('',(3.622808729588,-0.65,4.7E-02));
#8495 = VERTEX_POINT('',#8496);
#8496 = CARTESIAN_POINT('',(3.572646413261,-0.85,-0.153));
#8497 = ELLIPSE('',#8498,0.206194708902,0.2);
#8498 = AXIS2_PLACEMENT_3D('',#8499,#8500,#8501);
#8499 = CARTESIAN_POINT('',(3.572646413261,-0.65,-0.153));
#8500 = DIRECTION('',(0.969956993876,0.,-0.243276447751));
#8501 = DIRECTION('',(0.243276447751,0.,0.969956993876));
#8502 = ORIENTED_EDGE('',*,*,#8503,.F.);
#8503 = EDGE_CURVE('',#8084,#8495,#8504,.T.);
#8504 = LINE('',#8505,#8506);
#8505 = CARTESIAN_POINT('',(3.475021503062,-0.85,-0.542236053467));
#8506 = VECTOR('',#8507,1.);
#8507 = DIRECTION('',(0.243276447751,0.,0.969956993876));
#8508 = ORIENTED_EDGE('',*,*,#8083,.T.);
#8509 = ORIENTED_EDGE('',*,*,#8151,.F.);
#8510 = ORIENTED_EDGE('',*,*,#8477,.T.);
#8511 = ORIENTED_EDGE('',*,*,#8235,.T.);
#8512 = ORIENTED_EDGE('',*,*,#8176,.T.);
#8513 = ORIENTED_EDGE('',*,*,#8514,.T.);
#8514 = EDGE_CURVE('',#8168,#8515,#8517,.T.);
#8515 = VERTEX_POINT('',#8516);
#8516 = CARTESIAN_POINT('',(3.572646413261,1.5,-0.153));
#8517 = LINE('',#8518,#8519);
#8518 = CARTESIAN_POINT('',(3.475021503062,1.5,-0.542236053467));
#8519 = VECTOR('',#8520,1.);
#8520 = DIRECTION('',(0.243276447751,0.,0.969956993876));
#8521 = ORIENTED_EDGE('',*,*,#8522,.T.);
#8522 = EDGE_CURVE('',#8515,#8523,#8525,.T.);
#8523 = VERTEX_POINT('',#8524);
#8524 = CARTESIAN_POINT('',(3.622808729588,1.3,4.7E-02));
#8525 = ELLIPSE('',#8526,0.206194708902,0.2);
#8526 = AXIS2_PLACEMENT_3D('',#8527,#8528,#8529);
#8527 = CARTESIAN_POINT('',(3.572646413261,1.3,-0.153));
#8528 = DIRECTION('',(0.969956993876,0.,-0.243276447751));
#8529 = DIRECTION('',(0.243276447751,0.,0.969956993876));
#8530 = ORIENTED_EDGE('',*,*,#8531,.T.);
#8531 = EDGE_CURVE('',#8523,#8493,#8532,.T.);
#8532 = LINE('',#8533,#8534);
#8533 = CARTESIAN_POINT('',(3.622808729588,1.3,4.7E-02));
#8534 = VECTOR('',#8535,1.);
#8535 = DIRECTION('',(0.,-1.,0.));
#8536 = PLANE('',#8537);
#8537 = AXIS2_PLACEMENT_3D('',#8538,#8539,#8540);
#8538 = CARTESIAN_POINT('',(4.3,2.725,2.747));
#8539 = DIRECTION('',(-0.969956993876,0.,0.243276447751));
#8540 = DIRECTION('',(-0.243276447751,0.,-0.969956993876));
#8541 = ADVANCED_FACE('',(#8542),#8565,.F.);
#8542 = FACE_BOUND('',#8543,.T.);
#8543 = EDGE_LOOP('',(#8544,#8545,#8546,#8547,#8555,#8561,#8562,#8563,
    #8564));
#8544 = ORIENTED_EDGE('',*,*,#7608,.T.);
#8545 = ORIENTED_EDGE('',*,*,#8091,.F.);
#8546 = ORIENTED_EDGE('',*,*,#8503,.T.);
#8547 = ORIENTED_EDGE('',*,*,#8548,.F.);
#8548 = EDGE_CURVE('',#8549,#8495,#8551,.T.);
#8549 = VERTEX_POINT('',#8550);
#8550 = CARTESIAN_POINT('',(3.778841122163,-0.85,-0.153));
#8551 = LINE('',#8552,#8553);
#8552 = CARTESIAN_POINT('',(3.778841122163,-0.85,-0.153));
#8553 = VECTOR('',#8554,1.);
#8554 = DIRECTION('',(-1.,0.,-2.153737174995E-14));
#8555 = ORIENTED_EDGE('',*,*,#8556,.F.);
#8556 = EDGE_CURVE('',#8405,#8549,#8557,.T.);
#8557 = LINE('',#8558,#8559);
#8558 = CARTESIAN_POINT('',(3.682017202449,-0.85,-0.539042458976));
#8559 = VECTOR('',#8560,1.);
#8560 = DIRECTION('',(0.243276447751,0.,0.969956993876));
#8561 = ORIENTED_EDGE('',*,*,#8404,.T.);
#8562 = ORIENTED_EDGE('',*,*,#8456,.F.);
#8563 = ORIENTED_EDGE('',*,*,#8041,.F.);
#8564 = ORIENTED_EDGE('',*,*,#6915,.T.);
#8565 = PLANE('',#8566);
#8566 = AXIS2_PLACEMENT_3D('',#8567,#8568,#8569);
#8567 = CARTESIAN_POINT('',(4.5,-0.85,4.7E-02));
#8568 = DIRECTION('',(0.,-1.,0.));
#8569 = DIRECTION('',(0.,0.,-1.));
#8570 = ADVANCED_FACE('',(#8571),#8590,.F.);
#8571 = FACE_BOUND('',#8572,.F.);
#8572 = EDGE_LOOP('',(#8573,#8574,#8583,#8589));
#8573 = ORIENTED_EDGE('',*,*,#8548,.F.);
#8574 = ORIENTED_EDGE('',*,*,#8575,.T.);
#8575 = EDGE_CURVE('',#8549,#8576,#8578,.T.);
#8576 = VERTEX_POINT('',#8577);
#8577 = CARTESIAN_POINT('',(3.82900343849,-0.65,4.7E-02));
#8578 = ELLIPSE('',#8579,0.206194708902,0.2);
#8579 = AXIS2_PLACEMENT_3D('',#8580,#8581,#8582);
#8580 = CARTESIAN_POINT('',(3.778841122163,-0.65,-0.153));
#8581 = DIRECTION('',(-0.969956993876,0.,0.243276447751));
#8582 = DIRECTION('',(0.243276447751,0.,0.969956993876));
#8583 = ORIENTED_EDGE('',*,*,#8584,.T.);
#8584 = EDGE_CURVE('',#8576,#8493,#8585,.T.);
#8585 = LINE('',#8586,#8587);
#8586 = CARTESIAN_POINT('',(3.82900343849,-0.65,4.7E-02));
#8587 = VECTOR('',#8588,1.);
#8588 = DIRECTION('',(-1.,0.,0.));
#8589 = ORIENTED_EDGE('',*,*,#8492,.T.);
#8590 = CYLINDRICAL_SURFACE('',#8591,0.2);
#8591 = AXIS2_PLACEMENT_3D('',#8592,#8593,#8594);
#8592 = CARTESIAN_POINT('',(3.876082305571,-0.65,-0.153));
#8593 = DIRECTION('',(-1.,0.,0.));
#8594 = DIRECTION('',(0.,-1.,0.));
#8595 = ADVANCED_FACE('',(#8596),#8614,.F.);
#8596 = FACE_BOUND('',#8597,.T.);
#8597 = EDGE_LOOP('',(#8598,#8599,#8607,#8613));
#8598 = ORIENTED_EDGE('',*,*,#8531,.F.);
#8599 = ORIENTED_EDGE('',*,*,#8600,.F.);
#8600 = EDGE_CURVE('',#8601,#8523,#8603,.T.);
#8601 = VERTEX_POINT('',#8602);
#8602 = CARTESIAN_POINT('',(3.82900343849,1.3,4.7E-02));
#8603 = LINE('',#8604,#8605);
#8604 = CARTESIAN_POINT('',(3.82900343849,1.3,4.7E-02));
#8605 = VECTOR('',#8606,1.);
#8606 = DIRECTION('',(-1.,0.,0.));
#8607 = ORIENTED_EDGE('',*,*,#8608,.T.);
#8608 = EDGE_CURVE('',#8601,#8576,#8609,.T.);
#8609 = LINE('',#8610,#8611);
#8610 = CARTESIAN_POINT('',(3.82900343849,1.3,4.7E-02));
#8611 = VECTOR('',#8612,1.);
#8612 = DIRECTION('',(0.,-1.,0.));
#8613 = ORIENTED_EDGE('',*,*,#8584,.T.);
#8614 = PLANE('',#8615);
#8615 = AXIS2_PLACEMENT_3D('',#8616,#8617,#8618);
#8616 = CARTESIAN_POINT('',(4.5,1.5,4.7E-02));
#8617 = DIRECTION('',(0.,0.,1.));
#8618 = DIRECTION('',(0.,-1.,0.));
#8619 = ADVANCED_FACE('',(#8620),#8639,.F.);
#8620 = FACE_BOUND('',#8621,.F.);
#8621 = EDGE_LOOP('',(#8622,#8623,#8632,#8638));
#8622 = ORIENTED_EDGE('',*,*,#8600,.F.);
#8623 = ORIENTED_EDGE('',*,*,#8624,.T.);
#8624 = EDGE_CURVE('',#8601,#8625,#8627,.T.);
#8625 = VERTEX_POINT('',#8626);
#8626 = CARTESIAN_POINT('',(3.778841122163,1.5,-0.153));
#8627 = ELLIPSE('',#8628,0.206194708902,0.2);
#8628 = AXIS2_PLACEMENT_3D('',#8629,#8630,#8631);
#8629 = CARTESIAN_POINT('',(3.778841122163,1.3,-0.153));
#8630 = DIRECTION('',(-0.969956993876,0.,0.243276447751));
#8631 = DIRECTION('',(0.243276447751,0.,0.969956993876));
#8632 = ORIENTED_EDGE('',*,*,#8633,.T.);
#8633 = EDGE_CURVE('',#8625,#8515,#8634,.T.);
#8634 = LINE('',#8635,#8636);
#8635 = CARTESIAN_POINT('',(3.778841122163,1.5,-0.153));
#8636 = VECTOR('',#8637,1.);
#8637 = DIRECTION('',(-1.,0.,1.722989739996E-14));
#8638 = ORIENTED_EDGE('',*,*,#8522,.T.);
#8639 = CYLINDRICAL_SURFACE('',#8640,0.2);
#8640 = AXIS2_PLACEMENT_3D('',#8641,#8642,#8643);
#8641 = CARTESIAN_POINT('',(3.883163421403,1.3,-0.153));
#8642 = DIRECTION('',(-1.,0.,0.));
#8643 = DIRECTION('',(0.,0.,1.));
#8644 = ADVANCED_FACE('',(#8645),#8661,.F.);
#8645 = FACE_BOUND('',#8646,.T.);
#8646 = EDGE_LOOP('',(#8647,#8648,#8649,#8650,#8651,#8657,#8658,#8659,
    #8660));
#8647 = ORIENTED_EDGE('',*,*,#7760,.T.);
#8648 = ORIENTED_EDGE('',*,*,#8217,.T.);
#8649 = ORIENTED_EDGE('',*,*,#8439,.T.);
#8650 = ORIENTED_EDGE('',*,*,#8372,.F.);
#8651 = ORIENTED_EDGE('',*,*,#8652,.T.);
#8652 = EDGE_CURVE('',#8373,#8625,#8653,.T.);
#8653 = LINE('',#8654,#8655);
#8654 = CARTESIAN_POINT('',(3.682017202449,1.5,-0.539042458976));
#8655 = VECTOR('',#8656,1.);
#8656 = DIRECTION('',(0.243276447751,0.,0.969956993876));
#8657 = ORIENTED_EDGE('',*,*,#8633,.T.);
#8658 = ORIENTED_EDGE('',*,*,#8514,.F.);
#8659 = ORIENTED_EDGE('',*,*,#8167,.T.);
#8660 = ORIENTED_EDGE('',*,*,#6987,.T.);
#8661 = PLANE('',#8662);
#8662 = AXIS2_PLACEMENT_3D('',#8663,#8664,#8665);
#8663 = CARTESIAN_POINT('',(4.5,1.5,-3.41290031333));
#8664 = DIRECTION('',(0.,1.,0.));
#8665 = DIRECTION('',(0.,-0.,1.));
#8666 = ADVANCED_FACE('',(#8667),#8693,.T.);
#8667 = FACE_BOUND('',#8668,.T.);
#8668 = EDGE_LOOP('',(#8669,#8670,#8671,#8672,#8680,#8686,#8687,#8688,
    #8689,#8690,#8691,#8692));
#8669 = ORIENTED_EDGE('',*,*,#8383,.F.);
#8670 = ORIENTED_EDGE('',*,*,#8260,.T.);
#8671 = ORIENTED_EDGE('',*,*,#8358,.T.);
#8672 = ORIENTED_EDGE('',*,*,#8673,.F.);
#8673 = EDGE_CURVE('',#8674,#8350,#8676,.T.);
#8674 = VERTEX_POINT('',#8675);
#8675 = CARTESIAN_POINT('',(4.484978496938,-2.075,2.662409759686));
#8676 = LINE('',#8677,#8678);
#8677 = CARTESIAN_POINT('',(4.484978496938,-2.075,2.662409759686));
#8678 = VECTOR('',#8679,1.);
#8679 = DIRECTION('',(0.,1.,0.));
#8680 = ORIENTED_EDGE('',*,*,#8681,.F.);
#8681 = EDGE_CURVE('',#8127,#8674,#8682,.T.);
#8682 = LINE('',#8683,#8684);
#8683 = CARTESIAN_POINT('',(4.3,-2.075,1.924890001894));
#8684 = VECTOR('',#8685,1.);
#8685 = DIRECTION('',(0.243276447751,0.,0.969956993876));
#8686 = ORIENTED_EDGE('',*,*,#8126,.F.);
#8687 = ORIENTED_EDGE('',*,*,#8422,.F.);
#8688 = ORIENTED_EDGE('',*,*,#8556,.T.);
#8689 = ORIENTED_EDGE('',*,*,#8575,.T.);
#8690 = ORIENTED_EDGE('',*,*,#8608,.F.);
#8691 = ORIENTED_EDGE('',*,*,#8624,.T.);
#8692 = ORIENTED_EDGE('',*,*,#8652,.F.);
#8693 = PLANE('',#8694);
#8694 = AXIS2_PLACEMENT_3D('',#8695,#8696,#8697);
#8695 = CARTESIAN_POINT('',(3.682017202449,2.725,-0.539042458976));
#8696 = DIRECTION('',(0.969956993876,0.,-0.243276447751));
#8697 = DIRECTION('',(0.243276447751,0.,0.969956993876));
#8698 = ADVANCED_FACE('',(#8699),#8718,.T.);
#8699 = FACE_BOUND('',#8700,.T.);
#8700 = EDGE_LOOP('',(#8701,#8702,#8710,#8717));
#8701 = ORIENTED_EDGE('',*,*,#8349,.F.);
#8702 = ORIENTED_EDGE('',*,*,#8703,.F.);
#8703 = EDGE_CURVE('',#8704,#8342,#8706,.T.);
#8704 = VERTEX_POINT('',#8705);
#8705 = CARTESIAN_POINT('',(4.5,-2.075,2.784047983561));
#8706 = LINE('',#8707,#8708);
#8707 = CARTESIAN_POINT('',(4.5,-2.075,2.784047983561));
#8708 = VECTOR('',#8709,1.);
#8709 = DIRECTION('',(0.,1.,0.));
#8710 = ORIENTED_EDGE('',*,*,#8711,.F.);
#8711 = EDGE_CURVE('',#8674,#8704,#8712,.T.);
#8712 = CIRCLE('',#8713,0.5);
#8713 = AXIS2_PLACEMENT_3D('',#8714,#8715,#8716);
#8714 = CARTESIAN_POINT('',(4.,-2.075,2.784047983561));
#8715 = DIRECTION('',(0.,-1.,0.));
#8716 = DIRECTION('',(0.969956993876,0.,-0.243276447751));
#8717 = ORIENTED_EDGE('',*,*,#8673,.T.);
#8718 = CYLINDRICAL_SURFACE('',#8719,0.5);
#8719 = AXIS2_PLACEMENT_3D('',#8720,#8721,#8722);
#8720 = CARTESIAN_POINT('',(4.,-3.050407089892,2.784047983561));
#8721 = DIRECTION('',(0.,1.,0.));
#8722 = DIRECTION('',(1.,0.,0.));
#8723 = ADVANCED_FACE('',(#8724),#8750,.F.);
#8724 = FACE_BOUND('',#8725,.T.);
#8725 = EDGE_LOOP('',(#8726,#8736,#8742,#8743,#8744));
#8726 = ORIENTED_EDGE('',*,*,#8727,.F.);
#8727 = EDGE_CURVE('',#8728,#8730,#8732,.T.);
#8728 = VERTEX_POINT('',#8729);
#8729 = CARTESIAN_POINT('',(4.3,-2.075,0.647));
#8730 = VERTEX_POINT('',#8731);
#8731 = CARTESIAN_POINT('',(4.5,-2.075,0.647));
#8732 = LINE('',#8733,#8734);
#8733 = CARTESIAN_POINT('',(4.3,-2.075,0.647));
#8734 = VECTOR('',#8735,1.);
#8735 = DIRECTION('',(1.,0.,0.));
#8736 = ORIENTED_EDGE('',*,*,#8737,.T.);
#8737 = EDGE_CURVE('',#8728,#8127,#8738,.T.);
#8738 = LINE('',#8739,#8740);
#8739 = CARTESIAN_POINT('',(4.3,-2.075,0.647));
#8740 = VECTOR('',#8741,1.);
#8741 = DIRECTION('',(0.,0.,1.));
#8742 = ORIENTED_EDGE('',*,*,#8681,.T.);
#8743 = ORIENTED_EDGE('',*,*,#8711,.T.);
#8744 = ORIENTED_EDGE('',*,*,#8745,.F.);
#8745 = EDGE_CURVE('',#8730,#8704,#8746,.T.);
#8746 = LINE('',#8747,#8748);
#8747 = CARTESIAN_POINT('',(4.5,-2.075,0.647));
#8748 = VECTOR('',#8749,1.);
#8749 = DIRECTION('',(0.,0.,1.));
#8750 = PLANE('',#8751);
#8751 = AXIS2_PLACEMENT_3D('',#8752,#8753,#8754);
#8752 = CARTESIAN_POINT('',(4.3,-2.075,-0.555341876075));
#8753 = DIRECTION('',(0.,-1.,0.));
#8754 = DIRECTION('',(0.,0.,1.));
#8755 = ADVANCED_FACE('',(#8756),#8783,.T.);
#8756 = FACE_BOUND('',#8757,.T.);
#8757 = EDGE_LOOP('',(#8758,#8768,#8775,#8776));
#8758 = ORIENTED_EDGE('',*,*,#8759,.F.);
#8759 = EDGE_CURVE('',#8760,#8762,#8764,.T.);
#8760 = VERTEX_POINT('',#8761);
#8761 = CARTESIAN_POINT('',(4.3,-2.275,0.447));
#8762 = VERTEX_POINT('',#8763);
#8763 = CARTESIAN_POINT('',(4.5,-2.275,0.447));
#8764 = LINE('',#8765,#8766);
#8765 = CARTESIAN_POINT('',(4.3,-2.275,0.447));
#8766 = VECTOR('',#8767,1.);
#8767 = DIRECTION('',(1.,0.,0.));
#8768 = ORIENTED_EDGE('',*,*,#8769,.F.);
#8769 = EDGE_CURVE('',#8728,#8760,#8770,.T.);
#8770 = CIRCLE('',#8771,0.2);
#8771 = AXIS2_PLACEMENT_3D('',#8772,#8773,#8774);
#8772 = CARTESIAN_POINT('',(4.3,-2.275,0.647));
#8773 = DIRECTION('',(-1.,0.,0.));
#8774 = DIRECTION('',(0.,1.,0.));
#8775 = ORIENTED_EDGE('',*,*,#8727,.T.);
#8776 = ORIENTED_EDGE('',*,*,#8777,.F.);
#8777 = EDGE_CURVE('',#8762,#8730,#8778,.T.);
#8778 = CIRCLE('',#8779,0.2);
#8779 = AXIS2_PLACEMENT_3D('',#8780,#8781,#8782);
#8780 = CARTESIAN_POINT('',(4.5,-2.275,0.647));
#8781 = DIRECTION('',(1.,0.,0.));
#8782 = DIRECTION('',(0.,0.,-1.));
#8783 = CYLINDRICAL_SURFACE('',#8784,0.2);
#8784 = AXIS2_PLACEMENT_3D('',#8785,#8786,#8787);
#8785 = CARTESIAN_POINT('',(4.284179348065,-2.275,0.647));
#8786 = DIRECTION('',(1.,0.,0.));
#8787 = DIRECTION('',(0.,0.,-1.));
#8788 = ADVANCED_FACE('',(#8789),#8822,.T.);
#8789 = FACE_BOUND('',#8790,.T.);
#8790 = EDGE_LOOP('',(#8791,#8801,#8809,#8815,#8816));
#8791 = ORIENTED_EDGE('',*,*,#8792,.F.);
#8792 = EDGE_CURVE('',#8793,#8795,#8797,.T.);
#8793 = VERTEX_POINT('',#8794);
#8794 = CARTESIAN_POINT('',(4.3,3.475,0.447));
#8795 = VERTEX_POINT('',#8796);
#8796 = CARTESIAN_POINT('',(4.3,3.325,0.447));
#8797 = LINE('',#8798,#8799);
#8798 = CARTESIAN_POINT('',(4.3,3.575,0.447));
#8799 = VECTOR('',#8800,1.);
#8800 = DIRECTION('',(0.,-1.,0.));
#8801 = ORIENTED_EDGE('',*,*,#8802,.F.);
#8802 = EDGE_CURVE('',#8803,#8793,#8805,.T.);
#8803 = VERTEX_POINT('',#8804);
#8804 = CARTESIAN_POINT('',(4.5,3.475,0.447));
#8805 = LINE('',#8806,#8807);
#8806 = CARTESIAN_POINT('',(4.5,3.475,0.447));
#8807 = VECTOR('',#8808,1.);
#8808 = DIRECTION('',(-1.,0.,0.));
#8809 = ORIENTED_EDGE('',*,*,#8810,.T.);
#8810 = EDGE_CURVE('',#8803,#8293,#8811,.T.);
#8811 = LINE('',#8812,#8813);
#8812 = CARTESIAN_POINT('',(4.5,3.475,0.447));
#8813 = VECTOR('',#8814,1.);
#8814 = DIRECTION('',(0.,-1.,0.));
#8815 = ORIENTED_EDGE('',*,*,#8292,.T.);
#8816 = ORIENTED_EDGE('',*,*,#8817,.F.);
#8817 = EDGE_CURVE('',#8795,#8295,#8818,.T.);
#8818 = LINE('',#8819,#8820);
#8819 = CARTESIAN_POINT('',(4.3,3.475,0.447));
#8820 = VECTOR('',#8821,1.);
#8821 = DIRECTION('',(0.,-1.,0.));
#8822 = PLANE('',#8823);
#8823 = AXIS2_PLACEMENT_3D('',#8824,#8825,#8826);
#8824 = CARTESIAN_POINT('',(4.3,3.675,0.447));
#8825 = DIRECTION('',(0.,0.,-1.));
#8826 = DIRECTION('',(1.,0.,0.));
#8827 = ADVANCED_FACE('',(#8828),#8861,.T.);
#8828 = FACE_BOUND('',#8829,.T.);
#8829 = EDGE_LOOP('',(#8830,#8838,#8846,#8854,#8860));
#8830 = ORIENTED_EDGE('',*,*,#8831,.T.);
#8831 = EDGE_CURVE('',#8762,#8832,#8834,.T.);
#8832 = VERTEX_POINT('',#8833);
#8833 = CARTESIAN_POINT('',(4.5,-2.825,0.447));
#8834 = LINE('',#8835,#8836);
#8835 = CARTESIAN_POINT('',(4.5,-2.275,0.447));
#8836 = VECTOR('',#8837,1.);
#8837 = DIRECTION('',(0.,-1.,0.));
#8838 = ORIENTED_EDGE('',*,*,#8839,.F.);
#8839 = EDGE_CURVE('',#8840,#8832,#8842,.T.);
#8840 = VERTEX_POINT('',#8841);
#8841 = CARTESIAN_POINT('',(4.3,-2.825,0.447));
#8842 = LINE('',#8843,#8844);
#8843 = CARTESIAN_POINT('',(4.3,-2.825,0.447));
#8844 = VECTOR('',#8845,1.);
#8845 = DIRECTION('',(1.,0.,0.));
#8846 = ORIENTED_EDGE('',*,*,#8847,.F.);
#8847 = EDGE_CURVE('',#8848,#8840,#8850,.T.);
#8848 = VERTEX_POINT('',#8849);
#8849 = CARTESIAN_POINT('',(4.3,-2.675,0.447));
#8850 = LINE('',#8851,#8852);
#8851 = CARTESIAN_POINT('',(4.3,0.225,0.447));
#8852 = VECTOR('',#8853,1.);
#8853 = DIRECTION('',(0.,-1.,0.));
#8854 = ORIENTED_EDGE('',*,*,#8855,.F.);
#8855 = EDGE_CURVE('',#8760,#8848,#8856,.T.);
#8856 = LINE('',#8857,#8858);
#8857 = CARTESIAN_POINT('',(4.3,-2.275,0.447));
#8858 = VECTOR('',#8859,1.);
#8859 = DIRECTION('',(0.,-1.,0.));
#8860 = ORIENTED_EDGE('',*,*,#8759,.T.);
#8861 = PLANE('',#8862);
#8862 = AXIS2_PLACEMENT_3D('',#8863,#8864,#8865);
#8863 = CARTESIAN_POINT('',(4.3,3.675,0.447));
#8864 = DIRECTION('',(0.,0.,-1.));
#8865 = DIRECTION('',(1.,0.,0.));
#8866 = ADVANCED_FACE('',(#8867),#8894,.T.);
#8867 = FACE_BOUND('',#8868,.T.);
#8868 = EDGE_LOOP('',(#8869,#8879,#8886,#8887));
#8869 = ORIENTED_EDGE('',*,*,#8870,.F.);
#8870 = EDGE_CURVE('',#8871,#8873,#8875,.T.);
#8871 = VERTEX_POINT('',#8872);
#8872 = CARTESIAN_POINT('',(4.3,-3.025,0.647));
#8873 = VERTEX_POINT('',#8874);
#8874 = CARTESIAN_POINT('',(4.5,-3.025,0.647));
#8875 = LINE('',#8876,#8877);
#8876 = CARTESIAN_POINT('',(4.3,-3.025,0.647));
#8877 = VECTOR('',#8878,1.);
#8878 = DIRECTION('',(1.,0.,0.));
#8879 = ORIENTED_EDGE('',*,*,#8880,.F.);
#8880 = EDGE_CURVE('',#8840,#8871,#8881,.T.);
#8881 = CIRCLE('',#8882,0.2);
#8882 = AXIS2_PLACEMENT_3D('',#8883,#8884,#8885);
#8883 = CARTESIAN_POINT('',(4.3,-2.825,0.647));
#8884 = DIRECTION('',(-1.,0.,0.));
#8885 = DIRECTION('',(0.,-1.,0.));
#8886 = ORIENTED_EDGE('',*,*,#8839,.T.);
#8887 = ORIENTED_EDGE('',*,*,#8888,.F.);
#8888 = EDGE_CURVE('',#8873,#8832,#8889,.T.);
#8889 = CIRCLE('',#8890,0.2);
#8890 = AXIS2_PLACEMENT_3D('',#8891,#8892,#8893);
#8891 = CARTESIAN_POINT('',(4.5,-2.825,0.647));
#8892 = DIRECTION('',(1.,0.,0.));
#8893 = DIRECTION('',(0.,-1.,0.));
#8894 = CYLINDRICAL_SURFACE('',#8895,0.2);
#8895 = AXIS2_PLACEMENT_3D('',#8896,#8897,#8898);
#8896 = CARTESIAN_POINT('',(4.286688050693,-2.825,0.647));
#8897 = DIRECTION('',(1.,0.,0.));
#8898 = DIRECTION('',(0.,-1.,0.));
#8899 = ADVANCED_FACE('',(#8900),#8958,.T.);
#8900 = FACE_BOUND('',#8901,.T.);
#8901 = EDGE_LOOP('',(#8902,#8910,#8918,#8926,#8934,#8943,#8951,#8957));
#8902 = ORIENTED_EDGE('',*,*,#8903,.T.);
#8903 = EDGE_CURVE('',#8873,#8904,#8906,.T.);
#8904 = VERTEX_POINT('',#8905);
#8905 = CARTESIAN_POINT('',(4.5,-3.025,5.697));
#8906 = LINE('',#8907,#8908);
#8907 = CARTESIAN_POINT('',(4.5,-3.025,0.647));
#8908 = VECTOR('',#8909,1.);
#8909 = DIRECTION('',(0.,0.,1.));
#8910 = ORIENTED_EDGE('',*,*,#8911,.T.);
#8911 = EDGE_CURVE('',#8904,#8912,#8914,.T.);
#8912 = VERTEX_POINT('',#8913);
#8913 = CARTESIAN_POINT('',(4.9,-3.025,5.697));
#8914 = LINE('',#8915,#8916);
#8915 = CARTESIAN_POINT('',(4.5,-3.025,5.697));
#8916 = VECTOR('',#8917,1.);
#8917 = DIRECTION('',(1.,0.,0.));
#8918 = ORIENTED_EDGE('',*,*,#8919,.T.);
#8919 = EDGE_CURVE('',#8912,#8920,#8922,.T.);
#8920 = VERTEX_POINT('',#8921);
#8921 = CARTESIAN_POINT('',(4.9,-3.025,5.897));
#8922 = LINE('',#8923,#8924);
#8923 = CARTESIAN_POINT('',(4.9,-3.025,5.697));
#8924 = VECTOR('',#8925,1.);
#8925 = DIRECTION('',(0.,0.,1.));
#8926 = ORIENTED_EDGE('',*,*,#8927,.T.);
#8927 = EDGE_CURVE('',#8920,#8928,#8930,.T.);
#8928 = VERTEX_POINT('',#8929);
#8929 = CARTESIAN_POINT('',(4.5,-3.025,5.897));
#8930 = LINE('',#8931,#8932);
#8931 = CARTESIAN_POINT('',(4.9,-3.025,5.897));
#8932 = VECTOR('',#8933,1.);
#8933 = DIRECTION('',(-1.,0.,0.));
#8934 = ORIENTED_EDGE('',*,*,#8935,.T.);
#8935 = EDGE_CURVE('',#8928,#8936,#8938,.T.);
#8936 = VERTEX_POINT('',#8937);
#8937 = CARTESIAN_POINT('',(4.3,-3.025,5.697));
#8938 = CIRCLE('',#8939,0.2);
#8939 = AXIS2_PLACEMENT_3D('',#8940,#8941,#8942);
#8940 = CARTESIAN_POINT('',(4.5,-3.025,5.697));
#8941 = DIRECTION('',(0.,-1.,0.));
#8942 = DIRECTION('',(0.,0.,1.));
#8943 = ORIENTED_EDGE('',*,*,#8944,.T.);
#8944 = EDGE_CURVE('',#8936,#8945,#8947,.T.);
#8945 = VERTEX_POINT('',#8946);
#8946 = CARTESIAN_POINT('',(4.3,-3.025,3.797));
#8947 = LINE('',#8948,#8949);
#8948 = CARTESIAN_POINT('',(4.3,-3.025,5.697));
#8949 = VECTOR('',#8950,1.);
#8950 = DIRECTION('',(0.,0.,-1.));
#8951 = ORIENTED_EDGE('',*,*,#8952,.F.);
#8952 = EDGE_CURVE('',#8871,#8945,#8953,.T.);
#8953 = LINE('',#8954,#8955);
#8954 = CARTESIAN_POINT('',(4.3,-3.025,2.197));
#8955 = VECTOR('',#8956,1.);
#8956 = DIRECTION('',(0.,0.,1.));
#8957 = ORIENTED_EDGE('',*,*,#8870,.T.);
#8958 = PLANE('',#8959);
#8959 = AXIS2_PLACEMENT_3D('',#8960,#8961,#8962);
#8960 = CARTESIAN_POINT('',(4.9,-3.025,5.897));
#8961 = DIRECTION('',(0.,-1.,0.));
#8962 = DIRECTION('',(1.,0.,0.));
#8963 = ADVANCED_FACE('',(#8964),#8990,.T.);
#8964 = FACE_BOUND('',#8965,.T.);
#8965 = EDGE_LOOP('',(#8966,#8974,#8975,#8983));
#8966 = ORIENTED_EDGE('',*,*,#8967,.F.);
#8967 = EDGE_CURVE('',#8936,#8968,#8970,.T.);
#8968 = VERTEX_POINT('',#8969);
#8969 = CARTESIAN_POINT('',(4.3,-1.65,5.697));
#8970 = LINE('',#8971,#8972);
#8971 = CARTESIAN_POINT('',(4.3,-3.025,5.697));
#8972 = VECTOR('',#8973,1.);
#8973 = DIRECTION('',(0.,1.,0.));
#8974 = ORIENTED_EDGE('',*,*,#8935,.F.);
#8975 = ORIENTED_EDGE('',*,*,#8976,.T.);
#8976 = EDGE_CURVE('',#8928,#8977,#8979,.T.);
#8977 = VERTEX_POINT('',#8978);
#8978 = CARTESIAN_POINT('',(4.5,-1.65,5.897));
#8979 = LINE('',#8980,#8981);
#8980 = CARTESIAN_POINT('',(4.5,-3.025,5.897));
#8981 = VECTOR('',#8982,1.);
#8982 = DIRECTION('',(0.,1.,0.));
#8983 = ORIENTED_EDGE('',*,*,#8984,.F.);
#8984 = EDGE_CURVE('',#8968,#8977,#8985,.T.);
#8985 = CIRCLE('',#8986,0.2);
#8986 = AXIS2_PLACEMENT_3D('',#8987,#8988,#8989);
#8987 = CARTESIAN_POINT('',(4.5,-1.65,5.697));
#8988 = DIRECTION('',(0.,1.,0.));
#8989 = DIRECTION('',(-1.,0.,0.));
#8990 = CYLINDRICAL_SURFACE('',#8991,0.2);
#8991 = AXIS2_PLACEMENT_3D('',#8992,#8993,#8994);
#8992 = CARTESIAN_POINT('',(4.5,-3.038546731619,5.697));
#8993 = DIRECTION('',(0.,1.,0.));
#8994 = DIRECTION('',(-1.,0.,0.));
#8995 = ADVANCED_FACE('',(#8996),#9032,.T.);
#8996 = FACE_BOUND('',#8997,.T.);
#8997 = EDGE_LOOP('',(#8998,#9008,#9017,#9025));
#8998 = ORIENTED_EDGE('',*,*,#8999,.T.);
#8999 = EDGE_CURVE('',#9000,#9002,#9004,.T.);
#9000 = VERTEX_POINT('',#9001);
#9001 = CARTESIAN_POINT('',(4.5,2.3,5.897));
#9002 = VERTEX_POINT('',#9003);
#9003 = CARTESIAN_POINT('',(4.5,3.675,5.897));
#9004 = LINE('',#9005,#9006);
#9005 = CARTESIAN_POINT('',(4.5,2.3,5.897));
#9006 = VECTOR('',#9007,1.);
#9007 = DIRECTION('',(0.,1.,0.));
#9008 = ORIENTED_EDGE('',*,*,#9009,.F.);
#9009 = EDGE_CURVE('',#9010,#9002,#9012,.T.);
#9010 = VERTEX_POINT('',#9011);
#9011 = CARTESIAN_POINT('',(4.3,3.675,5.697));
#9012 = CIRCLE('',#9013,0.2);
#9013 = AXIS2_PLACEMENT_3D('',#9014,#9015,#9016);
#9014 = CARTESIAN_POINT('',(4.5,3.675,5.697));
#9015 = DIRECTION('',(0.,1.,0.));
#9016 = DIRECTION('',(-1.,0.,0.));
#9017 = ORIENTED_EDGE('',*,*,#9018,.F.);
#9018 = EDGE_CURVE('',#9019,#9010,#9021,.T.);
#9019 = VERTEX_POINT('',#9020);
#9020 = CARTESIAN_POINT('',(4.3,2.3,5.697));
#9021 = LINE('',#9022,#9023);
#9022 = CARTESIAN_POINT('',(4.3,2.3,5.697));
#9023 = VECTOR('',#9024,1.);
#9024 = DIRECTION('',(0.,1.,0.));
#9025 = ORIENTED_EDGE('',*,*,#9026,.T.);
#9026 = EDGE_CURVE('',#9019,#9000,#9027,.T.);
#9027 = CIRCLE('',#9028,0.2);
#9028 = AXIS2_PLACEMENT_3D('',#9029,#9030,#9031);
#9029 = CARTESIAN_POINT('',(4.5,2.3,5.697));
#9030 = DIRECTION('',(0.,1.,0.));
#9031 = DIRECTION('',(-1.,0.,0.));
#9032 = CYLINDRICAL_SURFACE('',#9033,0.2);
#9033 = AXIS2_PLACEMENT_3D('',#9034,#9035,#9036);
#9034 = CARTESIAN_POINT('',(4.5,-3.038546731619,5.697));
#9035 = DIRECTION('',(0.,1.,0.));
#9036 = DIRECTION('',(-1.,0.,0.));
#9037 = ADVANCED_FACE('',(#9038),#9056,.T.);
#9038 = FACE_BOUND('',#9039,.T.);
#9039 = EDGE_LOOP('',(#9040,#9041,#9042,#9050));
#9040 = ORIENTED_EDGE('',*,*,#8976,.F.);
#9041 = ORIENTED_EDGE('',*,*,#8927,.F.);
#9042 = ORIENTED_EDGE('',*,*,#9043,.F.);
#9043 = EDGE_CURVE('',#9044,#8920,#9046,.T.);
#9044 = VERTEX_POINT('',#9045);
#9045 = CARTESIAN_POINT('',(4.9,-1.65,5.897));
#9046 = LINE('',#9047,#9048);
#9047 = CARTESIAN_POINT('',(4.9,-1.65,5.897));
#9048 = VECTOR('',#9049,1.);
#9049 = DIRECTION('',(0.,-1.,0.));
#9050 = ORIENTED_EDGE('',*,*,#9051,.T.);
#9051 = EDGE_CURVE('',#9044,#8977,#9052,.T.);
#9052 = LINE('',#9053,#9054);
#9053 = CARTESIAN_POINT('',(4.9,-1.65,5.897));
#9054 = VECTOR('',#9055,1.);
#9055 = DIRECTION('',(-1.,0.,0.));
#9056 = PLANE('',#9057);
#9057 = AXIS2_PLACEMENT_3D('',#9058,#9059,#9060);
#9058 = CARTESIAN_POINT('',(4.9,3.675,5.897));
#9059 = DIRECTION('',(0.,0.,1.));
#9060 = DIRECTION('',(-1.,0.,0.));
#9061 = ADVANCED_FACE('',(#9062),#9087,.T.);
#9062 = FACE_BOUND('',#9063,.T.);
#9063 = EDGE_LOOP('',(#9064,#9074,#9080,#9081));
#9064 = ORIENTED_EDGE('',*,*,#9065,.F.);
#9065 = EDGE_CURVE('',#9066,#9068,#9070,.T.);
#9066 = VERTEX_POINT('',#9067);
#9067 = CARTESIAN_POINT('',(4.9,3.675,5.897));
#9068 = VERTEX_POINT('',#9069);
#9069 = CARTESIAN_POINT('',(4.9,2.3,5.897));
#9070 = LINE('',#9071,#9072);
#9071 = CARTESIAN_POINT('',(4.9,3.675,5.897));
#9072 = VECTOR('',#9073,1.);
#9073 = DIRECTION('',(0.,-1.,0.));
#9074 = ORIENTED_EDGE('',*,*,#9075,.T.);
#9075 = EDGE_CURVE('',#9066,#9002,#9076,.T.);
#9076 = LINE('',#9077,#9078);
#9077 = CARTESIAN_POINT('',(4.9,3.675,5.897));
#9078 = VECTOR('',#9079,1.);
#9079 = DIRECTION('',(-1.,0.,0.));
#9080 = ORIENTED_EDGE('',*,*,#8999,.F.);
#9081 = ORIENTED_EDGE('',*,*,#9082,.F.);
#9082 = EDGE_CURVE('',#9068,#9000,#9083,.T.);
#9083 = LINE('',#9084,#9085);
#9084 = CARTESIAN_POINT('',(4.9,2.3,5.897));
#9085 = VECTOR('',#9086,1.);
#9086 = DIRECTION('',(-1.,0.,0.));
#9087 = PLANE('',#9088);
#9088 = AXIS2_PLACEMENT_3D('',#9089,#9090,#9091);
#9089 = CARTESIAN_POINT('',(4.9,3.675,5.897));
#9090 = DIRECTION('',(0.,0.,1.));
#9091 = DIRECTION('',(-1.,0.,0.));
#9092 = ADVANCED_FACE('',(#9093),#9111,.T.);
#9093 = FACE_BOUND('',#9094,.T.);
#9094 = EDGE_LOOP('',(#9095,#9096,#9097,#9105));
#9095 = ORIENTED_EDGE('',*,*,#9043,.T.);
#9096 = ORIENTED_EDGE('',*,*,#8919,.F.);
#9097 = ORIENTED_EDGE('',*,*,#9098,.F.);
#9098 = EDGE_CURVE('',#9099,#8912,#9101,.T.);
#9099 = VERTEX_POINT('',#9100);
#9100 = CARTESIAN_POINT('',(4.9,-1.65,5.697));
#9101 = LINE('',#9102,#9103);
#9102 = CARTESIAN_POINT('',(4.9,-1.65,5.697));
#9103 = VECTOR('',#9104,1.);
#9104 = DIRECTION('',(0.,-1.,0.));
#9105 = ORIENTED_EDGE('',*,*,#9106,.T.);
#9106 = EDGE_CURVE('',#9099,#9044,#9107,.T.);
#9107 = LINE('',#9108,#9109);
#9108 = CARTESIAN_POINT('',(4.9,-1.65,5.697));
#9109 = VECTOR('',#9110,1.);
#9110 = DIRECTION('',(0.,0.,1.));
#9111 = PLANE('',#9112);
#9112 = AXIS2_PLACEMENT_3D('',#9113,#9114,#9115);
#9113 = CARTESIAN_POINT('',(4.9,3.675,5.697));
#9114 = DIRECTION('',(1.,0.,0.));
#9115 = DIRECTION('',(0.,0.,1.));
#9116 = ADVANCED_FACE('',(#9117),#9142,.T.);
#9117 = FACE_BOUND('',#9118,.T.);
#9118 = EDGE_LOOP('',(#9119,#9129,#9135,#9136));
#9119 = ORIENTED_EDGE('',*,*,#9120,.F.);
#9120 = EDGE_CURVE('',#9121,#9123,#9125,.T.);
#9121 = VERTEX_POINT('',#9122);
#9122 = CARTESIAN_POINT('',(4.9,3.675,5.697));
#9123 = VERTEX_POINT('',#9124);
#9124 = CARTESIAN_POINT('',(4.9,2.3,5.697));
#9125 = LINE('',#9126,#9127);
#9126 = CARTESIAN_POINT('',(4.9,3.675,5.697));
#9127 = VECTOR('',#9128,1.);
#9128 = DIRECTION('',(0.,-1.,0.));
#9129 = ORIENTED_EDGE('',*,*,#9130,.T.);
#9130 = EDGE_CURVE('',#9121,#9066,#9131,.T.);
#9131 = LINE('',#9132,#9133);
#9132 = CARTESIAN_POINT('',(4.9,3.675,5.697));
#9133 = VECTOR('',#9134,1.);
#9134 = DIRECTION('',(0.,0.,1.));
#9135 = ORIENTED_EDGE('',*,*,#9065,.T.);
#9136 = ORIENTED_EDGE('',*,*,#9137,.F.);
#9137 = EDGE_CURVE('',#9123,#9068,#9138,.T.);
#9138 = LINE('',#9139,#9140);
#9139 = CARTESIAN_POINT('',(4.9,2.3,5.697));
#9140 = VECTOR('',#9141,1.);
#9141 = DIRECTION('',(0.,0.,1.));
#9142 = PLANE('',#9143);
#9143 = AXIS2_PLACEMENT_3D('',#9144,#9145,#9146);
#9144 = CARTESIAN_POINT('',(4.9,3.675,5.697));
#9145 = DIRECTION('',(1.,0.,0.));
#9146 = DIRECTION('',(0.,0.,1.));
#9147 = ADVANCED_FACE('',(#9148),#9166,.T.);
#9148 = FACE_BOUND('',#9149,.T.);
#9149 = EDGE_LOOP('',(#9150,#9151,#9152,#9160));
#9150 = ORIENTED_EDGE('',*,*,#9098,.T.);
#9151 = ORIENTED_EDGE('',*,*,#8911,.F.);
#9152 = ORIENTED_EDGE('',*,*,#9153,.F.);
#9153 = EDGE_CURVE('',#9154,#8904,#9156,.T.);
#9154 = VERTEX_POINT('',#9155);
#9155 = CARTESIAN_POINT('',(4.5,-1.65,5.697));
#9156 = LINE('',#9157,#9158);
#9157 = CARTESIAN_POINT('',(4.5,-1.65,5.697));
#9158 = VECTOR('',#9159,1.);
#9159 = DIRECTION('',(0.,-1.,0.));
#9160 = ORIENTED_EDGE('',*,*,#9161,.T.);
#9161 = EDGE_CURVE('',#9154,#9099,#9162,.T.);
#9162 = LINE('',#9163,#9164);
#9163 = CARTESIAN_POINT('',(4.5,-1.65,5.697));
#9164 = VECTOR('',#9165,1.);
#9165 = DIRECTION('',(1.,0.,0.));
#9166 = PLANE('',#9167);
#9167 = AXIS2_PLACEMENT_3D('',#9168,#9169,#9170);
#9168 = CARTESIAN_POINT('',(4.5,3.675,5.697));
#9169 = DIRECTION('',(0.,0.,-1.));
#9170 = DIRECTION('',(1.,0.,0.));
#9171 = ADVANCED_FACE('',(#9172),#9197,.T.);
#9172 = FACE_BOUND('',#9173,.T.);
#9173 = EDGE_LOOP('',(#9174,#9184,#9190,#9191));
#9174 = ORIENTED_EDGE('',*,*,#9175,.F.);
#9175 = EDGE_CURVE('',#9176,#9178,#9180,.T.);
#9176 = VERTEX_POINT('',#9177);
#9177 = CARTESIAN_POINT('',(4.5,3.675,5.697));
#9178 = VERTEX_POINT('',#9179);
#9179 = CARTESIAN_POINT('',(4.5,2.3,5.697));
#9180 = LINE('',#9181,#9182);
#9181 = CARTESIAN_POINT('',(4.5,3.675,5.697));
#9182 = VECTOR('',#9183,1.);
#9183 = DIRECTION('',(0.,-1.,0.));
#9184 = ORIENTED_EDGE('',*,*,#9185,.T.);
#9185 = EDGE_CURVE('',#9176,#9121,#9186,.T.);
#9186 = LINE('',#9187,#9188);
#9187 = CARTESIAN_POINT('',(4.5,3.675,5.697));
#9188 = VECTOR('',#9189,1.);
#9189 = DIRECTION('',(1.,0.,0.));
#9190 = ORIENTED_EDGE('',*,*,#9120,.T.);
#9191 = ORIENTED_EDGE('',*,*,#9192,.F.);
#9192 = EDGE_CURVE('',#9178,#9123,#9193,.T.);
#9193 = LINE('',#9194,#9195);
#9194 = CARTESIAN_POINT('',(4.5,2.3,5.697));
#9195 = VECTOR('',#9196,1.);
#9196 = DIRECTION('',(1.,0.,0.));
#9197 = PLANE('',#9198);
#9198 = AXIS2_PLACEMENT_3D('',#9199,#9200,#9201);
#9199 = CARTESIAN_POINT('',(4.5,3.675,5.697));
#9200 = DIRECTION('',(0.,0.,-1.));
#9201 = DIRECTION('',(1.,0.,0.));
#9202 = ADVANCED_FACE('',(#9203),#9271,.T.);
#9203 = FACE_BOUND('',#9204,.T.);
#9204 = EDGE_LOOP('',(#9205,#9216,#9222,#9223,#9224,#9225,#9226,#9227,
    #9228,#9229,#9230,#9231,#9232,#9241,#9247,#9248,#9256,#9265));
#9205 = ORIENTED_EDGE('',*,*,#9206,.T.);
#9206 = EDGE_CURVE('',#9207,#9209,#9211,.T.);
#9207 = VERTEX_POINT('',#9208);
#9208 = CARTESIAN_POINT('',(4.5,-1.45,4.597));
#9209 = VERTEX_POINT('',#9210);
#9210 = CARTESIAN_POINT('',(4.5,-1.65,4.797));
#9211 = CIRCLE('',#9212,0.2);
#9212 = AXIS2_PLACEMENT_3D('',#9213,#9214,#9215);
#9213 = CARTESIAN_POINT('',(4.5,-1.45,4.797));
#9214 = DIRECTION('',(-1.,0.,0.));
#9215 = DIRECTION('',(0.,0.,-1.));
#9216 = ORIENTED_EDGE('',*,*,#9217,.F.);
#9217 = EDGE_CURVE('',#9154,#9209,#9218,.T.);
#9218 = LINE('',#9219,#9220);
#9219 = CARTESIAN_POINT('',(4.5,-1.65,5.697));
#9220 = VECTOR('',#9221,1.);
#9221 = DIRECTION('',(0.,0.,-1.));
#9222 = ORIENTED_EDGE('',*,*,#9153,.T.);
#9223 = ORIENTED_EDGE('',*,*,#8903,.F.);
#9224 = ORIENTED_EDGE('',*,*,#8888,.T.);
#9225 = ORIENTED_EDGE('',*,*,#8831,.F.);
#9226 = ORIENTED_EDGE('',*,*,#8777,.T.);
#9227 = ORIENTED_EDGE('',*,*,#8745,.T.);
#9228 = ORIENTED_EDGE('',*,*,#8703,.T.);
#9229 = ORIENTED_EDGE('',*,*,#8341,.T.);
#9230 = ORIENTED_EDGE('',*,*,#8302,.T.);
#9231 = ORIENTED_EDGE('',*,*,#8810,.F.);
#9232 = ORIENTED_EDGE('',*,*,#9233,.T.);
#9233 = EDGE_CURVE('',#8803,#9234,#9236,.T.);
#9234 = VERTEX_POINT('',#9235);
#9235 = CARTESIAN_POINT('',(4.5,3.675,0.647));
#9236 = CIRCLE('',#9237,0.2);
#9237 = AXIS2_PLACEMENT_3D('',#9238,#9239,#9240);
#9238 = CARTESIAN_POINT('',(4.5,3.475,0.647));
#9239 = DIRECTION('',(1.,0.,0.));
#9240 = DIRECTION('',(0.,0.,-1.));
#9241 = ORIENTED_EDGE('',*,*,#9242,.T.);
#9242 = EDGE_CURVE('',#9234,#9176,#9243,.T.);
#9243 = LINE('',#9244,#9245);
#9244 = CARTESIAN_POINT('',(4.5,3.675,0.647));
#9245 = VECTOR('',#9246,1.);
#9246 = DIRECTION('',(0.,0.,1.));
#9247 = ORIENTED_EDGE('',*,*,#9175,.T.);
#9248 = ORIENTED_EDGE('',*,*,#9249,.T.);
#9249 = EDGE_CURVE('',#9178,#9250,#9252,.T.);
#9250 = VERTEX_POINT('',#9251);
#9251 = CARTESIAN_POINT('',(4.5,2.3,4.797));
#9252 = LINE('',#9253,#9254);
#9253 = CARTESIAN_POINT('',(4.5,2.3,5.697));
#9254 = VECTOR('',#9255,1.);
#9255 = DIRECTION('',(0.,0.,-1.));
#9256 = ORIENTED_EDGE('',*,*,#9257,.T.);
#9257 = EDGE_CURVE('',#9250,#9258,#9260,.T.);
#9258 = VERTEX_POINT('',#9259);
#9259 = CARTESIAN_POINT('',(4.5,2.1,4.597));
#9260 = CIRCLE('',#9261,0.2);
#9261 = AXIS2_PLACEMENT_3D('',#9262,#9263,#9264);
#9262 = CARTESIAN_POINT('',(4.5,2.1,4.797));
#9263 = DIRECTION('',(-1.,0.,0.));
#9264 = DIRECTION('',(0.,1.,0.));
#9265 = ORIENTED_EDGE('',*,*,#9266,.T.);
#9266 = EDGE_CURVE('',#9258,#9207,#9267,.T.);
#9267 = LINE('',#9268,#9269);
#9268 = CARTESIAN_POINT('',(4.5,2.1,4.597));
#9269 = VECTOR('',#9270,1.);
#9270 = DIRECTION('',(0.,-1.,0.));
#9271 = PLANE('',#9272);
#9272 = AXIS2_PLACEMENT_3D('',#9273,#9274,#9275);
#9273 = CARTESIAN_POINT('',(4.5,3.675,0.447));
#9274 = DIRECTION('',(1.,0.,0.));
#9275 = DIRECTION('',(0.,0.,1.));
#9276 = ADVANCED_FACE('',(#9277),#9298,.F.);
#9277 = FACE_BOUND('',#9278,.T.);
#9278 = EDGE_LOOP('',(#9279,#9287,#9288,#9289,#9290,#9291,#9292));
#9279 = ORIENTED_EDGE('',*,*,#9280,.F.);
#9280 = EDGE_CURVE('',#8968,#9281,#9283,.T.);
#9281 = VERTEX_POINT('',#9282);
#9282 = CARTESIAN_POINT('',(4.3,-1.65,4.797));
#9283 = LINE('',#9284,#9285);
#9284 = CARTESIAN_POINT('',(4.3,-1.65,5.697));
#9285 = VECTOR('',#9286,1.);
#9286 = DIRECTION('',(0.,0.,-1.));
#9287 = ORIENTED_EDGE('',*,*,#8984,.T.);
#9288 = ORIENTED_EDGE('',*,*,#9051,.F.);
#9289 = ORIENTED_EDGE('',*,*,#9106,.F.);
#9290 = ORIENTED_EDGE('',*,*,#9161,.F.);
#9291 = ORIENTED_EDGE('',*,*,#9217,.T.);
#9292 = ORIENTED_EDGE('',*,*,#9293,.F.);
#9293 = EDGE_CURVE('',#9281,#9209,#9294,.T.);
#9294 = LINE('',#9295,#9296);
#9295 = CARTESIAN_POINT('',(4.3,-1.65,4.797));
#9296 = VECTOR('',#9297,1.);
#9297 = DIRECTION('',(1.,0.,0.));
#9298 = PLANE('',#9299);
#9299 = AXIS2_PLACEMENT_3D('',#9300,#9301,#9302);
#9300 = CARTESIAN_POINT('',(4.3,-1.65,4.597));
#9301 = DIRECTION('',(0.,-1.,0.));
#9302 = DIRECTION('',(0.,0.,1.));
#9303 = ADVANCED_FACE('',(#9304),#9323,.F.);
#9304 = FACE_BOUND('',#9305,.F.);
#9305 = EDGE_LOOP('',(#9306,#9307,#9316,#9322));
#9306 = ORIENTED_EDGE('',*,*,#9293,.F.);
#9307 = ORIENTED_EDGE('',*,*,#9308,.T.);
#9308 = EDGE_CURVE('',#9281,#9309,#9311,.T.);
#9309 = VERTEX_POINT('',#9310);
#9310 = CARTESIAN_POINT('',(4.3,-1.45,4.597));
#9311 = CIRCLE('',#9312,0.2);
#9312 = AXIS2_PLACEMENT_3D('',#9313,#9314,#9315);
#9313 = CARTESIAN_POINT('',(4.3,-1.45,4.797));
#9314 = DIRECTION('',(1.,0.,0.));
#9315 = DIRECTION('',(0.,-1.,0.));
#9316 = ORIENTED_EDGE('',*,*,#9317,.T.);
#9317 = EDGE_CURVE('',#9309,#9207,#9318,.T.);
#9318 = LINE('',#9319,#9320);
#9319 = CARTESIAN_POINT('',(4.3,-1.45,4.597));
#9320 = VECTOR('',#9321,1.);
#9321 = DIRECTION('',(1.,0.,0.));
#9322 = ORIENTED_EDGE('',*,*,#9206,.T.);
#9323 = CYLINDRICAL_SURFACE('',#9324,0.2);
#9324 = AXIS2_PLACEMENT_3D('',#9325,#9326,#9327);
#9325 = CARTESIAN_POINT('',(4.284641040188,-1.45,4.797));
#9326 = DIRECTION('',(1.,0.,0.));
#9327 = DIRECTION('',(0.,-1.,0.));
#9328 = ADVANCED_FACE('',(#9329),#9347,.F.);
#9329 = FACE_BOUND('',#9330,.T.);
#9330 = EDGE_LOOP('',(#9331,#9332,#9340,#9346));
#9331 = ORIENTED_EDGE('',*,*,#9266,.F.);
#9332 = ORIENTED_EDGE('',*,*,#9333,.F.);
#9333 = EDGE_CURVE('',#9334,#9258,#9336,.T.);
#9334 = VERTEX_POINT('',#9335);
#9335 = CARTESIAN_POINT('',(4.3,2.1,4.597));
#9336 = LINE('',#9337,#9338);
#9337 = CARTESIAN_POINT('',(4.3,2.1,4.597));
#9338 = VECTOR('',#9339,1.);
#9339 = DIRECTION('',(1.,0.,0.));
#9340 = ORIENTED_EDGE('',*,*,#9341,.T.);
#9341 = EDGE_CURVE('',#9334,#9309,#9342,.T.);
#9342 = LINE('',#9343,#9344);
#9343 = CARTESIAN_POINT('',(4.3,2.1,4.597));
#9344 = VECTOR('',#9345,1.);
#9345 = DIRECTION('',(0.,-1.,0.));
#9346 = ORIENTED_EDGE('',*,*,#9317,.T.);
#9347 = PLANE('',#9348);
#9348 = AXIS2_PLACEMENT_3D('',#9349,#9350,#9351);
#9349 = CARTESIAN_POINT('',(4.3,2.3,4.597));
#9350 = DIRECTION('',(0.,0.,-1.));
#9351 = DIRECTION('',(0.,-1.,0.));
#9352 = ADVANCED_FACE('',(#9353),#9372,.F.);
#9353 = FACE_BOUND('',#9354,.F.);
#9354 = EDGE_LOOP('',(#9355,#9356,#9365,#9371));
#9355 = ORIENTED_EDGE('',*,*,#9333,.F.);
#9356 = ORIENTED_EDGE('',*,*,#9357,.T.);
#9357 = EDGE_CURVE('',#9334,#9358,#9360,.T.);
#9358 = VERTEX_POINT('',#9359);
#9359 = CARTESIAN_POINT('',(4.3,2.3,4.797));
#9360 = CIRCLE('',#9361,0.2);
#9361 = AXIS2_PLACEMENT_3D('',#9362,#9363,#9364);
#9362 = CARTESIAN_POINT('',(4.3,2.1,4.797));
#9363 = DIRECTION('',(1.,0.,0.));
#9364 = DIRECTION('',(0.,0.,-1.));
#9365 = ORIENTED_EDGE('',*,*,#9366,.T.);
#9366 = EDGE_CURVE('',#9358,#9250,#9367,.T.);
#9367 = LINE('',#9368,#9369);
#9368 = CARTESIAN_POINT('',(4.3,2.3,4.797));
#9369 = VECTOR('',#9370,1.);
#9370 = DIRECTION('',(1.,0.,0.));
#9371 = ORIENTED_EDGE('',*,*,#9257,.T.);
#9372 = CYLINDRICAL_SURFACE('',#9373,0.2);
#9373 = AXIS2_PLACEMENT_3D('',#9374,#9375,#9376);
#9374 = CARTESIAN_POINT('',(4.284641040188,2.1,4.797));
#9375 = DIRECTION('',(1.,0.,0.));
#9376 = DIRECTION('',(0.,0.,-1.));
#9377 = ADVANCED_FACE('',(#9378),#9392,.F.);
#9378 = FACE_BOUND('',#9379,.T.);
#9379 = EDGE_LOOP('',(#9380,#9381,#9382,#9383,#9384,#9385,#9391));
#9380 = ORIENTED_EDGE('',*,*,#9249,.F.);
#9381 = ORIENTED_EDGE('',*,*,#9192,.T.);
#9382 = ORIENTED_EDGE('',*,*,#9137,.T.);
#9383 = ORIENTED_EDGE('',*,*,#9082,.T.);
#9384 = ORIENTED_EDGE('',*,*,#9026,.F.);
#9385 = ORIENTED_EDGE('',*,*,#9386,.T.);
#9386 = EDGE_CURVE('',#9019,#9358,#9387,.T.);
#9387 = LINE('',#9388,#9389);
#9388 = CARTESIAN_POINT('',(4.3,2.3,5.697));
#9389 = VECTOR('',#9390,1.);
#9390 = DIRECTION('',(0.,0.,-1.));
#9391 = ORIENTED_EDGE('',*,*,#9366,.T.);
#9392 = PLANE('',#9393);
#9393 = AXIS2_PLACEMENT_3D('',#9394,#9395,#9396);
#9394 = CARTESIAN_POINT('',(4.3,2.3,6.182124100516));
#9395 = DIRECTION('',(0.,1.,0.));
#9396 = DIRECTION('',(0.,0.,-1.));
#9397 = ADVANCED_FACE('',(#9398),#9453,.T.);
#9398 = FACE_BOUND('',#9399,.T.);
#9399 = EDGE_LOOP('',(#9400,#9408,#9409,#9410,#9411,#9412,#9413,#9414,
    #9415,#9416,#9424,#9432,#9438,#9439,#9440,#9441,#9442,#9443,#9444,
    #9445,#9446,#9447));
#9400 = ORIENTED_EDGE('',*,*,#9401,.F.);
#9401 = EDGE_CURVE('',#8945,#9402,#9404,.T.);
#9402 = VERTEX_POINT('',#9403);
#9403 = CARTESIAN_POINT('',(4.3,-2.675,3.797));
#9404 = LINE('',#9405,#9406);
#9405 = CARTESIAN_POINT('',(4.3,-3.075,3.797));
#9406 = VECTOR('',#9407,1.);
#9407 = DIRECTION('',(0.,1.,0.));
#9408 = ORIENTED_EDGE('',*,*,#8944,.F.);
#9409 = ORIENTED_EDGE('',*,*,#8967,.T.);
#9410 = ORIENTED_EDGE('',*,*,#9280,.T.);
#9411 = ORIENTED_EDGE('',*,*,#9308,.T.);
#9412 = ORIENTED_EDGE('',*,*,#9341,.F.);
#9413 = ORIENTED_EDGE('',*,*,#9357,.T.);
#9414 = ORIENTED_EDGE('',*,*,#9386,.F.);
#9415 = ORIENTED_EDGE('',*,*,#9018,.T.);
#9416 = ORIENTED_EDGE('',*,*,#9417,.T.);
#9417 = EDGE_CURVE('',#9010,#9418,#9420,.T.);
#9418 = VERTEX_POINT('',#9419);
#9419 = CARTESIAN_POINT('',(4.3,3.675,3.797));
#9420 = LINE('',#9421,#9422);
#9421 = CARTESIAN_POINT('',(4.3,3.675,5.697));
#9422 = VECTOR('',#9423,1.);
#9423 = DIRECTION('',(0.,0.,-1.));
#9424 = ORIENTED_EDGE('',*,*,#9425,.F.);
#9425 = EDGE_CURVE('',#9426,#9418,#9428,.T.);
#9426 = VERTEX_POINT('',#9427);
#9427 = CARTESIAN_POINT('',(4.3,3.325,3.797));
#9428 = LINE('',#9429,#9430);
#9429 = CARTESIAN_POINT('',(4.3,3.325,3.797));
#9430 = VECTOR('',#9431,1.);
#9431 = DIRECTION('',(0.,1.,0.));
#9432 = ORIENTED_EDGE('',*,*,#9433,.T.);
#9433 = EDGE_CURVE('',#9426,#8795,#9434,.T.);
#9434 = LINE('',#9435,#9436);
#9435 = CARTESIAN_POINT('',(4.3,3.325,3.797));
#9436 = VECTOR('',#9437,1.);
#9437 = DIRECTION('',(0.,0.,-1.));
#9438 = ORIENTED_EDGE('',*,*,#8817,.T.);
#9439 = ORIENTED_EDGE('',*,*,#8319,.T.);
#9440 = ORIENTED_EDGE('',*,*,#8334,.T.);
#9441 = ORIENTED_EDGE('',*,*,#8252,.T.);
#9442 = ORIENTED_EDGE('',*,*,#8470,.F.);
#9443 = ORIENTED_EDGE('',*,*,#8134,.T.);
#9444 = ORIENTED_EDGE('',*,*,#8737,.F.);
#9445 = ORIENTED_EDGE('',*,*,#8769,.T.);
#9446 = ORIENTED_EDGE('',*,*,#8855,.T.);
#9447 = ORIENTED_EDGE('',*,*,#9448,.F.);
#9448 = EDGE_CURVE('',#9402,#8848,#9449,.T.);
#9449 = LINE('',#9450,#9451);
#9450 = CARTESIAN_POINT('',(4.3,-2.675,3.797));
#9451 = VECTOR('',#9452,1.);
#9452 = DIRECTION('',(0.,0.,-1.));
#9453 = PLANE('',#9454);
#9454 = AXIS2_PLACEMENT_3D('',#9455,#9456,#9457);
#9455 = CARTESIAN_POINT('',(4.3,3.675,5.897));
#9456 = DIRECTION('',(-1.,0.,0.));
#9457 = DIRECTION('',(0.,0.,-1.));
#9458 = ADVANCED_FACE('',(#9459),#9478,.T.);
#9459 = FACE_BOUND('',#9460,.T.);
#9460 = EDGE_LOOP('',(#9461,#9469,#9470,#9471));
#9461 = ORIENTED_EDGE('',*,*,#9462,.F.);
#9462 = EDGE_CURVE('',#9234,#9463,#9465,.T.);
#9463 = VERTEX_POINT('',#9464);
#9464 = CARTESIAN_POINT('',(4.3,3.675,0.647));
#9465 = LINE('',#9466,#9467);
#9466 = CARTESIAN_POINT('',(4.5,3.675,0.647));
#9467 = VECTOR('',#9468,1.);
#9468 = DIRECTION('',(-1.,0.,0.));
#9469 = ORIENTED_EDGE('',*,*,#9233,.F.);
#9470 = ORIENTED_EDGE('',*,*,#8802,.T.);
#9471 = ORIENTED_EDGE('',*,*,#9472,.F.);
#9472 = EDGE_CURVE('',#9463,#8793,#9473,.T.);
#9473 = CIRCLE('',#9474,0.2);
#9474 = AXIS2_PLACEMENT_3D('',#9475,#9476,#9477);
#9475 = CARTESIAN_POINT('',(4.3,3.475,0.647));
#9476 = DIRECTION('',(-1.,0.,0.));
#9477 = DIRECTION('',(0.,1.,0.));
#9478 = CYLINDRICAL_SURFACE('',#9479,0.2);
#9479 = AXIS2_PLACEMENT_3D('',#9480,#9481,#9482);
#9480 = CARTESIAN_POINT('',(4.518910364697,3.475,0.647));
#9481 = DIRECTION('',(-1.,0.,0.));
#9482 = DIRECTION('',(0.,1.,0.));
#9483 = ADVANCED_FACE('',(#9484),#9499,.F.);
#9484 = FACE_BOUND('',#9485,.T.);
#9485 = EDGE_LOOP('',(#9486,#9487,#9488,#9489,#9490,#9491,#9492,#9493));
#9486 = ORIENTED_EDGE('',*,*,#9417,.F.);
#9487 = ORIENTED_EDGE('',*,*,#9009,.T.);
#9488 = ORIENTED_EDGE('',*,*,#9075,.F.);
#9489 = ORIENTED_EDGE('',*,*,#9130,.F.);
#9490 = ORIENTED_EDGE('',*,*,#9185,.F.);
#9491 = ORIENTED_EDGE('',*,*,#9242,.F.);
#9492 = ORIENTED_EDGE('',*,*,#9462,.T.);
#9493 = ORIENTED_EDGE('',*,*,#9494,.F.);
#9494 = EDGE_CURVE('',#9418,#9463,#9495,.T.);
#9495 = LINE('',#9496,#9497);
#9496 = CARTESIAN_POINT('',(4.3,3.675,2.197));
#9497 = VECTOR('',#9498,1.);
#9498 = DIRECTION('',(0.,0.,-1.));
#9499 = PLANE('',#9500);
#9500 = AXIS2_PLACEMENT_3D('',#9501,#9502,#9503);
#9501 = CARTESIAN_POINT('',(4.9,3.675,5.897));
#9502 = DIRECTION('',(0.,-1.,0.));
#9503 = DIRECTION('',(1.,0.,0.));
#9504 = ADVANCED_FACE('',(#9505),#9546,.F.);
#9505 = FACE_BOUND('',#9506,.T.);
#9506 = EDGE_LOOP('',(#9507,#9517,#9523,#9524,#9532,#9540));
#9507 = ORIENTED_EDGE('',*,*,#9508,.F.);
#9508 = EDGE_CURVE('',#9509,#9511,#9513,.T.);
#9509 = VERTEX_POINT('',#9510);
#9510 = CARTESIAN_POINT('',(4.1,-3.45,0.497));
#9511 = VERTEX_POINT('',#9512);
#9512 = CARTESIAN_POINT('',(4.1,-3.75,0.497));
#9513 = LINE('',#9514,#9515);
#9514 = CARTESIAN_POINT('',(4.1,-3.45,0.497));
#9515 = VECTOR('',#9516,1.);
#9516 = DIRECTION('',(0.,-1.,0.));
#9517 = ORIENTED_EDGE('',*,*,#9518,.T.);
#9518 = EDGE_CURVE('',#9509,#5016,#9519,.T.);
#9519 = LINE('',#9520,#9521);
#9520 = CARTESIAN_POINT('',(4.1,-3.45,0.497));
#9521 = VECTOR('',#9522,1.);
#9522 = DIRECTION('',(-1.,0.,0.));
#9523 = ORIENTED_EDGE('',*,*,#5988,.T.);
#9524 = ORIENTED_EDGE('',*,*,#9525,.T.);
#9525 = EDGE_CURVE('',#5940,#9526,#9528,.T.);
#9526 = VERTEX_POINT('',#9527);
#9527 = CARTESIAN_POINT('',(2.633496703857,-3.45,0.497));
#9528 = LINE('',#9529,#9530);
#9529 = CARTESIAN_POINT('',(4.1,-3.45,0.497));
#9530 = VECTOR('',#9531,1.);
#9531 = DIRECTION('',(-1.,0.,0.));
#9532 = ORIENTED_EDGE('',*,*,#9533,.T.);
#9533 = EDGE_CURVE('',#9526,#9534,#9536,.T.);
#9534 = VERTEX_POINT('',#9535);
#9535 = CARTESIAN_POINT('',(2.633496703857,-3.75,0.497));
#9536 = LINE('',#9537,#9538);
#9537 = CARTESIAN_POINT('',(2.633496703857,-3.45,0.497));
#9538 = VECTOR('',#9539,1.);
#9539 = DIRECTION('',(0.,-1.,0.));
#9540 = ORIENTED_EDGE('',*,*,#9541,.F.);
#9541 = EDGE_CURVE('',#9511,#9534,#9542,.T.);
#9542 = LINE('',#9543,#9544);
#9543 = CARTESIAN_POINT('',(4.1,-3.75,0.497));
#9544 = VECTOR('',#9545,1.);
#9545 = DIRECTION('',(-1.,0.,0.));
#9546 = PLANE('',#9547);
#9547 = AXIS2_PLACEMENT_3D('',#9548,#9549,#9550);
#9548 = CARTESIAN_POINT('',(4.1,-3.45,0.497));
#9549 = DIRECTION('',(0.,0.,-1.));
#9550 = DIRECTION('',(-1.,0.,0.));
#9551 = ADVANCED_FACE('',(#9552),#9596,.F.);
#9552 = FACE_BOUND('',#9553,.F.);
#9553 = EDGE_LOOP('',(#9554,#9555,#9574,#9580,#9581,#9589));
#9554 = ORIENTED_EDGE('',*,*,#7992,.F.);
#9555 = ORIENTED_EDGE('',*,*,#9556,.F.);
#9556 = EDGE_CURVE('',#9557,#7984,#9559,.T.);
#9557 = VERTEX_POINT('',#9558);
#9558 = CARTESIAN_POINT('',(3.6,1.039142842854,-1.653));
#9559 = B_SPLINE_CURVE_WITH_KNOTS('',3,(#9560,#9561,#9562,#9563,#9564,
    #9565,#9566,#9567,#9568,#9569,#9570,#9571,#9572,#9573),
  .UNSPECIFIED.,.F.,.F.,(4,2,2,2,2,2,4),(0.23942658588,0.243103828114,
    0.280096929639,0.317090031164,0.354083132689,0.391076234214,
    0.394753476448),.UNSPECIFIED.);
#9560 = CARTESIAN_POINT('',(3.6,1.039142842854,-1.653));
#9561 = CARTESIAN_POINT('',(3.609080705838,1.030241970781,-1.653));
#9562 = CARTESIAN_POINT('',(3.617854508028,1.021300908113,
    -1.652752253541));
#9563 = CARTESIAN_POINT('',(3.710983514505,0.922905769167,
    -1.647851582297));
#9564 = CARTESIAN_POINT('',(3.781656285864,0.813838836561,
    -1.621855255756));
#9565 = CARTESIAN_POINT('',(3.87615718881,0.576788663152,-1.573193012029
    ));
#9566 = CARTESIAN_POINT('',(3.9,0.448310338416,-1.553));
#9567 = CARTESIAN_POINT('',(3.9,0.201689661584,-1.553));
#9568 = CARTESIAN_POINT('',(3.87615718881,7.321133684838E-02,
    -1.573193012029));
#9569 = CARTESIAN_POINT('',(3.781656285864,-0.163838836561,
    -1.621855255756));
#9570 = CARTESIAN_POINT('',(3.710983514505,-0.272905769167,
    -1.647851582297));
#9571 = CARTESIAN_POINT('',(3.617854508028,-0.371300908113,
    -1.652752253541));
#9572 = CARTESIAN_POINT('',(3.609080705837,-0.380241970781,-1.653));
#9573 = CARTESIAN_POINT('',(3.6,-0.389142842854,-1.653));
#9574 = ORIENTED_EDGE('',*,*,#9575,.F.);
#9575 = EDGE_CURVE('',#6877,#9557,#9576,.T.);
#9576 = LINE('',#9577,#9578);
#9577 = CARTESIAN_POINT('',(3.6,4.1,-1.653));
#9578 = VECTOR('',#9579,1.);
#9579 = DIRECTION('',(0.,-1.,0.));
#9580 = ORIENTED_EDGE('',*,*,#6884,.T.);
#9581 = ORIENTED_EDGE('',*,*,#9582,.T.);
#9582 = EDGE_CURVE('',#6885,#9583,#9585,.T.);
#9583 = VERTEX_POINT('',#9584);
#9584 = CARTESIAN_POINT('',(4.1,-3.45,-1.153));
#9585 = LINE('',#9586,#9587);
#9586 = CARTESIAN_POINT('',(4.1,4.1,-1.153));
#9587 = VECTOR('',#9588,1.);
#9588 = DIRECTION('',(0.,-1.,0.));
#9589 = ORIENTED_EDGE('',*,*,#9590,.T.);
#9590 = EDGE_CURVE('',#9583,#7993,#9591,.T.);
#9591 = CIRCLE('',#9592,0.5);
#9592 = AXIS2_PLACEMENT_3D('',#9593,#9594,#9595);
#9593 = CARTESIAN_POINT('',(3.6,-3.45,-1.153));
#9594 = DIRECTION('',(-0.,1.,0.));
#9595 = DIRECTION('',(1.,0.,0.));
#9596 = CYLINDRICAL_SURFACE('',#9597,0.5);
#9597 = AXIS2_PLACEMENT_3D('',#9598,#9599,#9600);
#9598 = CARTESIAN_POINT('',(3.6,4.123673528412,-1.153));
#9599 = DIRECTION('',(0.,-1.,0.));
#9600 = DIRECTION('',(0.,0.,-1.));
#9601 = ADVANCED_FACE('',(#9602),#9628,.T.);
#9602 = FACE_BOUND('',#9603,.T.);
#9603 = EDGE_LOOP('',(#9604,#9605,#9606,#9614,#9622));
#9604 = ORIENTED_EDGE('',*,*,#8024,.T.);
#9605 = ORIENTED_EDGE('',*,*,#7935,.T.);
#9606 = ORIENTED_EDGE('',*,*,#9607,.F.);
#9607 = EDGE_CURVE('',#9608,#7928,#9610,.T.);
#9608 = VERTEX_POINT('',#9609);
#9609 = CARTESIAN_POINT('',(3.15,-1.825,-1.953));
#9610 = LINE('',#9611,#9612);
#9611 = CARTESIAN_POINT('',(3.15,-1.825,-1.953));
#9612 = VECTOR('',#9613,1.);
#9613 = DIRECTION('',(0.,0.,1.));
#9614 = ORIENTED_EDGE('',*,*,#9615,.F.);
#9615 = EDGE_CURVE('',#9616,#9608,#9618,.T.);
#9616 = VERTEX_POINT('',#9617);
#9617 = CARTESIAN_POINT('',(2.15,-2.825,-1.953));
#9618 = LINE('',#9619,#9620);
#9619 = CARTESIAN_POINT('',(2.15,-2.825,-1.953));
#9620 = VECTOR('',#9621,1.);
#9621 = DIRECTION('',(0.707106781187,0.707106781187,0.));
#9622 = ORIENTED_EDGE('',*,*,#9623,.T.);
#9623 = EDGE_CURVE('',#9616,#8017,#9624,.T.);
#9624 = LINE('',#9625,#9626);
#9625 = CARTESIAN_POINT('',(2.15,-2.825,-1.953));
#9626 = VECTOR('',#9627,1.);
#9627 = DIRECTION('',(0.,0.,1.));
#9628 = PLANE('',#9629);
#9629 = AXIS2_PLACEMENT_3D('',#9630,#9631,#9632);
#9630 = CARTESIAN_POINT('',(2.15,-2.825,-1.903));
#9631 = DIRECTION('',(-0.707106781187,0.707106781187,0.));
#9632 = DIRECTION('',(0.,0.,1.));
#9633 = ADVANCED_FACE('',(#9634),#9672,.F.);
#9634 = FACE_BOUND('',#9635,.F.);
#9635 = EDGE_LOOP('',(#9636,#9647,#9656,#9665));
#9636 = ORIENTED_EDGE('',*,*,#9637,.T.);
#9637 = EDGE_CURVE('',#9638,#9640,#9642,.T.);
#9638 = VERTEX_POINT('',#9639);
#9639 = CARTESIAN_POINT('',(3.150000000387,1.293245836329,
    -1.953000000544));
#9640 = VERTEX_POINT('',#9641);
#9641 = CARTESIAN_POINT('',(3.150000000387,-0.643245836329,
    -1.953000000544));
#9642 = CIRCLE('',#9643,1.);
#9643 = AXIS2_PLACEMENT_3D('',#9644,#9645,#9646);
#9644 = CARTESIAN_POINT('',(2.9,0.325,-1.953));
#9645 = DIRECTION('',(0.,0.,-1.));
#9646 = DIRECTION('',(0.25,0.968245836552,0.));
#9647 = ORIENTED_EDGE('',*,*,#9648,.T.);
#9648 = EDGE_CURVE('',#9640,#9649,#9651,.T.);
#9649 = VERTEX_POINT('',#9650);
#9650 = CARTESIAN_POINT('',(3.29999999973,-0.753192933034,-2.103));
#9651 = B_SPLINE_CURVE_WITH_KNOTS('',3,(#9652,#9653,#9654,#9655),
  .UNSPECIFIED.,.F.,.F.,(4,4),(0.,1.),.PIECEWISE_BEZIER_KNOTS.);
#9652 = CARTESIAN_POINT('',(3.15,-0.643245836552,-1.953));
#9653 = CARTESIAN_POINT('',(3.199393052878,-0.681505530795,
    -2.002393052878));
#9654 = CARTESIAN_POINT('',(3.249465493593,-0.718040708344,
    -2.052465493593));
#9655 = CARTESIAN_POINT('',(3.3,-0.753192932642,-2.103));
#9656 = ORIENTED_EDGE('',*,*,#9657,.F.);
#9657 = EDGE_CURVE('',#9658,#9649,#9660,.T.);
#9658 = VERTEX_POINT('',#9659);
#9659 = CARTESIAN_POINT('',(3.29999999973,1.403192933034,-2.103));
#9660 = CIRCLE('',#9661,1.15);
#9661 = AXIS2_PLACEMENT_3D('',#9662,#9663,#9664);
#9662 = CARTESIAN_POINT('',(2.9,0.325,-2.103));
#9663 = DIRECTION('',(0.,0.,-1.));
#9664 = DIRECTION('',(0.347826086957,0.937559071863,0.));
#9665 = ORIENTED_EDGE('',*,*,#9666,.F.);
#9666 = EDGE_CURVE('',#9638,#9658,#9667,.T.);
#9667 = B_SPLINE_CURVE_WITH_KNOTS('',3,(#9668,#9669,#9670,#9671),
  .UNSPECIFIED.,.F.,.F.,(4,4),(0.,1.),.PIECEWISE_BEZIER_KNOTS.);
#9668 = CARTESIAN_POINT('',(3.15,1.293245836552,-1.953));
#9669 = CARTESIAN_POINT('',(3.199393052878,1.331505530795,
    -2.002393052878));
#9670 = CARTESIAN_POINT('',(3.249465493593,1.368040708344,
    -2.052465493593));
#9671 = CARTESIAN_POINT('',(3.3,1.403192932642,-2.103));
#9672 = CONICAL_SURFACE('',#9673,1.075,0.785399253347);
#9673 = AXIS2_PLACEMENT_3D('',#9674,#9675,#9676);
#9674 = CARTESIAN_POINT('',(2.9,0.325,-2.028));
#9675 = DIRECTION('',(0.,0.,-1.));
#9676 = DIRECTION('',(1.,0.,0.));
#9677 = ADVANCED_FACE('',(#9678),#9703,.T.);
#9678 = FACE_BOUND('',#9679,.T.);
#9679 = EDGE_LOOP('',(#9680,#9690,#9696,#9697));
#9680 = ORIENTED_EDGE('',*,*,#9681,.F.);
#9681 = EDGE_CURVE('',#9682,#9684,#9686,.T.);
#9682 = VERTEX_POINT('',#9683);
#9683 = CARTESIAN_POINT('',(3.3,3.625,-2.103));
#9684 = VERTEX_POINT('',#9685);
#9685 = CARTESIAN_POINT('',(3.15,3.475,-1.953));
#9686 = LINE('',#9687,#9688);
#9687 = CARTESIAN_POINT('',(3.3,3.625,-2.103));
#9688 = VECTOR('',#9689,1.);
#9689 = DIRECTION('',(-0.57735026919,-0.57735026919,0.57735026919));
#9690 = ORIENTED_EDGE('',*,*,#9691,.F.);
#9691 = EDGE_CURVE('',#9658,#9682,#9692,.T.);
#9692 = LINE('',#9693,#9694);
#9693 = CARTESIAN_POINT('',(3.3,1.403192932642,-2.103));
#9694 = VECTOR('',#9695,1.);
#9695 = DIRECTION('',(0.,1.,0.));
#9696 = ORIENTED_EDGE('',*,*,#9666,.F.);
#9697 = ORIENTED_EDGE('',*,*,#9698,.T.);
#9698 = EDGE_CURVE('',#9638,#9684,#9699,.T.);
#9699 = LINE('',#9700,#9701);
#9700 = CARTESIAN_POINT('',(3.15,1.293245836552,-1.953));
#9701 = VECTOR('',#9702,1.);
#9702 = DIRECTION('',(0.,1.,0.));
#9703 = PLANE('',#9704);
#9704 = AXIS2_PLACEMENT_3D('',#9705,#9706,#9707);
#9705 = CARTESIAN_POINT('',(3.15,1.293245836552,-1.953));
#9706 = DIRECTION('',(-0.707106781187,0.,-0.707106781187));
#9707 = DIRECTION('',(0.,1.,0.));
#9708 = ADVANCED_FACE('',(#9709),#9743,.F.);
#9709 = FACE_BOUND('',#9710,.T.);
#9710 = EDGE_LOOP('',(#9711,#9721,#9729,#9737));
#9711 = ORIENTED_EDGE('',*,*,#9712,.F.);
#9712 = EDGE_CURVE('',#9713,#9715,#9717,.T.);
#9713 = VERTEX_POINT('',#9714);
#9714 = CARTESIAN_POINT('',(1.554841538983,-2.975,-1.56));
#9715 = VERTEX_POINT('',#9716);
#9716 = CARTESIAN_POINT('',(1.502460384746,-2.825,-6.000000000003E-02));
#9717 = LINE('',#9718,#9719);
#9718 = CARTESIAN_POINT('',(1.554841538983,-2.975,-1.56));
#9719 = VECTOR('',#9720,1.);
#9720 = DIRECTION('',(-3.472650652543E-02,9.94437036493E-02,
    0.994437036493));
#9721 = ORIENTED_EDGE('',*,*,#9722,.F.);
#9722 = EDGE_CURVE('',#9723,#9713,#9725,.T.);
#9723 = VERTEX_POINT('',#9724);
#9724 = CARTESIAN_POINT('',(-1.554841538983,-2.975,-1.56));
#9725 = LINE('',#9726,#9727);
#9726 = CARTESIAN_POINT('',(-1.554841538983,-2.975,-1.56));
#9727 = VECTOR('',#9728,1.);
#9728 = DIRECTION('',(1.,0.,0.));
#9729 = ORIENTED_EDGE('',*,*,#9730,.T.);
#9730 = EDGE_CURVE('',#9723,#9731,#9733,.T.);
#9731 = VERTEX_POINT('',#9732);
#9732 = CARTESIAN_POINT('',(-1.502460384746,-2.825,-6.000000000003E-02)
  );
#9733 = LINE('',#9734,#9735);
#9734 = CARTESIAN_POINT('',(-1.554841538983,-2.975,-1.56));
#9735 = VECTOR('',#9736,1.);
#9736 = DIRECTION('',(3.472650652543E-02,9.94437036493E-02,
    0.994437036493));
#9737 = ORIENTED_EDGE('',*,*,#9738,.F.);
#9738 = EDGE_CURVE('',#9715,#9731,#9739,.T.);
#9739 = LINE('',#9740,#9741);
#9740 = CARTESIAN_POINT('',(1.502460384746,-2.825,-6.000000000003E-02));
#9741 = VECTOR('',#9742,1.);
#9742 = DIRECTION('',(-1.,0.,0.));
#9743 = PLANE('',#9744);
#9744 = AXIS2_PLACEMENT_3D('',#9745,#9746,#9747);
#9745 = CARTESIAN_POINT('',(-1.425,-2.975,-1.56));
#9746 = DIRECTION('',(0.,-0.99503719021,9.9503719021E-02));
#9747 = DIRECTION('',(0.,9.9503719021E-02,0.99503719021));
#9748 = ADVANCED_FACE('',(#9749),#9774,.F.);
#9749 = FACE_BOUND('',#9750,.T.);
#9750 = EDGE_LOOP('',(#9751,#9752,#9760,#9768));
#9751 = ORIENTED_EDGE('',*,*,#9722,.T.);
#9752 = ORIENTED_EDGE('',*,*,#9753,.F.);
#9753 = EDGE_CURVE('',#9754,#9713,#9756,.T.);
#9754 = VERTEX_POINT('',#9755);
#9755 = CARTESIAN_POINT('',(1.573803516818,-2.975,-2.103));
#9756 = LINE('',#9757,#9758);
#9757 = CARTESIAN_POINT('',(1.573803516818,-2.975,-2.103));
#9758 = VECTOR('',#9759,1.);
#9759 = DIRECTION('',(-3.48994967025E-02,0.,0.999390827019));
#9760 = ORIENTED_EDGE('',*,*,#9761,.T.);
#9761 = EDGE_CURVE('',#9754,#9762,#9764,.T.);
#9762 = VERTEX_POINT('',#9763);
#9763 = CARTESIAN_POINT('',(-1.573803516818,-2.975,-2.103));
#9764 = LINE('',#9765,#9766);
#9765 = CARTESIAN_POINT('',(1.573803516818,-2.975,-2.103));
#9766 = VECTOR('',#9767,1.);
#9767 = DIRECTION('',(-1.,0.,0.));
#9768 = ORIENTED_EDGE('',*,*,#9769,.T.);
#9769 = EDGE_CURVE('',#9762,#9723,#9770,.T.);
#9770 = LINE('',#9771,#9772);
#9771 = CARTESIAN_POINT('',(-1.573803516818,-2.975,-2.103));
#9772 = VECTOR('',#9773,1.);
#9773 = DIRECTION('',(3.48994967025E-02,0.,0.999390827019));
#9774 = PLANE('',#9775);
#9775 = AXIS2_PLACEMENT_3D('',#9776,#9777,#9778);
#9776 = CARTESIAN_POINT('',(-1.425,-2.975,-3.648491216578));
#9777 = DIRECTION('',(0.,-1.,0.));
#9778 = DIRECTION('',(0.,0.,1.));
#9779 = ADVANCED_FACE('',(#9780),#9814,.F.);
#9780 = FACE_BOUND('',#9781,.T.);
#9781 = EDGE_LOOP('',(#9782,#9792,#9800,#9808));
#9782 = ORIENTED_EDGE('',*,*,#9783,.T.);
#9783 = EDGE_CURVE('',#9784,#9786,#9788,.T.);
#9784 = VERTEX_POINT('',#9785);
#9785 = CARTESIAN_POINT('',(-4.75,2.219843726813,0.));
#9786 = VERTEX_POINT('',#9787);
#9787 = CARTESIAN_POINT('',(-4.75,2.06,3.05));
#9788 = LINE('',#9789,#9790);
#9789 = CARTESIAN_POINT('',(-4.75,2.219843726813,0.));
#9790 = VECTOR('',#9791,1.);
#9791 = DIRECTION('',(0.,-5.233595624294E-02,0.998629534755));
#9792 = ORIENTED_EDGE('',*,*,#9793,.F.);
#9793 = EDGE_CURVE('',#9794,#9786,#9796,.T.);
#9794 = VERTEX_POINT('',#9795);
#9795 = CARTESIAN_POINT('',(-5.15,2.06,3.05));
#9796 = LINE('',#9797,#9798);
#9797 = CARTESIAN_POINT('',(-5.15,2.06,3.05));
#9798 = VECTOR('',#9799,1.);
#9799 = DIRECTION('',(1.,0.,0.));
#9800 = ORIENTED_EDGE('',*,*,#9801,.T.);
#9801 = EDGE_CURVE('',#9794,#9802,#9804,.T.);
#9802 = VERTEX_POINT('',#9803);
#9803 = CARTESIAN_POINT('',(-5.15,2.219843726813,0.));
#9804 = LINE('',#9805,#9806);
#9805 = CARTESIAN_POINT('',(-5.15,2.06,3.05));
#9806 = VECTOR('',#9807,1.);
#9807 = DIRECTION('',(0.,5.233595624294E-02,-0.998629534755));
#9808 = ORIENTED_EDGE('',*,*,#9809,.F.);
#9809 = EDGE_CURVE('',#9784,#9802,#9810,.T.);
#9810 = LINE('',#9811,#9812);
#9811 = CARTESIAN_POINT('',(-4.75,2.219843726813,0.));
#9812 = VECTOR('',#9813,1.);
#9813 = DIRECTION('',(-1.,0.,0.));
#9814 = PLANE('',#9815);
#9815 = AXIS2_PLACEMENT_3D('',#9816,#9817,#9818);
#9816 = CARTESIAN_POINT('',(-5.338386053879,2.06,3.05));
#9817 = DIRECTION('',(0.,0.998629534755,5.233595624294E-02));
#9818 = DIRECTION('',(1.,0.,-0.));
#9819 = ADVANCED_FACE('',(#9820),#9845,.F.);
#9820 = FACE_BOUND('',#9821,.T.);
#9821 = EDGE_LOOP('',(#9822,#9832,#9838,#9839));
#9822 = ORIENTED_EDGE('',*,*,#9823,.T.);
#9823 = EDGE_CURVE('',#9824,#9826,#9828,.T.);
#9824 = VERTEX_POINT('',#9825);
#9825 = CARTESIAN_POINT('',(-4.75,-1.099843726813,0.));
#9826 = VERTEX_POINT('',#9827);
#9827 = CARTESIAN_POINT('',(-4.75,-0.94,3.05));
#9828 = LINE('',#9829,#9830);
#9829 = CARTESIAN_POINT('',(-4.75,-1.099843726813,0.));
#9830 = VECTOR('',#9831,1.);
#9831 = DIRECTION('',(0.,5.233595624294E-02,0.998629534755));
#9832 = ORIENTED_EDGE('',*,*,#9833,.F.);
#9833 = EDGE_CURVE('',#9786,#9826,#9834,.T.);
#9834 = LINE('',#9835,#9836);
#9835 = CARTESIAN_POINT('',(-4.75,2.06,3.05));
#9836 = VECTOR('',#9837,1.);
#9837 = DIRECTION('',(0.,-1.,0.));
#9838 = ORIENTED_EDGE('',*,*,#9783,.F.);
#9839 = ORIENTED_EDGE('',*,*,#9840,.T.);
#9840 = EDGE_CURVE('',#9784,#9824,#9841,.T.);
#9841 = LINE('',#9842,#9843);
#9842 = CARTESIAN_POINT('',(-4.75,2.219843726813,0.));
#9843 = VECTOR('',#9844,1.);
#9844 = DIRECTION('',(0.,-1.,0.));
#9845 = PLANE('',#9846);
#9846 = AXIS2_PLACEMENT_3D('',#9847,#9848,#9849);
#9847 = CARTESIAN_POINT('',(-4.75,2.06,-1.903));
#9848 = DIRECTION('',(1.,0.,0.));
#9849 = DIRECTION('',(0.,-1.,0.));
#9850 = ADVANCED_FACE('',(#9851),#9876,.F.);
#9851 = FACE_BOUND('',#9852,.T.);
#9852 = EDGE_LOOP('',(#9853,#9863,#9869,#9870));
#9853 = ORIENTED_EDGE('',*,*,#9854,.F.);
#9854 = EDGE_CURVE('',#9855,#9857,#9859,.T.);
#9855 = VERTEX_POINT('',#9856);
#9856 = CARTESIAN_POINT('',(-5.15,-0.94,3.05));
#9857 = VERTEX_POINT('',#9858);
#9858 = CARTESIAN_POINT('',(-5.15,-1.099843726813,0.));
#9859 = LINE('',#9860,#9861);
#9860 = CARTESIAN_POINT('',(-5.15,-0.94,3.05));
#9861 = VECTOR('',#9862,1.);
#9862 = DIRECTION('',(0.,-5.233595624294E-02,-0.998629534755));
#9863 = ORIENTED_EDGE('',*,*,#9864,.F.);
#9864 = EDGE_CURVE('',#9826,#9855,#9865,.T.);
#9865 = LINE('',#9866,#9867);
#9866 = CARTESIAN_POINT('',(-4.75,-0.94,3.05));
#9867 = VECTOR('',#9868,1.);
#9868 = DIRECTION('',(-1.,0.,0.));
#9869 = ORIENTED_EDGE('',*,*,#9823,.F.);
#9870 = ORIENTED_EDGE('',*,*,#9871,.T.);
#9871 = EDGE_CURVE('',#9824,#9857,#9872,.T.);
#9872 = LINE('',#9873,#9874);
#9873 = CARTESIAN_POINT('',(-4.75,-1.099843726813,0.));
#9874 = VECTOR('',#9875,1.);
#9875 = DIRECTION('',(-1.,0.,0.));
#9876 = PLANE('',#9877);
#9877 = AXIS2_PLACEMENT_3D('',#9878,#9879,#9880);
#9878 = CARTESIAN_POINT('',(-4.561613946121,-0.94,3.05));
#9879 = DIRECTION('',(0.,-0.998629534755,5.233595624294E-02));
#9880 = DIRECTION('',(-1.,0.,0.));
#9881 = ADVANCED_FACE('',(#9882),#9893,.F.);
#9882 = FACE_BOUND('',#9883,.T.);
#9883 = EDGE_LOOP('',(#9884,#9885,#9886,#9887));
#9884 = ORIENTED_EDGE('',*,*,#9793,.T.);
#9885 = ORIENTED_EDGE('',*,*,#9833,.T.);
#9886 = ORIENTED_EDGE('',*,*,#9864,.T.);
#9887 = ORIENTED_EDGE('',*,*,#9888,.T.);
#9888 = EDGE_CURVE('',#9855,#9794,#9889,.T.);
#9889 = LINE('',#9890,#9891);
#9890 = CARTESIAN_POINT('',(-5.15,-0.94,3.05));
#9891 = VECTOR('',#9892,1.);
#9892 = DIRECTION('',(0.,1.,0.));
#9893 = PLANE('',#9894);
#9894 = AXIS2_PLACEMENT_3D('',#9895,#9896,#9897);
#9895 = CARTESIAN_POINT('',(0.,0.,3.05));
#9896 = DIRECTION('',(0.,0.,1.));
#9897 = DIRECTION('',(1.,0.,-0.));
#9898 = ADVANCED_FACE('',(#9899),#9933,.F.);
#9899 = FACE_BOUND('',#9900,.T.);
#9900 = EDGE_LOOP('',(#9901,#9911,#9919,#9927));
#9901 = ORIENTED_EDGE('',*,*,#9902,.T.);
#9902 = EDGE_CURVE('',#9903,#9905,#9907,.T.);
#9903 = VERTEX_POINT('',#9904);
#9904 = CARTESIAN_POINT('',(5.15,-0.94,3.05));
#9905 = VERTEX_POINT('',#9906);
#9906 = CARTESIAN_POINT('',(4.75,-0.94,3.05));
#9907 = LINE('',#9908,#9909);
#9908 = CARTESIAN_POINT('',(5.15,-0.94,3.05));
#9909 = VECTOR('',#9910,1.);
#9910 = DIRECTION('',(-1.,0.,0.));
#9911 = ORIENTED_EDGE('',*,*,#9912,.T.);
#9912 = EDGE_CURVE('',#9905,#9913,#9915,.T.);
#9913 = VERTEX_POINT('',#9914);
#9914 = CARTESIAN_POINT('',(4.75,2.06,3.05));
#9915 = LINE('',#9916,#9917);
#9916 = CARTESIAN_POINT('',(4.75,-0.94,3.05));
#9917 = VECTOR('',#9918,1.);
#9918 = DIRECTION('',(0.,1.,0.));
#9919 = ORIENTED_EDGE('',*,*,#9920,.T.);
#9920 = EDGE_CURVE('',#9913,#9921,#9923,.T.);
#9921 = VERTEX_POINT('',#9922);
#9922 = CARTESIAN_POINT('',(5.15,2.06,3.05));
#9923 = LINE('',#9924,#9925);
#9924 = CARTESIAN_POINT('',(4.75,2.06,3.05));
#9925 = VECTOR('',#9926,1.);
#9926 = DIRECTION('',(1.,0.,0.));
#9927 = ORIENTED_EDGE('',*,*,#9928,.F.);
#9928 = EDGE_CURVE('',#9903,#9921,#9929,.T.);
#9929 = LINE('',#9930,#9931);
#9930 = CARTESIAN_POINT('',(5.15,-0.94,3.05));
#9931 = VECTOR('',#9932,1.);
#9932 = DIRECTION('',(0.,1.,0.));
#9933 = PLANE('',#9934);
#9934 = AXIS2_PLACEMENT_3D('',#9935,#9936,#9937);
#9935 = CARTESIAN_POINT('',(0.,0.,3.05));
#9936 = DIRECTION('',(0.,0.,1.));
#9937 = DIRECTION('',(1.,0.,-0.));
#9938 = ADVANCED_FACE('',(#9939),#9973,.F.);
#9939 = FACE_BOUND('',#9940,.T.);
#9940 = EDGE_LOOP('',(#9941,#9951,#9959,#9967));
#9941 = ORIENTED_EDGE('',*,*,#9942,.T.);
#9942 = EDGE_CURVE('',#9943,#9945,#9947,.T.);
#9943 = VERTEX_POINT('',#9944);
#9944 = CARTESIAN_POINT('',(4.3,-3.075,0.397));
#9945 = VERTEX_POINT('',#9946);
#9946 = CARTESIAN_POINT('',(4.3,-3.075,3.797));
#9947 = LINE('',#9948,#9949);
#9948 = CARTESIAN_POINT('',(4.3,-3.075,0.397));
#9949 = VECTOR('',#9950,1.);
#9950 = DIRECTION('',(0.,0.,1.));
#9951 = ORIENTED_EDGE('',*,*,#9952,.T.);
#9952 = EDGE_CURVE('',#9945,#9953,#9955,.T.);
#9953 = VERTEX_POINT('',#9954);
#9954 = CARTESIAN_POINT('',(4.55,-3.075,3.797));
#9955 = LINE('',#9956,#9957);
#9956 = CARTESIAN_POINT('',(4.3,-3.075,3.797));
#9957 = VECTOR('',#9958,1.);
#9958 = DIRECTION('',(1.,0.,0.));
#9959 = ORIENTED_EDGE('',*,*,#9960,.F.);
#9960 = EDGE_CURVE('',#9961,#9953,#9963,.T.);
#9961 = VERTEX_POINT('',#9962);
#9962 = CARTESIAN_POINT('',(4.55,-3.075,0.397));
#9963 = LINE('',#9964,#9965);
#9964 = CARTESIAN_POINT('',(4.55,-3.075,0.397));
#9965 = VECTOR('',#9966,1.);
#9966 = DIRECTION('',(0.,0.,1.));
#9967 = ORIENTED_EDGE('',*,*,#9968,.F.);
#9968 = EDGE_CURVE('',#9943,#9961,#9969,.T.);
#9969 = LINE('',#9970,#9971);
#9970 = CARTESIAN_POINT('',(4.3,-3.075,0.397));
#9971 = VECTOR('',#9972,1.);
#9972 = DIRECTION('',(1.,0.,0.));
#9973 = PLANE('',#9974);
#9974 = AXIS2_PLACEMENT_3D('',#9975,#9976,#9977);
#9975 = CARTESIAN_POINT('',(4.1,-3.075,4.35));
#9976 = DIRECTION('',(0.,-1.,0.));
#9977 = DIRECTION('',(1.,0.,0.));
#9978 = ADVANCED_FACE('',(#9979),#10005,.T.);
#9979 = FACE_BOUND('',#9980,.T.);
#9980 = EDGE_LOOP('',(#9981,#9982,#9988,#9989,#9997,#10003,#10004));
#9981 = ORIENTED_EDGE('',*,*,#8952,.T.);
#9982 = ORIENTED_EDGE('',*,*,#9983,.F.);
#9983 = EDGE_CURVE('',#9945,#8945,#9984,.T.);
#9984 = LINE('',#9985,#9986);
#9985 = CARTESIAN_POINT('',(4.3,-3.075,3.797));
#9986 = VECTOR('',#9987,1.);
#9987 = DIRECTION('',(0.,1.,0.));
#9988 = ORIENTED_EDGE('',*,*,#9942,.F.);
#9989 = ORIENTED_EDGE('',*,*,#9990,.T.);
#9990 = EDGE_CURVE('',#9943,#9991,#9993,.T.);
#9991 = VERTEX_POINT('',#9992);
#9992 = CARTESIAN_POINT('',(4.3,-2.675,0.397));
#9993 = LINE('',#9994,#9995);
#9994 = CARTESIAN_POINT('',(4.3,-3.075,0.397));
#9995 = VECTOR('',#9996,1.);
#9996 = DIRECTION('',(0.,1.,0.));
#9997 = ORIENTED_EDGE('',*,*,#9998,.F.);
#9998 = EDGE_CURVE('',#8848,#9991,#9999,.T.);
#9999 = LINE('',#10000,#10001);
#10000 = CARTESIAN_POINT('',(4.3,-2.675,3.797));
#10001 = VECTOR('',#10002,1.);
#10002 = DIRECTION('',(0.,0.,-1.));
#10003 = ORIENTED_EDGE('',*,*,#8847,.T.);
#10004 = ORIENTED_EDGE('',*,*,#8880,.T.);
#10005 = PLANE('',#10006);
#10006 = AXIS2_PLACEMENT_3D('',#10007,#10008,#10009);
#10007 = CARTESIAN_POINT('',(4.3,-3.225,-1.503));
#10008 = DIRECTION('',(1.,0.,0.));
#10009 = DIRECTION('',(-0.,1.,0.));
#10010 = ADVANCED_FACE('',(#10011),#10047,.F.);
#10011 = FACE_BOUND('',#10012,.F.);
#10012 = EDGE_LOOP('',(#10013,#10024,#10032,#10041));
#10013 = ORIENTED_EDGE('',*,*,#10014,.F.);
#10014 = EDGE_CURVE('',#10015,#10017,#10019,.T.);
#10015 = VERTEX_POINT('',#10016);
#10016 = CARTESIAN_POINT('',(4.35,-2.675,-0.803));
#10017 = VERTEX_POINT('',#10018);
#10018 = CARTESIAN_POINT('',(4.55,-2.675,-0.603));
#10019 = CIRCLE('',#10020,0.2);
#10020 = AXIS2_PLACEMENT_3D('',#10021,#10022,#10023);
#10021 = CARTESIAN_POINT('',(4.35,-2.675,-0.603));
#10022 = DIRECTION('',(0.,-1.,0.));
#10023 = DIRECTION('',(0.,0.,-1.));
#10024 = ORIENTED_EDGE('',*,*,#10025,.F.);
#10025 = EDGE_CURVE('',#10026,#10015,#10028,.T.);
#10026 = VERTEX_POINT('',#10027);
#10027 = CARTESIAN_POINT('',(4.35,3.325,-0.803));
#10028 = LINE('',#10029,#10030);
#10029 = CARTESIAN_POINT('',(4.35,3.325,-0.803));
#10030 = VECTOR('',#10031,1.);
#10031 = DIRECTION('',(0.,-1.,0.));
#10032 = ORIENTED_EDGE('',*,*,#10033,.T.);
#10033 = EDGE_CURVE('',#10026,#10034,#10036,.T.);
#10034 = VERTEX_POINT('',#10035);
#10035 = CARTESIAN_POINT('',(4.55,3.325,-0.603));
#10036 = CIRCLE('',#10037,0.2);
#10037 = AXIS2_PLACEMENT_3D('',#10038,#10039,#10040);
#10038 = CARTESIAN_POINT('',(4.35,3.325,-0.603));
#10039 = DIRECTION('',(0.,-1.,0.));
#10040 = DIRECTION('',(0.,0.,-1.));
#10041 = ORIENTED_EDGE('',*,*,#10042,.T.);
#10042 = EDGE_CURVE('',#10034,#10017,#10043,.T.);
#10043 = LINE('',#10044,#10045);
#10044 = CARTESIAN_POINT('',(4.55,3.325,-0.603));
#10045 = VECTOR('',#10046,1.);
#10046 = DIRECTION('',(0.,-1.,0.));
#10047 = CYLINDRICAL_SURFACE('',#10048,0.2);
#10048 = AXIS2_PLACEMENT_3D('',#10049,#10050,#10051);
#10049 = CARTESIAN_POINT('',(4.35,3.898511541199,-0.603));
#10050 = DIRECTION('',(0.,-1.,0.));
#10051 = DIRECTION('',(0.,0.,-1.));
#10052 = ADVANCED_FACE('',(#10053),#10078,.F.);
#10053 = FACE_BOUND('',#10054,.T.);
#10054 = EDGE_LOOP('',(#10055,#10056,#10064,#10072));
#10055 = ORIENTED_EDGE('',*,*,#10025,.F.);
#10056 = ORIENTED_EDGE('',*,*,#10057,.T.);
#10057 = EDGE_CURVE('',#10026,#10058,#10060,.T.);
#10058 = VERTEX_POINT('',#10059);
#10059 = CARTESIAN_POINT('',(4.1,3.325,-0.803));
#10060 = LINE('',#10061,#10062);
#10061 = CARTESIAN_POINT('',(4.35,3.325,-0.803));
#10062 = VECTOR('',#10063,1.);
#10063 = DIRECTION('',(-1.,0.,0.));
#10064 = ORIENTED_EDGE('',*,*,#10065,.T.);
#10065 = EDGE_CURVE('',#10058,#10066,#10068,.T.);
#10066 = VERTEX_POINT('',#10067);
#10067 = CARTESIAN_POINT('',(4.1,-2.675,-0.803));
#10068 = LINE('',#10069,#10070);
#10069 = CARTESIAN_POINT('',(4.1,3.325,-0.803));
#10070 = VECTOR('',#10071,1.);
#10071 = DIRECTION('',(0.,-1.,0.));
#10072 = ORIENTED_EDGE('',*,*,#10073,.T.);
#10073 = EDGE_CURVE('',#10066,#10015,#10074,.T.);
#10074 = LINE('',#10075,#10076);
#10075 = CARTESIAN_POINT('',(4.1,-2.675,-0.803));
#10076 = VECTOR('',#10077,1.);
#10077 = DIRECTION('',(1.,0.,0.));
#10078 = PLANE('',#10079);
#10079 = AXIS2_PLACEMENT_3D('',#10080,#10081,#10082);
#10080 = CARTESIAN_POINT('',(0.,-5.3,-0.803));
#10081 = DIRECTION('',(0.,0.,-1.));
#10082 = DIRECTION('',(1.,0.,0.));
#10083 = ADVANCED_FACE('',(#10084),#10118,.T.);
#10084 = FACE_BOUND('',#10085,.T.);
#10085 = EDGE_LOOP('',(#10086,#10094,#10100,#10101,#10102,#10110,#10116,
    #10117));
#10086 = ORIENTED_EDGE('',*,*,#10087,.F.);
#10087 = EDGE_CURVE('',#10088,#10066,#10090,.T.);
#10088 = VERTEX_POINT('',#10089);
#10089 = CARTESIAN_POINT('',(4.1,-2.675,3.797));
#10090 = LINE('',#10091,#10092);
#10091 = CARTESIAN_POINT('',(4.1,-2.675,3.797));
#10092 = VECTOR('',#10093,1.);
#10093 = DIRECTION('',(0.,0.,-1.));
#10094 = ORIENTED_EDGE('',*,*,#10095,.T.);
#10095 = EDGE_CURVE('',#10088,#9402,#10096,.T.);
#10096 = LINE('',#10097,#10098);
#10097 = CARTESIAN_POINT('',(4.1,-2.675,3.797));
#10098 = VECTOR('',#10099,1.);
#10099 = DIRECTION('',(1.,0.,0.));
#10100 = ORIENTED_EDGE('',*,*,#9448,.T.);
#10101 = ORIENTED_EDGE('',*,*,#9998,.T.);
#10102 = ORIENTED_EDGE('',*,*,#10103,.F.);
#10103 = EDGE_CURVE('',#10104,#9991,#10106,.T.);
#10104 = VERTEX_POINT('',#10105);
#10105 = CARTESIAN_POINT('',(4.55,-2.675,0.397));
#10106 = LINE('',#10107,#10108);
#10107 = CARTESIAN_POINT('',(4.55,-2.675,0.397));
#10108 = VECTOR('',#10109,1.);
#10109 = DIRECTION('',(-1.,0.,0.));
#10110 = ORIENTED_EDGE('',*,*,#10111,.F.);
#10111 = EDGE_CURVE('',#10017,#10104,#10112,.T.);
#10112 = LINE('',#10113,#10114);
#10113 = CARTESIAN_POINT('',(4.55,-2.675,-0.603));
#10114 = VECTOR('',#10115,1.);
#10115 = DIRECTION('',(0.,0.,1.));
#10116 = ORIENTED_EDGE('',*,*,#10014,.F.);
#10117 = ORIENTED_EDGE('',*,*,#10073,.F.);
#10118 = PLANE('',#10119);
#10119 = AXIS2_PLACEMENT_3D('',#10120,#10121,#10122);
#10120 = CARTESIAN_POINT('',(4.1,-2.675,3.797));
#10121 = DIRECTION('',(0.,1.,0.));
#10122 = DIRECTION('',(1.,0.,0.));
#10123 = ADVANCED_FACE('',(#10124),#10158,.F.);
#10124 = FACE_BOUND('',#10125,.T.);
#10125 = EDGE_LOOP('',(#10126,#10136,#10144,#10152));
#10126 = ORIENTED_EDGE('',*,*,#10127,.T.);
#10127 = EDGE_CURVE('',#10128,#10130,#10132,.T.);
#10128 = VERTEX_POINT('',#10129);
#10129 = CARTESIAN_POINT('',(4.55,3.725,0.397));
#10130 = VERTEX_POINT('',#10131);
#10131 = CARTESIAN_POINT('',(4.55,3.725,3.797));
#10132 = LINE('',#10133,#10134);
#10133 = CARTESIAN_POINT('',(4.55,3.725,0.397));
#10134 = VECTOR('',#10135,1.);
#10135 = DIRECTION('',(0.,0.,1.));
#10136 = ORIENTED_EDGE('',*,*,#10137,.T.);
#10137 = EDGE_CURVE('',#10130,#10138,#10140,.T.);
#10138 = VERTEX_POINT('',#10139);
#10139 = CARTESIAN_POINT('',(4.3,3.725,3.797));
#10140 = LINE('',#10141,#10142);
#10141 = CARTESIAN_POINT('',(4.55,3.725,3.797));
#10142 = VECTOR('',#10143,1.);
#10143 = DIRECTION('',(-1.,0.,0.));
#10144 = ORIENTED_EDGE('',*,*,#10145,.F.);
#10145 = EDGE_CURVE('',#10146,#10138,#10148,.T.);
#10146 = VERTEX_POINT('',#10147);
#10147 = CARTESIAN_POINT('',(4.3,3.725,0.397));
#10148 = LINE('',#10149,#10150);
#10149 = CARTESIAN_POINT('',(4.3,3.725,0.397));
#10150 = VECTOR('',#10151,1.);
#10151 = DIRECTION('',(0.,0.,1.));
#10152 = ORIENTED_EDGE('',*,*,#10153,.F.);
#10153 = EDGE_CURVE('',#10128,#10146,#10154,.T.);
#10154 = LINE('',#10155,#10156);
#10155 = CARTESIAN_POINT('',(4.55,3.725,0.397));
#10156 = VECTOR('',#10157,1.);
#10157 = DIRECTION('',(-1.,0.,0.));
#10158 = PLANE('',#10159);
#10159 = AXIS2_PLACEMENT_3D('',#10160,#10161,#10162);
#10160 = CARTESIAN_POINT('',(4.55,3.725,4.35));
#10161 = DIRECTION('',(0.,1.,0.));
#10162 = DIRECTION('',(-1.,0.,0.));
#10163 = ADVANCED_FACE('',(#10164),#10192,.F.);
#10164 = FACE_BOUND('',#10165,.T.);
#10165 = EDGE_LOOP('',(#10166,#10176,#10182,#10183,#10184,#10185,#10186)
  );
#10166 = ORIENTED_EDGE('',*,*,#10167,.T.);
#10167 = EDGE_CURVE('',#10168,#10170,#10172,.T.);
#10168 = VERTEX_POINT('',#10169);
#10169 = CARTESIAN_POINT('',(4.1,-3.75,3.797));
#10170 = VERTEX_POINT('',#10171);
#10171 = CARTESIAN_POINT('',(4.55,-3.75,3.797));
#10172 = LINE('',#10173,#10174);
#10173 = CARTESIAN_POINT('',(4.1,-3.75,3.797));
#10174 = VECTOR('',#10175,1.);
#10175 = DIRECTION('',(1.,0.,0.));
#10176 = ORIENTED_EDGE('',*,*,#10177,.T.);
#10177 = EDGE_CURVE('',#10170,#9953,#10178,.T.);
#10178 = LINE('',#10179,#10180);
#10179 = CARTESIAN_POINT('',(4.55,-3.75,3.797));
#10180 = VECTOR('',#10181,1.);
#10181 = DIRECTION('',(0.,1.,0.));
#10182 = ORIENTED_EDGE('',*,*,#9952,.F.);
#10183 = ORIENTED_EDGE('',*,*,#9983,.T.);
#10184 = ORIENTED_EDGE('',*,*,#9401,.T.);
#10185 = ORIENTED_EDGE('',*,*,#10095,.F.);
#10186 = ORIENTED_EDGE('',*,*,#10187,.T.);
#10187 = EDGE_CURVE('',#10088,#10168,#10188,.T.);
#10188 = LINE('',#10189,#10190);
#10189 = CARTESIAN_POINT('',(4.1,-2.675,3.797));
#10190 = VECTOR('',#10191,1.);
#10191 = DIRECTION('',(0.,-1.,0.));
#10192 = PLANE('',#10193);
#10193 = AXIS2_PLACEMENT_3D('',#10194,#10195,#10196);
#10194 = CARTESIAN_POINT('',(3.95,-3.75,3.797));
#10195 = DIRECTION('',(0.,0.,-1.));
#10196 = DIRECTION('',(1.,0.,0.));
#10197 = ADVANCED_FACE('',(#10198),#10238,.F.);
#10198 = FACE_BOUND('',#10199,.T.);
#10199 = EDGE_LOOP('',(#10200,#10201,#10209,#10217,#10225,#10231,#10232)
  );
#10200 = ORIENTED_EDGE('',*,*,#10137,.F.);
#10201 = ORIENTED_EDGE('',*,*,#10202,.T.);
#10202 = EDGE_CURVE('',#10130,#10203,#10205,.T.);
#10203 = VERTEX_POINT('',#10204);
#10204 = CARTESIAN_POINT('',(4.55,4.4,3.797));
#10205 = LINE('',#10206,#10207);
#10206 = CARTESIAN_POINT('',(4.55,3.725,3.797));
#10207 = VECTOR('',#10208,1.);
#10208 = DIRECTION('',(0.,1.,0.));
#10209 = ORIENTED_EDGE('',*,*,#10210,.F.);
#10210 = EDGE_CURVE('',#10211,#10203,#10213,.T.);
#10211 = VERTEX_POINT('',#10212);
#10212 = CARTESIAN_POINT('',(4.1,4.4,3.797));
#10213 = LINE('',#10214,#10215);
#10214 = CARTESIAN_POINT('',(4.1,4.4,3.797));
#10215 = VECTOR('',#10216,1.);
#10216 = DIRECTION('',(1.,0.,0.));
#10217 = ORIENTED_EDGE('',*,*,#10218,.T.);
#10218 = EDGE_CURVE('',#10211,#10219,#10221,.T.);
#10219 = VERTEX_POINT('',#10220);
#10220 = CARTESIAN_POINT('',(4.1,3.325,3.797));
#10221 = LINE('',#10222,#10223);
#10222 = CARTESIAN_POINT('',(4.1,4.4,3.797));
#10223 = VECTOR('',#10224,1.);
#10224 = DIRECTION('',(0.,-1.,0.));
#10225 = ORIENTED_EDGE('',*,*,#10226,.F.);
#10226 = EDGE_CURVE('',#9426,#10219,#10227,.T.);
#10227 = LINE('',#10228,#10229);
#10228 = CARTESIAN_POINT('',(4.3,3.325,3.797));
#10229 = VECTOR('',#10230,1.);
#10230 = DIRECTION('',(-1.,0.,0.));
#10231 = ORIENTED_EDGE('',*,*,#9425,.T.);
#10232 = ORIENTED_EDGE('',*,*,#10233,.T.);
#10233 = EDGE_CURVE('',#9418,#10138,#10234,.T.);
#10234 = LINE('',#10235,#10236);
#10235 = CARTESIAN_POINT('',(4.3,3.325,3.797));
#10236 = VECTOR('',#10237,1.);
#10237 = DIRECTION('',(0.,1.,0.));
#10238 = PLANE('',#10239);
#10239 = AXIS2_PLACEMENT_3D('',#10240,#10241,#10242);
#10240 = CARTESIAN_POINT('',(3.95,-3.75,3.797));
#10241 = DIRECTION('',(0.,0.,-1.));
#10242 = DIRECTION('',(1.,0.,0.));
#10243 = ADVANCED_FACE('',(#10244),#10265,.T.);
#10244 = FACE_BOUND('',#10245,.T.);
#10245 = EDGE_LOOP('',(#10246,#10247,#10255,#10261,#10262,#10263,#10264)
  );
#10246 = ORIENTED_EDGE('',*,*,#8792,.T.);
#10247 = ORIENTED_EDGE('',*,*,#10248,.T.);
#10248 = EDGE_CURVE('',#8795,#10249,#10251,.T.);
#10249 = VERTEX_POINT('',#10250);
#10250 = CARTESIAN_POINT('',(4.3,3.325,0.397));
#10251 = LINE('',#10252,#10253);
#10252 = CARTESIAN_POINT('',(4.3,3.325,3.797));
#10253 = VECTOR('',#10254,1.);
#10254 = DIRECTION('',(0.,0.,-1.));
#10255 = ORIENTED_EDGE('',*,*,#10256,.T.);
#10256 = EDGE_CURVE('',#10249,#10146,#10257,.T.);
#10257 = LINE('',#10258,#10259);
#10258 = CARTESIAN_POINT('',(4.3,3.325,0.397));
#10259 = VECTOR('',#10260,1.);
#10260 = DIRECTION('',(0.,1.,0.));
#10261 = ORIENTED_EDGE('',*,*,#10145,.T.);
#10262 = ORIENTED_EDGE('',*,*,#10233,.F.);
#10263 = ORIENTED_EDGE('',*,*,#9494,.T.);
#10264 = ORIENTED_EDGE('',*,*,#9472,.T.);
#10265 = PLANE('',#10266);
#10266 = AXIS2_PLACEMENT_3D('',#10267,#10268,#10269);
#10267 = CARTESIAN_POINT('',(4.3,3.475,-1.503));
#10268 = DIRECTION('',(1.,0.,0.));
#10269 = DIRECTION('',(-0.,1.,0.));
#10270 = ADVANCED_FACE('',(#10271),#10298,.T.);
#10271 = FACE_BOUND('',#10272,.T.);
#10272 = EDGE_LOOP('',(#10273,#10274,#10280,#10281,#10282,#10290,#10296,
    #10297));
#10273 = ORIENTED_EDGE('',*,*,#10226,.T.);
#10274 = ORIENTED_EDGE('',*,*,#10275,.T.);
#10275 = EDGE_CURVE('',#10219,#10058,#10276,.T.);
#10276 = LINE('',#10277,#10278);
#10277 = CARTESIAN_POINT('',(4.1,3.325,3.797));
#10278 = VECTOR('',#10279,1.);
#10279 = DIRECTION('',(0.,0.,-1.));
#10280 = ORIENTED_EDGE('',*,*,#10057,.F.);
#10281 = ORIENTED_EDGE('',*,*,#10033,.T.);
#10282 = ORIENTED_EDGE('',*,*,#10283,.T.);
#10283 = EDGE_CURVE('',#10034,#10284,#10286,.T.);
#10284 = VERTEX_POINT('',#10285);
#10285 = CARTESIAN_POINT('',(4.55,3.325,0.397));
#10286 = LINE('',#10287,#10288);
#10287 = CARTESIAN_POINT('',(4.55,3.325,-0.603));
#10288 = VECTOR('',#10289,1.);
#10289 = DIRECTION('',(0.,0.,1.));
#10290 = ORIENTED_EDGE('',*,*,#10291,.F.);
#10291 = EDGE_CURVE('',#10249,#10284,#10292,.T.);
#10292 = LINE('',#10293,#10294);
#10293 = CARTESIAN_POINT('',(4.3,3.325,0.397));
#10294 = VECTOR('',#10295,1.);
#10295 = DIRECTION('',(1.,0.,0.));
#10296 = ORIENTED_EDGE('',*,*,#10248,.F.);
#10297 = ORIENTED_EDGE('',*,*,#9433,.F.);
#10298 = PLANE('',#10299);
#10299 = AXIS2_PLACEMENT_3D('',#10300,#10301,#10302);
#10300 = CARTESIAN_POINT('',(4.3,3.325,3.797));
#10301 = DIRECTION('',(0.,-1.,0.));
#10302 = DIRECTION('',(-1.,0.,0.));
#10303 = ADVANCED_FACE('',(#10304),#10315,.T.);
#10304 = FACE_BOUND('',#10305,.T.);
#10305 = EDGE_LOOP('',(#10306,#10307,#10308,#10309));
#10306 = ORIENTED_EDGE('',*,*,#10103,.T.);
#10307 = ORIENTED_EDGE('',*,*,#9990,.F.);
#10308 = ORIENTED_EDGE('',*,*,#9968,.T.);
#10309 = ORIENTED_EDGE('',*,*,#10310,.F.);
#10310 = EDGE_CURVE('',#10104,#9961,#10311,.T.);
#10311 = LINE('',#10312,#10313);
#10312 = CARTESIAN_POINT('',(4.55,-2.675,0.397));
#10313 = VECTOR('',#10314,1.);
#10314 = DIRECTION('',(0.,-1.,0.));
#10315 = PLANE('',#10316);
#10316 = AXIS2_PLACEMENT_3D('',#10317,#10318,#10319);
#10317 = CARTESIAN_POINT('',(5.15,-3.75,0.397));
#10318 = DIRECTION('',(0.,0.,1.));
#10319 = DIRECTION('',(0.,-1.,0.));
#10320 = ADVANCED_FACE('',(#10321),#10332,.T.);
#10321 = FACE_BOUND('',#10322,.T.);
#10322 = EDGE_LOOP('',(#10323,#10324,#10325,#10326));
#10323 = ORIENTED_EDGE('',*,*,#10153,.T.);
#10324 = ORIENTED_EDGE('',*,*,#10256,.F.);
#10325 = ORIENTED_EDGE('',*,*,#10291,.T.);
#10326 = ORIENTED_EDGE('',*,*,#10327,.F.);
#10327 = EDGE_CURVE('',#10128,#10284,#10328,.T.);
#10328 = LINE('',#10329,#10330);
#10329 = CARTESIAN_POINT('',(4.55,3.725,0.397));
#10330 = VECTOR('',#10331,1.);
#10331 = DIRECTION('',(0.,-1.,0.));
#10332 = PLANE('',#10333);
#10333 = AXIS2_PLACEMENT_3D('',#10334,#10335,#10336);
#10334 = CARTESIAN_POINT('',(5.15,-3.75,0.397));
#10335 = DIRECTION('',(0.,0.,1.));
#10336 = DIRECTION('',(0.,-1.,0.));
#10337 = ADVANCED_FACE('',(#10338),#10371,.F.);
#10338 = FACE_BOUND('',#10339,.T.);
#10339 = EDGE_LOOP('',(#10340,#10341,#10342,#10343,#10344,#10345,#10346,
    #10354,#10362,#10368,#10369,#10370));
#10340 = ORIENTED_EDGE('',*,*,#10283,.F.);
#10341 = ORIENTED_EDGE('',*,*,#10042,.T.);
#10342 = ORIENTED_EDGE('',*,*,#10111,.T.);
#10343 = ORIENTED_EDGE('',*,*,#10310,.T.);
#10344 = ORIENTED_EDGE('',*,*,#9960,.T.);
#10345 = ORIENTED_EDGE('',*,*,#10177,.F.);
#10346 = ORIENTED_EDGE('',*,*,#10347,.F.);
#10347 = EDGE_CURVE('',#10348,#10170,#10350,.T.);
#10348 = VERTEX_POINT('',#10349);
#10349 = CARTESIAN_POINT('',(4.55,-3.75,4.45));
#10350 = LINE('',#10351,#10352);
#10351 = CARTESIAN_POINT('',(4.55,-3.75,4.45));
#10352 = VECTOR('',#10353,1.);
#10353 = DIRECTION('',(0.,0.,-1.));
#10354 = ORIENTED_EDGE('',*,*,#10355,.F.);
#10355 = EDGE_CURVE('',#10356,#10348,#10358,.T.);
#10356 = VERTEX_POINT('',#10357);
#10357 = CARTESIAN_POINT('',(4.55,4.4,4.45));
#10358 = LINE('',#10359,#10360);
#10359 = CARTESIAN_POINT('',(4.55,4.4,4.45));
#10360 = VECTOR('',#10361,1.);
#10361 = DIRECTION('',(0.,-1.,0.));
#10362 = ORIENTED_EDGE('',*,*,#10363,.T.);
#10363 = EDGE_CURVE('',#10356,#10203,#10364,.T.);
#10364 = LINE('',#10365,#10366);
#10365 = CARTESIAN_POINT('',(4.55,4.4,4.45));
#10366 = VECTOR('',#10367,1.);
#10367 = DIRECTION('',(0.,0.,-1.));
#10368 = ORIENTED_EDGE('',*,*,#10202,.F.);
#10369 = ORIENTED_EDGE('',*,*,#10127,.F.);
#10370 = ORIENTED_EDGE('',*,*,#10327,.T.);
#10371 = PLANE('',#10372);
#10372 = AXIS2_PLACEMENT_3D('',#10373,#10374,#10375);
#10373 = CARTESIAN_POINT('',(4.55,-3.225,4.35));
#10374 = DIRECTION('',(1.,0.,0.));
#10375 = DIRECTION('',(-0.,1.,0.));
#10376 = ADVANCED_FACE('',(#10377),#10402,.T.);
#10377 = FACE_BOUND('',#10378,.T.);
#10378 = EDGE_LOOP('',(#10379,#10387,#10388,#10396));
#10379 = ORIENTED_EDGE('',*,*,#10380,.T.);
#10380 = EDGE_CURVE('',#10381,#10356,#10383,.T.);
#10381 = VERTEX_POINT('',#10382);
#10382 = CARTESIAN_POINT('',(4.85,4.4,4.45));
#10383 = LINE('',#10384,#10385);
#10384 = CARTESIAN_POINT('',(4.85,4.4,4.45));
#10385 = VECTOR('',#10386,1.);
#10386 = DIRECTION('',(-1.,0.,0.));
#10387 = ORIENTED_EDGE('',*,*,#10355,.T.);
#10388 = ORIENTED_EDGE('',*,*,#10389,.T.);
#10389 = EDGE_CURVE('',#10348,#10390,#10392,.T.);
#10390 = VERTEX_POINT('',#10391);
#10391 = CARTESIAN_POINT('',(4.85,-3.75,4.45));
#10392 = LINE('',#10393,#10394);
#10393 = CARTESIAN_POINT('',(4.55,-3.75,4.45));
#10394 = VECTOR('',#10395,1.);
#10395 = DIRECTION('',(1.,0.,0.));
#10396 = ORIENTED_EDGE('',*,*,#10397,.T.);
#10397 = EDGE_CURVE('',#10390,#10381,#10398,.T.);
#10398 = LINE('',#10399,#10400);
#10399 = CARTESIAN_POINT('',(4.85,-3.75,4.45));
#10400 = VECTOR('',#10401,1.);
#10401 = DIRECTION('',(0.,1.,0.));
#10402 = PLANE('',#10403);
#10403 = AXIS2_PLACEMENT_3D('',#10404,#10405,#10406);
#10404 = CARTESIAN_POINT('',(5.15,-3.75,4.45));
#10405 = DIRECTION('',(0.,0.,1.));
#10406 = DIRECTION('',(0.,-1.,0.));
#10407 = ADVANCED_FACE('',(#10408),#10435,.T.);
#10408 = FACE_BOUND('',#10409,.T.);
#10409 = EDGE_LOOP('',(#10410,#10419,#10420,#10429));
#10410 = ORIENTED_EDGE('',*,*,#10411,.F.);
#10411 = EDGE_CURVE('',#10381,#10412,#10414,.T.);
#10412 = VERTEX_POINT('',#10413);
#10413 = CARTESIAN_POINT('',(5.15,4.4,4.15));
#10414 = CIRCLE('',#10415,0.3);
#10415 = AXIS2_PLACEMENT_3D('',#10416,#10417,#10418);
#10416 = CARTESIAN_POINT('',(4.85,4.4,4.15));
#10417 = DIRECTION('',(0.,1.,0.));
#10418 = DIRECTION('',(0.,-0.,1.));
#10419 = ORIENTED_EDGE('',*,*,#10397,.F.);
#10420 = ORIENTED_EDGE('',*,*,#10421,.F.);
#10421 = EDGE_CURVE('',#10422,#10390,#10424,.T.);
#10422 = VERTEX_POINT('',#10423);
#10423 = CARTESIAN_POINT('',(5.15,-3.75,4.15));
#10424 = CIRCLE('',#10425,0.3);
#10425 = AXIS2_PLACEMENT_3D('',#10426,#10427,#10428);
#10426 = CARTESIAN_POINT('',(4.85,-3.75,4.15));
#10427 = DIRECTION('',(0.,-1.,0.));
#10428 = DIRECTION('',(1.,0.,0.));
#10429 = ORIENTED_EDGE('',*,*,#10430,.T.);
#10430 = EDGE_CURVE('',#10422,#10412,#10431,.T.);
#10431 = LINE('',#10432,#10433);
#10432 = CARTESIAN_POINT('',(5.15,-3.75,4.15));
#10433 = VECTOR('',#10434,1.);
#10434 = DIRECTION('',(0.,1.,0.));
#10435 = CYLINDRICAL_SURFACE('',#10436,0.3);
#10436 = AXIS2_PLACEMENT_3D('',#10437,#10438,#10439);
#10437 = CARTESIAN_POINT('',(4.85,-3.773210117257,4.15));
#10438 = DIRECTION('',(0.,1.,0.));
#10439 = DIRECTION('',(0.,-0.,1.));
#10440 = ADVANCED_FACE('',(#10441),#10489,.T.);
#10441 = FACE_BOUND('',#10442,.T.);
#10442 = EDGE_LOOP('',(#10443,#10451,#10459,#10465,#10466,#10474,#10482,
    #10488));
#10443 = ORIENTED_EDGE('',*,*,#10444,.F.);
#10444 = EDGE_CURVE('',#10445,#10422,#10447,.T.);
#10445 = VERTEX_POINT('',#10446);
#10446 = CARTESIAN_POINT('',(5.15,-3.75,0.));
#10447 = LINE('',#10448,#10449);
#10448 = CARTESIAN_POINT('',(5.15,-3.75,0.));
#10449 = VECTOR('',#10450,1.);
#10450 = DIRECTION('',(0.,0.,1.));
#10451 = ORIENTED_EDGE('',*,*,#10452,.F.);
#10452 = EDGE_CURVE('',#10453,#10445,#10455,.T.);
#10453 = VERTEX_POINT('',#10454);
#10454 = CARTESIAN_POINT('',(5.15,-1.099843726813,0.));
#10455 = LINE('',#10456,#10457);
#10456 = CARTESIAN_POINT('',(5.15,-1.099843726813,0.));
#10457 = VECTOR('',#10458,1.);
#10458 = DIRECTION('',(0.,-1.,0.));
#10459 = ORIENTED_EDGE('',*,*,#10460,.F.);
#10460 = EDGE_CURVE('',#9903,#10453,#10461,.T.);
#10461 = LINE('',#10462,#10463);
#10462 = CARTESIAN_POINT('',(5.15,-0.94,3.05));
#10463 = VECTOR('',#10464,1.);
#10464 = DIRECTION('',(0.,-5.233595624294E-02,-0.998629534755));
#10465 = ORIENTED_EDGE('',*,*,#9928,.T.);
#10466 = ORIENTED_EDGE('',*,*,#10467,.T.);
#10467 = EDGE_CURVE('',#9921,#10468,#10470,.T.);
#10468 = VERTEX_POINT('',#10469);
#10469 = CARTESIAN_POINT('',(5.15,2.219843726813,0.));
#10470 = LINE('',#10471,#10472);
#10471 = CARTESIAN_POINT('',(5.15,2.06,3.05));
#10472 = VECTOR('',#10473,1.);
#10473 = DIRECTION('',(0.,5.233595624294E-02,-0.998629534755));
#10474 = ORIENTED_EDGE('',*,*,#10475,.F.);
#10475 = EDGE_CURVE('',#10476,#10468,#10478,.T.);
#10476 = VERTEX_POINT('',#10477);
#10477 = CARTESIAN_POINT('',(5.15,4.4,0.));
#10478 = LINE('',#10479,#10480);
#10479 = CARTESIAN_POINT('',(5.15,4.4,0.));
#10480 = VECTOR('',#10481,1.);
#10481 = DIRECTION('',(0.,-1.,0.));
#10482 = ORIENTED_EDGE('',*,*,#10483,.T.);
#10483 = EDGE_CURVE('',#10476,#10412,#10484,.T.);
#10484 = LINE('',#10485,#10486);
#10485 = CARTESIAN_POINT('',(5.15,4.4,0.));
#10486 = VECTOR('',#10487,1.);
#10487 = DIRECTION('',(0.,0.,1.));
#10488 = ORIENTED_EDGE('',*,*,#10430,.F.);
#10489 = PLANE('',#10490);
#10490 = AXIS2_PLACEMENT_3D('',#10491,#10492,#10493);
#10491 = CARTESIAN_POINT('',(5.15,-3.75,4.35));
#10492 = DIRECTION('',(1.,0.,0.));
#10493 = DIRECTION('',(-0.,1.,0.));
#10494 = ADVANCED_FACE('',(#10495),#10513,.F.);
#10495 = FACE_BOUND('',#10496,.T.);
#10496 = EDGE_LOOP('',(#10497,#10505,#10506,#10507));
#10497 = ORIENTED_EDGE('',*,*,#10498,.T.);
#10498 = EDGE_CURVE('',#10499,#9905,#10501,.T.);
#10499 = VERTEX_POINT('',#10500);
#10500 = CARTESIAN_POINT('',(4.75,-1.099843726813,0.));
#10501 = LINE('',#10502,#10503);
#10502 = CARTESIAN_POINT('',(4.75,-1.099843726813,0.));
#10503 = VECTOR('',#10504,1.);
#10504 = DIRECTION('',(0.,5.233595624294E-02,0.998629534755));
#10505 = ORIENTED_EDGE('',*,*,#9902,.F.);
#10506 = ORIENTED_EDGE('',*,*,#10460,.T.);
#10507 = ORIENTED_EDGE('',*,*,#10508,.T.);
#10508 = EDGE_CURVE('',#10453,#10499,#10509,.T.);
#10509 = LINE('',#10510,#10511);
#10510 = CARTESIAN_POINT('',(5.15,-1.099843726813,0.));
#10511 = VECTOR('',#10512,1.);
#10512 = DIRECTION('',(-1.,0.,0.));
#10513 = PLANE('',#10514);
#10514 = AXIS2_PLACEMENT_3D('',#10515,#10516,#10517);
#10515 = CARTESIAN_POINT('',(5.338386053879,-0.94,3.05));
#10516 = DIRECTION('',(0.,-0.998629534755,5.233595624294E-02));
#10517 = DIRECTION('',(-1.,0.,0.));
#10518 = ADVANCED_FACE('',(#10519),#10537,.F.);
#10519 = FACE_BOUND('',#10520,.T.);
#10520 = EDGE_LOOP('',(#10521,#10529,#10530,#10531));
#10521 = ORIENTED_EDGE('',*,*,#10522,.T.);
#10522 = EDGE_CURVE('',#10523,#9913,#10525,.T.);
#10523 = VERTEX_POINT('',#10524);
#10524 = CARTESIAN_POINT('',(4.75,2.219843726813,0.));
#10525 = LINE('',#10526,#10527);
#10526 = CARTESIAN_POINT('',(4.75,2.219843726813,0.));
#10527 = VECTOR('',#10528,1.);
#10528 = DIRECTION('',(0.,-5.233595624294E-02,0.998629534755));
#10529 = ORIENTED_EDGE('',*,*,#9912,.F.);
#10530 = ORIENTED_EDGE('',*,*,#10498,.F.);
#10531 = ORIENTED_EDGE('',*,*,#10532,.T.);
#10532 = EDGE_CURVE('',#10499,#10523,#10533,.T.);
#10533 = LINE('',#10534,#10535);
#10534 = CARTESIAN_POINT('',(4.75,-1.099843726813,0.));
#10535 = VECTOR('',#10536,1.);
#10536 = DIRECTION('',(0.,1.,0.));
#10537 = PLANE('',#10538);
#10538 = AXIS2_PLACEMENT_3D('',#10539,#10540,#10541);
#10539 = CARTESIAN_POINT('',(4.75,-0.94,-1.903));
#10540 = DIRECTION('',(-1.,0.,0.));
#10541 = DIRECTION('',(0.,1.,0.));
#10542 = ADVANCED_FACE('',(#10543),#10554,.F.);
#10543 = FACE_BOUND('',#10544,.T.);
#10544 = EDGE_LOOP('',(#10545,#10546,#10547,#10548));
#10545 = ORIENTED_EDGE('',*,*,#10467,.F.);
#10546 = ORIENTED_EDGE('',*,*,#9920,.F.);
#10547 = ORIENTED_EDGE('',*,*,#10522,.F.);
#10548 = ORIENTED_EDGE('',*,*,#10549,.F.);
#10549 = EDGE_CURVE('',#10468,#10523,#10550,.T.);
#10550 = LINE('',#10551,#10552);
#10551 = CARTESIAN_POINT('',(5.15,2.219843726813,0.));
#10552 = VECTOR('',#10553,1.);
#10553 = DIRECTION('',(-1.,0.,0.));
#10554 = PLANE('',#10555);
#10555 = AXIS2_PLACEMENT_3D('',#10556,#10557,#10558);
#10556 = CARTESIAN_POINT('',(4.561613946121,2.06,3.05));
#10557 = DIRECTION('',(0.,0.998629534755,5.233595624294E-02));
#10558 = DIRECTION('',(1.,0.,-0.));
#10559 = ADVANCED_FACE('',(#10560),#10578,.F.);
#10560 = FACE_BOUND('',#10561,.T.);
#10561 = EDGE_LOOP('',(#10562,#10563,#10564,#10572));
#10562 = ORIENTED_EDGE('',*,*,#10508,.F.);
#10563 = ORIENTED_EDGE('',*,*,#10452,.T.);
#10564 = ORIENTED_EDGE('',*,*,#10565,.T.);
#10565 = EDGE_CURVE('',#10445,#10566,#10568,.T.);
#10566 = VERTEX_POINT('',#10567);
#10567 = CARTESIAN_POINT('',(4.75,-3.75,0.));
#10568 = LINE('',#10569,#10570);
#10569 = CARTESIAN_POINT('',(5.15,-3.75,0.));
#10570 = VECTOR('',#10571,1.);
#10571 = DIRECTION('',(-1.,0.,0.));
#10572 = ORIENTED_EDGE('',*,*,#10573,.F.);
#10573 = EDGE_CURVE('',#10499,#10566,#10574,.T.);
#10574 = LINE('',#10575,#10576);
#10575 = CARTESIAN_POINT('',(4.75,-1.099843726813,0.));
#10576 = VECTOR('',#10577,1.);
#10577 = DIRECTION('',(0.,-1.,0.));
#10578 = PLANE('',#10579);
#10579 = AXIS2_PLACEMENT_3D('',#10580,#10581,#10582);
#10580 = CARTESIAN_POINT('',(5.15,-3.75,0.));
#10581 = DIRECTION('',(0.,0.,1.));
#10582 = DIRECTION('',(-1.,0.,0.));
#10583 = ADVANCED_FACE('',(#10584),#10602,.F.);
#10584 = FACE_BOUND('',#10585,.T.);
#10585 = EDGE_LOOP('',(#10586,#10594,#10595,#10596));
#10586 = ORIENTED_EDGE('',*,*,#10587,.F.);
#10587 = EDGE_CURVE('',#10476,#10588,#10590,.T.);
#10588 = VERTEX_POINT('',#10589);
#10589 = CARTESIAN_POINT('',(4.75,4.4,0.));
#10590 = LINE('',#10591,#10592);
#10591 = CARTESIAN_POINT('',(5.15,4.4,0.));
#10592 = VECTOR('',#10593,1.);
#10593 = DIRECTION('',(-1.,0.,0.));
#10594 = ORIENTED_EDGE('',*,*,#10475,.T.);
#10595 = ORIENTED_EDGE('',*,*,#10549,.T.);
#10596 = ORIENTED_EDGE('',*,*,#10597,.F.);
#10597 = EDGE_CURVE('',#10588,#10523,#10598,.T.);
#10598 = LINE('',#10599,#10600);
#10599 = CARTESIAN_POINT('',(4.75,4.4,0.));
#10600 = VECTOR('',#10601,1.);
#10601 = DIRECTION('',(0.,-1.,0.));
#10602 = PLANE('',#10603);
#10603 = AXIS2_PLACEMENT_3D('',#10604,#10605,#10606);
#10604 = CARTESIAN_POINT('',(5.15,-3.75,0.));
#10605 = DIRECTION('',(0.,0.,1.));
#10606 = DIRECTION('',(-1.,0.,0.));
#10607 = ADVANCED_FACE('',(#10608),#10703,.T.);
#10608 = FACE_BOUND('',#10609,.T.);
#10609 = EDGE_LOOP('',(#10610,#10611,#10612,#10613,#10614,#10615,#10616,
    #10624,#10632,#10640,#10649,#10657,#10665,#10673,#10681,#10689,
    #10697));
#10610 = ORIENTED_EDGE('',*,*,#10210,.T.);
#10611 = ORIENTED_EDGE('',*,*,#10363,.F.);
#10612 = ORIENTED_EDGE('',*,*,#10380,.F.);
#10613 = ORIENTED_EDGE('',*,*,#10411,.T.);
#10614 = ORIENTED_EDGE('',*,*,#10483,.F.);
#10615 = ORIENTED_EDGE('',*,*,#10587,.T.);
#10616 = ORIENTED_EDGE('',*,*,#10617,.T.);
#10617 = EDGE_CURVE('',#10588,#10618,#10620,.T.);
#10618 = VERTEX_POINT('',#10619);
#10619 = CARTESIAN_POINT('',(-4.75,4.4,0.));
#10620 = LINE('',#10621,#10622);
#10621 = CARTESIAN_POINT('',(4.75,4.4,0.));
#10622 = VECTOR('',#10623,1.);
#10623 = DIRECTION('',(-1.,0.,0.));
#10624 = ORIENTED_EDGE('',*,*,#10625,.T.);
#10625 = EDGE_CURVE('',#10618,#10626,#10628,.T.);
#10626 = VERTEX_POINT('',#10627);
#10627 = CARTESIAN_POINT('',(-5.15,4.4,0.));
#10628 = LINE('',#10629,#10630);
#10629 = CARTESIAN_POINT('',(-4.75,4.4,0.));
#10630 = VECTOR('',#10631,1.);
#10631 = DIRECTION('',(-1.,0.,0.));
#10632 = ORIENTED_EDGE('',*,*,#10633,.F.);
#10633 = EDGE_CURVE('',#10634,#10626,#10636,.T.);
#10634 = VERTEX_POINT('',#10635);
#10635 = CARTESIAN_POINT('',(-5.15,4.4,4.05));
#10636 = LINE('',#10637,#10638);
#10637 = CARTESIAN_POINT('',(-5.15,4.4,4.05));
#10638 = VECTOR('',#10639,1.);
#10639 = DIRECTION('',(0.,0.,-1.));
#10640 = ORIENTED_EDGE('',*,*,#10641,.T.);
#10641 = EDGE_CURVE('',#10634,#10642,#10644,.T.);
#10642 = VERTEX_POINT('',#10643);
#10643 = CARTESIAN_POINT('',(-4.85,4.4,4.35));
#10644 = CIRCLE('',#10645,0.3);
#10645 = AXIS2_PLACEMENT_3D('',#10646,#10647,#10648);
#10646 = CARTESIAN_POINT('',(-4.85,4.4,4.05));
#10647 = DIRECTION('',(0.,1.,0.));
#10648 = DIRECTION('',(-1.,0.,0.));
#10649 = ORIENTED_EDGE('',*,*,#10650,.F.);
#10650 = EDGE_CURVE('',#10651,#10642,#10653,.T.);
#10651 = VERTEX_POINT('',#10652);
#10652 = CARTESIAN_POINT('',(-3.75,4.4,4.35));
#10653 = LINE('',#10654,#10655);
#10654 = CARTESIAN_POINT('',(-3.75,4.4,4.35));
#10655 = VECTOR('',#10656,1.);
#10656 = DIRECTION('',(-1.,0.,0.));
#10657 = ORIENTED_EDGE('',*,*,#10658,.T.);
#10658 = EDGE_CURVE('',#10651,#10659,#10661,.T.);
#10659 = VERTEX_POINT('',#10660);
#10660 = CARTESIAN_POINT('',(-3.75,4.4,2.3));
#10661 = LINE('',#10662,#10663);
#10662 = CARTESIAN_POINT('',(-3.75,4.4,4.35));
#10663 = VECTOR('',#10664,1.);
#10664 = DIRECTION('',(0.,0.,-1.));
#10665 = ORIENTED_EDGE('',*,*,#10666,.T.);
#10666 = EDGE_CURVE('',#10659,#10667,#10669,.T.);
#10667 = VERTEX_POINT('',#10668);
#10668 = CARTESIAN_POINT('',(2.6,4.4,2.3));
#10669 = LINE('',#10670,#10671);
#10670 = CARTESIAN_POINT('',(-3.75,4.4,2.3));
#10671 = VECTOR('',#10672,1.);
#10672 = DIRECTION('',(1.,0.,0.));
#10673 = ORIENTED_EDGE('',*,*,#10674,.T.);
#10674 = EDGE_CURVE('',#10667,#10675,#10677,.T.);
#10675 = VERTEX_POINT('',#10676);
#10676 = CARTESIAN_POINT('',(2.6,4.4,0.580741759643));
#10677 = LINE('',#10678,#10679);
#10678 = CARTESIAN_POINT('',(2.6,4.4,2.3));
#10679 = VECTOR('',#10680,1.);
#10680 = DIRECTION('',(0.,0.,-1.));
#10681 = ORIENTED_EDGE('',*,*,#10682,.F.);
#10682 = EDGE_CURVE('',#10683,#10675,#10685,.T.);
#10683 = VERTEX_POINT('',#10684);
#10684 = CARTESIAN_POINT('',(2.633496703857,4.4,0.497));
#10685 = LINE('',#10686,#10687);
#10686 = CARTESIAN_POINT('',(2.633496703857,4.4,0.497));
#10687 = VECTOR('',#10688,1.);
#10688 = DIRECTION('',(-0.371390676354,0.,0.928476690885));
#10689 = ORIENTED_EDGE('',*,*,#10690,.F.);
#10690 = EDGE_CURVE('',#10691,#10683,#10693,.T.);
#10691 = VERTEX_POINT('',#10692);
#10692 = CARTESIAN_POINT('',(4.1,4.4,0.497));
#10693 = LINE('',#10694,#10695);
#10694 = CARTESIAN_POINT('',(4.1,4.4,0.497));
#10695 = VECTOR('',#10696,1.);
#10696 = DIRECTION('',(-1.,0.,0.));
#10697 = ORIENTED_EDGE('',*,*,#10698,.T.);
#10698 = EDGE_CURVE('',#10691,#10211,#10699,.T.);
#10699 = LINE('',#10700,#10701);
#10700 = CARTESIAN_POINT('',(4.1,4.4,0.497));
#10701 = VECTOR('',#10702,1.);
#10702 = DIRECTION('',(0.,0.,1.));
#10703 = PLANE('',#10704);
#10704 = AXIS2_PLACEMENT_3D('',#10705,#10706,#10707);
#10705 = CARTESIAN_POINT('',(5.15,4.4,4.35));
#10706 = DIRECTION('',(0.,1.,0.));
#10707 = DIRECTION('',(-1.,0.,0.));
#10708 = ADVANCED_FACE('',(#10709),#10750,.F.);
#10709 = FACE_BOUND('',#10710,.T.);
#10710 = EDGE_LOOP('',(#10711,#10721,#10727,#10728,#10736,#10744));
#10711 = ORIENTED_EDGE('',*,*,#10712,.F.);
#10712 = EDGE_CURVE('',#10713,#10715,#10717,.T.);
#10713 = VERTEX_POINT('',#10714);
#10714 = CARTESIAN_POINT('',(-3.75,3.475,2.3));
#10715 = VERTEX_POINT('',#10716);
#10716 = CARTESIAN_POINT('',(-3.75,3.475,-1.653));
#10717 = LINE('',#10718,#10719);
#10718 = CARTESIAN_POINT('',(-3.75,3.475,2.3));
#10719 = VECTOR('',#10720,1.);
#10720 = DIRECTION('',(0.,0.,-1.));
#10721 = ORIENTED_EDGE('',*,*,#10722,.F.);
#10722 = EDGE_CURVE('',#10659,#10713,#10723,.T.);
#10723 = LINE('',#10724,#10725);
#10724 = CARTESIAN_POINT('',(-3.75,4.4,2.3));
#10725 = VECTOR('',#10726,1.);
#10726 = DIRECTION('',(0.,-1.,0.));
#10727 = ORIENTED_EDGE('',*,*,#10658,.F.);
#10728 = ORIENTED_EDGE('',*,*,#10729,.F.);
#10729 = EDGE_CURVE('',#10730,#10651,#10732,.T.);
#10730 = VERTEX_POINT('',#10731);
#10731 = CARTESIAN_POINT('',(-3.75,0.851782687643,4.35));
#10732 = LINE('',#10733,#10734);
#10733 = CARTESIAN_POINT('',(-3.75,0.851782687643,4.35));
#10734 = VECTOR('',#10735,1.);
#10735 = DIRECTION('',(0.,1.,0.));
#10736 = ORIENTED_EDGE('',*,*,#10737,.T.);
#10737 = EDGE_CURVE('',#10730,#10738,#10740,.T.);
#10738 = VERTEX_POINT('',#10739);
#10739 = CARTESIAN_POINT('',(-3.75,0.851782687643,-1.653));
#10740 = LINE('',#10741,#10742);
#10741 = CARTESIAN_POINT('',(-3.75,0.851782687643,4.35));
#10742 = VECTOR('',#10743,1.);
#10743 = DIRECTION('',(0.,0.,-1.));
#10744 = ORIENTED_EDGE('',*,*,#10745,.T.);
#10745 = EDGE_CURVE('',#10738,#10715,#10746,.T.);
#10746 = LINE('',#10747,#10748);
#10747 = CARTESIAN_POINT('',(-3.75,0.851782687643,-1.653));
#10748 = VECTOR('',#10749,1.);
#10749 = DIRECTION('',(0.,1.,0.));
#10750 = PLANE('',#10751);
#10751 = AXIS2_PLACEMENT_3D('',#10752,#10753,#10754);
#10752 = CARTESIAN_POINT('',(-3.75,3.475,4.35));
#10753 = DIRECTION('',(-1.,0.,0.));
#10754 = DIRECTION('',(0.,-1.,0.));
#10755 = ADVANCED_FACE('',(#10756),#10815,.F.);
#10756 = FACE_BOUND('',#10757,.F.);
#10757 = EDGE_LOOP('',(#10758,#10759,#10767,#10776,#10782,#10783,#10792,
    #10800,#10807,#10808));
#10758 = ORIENTED_EDGE('',*,*,#7968,.T.);
#10759 = ORIENTED_EDGE('',*,*,#10760,.T.);
#10760 = EDGE_CURVE('',#7890,#10761,#10763,.T.);
#10761 = VERTEX_POINT('',#10762);
#10762 = CARTESIAN_POINT('',(-3.150000000387,1.293245836329,
    -1.953000000544));
#10763 = LINE('',#10764,#10765);
#10764 = CARTESIAN_POINT('',(-3.15,1.293245836552,-1.653));
#10765 = VECTOR('',#10766,1.);
#10766 = DIRECTION('',(0.,0.,-1.));
#10767 = ORIENTED_EDGE('',*,*,#10768,.F.);
#10768 = EDGE_CURVE('',#10769,#10761,#10771,.T.);
#10769 = VERTEX_POINT('',#10770);
#10770 = CARTESIAN_POINT('',(-3.150000000387,-0.643245836329,
    -1.953000000544));
#10771 = CIRCLE('',#10772,1.);
#10772 = AXIS2_PLACEMENT_3D('',#10773,#10774,#10775);
#10773 = CARTESIAN_POINT('',(-2.9,0.325,-1.953));
#10774 = DIRECTION('',(0.,0.,-1.));
#10775 = DIRECTION('',(-0.25,-0.968245836552,-0.));
#10776 = ORIENTED_EDGE('',*,*,#10777,.T.);
#10777 = EDGE_CURVE('',#10769,#7951,#10778,.T.);
#10778 = LINE('',#10779,#10780);
#10779 = CARTESIAN_POINT('',(-3.15,-0.643245836552,-1.953));
#10780 = VECTOR('',#10781,1.);
#10781 = DIRECTION('',(0.,0.,1.));
#10782 = ORIENTED_EDGE('',*,*,#7958,.T.);
#10783 = ORIENTED_EDGE('',*,*,#10784,.T.);
#10784 = EDGE_CURVE('',#7245,#10785,#10787,.T.);
#10785 = VERTEX_POINT('',#10786);
#10786 = CARTESIAN_POINT('',(-3.6,-0.389142842854,-1.653));
#10787 = CIRCLE('',#10788,1.);
#10788 = AXIS2_PLACEMENT_3D('',#10789,#10790,#10791);
#10789 = CARTESIAN_POINT('',(-2.9,0.325,-1.653));
#10790 = DIRECTION('',(0.,0.,-1.));
#10791 = DIRECTION('',(-0.25,-0.968245836552,-0.));
#10792 = ORIENTED_EDGE('',*,*,#10793,.F.);
#10793 = EDGE_CURVE('',#10794,#10785,#10796,.T.);
#10794 = VERTEX_POINT('',#10795);
#10795 = CARTESIAN_POINT('',(-3.6,-0.389142842854,4.35));
#10796 = LINE('',#10797,#10798);
#10797 = CARTESIAN_POINT('',(-3.6,-0.389142842854,4.35));
#10798 = VECTOR('',#10799,1.);
#10799 = DIRECTION('',(0.,0.,-1.));
#10800 = ORIENTED_EDGE('',*,*,#10801,.T.);
#10801 = EDGE_CURVE('',#10794,#10730,#10802,.T.);
#10802 = CIRCLE('',#10803,1.);
#10803 = AXIS2_PLACEMENT_3D('',#10804,#10805,#10806);
#10804 = CARTESIAN_POINT('',(-2.9,0.325,4.35));
#10805 = DIRECTION('',(0.,0.,-1.));
#10806 = DIRECTION('',(-0.7,-0.714142842854,-0.));
#10807 = ORIENTED_EDGE('',*,*,#10737,.T.);
#10808 = ORIENTED_EDGE('',*,*,#10809,.T.);
#10809 = EDGE_CURVE('',#10738,#7228,#10810,.T.);
#10810 = CIRCLE('',#10811,1.);
#10811 = AXIS2_PLACEMENT_3D('',#10812,#10813,#10814);
#10812 = CARTESIAN_POINT('',(-2.9,0.325,-1.653));
#10813 = DIRECTION('',(0.,0.,-1.));
#10814 = DIRECTION('',(-0.85,0.526782687643,0.));
#10815 = CYLINDRICAL_SURFACE('',#10816,1.);
#10816 = AXIS2_PLACEMENT_3D('',#10817,#10818,#10819);
#10817 = CARTESIAN_POINT('',(-2.9,0.325,-1.903));
#10818 = DIRECTION('',(0.,0.,-1.));
#10819 = DIRECTION('',(-1.,1.255696255572E-14,0.));
#10820 = ADVANCED_FACE('',(#10821),#10839,.F.);
#10821 = FACE_BOUND('',#10822,.T.);
#10822 = EDGE_LOOP('',(#10823,#10831,#10837,#10838));
#10823 = ORIENTED_EDGE('',*,*,#10824,.F.);
#10824 = EDGE_CURVE('',#10825,#7943,#10827,.T.);
#10825 = VERTEX_POINT('',#10826);
#10826 = CARTESIAN_POINT('',(-3.15,-1.825,-1.953));
#10827 = LINE('',#10828,#10829);
#10828 = CARTESIAN_POINT('',(-3.15,-1.825,-1.953));
#10829 = VECTOR('',#10830,1.);
#10830 = DIRECTION('',(0.,0.,1.));
#10831 = ORIENTED_EDGE('',*,*,#10832,.T.);
#10832 = EDGE_CURVE('',#10825,#10769,#10833,.T.);
#10833 = LINE('',#10834,#10835);
#10834 = CARTESIAN_POINT('',(-3.15,-1.825,-1.953));
#10835 = VECTOR('',#10836,1.);
#10836 = DIRECTION('',(0.,1.,0.));
#10837 = ORIENTED_EDGE('',*,*,#10777,.T.);
#10838 = ORIENTED_EDGE('',*,*,#7950,.T.);
#10839 = PLANE('',#10840);
#10840 = AXIS2_PLACEMENT_3D('',#10841,#10842,#10843);
#10841 = CARTESIAN_POINT('',(-3.15,-2.825,-1.903));
#10842 = DIRECTION('',(-1.,0.,0.));
#10843 = DIRECTION('',(0.,1.,0.));
#10844 = ADVANCED_FACE('',(#10845),#10871,.F.);
#10845 = FACE_BOUND('',#10846,.T.);
#10846 = EDGE_LOOP('',(#10847,#10848,#10856,#10864,#10870));
#10847 = ORIENTED_EDGE('',*,*,#10760,.T.);
#10848 = ORIENTED_EDGE('',*,*,#10849,.T.);
#10849 = EDGE_CURVE('',#10761,#10850,#10852,.T.);
#10850 = VERTEX_POINT('',#10851);
#10851 = CARTESIAN_POINT('',(-3.15,3.475,-1.953));
#10852 = LINE('',#10853,#10854);
#10853 = CARTESIAN_POINT('',(-3.15,1.293245836552,-1.953));
#10854 = VECTOR('',#10855,1.);
#10855 = DIRECTION('',(0.,1.,0.));
#10856 = ORIENTED_EDGE('',*,*,#10857,.T.);
#10857 = EDGE_CURVE('',#10850,#10858,#10860,.T.);
#10858 = VERTEX_POINT('',#10859);
#10859 = CARTESIAN_POINT('',(-3.15,3.475,-1.653));
#10860 = LINE('',#10861,#10862);
#10861 = CARTESIAN_POINT('',(-3.15,3.475,-1.953));
#10862 = VECTOR('',#10863,1.);
#10863 = DIRECTION('',(0.,0.,1.));
#10864 = ORIENTED_EDGE('',*,*,#10865,.T.);
#10865 = EDGE_CURVE('',#10858,#7290,#10866,.T.);
#10866 = LINE('',#10867,#10868);
#10867 = CARTESIAN_POINT('',(-3.15,3.475,-1.653));
#10868 = VECTOR('',#10869,1.);
#10869 = DIRECTION('',(0.,-1.,0.));
#10870 = ORIENTED_EDGE('',*,*,#7889,.T.);
#10871 = PLANE('',#10872);
#10872 = AXIS2_PLACEMENT_3D('',#10873,#10874,#10875);
#10873 = CARTESIAN_POINT('',(-3.15,-2.825,-1.903));
#10874 = DIRECTION('',(-1.,0.,0.));
#10875 = DIRECTION('',(0.,1.,0.));
#10876 = ADVANCED_FACE('',(#10877),#10903,.T.);
#10877 = FACE_BOUND('',#10878,.T.);
#10878 = EDGE_LOOP('',(#10879,#10889,#10895,#10896,#10897));
#10879 = ORIENTED_EDGE('',*,*,#10880,.F.);
#10880 = EDGE_CURVE('',#10881,#10883,#10885,.T.);
#10881 = VERTEX_POINT('',#10882);
#10882 = CARTESIAN_POINT('',(-2.15,-2.825,-1.953));
#10883 = VERTEX_POINT('',#10884);
#10884 = CARTESIAN_POINT('',(-2.15,-2.825,-1.653));
#10885 = LINE('',#10886,#10887);
#10886 = CARTESIAN_POINT('',(-2.15,-2.825,-1.953));
#10887 = VECTOR('',#10888,1.);
#10888 = DIRECTION('',(0.,0.,1.));
#10889 = ORIENTED_EDGE('',*,*,#10890,.F.);
#10890 = EDGE_CURVE('',#10825,#10881,#10891,.T.);
#10891 = LINE('',#10892,#10893);
#10892 = CARTESIAN_POINT('',(-3.15,-1.825,-1.953));
#10893 = VECTOR('',#10894,1.);
#10894 = DIRECTION('',(0.707106781187,-0.707106781187,0.));
#10895 = ORIENTED_EDGE('',*,*,#10824,.T.);
#10896 = ORIENTED_EDGE('',*,*,#7942,.T.);
#10897 = ORIENTED_EDGE('',*,*,#10898,.T.);
#10898 = EDGE_CURVE('',#7338,#10883,#10899,.T.);
#10899 = LINE('',#10900,#10901);
#10900 = CARTESIAN_POINT('',(-3.15,-1.825,-1.653));
#10901 = VECTOR('',#10902,1.);
#10902 = DIRECTION('',(0.707106781187,-0.707106781187,0.));
#10903 = PLANE('',#10904);
#10904 = AXIS2_PLACEMENT_3D('',#10905,#10906,#10907);
#10905 = CARTESIAN_POINT('',(-3.15,-1.825,-1.903));
#10906 = DIRECTION('',(0.707106781187,0.707106781187,0.));
#10907 = DIRECTION('',(0.,-0.,1.));
#10908 = ADVANCED_FACE('',(#10909),#10939,.T.);
#10909 = FACE_BOUND('',#10910,.T.);
#10910 = EDGE_LOOP('',(#10911,#10919,#10927,#10933));
#10911 = ORIENTED_EDGE('',*,*,#10912,.T.);
#10912 = EDGE_CURVE('',#10913,#10881,#10915,.T.);
#10913 = VERTEX_POINT('',#10914);
#10914 = CARTESIAN_POINT('',(-2.212132034356,-2.975,-2.103));
#10915 = LINE('',#10916,#10917);
#10916 = CARTESIAN_POINT('',(-2.212132034356,-2.975,-2.103));
#10917 = VECTOR('',#10918,1.);
#10918 = DIRECTION('',(0.281084637715,0.678598344546,0.678598344546));
#10919 = ORIENTED_EDGE('',*,*,#10920,.F.);
#10920 = EDGE_CURVE('',#10921,#10881,#10923,.T.);
#10921 = VERTEX_POINT('',#10922);
#10922 = CARTESIAN_POINT('',(-1.568565401394,-2.825,-1.953));
#10923 = LINE('',#10924,#10925);
#10924 = CARTESIAN_POINT('',(-1.568565401394,-2.825,-1.953));
#10925 = VECTOR('',#10926,1.);
#10926 = DIRECTION('',(-1.,0.,0.));
#10927 = ORIENTED_EDGE('',*,*,#10928,.F.);
#10928 = EDGE_CURVE('',#9762,#10921,#10929,.T.);
#10929 = LINE('',#10930,#10931);
#10930 = CARTESIAN_POINT('',(-1.573803516818,-2.975,-2.103));
#10931 = VECTOR('',#10932,1.);
#10932 = DIRECTION('',(2.468518840783E-02,0.706891307583,0.706891307583)
  );
#10933 = ORIENTED_EDGE('',*,*,#10934,.T.);
#10934 = EDGE_CURVE('',#9762,#10913,#10935,.T.);
#10935 = LINE('',#10936,#10937);
#10936 = CARTESIAN_POINT('',(-1.573803516818,-2.975,-2.103));
#10937 = VECTOR('',#10938,1.);
#10938 = DIRECTION('',(-1.,0.,0.));
#10939 = PLANE('',#10940);
#10940 = AXIS2_PLACEMENT_3D('',#10941,#10942,#10943);
#10941 = CARTESIAN_POINT('',(-1.425,-2.975,-2.103));
#10942 = DIRECTION('',(0.,0.707106781187,-0.707106781187));
#10943 = DIRECTION('',(-1.,0.,0.));
#10944 = ADVANCED_FACE('',(#10945),#10963,.F.);
#10945 = FACE_BOUND('',#10946,.T.);
#10946 = EDGE_LOOP('',(#10947,#10955,#10956,#10957));
#10947 = ORIENTED_EDGE('',*,*,#10948,.T.);
#10948 = EDGE_CURVE('',#10949,#10825,#10951,.T.);
#10949 = VERTEX_POINT('',#10950);
#10950 = CARTESIAN_POINT('',(-3.3,-1.887132034356,-2.103));
#10951 = LINE('',#10952,#10953);
#10952 = CARTESIAN_POINT('',(-3.3,-1.887132034356,-2.103));
#10953 = VECTOR('',#10954,1.);
#10954 = DIRECTION('',(0.678598344546,0.281084637715,0.678598344546));
#10955 = ORIENTED_EDGE('',*,*,#10890,.T.);
#10956 = ORIENTED_EDGE('',*,*,#10912,.F.);
#10957 = ORIENTED_EDGE('',*,*,#10958,.F.);
#10958 = EDGE_CURVE('',#10949,#10913,#10959,.T.);
#10959 = LINE('',#10960,#10961);
#10960 = CARTESIAN_POINT('',(-3.3,-1.887132034356,-2.103));
#10961 = VECTOR('',#10962,1.);
#10962 = DIRECTION('',(0.707106781187,-0.707106781187,0.));
#10963 = PLANE('',#10964);
#10964 = AXIS2_PLACEMENT_3D('',#10965,#10966,#10967);
#10965 = CARTESIAN_POINT('',(-3.256066017178,-1.931066017178,-2.103));
#10966 = DIRECTION('',(-0.5,-0.5,0.707106781187));
#10967 = DIRECTION('',(0.707106781187,-0.707106781187,0.));
#10968 = ADVANCED_FACE('',(#10969),#10988,.T.);
#10969 = FACE_BOUND('',#10970,.T.);
#10970 = EDGE_LOOP('',(#10971,#10980,#10981,#10982));
#10971 = ORIENTED_EDGE('',*,*,#10972,.T.);
#10972 = EDGE_CURVE('',#10973,#10769,#10975,.T.);
#10973 = VERTEX_POINT('',#10974);
#10974 = CARTESIAN_POINT('',(-3.29999999973,-0.753192933034,-2.103));
#10975 = B_SPLINE_CURVE_WITH_KNOTS('',3,(#10976,#10977,#10978,#10979),
  .UNSPECIFIED.,.F.,.F.,(4,4),(0.,1.),.PIECEWISE_BEZIER_KNOTS.);
#10976 = CARTESIAN_POINT('',(-3.3,-0.753192932642,-2.103));
#10977 = CARTESIAN_POINT('',(-3.249465493593,-0.718040708344,
    -2.052465493593));
#10978 = CARTESIAN_POINT('',(-3.199393052878,-0.681505530795,
    -2.002393052878));
#10979 = CARTESIAN_POINT('',(-3.15,-0.643245836552,-1.953));
#10980 = ORIENTED_EDGE('',*,*,#10832,.F.);
#10981 = ORIENTED_EDGE('',*,*,#10948,.F.);
#10982 = ORIENTED_EDGE('',*,*,#10983,.T.);
#10983 = EDGE_CURVE('',#10949,#10973,#10984,.T.);
#10984 = LINE('',#10985,#10986);
#10985 = CARTESIAN_POINT('',(-3.3,-1.887132034356,-2.103));
#10986 = VECTOR('',#10987,1.);
#10987 = DIRECTION('',(0.,1.,0.));
#10988 = PLANE('',#10989);
#10989 = AXIS2_PLACEMENT_3D('',#10990,#10991,#10992);
#10990 = CARTESIAN_POINT('',(-3.3,-1.825,-2.103));
#10991 = DIRECTION('',(0.707106781187,0.,-0.707106781187));
#10992 = DIRECTION('',(0.,1.,0.));
#10993 = ADVANCED_FACE('',(#10994),#11014,.F.);
#10994 = FACE_BOUND('',#10995,.F.);
#10995 = EDGE_LOOP('',(#10996,#11005,#11006,#11007));
#10996 = ORIENTED_EDGE('',*,*,#10997,.F.);
#10997 = EDGE_CURVE('',#10973,#10998,#11000,.T.);
#10998 = VERTEX_POINT('',#10999);
#10999 = CARTESIAN_POINT('',(-3.29999999973,1.403192933034,-2.103));
#11000 = CIRCLE('',#11001,1.15);
#11001 = AXIS2_PLACEMENT_3D('',#11002,#11003,#11004);
#11002 = CARTESIAN_POINT('',(-2.9,0.325,-2.103));
#11003 = DIRECTION('',(0.,0.,-1.));
#11004 = DIRECTION('',(-0.347826086957,-0.937559071863,-0.));
#11005 = ORIENTED_EDGE('',*,*,#10972,.T.);
#11006 = ORIENTED_EDGE('',*,*,#10768,.T.);
#11007 = ORIENTED_EDGE('',*,*,#11008,.F.);
#11008 = EDGE_CURVE('',#10998,#10761,#11009,.T.);
#11009 = B_SPLINE_CURVE_WITH_KNOTS('',3,(#11010,#11011,#11012,#11013),
  .UNSPECIFIED.,.F.,.F.,(4,4),(0.,1.),.PIECEWISE_BEZIER_KNOTS.);
#11010 = CARTESIAN_POINT('',(-3.3,1.403192932642,-2.103));
#11011 = CARTESIAN_POINT('',(-3.249465493593,1.368040708344,
    -2.052465493593));
#11012 = CARTESIAN_POINT('',(-3.199393052878,1.331505530795,
    -2.002393052878));
#11013 = CARTESIAN_POINT('',(-3.15,1.293245836552,-1.953));
#11014 = CONICAL_SURFACE('',#11015,1.075,0.785399253347);
#11015 = AXIS2_PLACEMENT_3D('',#11016,#11017,#11018);
#11016 = CARTESIAN_POINT('',(-2.9,0.325,-2.028));
#11017 = DIRECTION('',(0.,0.,-1.));
#11018 = DIRECTION('',(-1.,1.255696255572E-14,0.));
#11019 = ADVANCED_FACE('',(#11020),#11038,.T.);
#11020 = FACE_BOUND('',#11021,.T.);
#11021 = EDGE_LOOP('',(#11022,#11030,#11031,#11032));
#11022 = ORIENTED_EDGE('',*,*,#11023,.T.);
#11023 = EDGE_CURVE('',#11024,#10850,#11026,.T.);
#11024 = VERTEX_POINT('',#11025);
#11025 = CARTESIAN_POINT('',(-3.3,3.625,-2.103));
#11026 = LINE('',#11027,#11028);
#11027 = CARTESIAN_POINT('',(-3.3,3.625,-2.103));
#11028 = VECTOR('',#11029,1.);
#11029 = DIRECTION('',(0.57735026919,-0.57735026919,0.57735026919));
#11030 = ORIENTED_EDGE('',*,*,#10849,.F.);
#11031 = ORIENTED_EDGE('',*,*,#11008,.F.);
#11032 = ORIENTED_EDGE('',*,*,#11033,.T.);
#11033 = EDGE_CURVE('',#10998,#11024,#11034,.T.);
#11034 = LINE('',#11035,#11036);
#11035 = CARTESIAN_POINT('',(-3.3,1.403192932642,-2.103));
#11036 = VECTOR('',#11037,1.);
#11037 = DIRECTION('',(0.,1.,0.));
#11038 = PLANE('',#11039);
#11039 = AXIS2_PLACEMENT_3D('',#11040,#11041,#11042);
#11040 = CARTESIAN_POINT('',(-3.3,1.293245836552,-2.103));
#11041 = DIRECTION('',(0.707106781187,0.,-0.707106781187));
#11042 = DIRECTION('',(0.,1.,0.));
#11043 = ADVANCED_FACE('',(#11044),#11069,.T.);
#11044 = FACE_BOUND('',#11045,.T.);
#11045 = EDGE_LOOP('',(#11046,#11056,#11062,#11063));
#11046 = ORIENTED_EDGE('',*,*,#11047,.T.);
#11047 = EDGE_CURVE('',#11048,#11050,#11052,.T.);
#11048 = VERTEX_POINT('',#11049);
#11049 = CARTESIAN_POINT('',(-1.573803516818,3.625,-2.103));
#11050 = VERTEX_POINT('',#11051);
#11051 = CARTESIAN_POINT('',(-1.568565401394,3.475,-1.953));
#11052 = LINE('',#11053,#11054);
#11053 = CARTESIAN_POINT('',(-1.573803516818,3.625,-2.103));
#11054 = VECTOR('',#11055,1.);
#11055 = DIRECTION('',(2.468518840783E-02,-0.706891307583,0.706891307583
    ));
#11056 = ORIENTED_EDGE('',*,*,#11057,.F.);
#11057 = EDGE_CURVE('',#10850,#11050,#11058,.T.);
#11058 = LINE('',#11059,#11060);
#11059 = CARTESIAN_POINT('',(-3.15,3.475,-1.953));
#11060 = VECTOR('',#11061,1.);
#11061 = DIRECTION('',(1.,0.,0.));
#11062 = ORIENTED_EDGE('',*,*,#11023,.F.);
#11063 = ORIENTED_EDGE('',*,*,#11064,.T.);
#11064 = EDGE_CURVE('',#11024,#11048,#11065,.T.);
#11065 = LINE('',#11066,#11067);
#11066 = CARTESIAN_POINT('',(-3.3,3.625,-2.103));
#11067 = VECTOR('',#11068,1.);
#11068 = DIRECTION('',(1.,0.,0.));
#11069 = PLANE('',#11070);
#11070 = AXIS2_PLACEMENT_3D('',#11071,#11072,#11073);
#11071 = CARTESIAN_POINT('',(-3.15,3.625,-2.103));
#11072 = DIRECTION('',(0.,-0.707106781187,-0.707106781187));
#11073 = DIRECTION('',(1.,0.,0.));
#11074 = ADVANCED_FACE('',(#11075),#11109,.F.);
#11075 = FACE_BOUND('',#11076,.T.);
#11076 = EDGE_LOOP('',(#11077,#11087,#11095,#11103));
#11077 = ORIENTED_EDGE('',*,*,#11078,.T.);
#11078 = EDGE_CURVE('',#11079,#11081,#11083,.T.);
#11079 = VERTEX_POINT('',#11080);
#11080 = CARTESIAN_POINT('',(-1.502460384746,3.475,-6.E-02));
#11081 = VERTEX_POINT('',#11082);
#11082 = CARTESIAN_POINT('',(-1.554841538983,3.625,-1.56));
#11083 = LINE('',#11084,#11085);
#11084 = CARTESIAN_POINT('',(-1.502460384746,3.475,-6.E-02));
#11085 = VECTOR('',#11086,1.);
#11086 = DIRECTION('',(-3.472650652543E-02,9.94437036493E-02,
    -0.994437036493));
#11087 = ORIENTED_EDGE('',*,*,#11088,.T.);
#11088 = EDGE_CURVE('',#11081,#11089,#11091,.T.);
#11089 = VERTEX_POINT('',#11090);
#11090 = CARTESIAN_POINT('',(1.554841538983,3.625,-1.56));
#11091 = LINE('',#11092,#11093);
#11092 = CARTESIAN_POINT('',(-1.554841538983,3.625,-1.56));
#11093 = VECTOR('',#11094,1.);
#11094 = DIRECTION('',(1.,0.,0.));
#11095 = ORIENTED_EDGE('',*,*,#11096,.F.);
#11096 = EDGE_CURVE('',#11097,#11089,#11099,.T.);
#11097 = VERTEX_POINT('',#11098);
#11098 = CARTESIAN_POINT('',(1.502460384746,3.475,-6.E-02));
#11099 = LINE('',#11100,#11101);
#11100 = CARTESIAN_POINT('',(1.502460384746,3.475,-6.E-02));
#11101 = VECTOR('',#11102,1.);
#11102 = DIRECTION('',(3.472650652543E-02,9.94437036493E-02,
    -0.994437036493));
#11103 = ORIENTED_EDGE('',*,*,#11104,.T.);
#11104 = EDGE_CURVE('',#11097,#11079,#11105,.T.);
#11105 = LINE('',#11106,#11107);
#11106 = CARTESIAN_POINT('',(1.502460384746,3.475,-6.E-02));
#11107 = VECTOR('',#11108,1.);
#11108 = DIRECTION('',(-1.,0.,0.));
#11109 = PLANE('',#11110);
#11110 = AXIS2_PLACEMENT_3D('',#11111,#11112,#11113);
#11111 = CARTESIAN_POINT('',(-1.425,3.475,-6.E-02));
#11112 = DIRECTION('',(0.,0.99503719021,9.9503719021E-02));
#11113 = DIRECTION('',(0.,9.9503719021E-02,-0.99503719021));
#11114 = ADVANCED_FACE('',(#11115),#11126,.F.);
#11115 = FACE_BOUND('',#11116,.T.);
#11116 = EDGE_LOOP('',(#11117,#11118,#11119,#11120));
#11117 = ORIENTED_EDGE('',*,*,#9730,.F.);
#11118 = ORIENTED_EDGE('',*,*,#9769,.F.);
#11119 = ORIENTED_EDGE('',*,*,#10928,.T.);
#11120 = ORIENTED_EDGE('',*,*,#11121,.T.);
#11121 = EDGE_CURVE('',#10921,#9731,#11122,.T.);
#11122 = LINE('',#11123,#11124);
#11123 = CARTESIAN_POINT('',(-1.568565401394,-2.825,-1.953));
#11124 = VECTOR('',#11125,1.);
#11125 = DIRECTION('',(3.48994967025E-02,0.,0.999390827019));
#11126 = PLANE('',#11127);
#11127 = AXIS2_PLACEMENT_3D('',#11128,#11129,#11130);
#11128 = CARTESIAN_POINT('',(-1.485,-3.163386053879,0.44));
#11129 = DIRECTION('',(-0.999390827019,0.,3.48994967025E-02));
#11130 = DIRECTION('',(0.,-1.,0.));
#11131 = ADVANCED_FACE('',(#11132),#11148,.F.);
#11132 = FACE_BOUND('',#11133,.T.);
#11133 = EDGE_LOOP('',(#11134,#11135,#11141,#11142));
#11134 = ORIENTED_EDGE('',*,*,#11047,.F.);
#11135 = ORIENTED_EDGE('',*,*,#11136,.F.);
#11136 = EDGE_CURVE('',#11081,#11048,#11137,.T.);
#11137 = LINE('',#11138,#11139);
#11138 = CARTESIAN_POINT('',(-1.554841538983,3.625,-1.56));
#11139 = VECTOR('',#11140,1.);
#11140 = DIRECTION('',(-3.48994967025E-02,0.,-0.999390827019));
#11141 = ORIENTED_EDGE('',*,*,#11078,.F.);
#11142 = ORIENTED_EDGE('',*,*,#11143,.F.);
#11143 = EDGE_CURVE('',#11050,#11079,#11144,.T.);
#11144 = LINE('',#11145,#11146);
#11145 = CARTESIAN_POINT('',(-1.568565401394,3.475,-1.953));
#11146 = VECTOR('',#11147,1.);
#11147 = DIRECTION('',(3.48994967025E-02,0.,0.999390827019));
#11148 = PLANE('',#11149);
#11149 = AXIS2_PLACEMENT_3D('',#11150,#11151,#11152);
#11150 = CARTESIAN_POINT('',(-1.485,-3.163386053879,0.44));
#11151 = DIRECTION('',(-0.999390827019,0.,3.48994967025E-02));
#11152 = DIRECTION('',(0.,-1.,0.));
#11153 = ADVANCED_FACE('',(#11154),#11172,.F.);
#11154 = FACE_BOUND('',#11155,.T.);
#11155 = EDGE_LOOP('',(#11156,#11164,#11170,#11171));
#11156 = ORIENTED_EDGE('',*,*,#11157,.F.);
#11157 = EDGE_CURVE('',#11158,#11048,#11160,.T.);
#11158 = VERTEX_POINT('',#11159);
#11159 = CARTESIAN_POINT('',(1.573803516818,3.625,-2.103));
#11160 = LINE('',#11161,#11162);
#11161 = CARTESIAN_POINT('',(1.573803516818,3.625,-2.103));
#11162 = VECTOR('',#11163,1.);
#11163 = DIRECTION('',(-1.,0.,0.));
#11164 = ORIENTED_EDGE('',*,*,#11165,.F.);
#11165 = EDGE_CURVE('',#11089,#11158,#11166,.T.);
#11166 = LINE('',#11167,#11168);
#11167 = CARTESIAN_POINT('',(1.554841538983,3.625,-1.56));
#11168 = VECTOR('',#11169,1.);
#11169 = DIRECTION('',(3.48994967025E-02,0.,-0.999390827019));
#11170 = ORIENTED_EDGE('',*,*,#11088,.F.);
#11171 = ORIENTED_EDGE('',*,*,#11136,.T.);
#11172 = PLANE('',#11173);
#11173 = AXIS2_PLACEMENT_3D('',#11174,#11175,#11176);
#11174 = CARTESIAN_POINT('',(-1.425,3.625,-1.56));
#11175 = DIRECTION('',(0.,1.,0.));
#11176 = DIRECTION('',(0.,0.,-1.));
#11177 = ADVANCED_FACE('',(#11178),#11196,.F.);
#11178 = FACE_BOUND('',#11179,.T.);
#11179 = EDGE_LOOP('',(#11180,#11188,#11189,#11190));
#11180 = ORIENTED_EDGE('',*,*,#11181,.F.);
#11181 = EDGE_CURVE('',#9754,#11182,#11184,.T.);
#11182 = VERTEX_POINT('',#11183);
#11183 = CARTESIAN_POINT('',(1.568565401394,-2.825,-1.953));
#11184 = LINE('',#11185,#11186);
#11185 = CARTESIAN_POINT('',(1.573803516818,-2.975,-2.103));
#11186 = VECTOR('',#11187,1.);
#11187 = DIRECTION('',(-2.468518840783E-02,0.706891307583,0.706891307583
    ));
#11188 = ORIENTED_EDGE('',*,*,#9753,.T.);
#11189 = ORIENTED_EDGE('',*,*,#9712,.T.);
#11190 = ORIENTED_EDGE('',*,*,#11191,.F.);
#11191 = EDGE_CURVE('',#11182,#9715,#11192,.T.);
#11192 = LINE('',#11193,#11194);
#11193 = CARTESIAN_POINT('',(1.568565401394,-2.825,-1.953));
#11194 = VECTOR('',#11195,1.);
#11195 = DIRECTION('',(-3.48994967025E-02,0.,0.999390827019));
#11196 = PLANE('',#11197);
#11197 = AXIS2_PLACEMENT_3D('',#11198,#11199,#11200);
#11198 = CARTESIAN_POINT('',(1.485,-4.513386053879,0.44));
#11199 = DIRECTION('',(0.999390827019,0.,3.48994967025E-02));
#11200 = DIRECTION('',(-0.,1.,0.));
#11201 = ADVANCED_FACE('',(#11202),#11220,.F.);
#11202 = FACE_BOUND('',#11203,.T.);
#11203 = EDGE_LOOP('',(#11204,#11205,#11206,#11214));
#11204 = ORIENTED_EDGE('',*,*,#11096,.T.);
#11205 = ORIENTED_EDGE('',*,*,#11165,.T.);
#11206 = ORIENTED_EDGE('',*,*,#11207,.T.);
#11207 = EDGE_CURVE('',#11158,#11208,#11210,.T.);
#11208 = VERTEX_POINT('',#11209);
#11209 = CARTESIAN_POINT('',(1.568565401394,3.475,-1.953));
#11210 = LINE('',#11211,#11212);
#11211 = CARTESIAN_POINT('',(1.573803516818,3.625,-2.103));
#11212 = VECTOR('',#11213,1.);
#11213 = DIRECTION('',(-2.468518840784E-02,-0.706891307583,
    0.706891307583));
#11214 = ORIENTED_EDGE('',*,*,#11215,.T.);
#11215 = EDGE_CURVE('',#11208,#11097,#11216,.T.);
#11216 = LINE('',#11217,#11218);
#11217 = CARTESIAN_POINT('',(1.568565401394,3.475,-1.953));
#11218 = VECTOR('',#11219,1.);
#11219 = DIRECTION('',(-3.48994967025E-02,0.,0.999390827019));
#11220 = PLANE('',#11221);
#11221 = AXIS2_PLACEMENT_3D('',#11222,#11223,#11224);
#11222 = CARTESIAN_POINT('',(1.485,-4.513386053879,0.44));
#11223 = DIRECTION('',(0.999390827019,0.,3.48994967025E-02));
#11224 = DIRECTION('',(-0.,1.,0.));
#11225 = ADVANCED_FACE('',(#11226),#11242,.T.);
#11226 = FACE_BOUND('',#11227,.T.);
#11227 = EDGE_LOOP('',(#11228,#11229,#11235,#11236));
#11228 = ORIENTED_EDGE('',*,*,#9681,.T.);
#11229 = ORIENTED_EDGE('',*,*,#11230,.F.);
#11230 = EDGE_CURVE('',#11208,#9684,#11231,.T.);
#11231 = LINE('',#11232,#11233);
#11232 = CARTESIAN_POINT('',(1.568565401394,3.475,-1.953));
#11233 = VECTOR('',#11234,1.);
#11234 = DIRECTION('',(1.,0.,0.));
#11235 = ORIENTED_EDGE('',*,*,#11207,.F.);
#11236 = ORIENTED_EDGE('',*,*,#11237,.T.);
#11237 = EDGE_CURVE('',#11158,#9682,#11238,.T.);
#11238 = LINE('',#11239,#11240);
#11239 = CARTESIAN_POINT('',(1.573803516818,3.625,-2.103));
#11240 = VECTOR('',#11241,1.);
#11241 = DIRECTION('',(1.,0.,0.));
#11242 = PLANE('',#11243);
#11243 = AXIS2_PLACEMENT_3D('',#11244,#11245,#11246);
#11244 = CARTESIAN_POINT('',(1.425,3.625,-2.103));
#11245 = DIRECTION('',(0.,-0.707106781187,-0.707106781187));
#11246 = DIRECTION('',(1.,0.,0.));
#11247 = ADVANCED_FACE('',(#11248),#11273,.F.);
#11248 = FACE_BOUND('',#11249,.T.);
#11249 = EDGE_LOOP('',(#11250,#11258,#11259,#11267));
#11250 = ORIENTED_EDGE('',*,*,#11251,.T.);
#11251 = EDGE_CURVE('',#11252,#6869,#11254,.T.);
#11252 = VERTEX_POINT('',#11253);
#11253 = CARTESIAN_POINT('',(2.95,3.475,-1.653));
#11254 = LINE('',#11255,#11256);
#11255 = CARTESIAN_POINT('',(2.95,3.475,-1.653));
#11256 = VECTOR('',#11257,1.);
#11257 = DIRECTION('',(0.,1.,0.));
#11258 = ORIENTED_EDGE('',*,*,#6868,.F.);
#11259 = ORIENTED_EDGE('',*,*,#11260,.F.);
#11260 = EDGE_CURVE('',#11261,#6861,#11263,.T.);
#11261 = VERTEX_POINT('',#11262);
#11262 = CARTESIAN_POINT('',(2.95,3.475,-0.294258240357));
#11263 = LINE('',#11264,#11265);
#11264 = CARTESIAN_POINT('',(2.95,3.475,-0.294258240357));
#11265 = VECTOR('',#11266,1.);
#11266 = DIRECTION('',(0.,1.,0.));
#11267 = ORIENTED_EDGE('',*,*,#11268,.T.);
#11268 = EDGE_CURVE('',#11261,#11252,#11269,.T.);
#11269 = LINE('',#11270,#11271);
#11270 = CARTESIAN_POINT('',(2.95,3.475,-0.294258240357));
#11271 = VECTOR('',#11272,1.);
#11272 = DIRECTION('',(0.,0.,-1.));
#11273 = PLANE('',#11274);
#11274 = AXIS2_PLACEMENT_3D('',#11275,#11276,#11277);
#11275 = CARTESIAN_POINT('',(2.95,3.475,-0.294258240357));
#11276 = DIRECTION('',(-1.,0.,0.));
#11277 = DIRECTION('',(0.,0.,-1.));
#11278 = ADVANCED_FACE('',(#11279),#11363,.F.);
#11279 = FACE_BOUND('',#11280,.T.);
#11280 = EDGE_LOOP('',(#11281,#11291,#11299,#11307,#11315,#11321,#11322,
    #11328,#11329,#11330,#11331,#11332,#11333,#11334,#11342,#11348,
    #11349,#11357));
#11281 = ORIENTED_EDGE('',*,*,#11282,.T.);
#11282 = EDGE_CURVE('',#11283,#11285,#11287,.T.);
#11283 = VERTEX_POINT('',#11284);
#11284 = CARTESIAN_POINT('',(2.6,3.475,2.3));
#11285 = VERTEX_POINT('',#11286);
#11286 = CARTESIAN_POINT('',(1.489952631255,3.475,2.3));
#11287 = LINE('',#11288,#11289);
#11288 = CARTESIAN_POINT('',(2.6,3.475,2.3));
#11289 = VECTOR('',#11290,1.);
#11290 = DIRECTION('',(-1.,0.,0.));
#11291 = ORIENTED_EDGE('',*,*,#11292,.T.);
#11292 = EDGE_CURVE('',#11285,#11293,#11295,.T.);
#11293 = VERTEX_POINT('',#11294);
#11294 = CARTESIAN_POINT('',(1.425,3.475,0.44));
#11295 = LINE('',#11296,#11297);
#11296 = CARTESIAN_POINT('',(1.489952631255,3.475,2.3));
#11297 = VECTOR('',#11298,1.);
#11298 = DIRECTION('',(-3.48994967025E-02,0.,-0.999390827019));
#11299 = ORIENTED_EDGE('',*,*,#11300,.F.);
#11300 = EDGE_CURVE('',#11301,#11293,#11303,.T.);
#11301 = VERTEX_POINT('',#11302);
#11302 = CARTESIAN_POINT('',(-1.425,3.475,0.44));
#11303 = LINE('',#11304,#11305);
#11304 = CARTESIAN_POINT('',(-1.425,3.475,0.44));
#11305 = VECTOR('',#11306,1.);
#11306 = DIRECTION('',(1.,0.,0.));
#11307 = ORIENTED_EDGE('',*,*,#11308,.F.);
#11308 = EDGE_CURVE('',#11309,#11301,#11311,.T.);
#11309 = VERTEX_POINT('',#11310);
#11310 = CARTESIAN_POINT('',(-1.489952631255,3.475,2.3));
#11311 = LINE('',#11312,#11313);
#11312 = CARTESIAN_POINT('',(-1.489952631255,3.475,2.3));
#11313 = VECTOR('',#11314,1.);
#11314 = DIRECTION('',(3.48994967025E-02,0.,-0.999390827019));
#11315 = ORIENTED_EDGE('',*,*,#11316,.T.);
#11316 = EDGE_CURVE('',#11309,#10713,#11317,.T.);
#11317 = LINE('',#11318,#11319);
#11318 = CARTESIAN_POINT('',(-1.489952631255,3.475,2.3));
#11319 = VECTOR('',#11320,1.);
#11320 = DIRECTION('',(-1.,0.,0.));
#11321 = ORIENTED_EDGE('',*,*,#10712,.T.);
#11322 = ORIENTED_EDGE('',*,*,#11323,.F.);
#11323 = EDGE_CURVE('',#10858,#10715,#11324,.T.);
#11324 = LINE('',#11325,#11326);
#11325 = CARTESIAN_POINT('',(-3.15,3.475,-1.653));
#11326 = VECTOR('',#11327,1.);
#11327 = DIRECTION('',(-1.,0.,0.));
#11328 = ORIENTED_EDGE('',*,*,#10857,.F.);
#11329 = ORIENTED_EDGE('',*,*,#11057,.T.);
#11330 = ORIENTED_EDGE('',*,*,#11143,.T.);
#11331 = ORIENTED_EDGE('',*,*,#11104,.F.);
#11332 = ORIENTED_EDGE('',*,*,#11215,.F.);
#11333 = ORIENTED_EDGE('',*,*,#11230,.T.);
#11334 = ORIENTED_EDGE('',*,*,#11335,.T.);
#11335 = EDGE_CURVE('',#9684,#11336,#11338,.T.);
#11336 = VERTEX_POINT('',#11337);
#11337 = CARTESIAN_POINT('',(3.15,3.475,-1.653));
#11338 = LINE('',#11339,#11340);
#11339 = CARTESIAN_POINT('',(3.15,3.475,-1.953));
#11340 = VECTOR('',#11341,1.);
#11341 = DIRECTION('',(0.,0.,1.));
#11342 = ORIENTED_EDGE('',*,*,#11343,.F.);
#11343 = EDGE_CURVE('',#11252,#11336,#11344,.T.);
#11344 = LINE('',#11345,#11346);
#11345 = CARTESIAN_POINT('',(2.95,3.475,-1.653));
#11346 = VECTOR('',#11347,1.);
#11347 = DIRECTION('',(1.,0.,0.));
#11348 = ORIENTED_EDGE('',*,*,#11268,.F.);
#11349 = ORIENTED_EDGE('',*,*,#11350,.F.);
#11350 = EDGE_CURVE('',#11351,#11261,#11353,.T.);
#11351 = VERTEX_POINT('',#11352);
#11352 = CARTESIAN_POINT('',(2.6,3.475,0.580741759643));
#11353 = LINE('',#11354,#11355);
#11354 = CARTESIAN_POINT('',(2.6,3.475,0.580741759643));
#11355 = VECTOR('',#11356,1.);
#11356 = DIRECTION('',(0.371390676354,0.,-0.928476690885));
#11357 = ORIENTED_EDGE('',*,*,#11358,.T.);
#11358 = EDGE_CURVE('',#11351,#11283,#11359,.T.);
#11359 = LINE('',#11360,#11361);
#11360 = CARTESIAN_POINT('',(2.6,3.475,0.580741759643));
#11361 = VECTOR('',#11362,1.);
#11362 = DIRECTION('',(0.,0.,1.));
#11363 = PLANE('',#11364);
#11364 = AXIS2_PLACEMENT_3D('',#11365,#11366,#11367);
#11365 = CARTESIAN_POINT('',(-3.15,3.475,-1.903));
#11366 = DIRECTION('',(0.,1.,0.));
#11367 = DIRECTION('',(1.,0.,0.));
#11368 = ADVANCED_FACE('',(#11369),#11403,.T.);
#11369 = FACE_BOUND('',#11370,.T.);
#11370 = EDGE_LOOP('',(#11371,#11381,#11389,#11397));
#11371 = ORIENTED_EDGE('',*,*,#11372,.T.);
#11372 = EDGE_CURVE('',#11373,#11375,#11377,.T.);
#11373 = VERTEX_POINT('',#11374);
#11374 = CARTESIAN_POINT('',(-1.425,-2.825,0.44));
#11375 = VERTEX_POINT('',#11376);
#11376 = CARTESIAN_POINT('',(-1.425,-3.325,0.44));
#11377 = LINE('',#11378,#11379);
#11378 = CARTESIAN_POINT('',(-1.425,-2.825,0.44));
#11379 = VECTOR('',#11380,1.);
#11380 = DIRECTION('',(0.,-1.,0.));
#11381 = ORIENTED_EDGE('',*,*,#11382,.T.);
#11382 = EDGE_CURVE('',#11375,#11383,#11385,.T.);
#11383 = VERTEX_POINT('',#11384);
#11384 = CARTESIAN_POINT('',(1.425,-3.325,0.44));
#11385 = LINE('',#11386,#11387);
#11386 = CARTESIAN_POINT('',(-1.425,-3.325,0.44));
#11387 = VECTOR('',#11388,1.);
#11388 = DIRECTION('',(1.,0.,0.));
#11389 = ORIENTED_EDGE('',*,*,#11390,.T.);
#11390 = EDGE_CURVE('',#11383,#11391,#11393,.T.);
#11391 = VERTEX_POINT('',#11392);
#11392 = CARTESIAN_POINT('',(1.425,-2.825,0.44));
#11393 = LINE('',#11394,#11395);
#11394 = CARTESIAN_POINT('',(1.425,-3.325,0.44));
#11395 = VECTOR('',#11396,1.);
#11396 = DIRECTION('',(0.,1.,0.));
#11397 = ORIENTED_EDGE('',*,*,#11398,.F.);
#11398 = EDGE_CURVE('',#11373,#11391,#11399,.T.);
#11399 = LINE('',#11400,#11401);
#11400 = CARTESIAN_POINT('',(-1.425,-2.825,0.44));
#11401 = VECTOR('',#11402,1.);
#11402 = DIRECTION('',(1.,0.,0.));
#11403 = PLANE('',#11404);
#11404 = AXIS2_PLACEMENT_3D('',#11405,#11406,#11407);
#11405 = CARTESIAN_POINT('',(5.15,4.4,0.44));
#11406 = DIRECTION('',(0.,0.,1.));
#11407 = DIRECTION('',(1.,0.,-0.));
#11408 = ADVANCED_FACE('',(#11409),#11434,.T.);
#11409 = FACE_BOUND('',#11410,.T.);
#11410 = EDGE_LOOP('',(#11411,#11419,#11427,#11433));
#11411 = ORIENTED_EDGE('',*,*,#11412,.T.);
#11412 = EDGE_CURVE('',#11293,#11413,#11415,.T.);
#11413 = VERTEX_POINT('',#11414);
#11414 = CARTESIAN_POINT('',(1.425,3.975,0.44));
#11415 = LINE('',#11416,#11417);
#11416 = CARTESIAN_POINT('',(1.425,3.475,0.44));
#11417 = VECTOR('',#11418,1.);
#11418 = DIRECTION('',(0.,1.,0.));
#11419 = ORIENTED_EDGE('',*,*,#11420,.T.);
#11420 = EDGE_CURVE('',#11413,#11421,#11423,.T.);
#11421 = VERTEX_POINT('',#11422);
#11422 = CARTESIAN_POINT('',(-1.425,3.975,0.44));
#11423 = LINE('',#11424,#11425);
#11424 = CARTESIAN_POINT('',(1.425,3.975,0.44));
#11425 = VECTOR('',#11426,1.);
#11426 = DIRECTION('',(-1.,0.,0.));
#11427 = ORIENTED_EDGE('',*,*,#11428,.T.);
#11428 = EDGE_CURVE('',#11421,#11301,#11429,.T.);
#11429 = LINE('',#11430,#11431);
#11430 = CARTESIAN_POINT('',(-1.425,3.975,0.44));
#11431 = VECTOR('',#11432,1.);
#11432 = DIRECTION('',(0.,-1.,0.));
#11433 = ORIENTED_EDGE('',*,*,#11300,.T.);
#11434 = PLANE('',#11435);
#11435 = AXIS2_PLACEMENT_3D('',#11436,#11437,#11438);
#11436 = CARTESIAN_POINT('',(5.15,4.4,0.44));
#11437 = DIRECTION('',(0.,0.,1.));
#11438 = DIRECTION('',(1.,0.,-0.));
#11439 = ADVANCED_FACE('',(#11440),#11465,.F.);
#11440 = FACE_BOUND('',#11441,.T.);
#11441 = EDGE_LOOP('',(#11442,#11450,#11451,#11459));
#11442 = ORIENTED_EDGE('',*,*,#11443,.T.);
#11443 = EDGE_CURVE('',#11444,#11383,#11446,.T.);
#11444 = VERTEX_POINT('',#11445);
#11445 = CARTESIAN_POINT('',(1.489952631255,-3.389952631255,2.3));
#11446 = LINE('',#11447,#11448);
#11447 = CARTESIAN_POINT('',(1.489952631255,-3.389952631255,2.3));
#11448 = VECTOR('',#11449,1.);
#11449 = DIRECTION('',(-3.487826274237E-02,3.487826274237E-02,
    -0.998782765959));
#11450 = ORIENTED_EDGE('',*,*,#11382,.F.);
#11451 = ORIENTED_EDGE('',*,*,#11452,.F.);
#11452 = EDGE_CURVE('',#11453,#11375,#11455,.T.);
#11453 = VERTEX_POINT('',#11454);
#11454 = CARTESIAN_POINT('',(-1.489952631255,-3.389952631255,2.3));
#11455 = LINE('',#11456,#11457);
#11456 = CARTESIAN_POINT('',(-1.489952631255,-3.389952631255,2.3));
#11457 = VECTOR('',#11458,1.);
#11458 = DIRECTION('',(3.487826274237E-02,3.487826274237E-02,
    -0.998782765959));
#11459 = ORIENTED_EDGE('',*,*,#11460,.T.);
#11460 = EDGE_CURVE('',#11453,#11444,#11461,.T.);
#11461 = LINE('',#11462,#11463);
#11462 = CARTESIAN_POINT('',(-1.489952631255,-3.389952631255,2.3));
#11463 = VECTOR('',#11464,1.);
#11464 = DIRECTION('',(1.,0.,0.));
#11465 = PLANE('',#11466);
#11466 = AXIS2_PLACEMENT_3D('',#11467,#11468,#11469);
#11467 = CARTESIAN_POINT('',(-2.613386053879,-3.325,0.44));
#11468 = DIRECTION('',(0.,-0.999390827019,-3.48994967025E-02));
#11469 = DIRECTION('',(1.,0.,0.));
#11470 = ADVANCED_FACE('',(#11471),#11489,.F.);
#11471 = FACE_BOUND('',#11472,.T.);
#11472 = EDGE_LOOP('',(#11473,#11481,#11482,#11483));
#11473 = ORIENTED_EDGE('',*,*,#11474,.T.);
#11474 = EDGE_CURVE('',#11475,#11413,#11477,.T.);
#11475 = VERTEX_POINT('',#11476);
#11476 = CARTESIAN_POINT('',(1.489952631255,4.039952631255,2.3));
#11477 = LINE('',#11478,#11479);
#11478 = CARTESIAN_POINT('',(1.489952631255,4.039952631255,2.3));
#11479 = VECTOR('',#11480,1.);
#11480 = DIRECTION('',(-3.487826274237E-02,-3.487826274237E-02,
    -0.998782765959));
#11481 = ORIENTED_EDGE('',*,*,#11412,.F.);
#11482 = ORIENTED_EDGE('',*,*,#11292,.F.);
#11483 = ORIENTED_EDGE('',*,*,#11484,.T.);
#11484 = EDGE_CURVE('',#11285,#11475,#11485,.T.);
#11485 = LINE('',#11486,#11487);
#11486 = CARTESIAN_POINT('',(1.489952631255,3.475,2.3));
#11487 = VECTOR('',#11488,1.);
#11488 = DIRECTION('',(0.,1.,0.));
#11489 = PLANE('',#11490);
#11490 = AXIS2_PLACEMENT_3D('',#11491,#11492,#11493);
#11491 = CARTESIAN_POINT('',(1.425,-4.513386053879,0.44));
#11492 = DIRECTION('',(0.999390827019,0.,-3.48994967025E-02));
#11493 = DIRECTION('',(0.,1.,0.));
#11494 = ADVANCED_FACE('',(#11495),#11513,.F.);
#11495 = FACE_BOUND('',#11496,.T.);
#11496 = EDGE_LOOP('',(#11497,#11505,#11506,#11507));
#11497 = ORIENTED_EDGE('',*,*,#11498,.T.);
#11498 = EDGE_CURVE('',#11499,#11391,#11501,.T.);
#11499 = VERTEX_POINT('',#11500);
#11500 = CARTESIAN_POINT('',(1.489952631255,-2.825,2.3));
#11501 = LINE('',#11502,#11503);
#11502 = CARTESIAN_POINT('',(1.489952631255,-2.825,2.3));
#11503 = VECTOR('',#11504,1.);
#11504 = DIRECTION('',(-3.48994967025E-02,0.,-0.999390827019));
#11505 = ORIENTED_EDGE('',*,*,#11390,.F.);
#11506 = ORIENTED_EDGE('',*,*,#11443,.F.);
#11507 = ORIENTED_EDGE('',*,*,#11508,.T.);
#11508 = EDGE_CURVE('',#11444,#11499,#11509,.T.);
#11509 = LINE('',#11510,#11511);
#11510 = CARTESIAN_POINT('',(1.489952631255,-3.389952631255,2.3));
#11511 = VECTOR('',#11512,1.);
#11512 = DIRECTION('',(0.,1.,0.));
#11513 = PLANE('',#11514);
#11514 = AXIS2_PLACEMENT_3D('',#11515,#11516,#11517);
#11515 = CARTESIAN_POINT('',(1.425,-4.513386053879,0.44));
#11516 = DIRECTION('',(0.999390827019,0.,-3.48994967025E-02));
#11517 = DIRECTION('',(0.,1.,0.));
#11518 = ADVANCED_FACE('',(#11519),#11537,.F.);
#11519 = FACE_BOUND('',#11520,.T.);
#11520 = EDGE_LOOP('',(#11521,#11529,#11530,#11531));
#11521 = ORIENTED_EDGE('',*,*,#11522,.T.);
#11522 = EDGE_CURVE('',#11523,#11421,#11525,.T.);
#11523 = VERTEX_POINT('',#11524);
#11524 = CARTESIAN_POINT('',(-1.489952631255,4.039952631255,2.3));
#11525 = LINE('',#11526,#11527);
#11526 = CARTESIAN_POINT('',(-1.489952631255,4.039952631255,2.3));
#11527 = VECTOR('',#11528,1.);
#11528 = DIRECTION('',(3.487826274237E-02,-3.487826274237E-02,
    -0.998782765959));
#11529 = ORIENTED_EDGE('',*,*,#11420,.F.);
#11530 = ORIENTED_EDGE('',*,*,#11474,.F.);
#11531 = ORIENTED_EDGE('',*,*,#11532,.T.);
#11532 = EDGE_CURVE('',#11475,#11523,#11533,.T.);
#11533 = LINE('',#11534,#11535);
#11534 = CARTESIAN_POINT('',(1.489952631255,4.039952631255,2.3));
#11535 = VECTOR('',#11536,1.);
#11536 = DIRECTION('',(-1.,0.,0.));
#11537 = PLANE('',#11538);
#11538 = AXIS2_PLACEMENT_3D('',#11539,#11540,#11541);
#11539 = CARTESIAN_POINT('',(2.613386053879,3.975,0.44));
#11540 = DIRECTION('',(0.,0.999390827019,-3.48994967025E-02));
#11541 = DIRECTION('',(-1.,0.,0.));
#11542 = ADVANCED_FACE('',(#11543),#11561,.F.);
#11543 = FACE_BOUND('',#11544,.T.);
#11544 = EDGE_LOOP('',(#11545,#11546,#11547,#11555));
#11545 = ORIENTED_EDGE('',*,*,#11452,.T.);
#11546 = ORIENTED_EDGE('',*,*,#11372,.F.);
#11547 = ORIENTED_EDGE('',*,*,#11548,.F.);
#11548 = EDGE_CURVE('',#11549,#11373,#11551,.T.);
#11549 = VERTEX_POINT('',#11550);
#11550 = CARTESIAN_POINT('',(-1.489952631255,-2.825,2.3));
#11551 = LINE('',#11552,#11553);
#11552 = CARTESIAN_POINT('',(-1.489952631255,-2.825,2.3));
#11553 = VECTOR('',#11554,1.);
#11554 = DIRECTION('',(3.48994967025E-02,0.,-0.999390827019));
#11555 = ORIENTED_EDGE('',*,*,#11556,.T.);
#11556 = EDGE_CURVE('',#11549,#11453,#11557,.T.);
#11557 = LINE('',#11558,#11559);
#11558 = CARTESIAN_POINT('',(-1.489952631255,-2.825,2.3));
#11559 = VECTOR('',#11560,1.);
#11560 = DIRECTION('',(0.,-1.,0.));
#11561 = PLANE('',#11562);
#11562 = AXIS2_PLACEMENT_3D('',#11563,#11564,#11565);
#11563 = CARTESIAN_POINT('',(-1.425,5.163386053879,0.44));
#11564 = DIRECTION('',(-0.999390827019,0.,-3.48994967025E-02));
#11565 = DIRECTION('',(0.,-1.,-0.));
#11566 = ADVANCED_FACE('',(#11567),#11578,.F.);
#11567 = FACE_BOUND('',#11568,.T.);
#11568 = EDGE_LOOP('',(#11569,#11570,#11571,#11572));
#11569 = ORIENTED_EDGE('',*,*,#11308,.T.);
#11570 = ORIENTED_EDGE('',*,*,#11428,.F.);
#11571 = ORIENTED_EDGE('',*,*,#11522,.F.);
#11572 = ORIENTED_EDGE('',*,*,#11573,.T.);
#11573 = EDGE_CURVE('',#11523,#11309,#11574,.T.);
#11574 = LINE('',#11575,#11576);
#11575 = CARTESIAN_POINT('',(-1.489952631255,4.039952631255,2.3));
#11576 = VECTOR('',#11577,1.);
#11577 = DIRECTION('',(0.,-1.,0.));
#11578 = PLANE('',#11579);
#11579 = AXIS2_PLACEMENT_3D('',#11580,#11581,#11582);
#11580 = CARTESIAN_POINT('',(-1.425,5.163386053879,0.44));
#11581 = DIRECTION('',(-0.999390827019,0.,-3.48994967025E-02));
#11582 = DIRECTION('',(0.,-1.,-0.));
#11583 = ADVANCED_FACE('',(#11584),#11599,.F.);
#11584 = FACE_BOUND('',#11585,.T.);
#11585 = EDGE_LOOP('',(#11586,#11587,#11588,#11589,#11590,#11596,#11597,
    #11598));
#11586 = ORIENTED_EDGE('',*,*,#11573,.F.);
#11587 = ORIENTED_EDGE('',*,*,#11532,.F.);
#11588 = ORIENTED_EDGE('',*,*,#11484,.F.);
#11589 = ORIENTED_EDGE('',*,*,#11282,.F.);
#11590 = ORIENTED_EDGE('',*,*,#11591,.T.);
#11591 = EDGE_CURVE('',#11283,#10667,#11592,.T.);
#11592 = LINE('',#11593,#11594);
#11593 = CARTESIAN_POINT('',(2.6,3.475,2.3));
#11594 = VECTOR('',#11595,1.);
#11595 = DIRECTION('',(0.,1.,0.));
#11596 = ORIENTED_EDGE('',*,*,#10666,.F.);
#11597 = ORIENTED_EDGE('',*,*,#10722,.T.);
#11598 = ORIENTED_EDGE('',*,*,#11316,.F.);
#11599 = PLANE('',#11600);
#11600 = AXIS2_PLACEMENT_3D('',#11601,#11602,#11603);
#11601 = CARTESIAN_POINT('',(-3.6,-3.75,2.3));
#11602 = DIRECTION('',(0.,0.,-1.));
#11603 = DIRECTION('',(1.,0.,0.));
#11604 = ADVANCED_FACE('',(#11605),#11648,.F.);
#11605 = FACE_BOUND('',#11606,.T.);
#11606 = EDGE_LOOP('',(#11607,#11617,#11625,#11633,#11639,#11640,#11641,
    #11642));
#11607 = ORIENTED_EDGE('',*,*,#11608,.F.);
#11608 = EDGE_CURVE('',#11609,#11611,#11613,.T.);
#11609 = VERTEX_POINT('',#11610);
#11610 = CARTESIAN_POINT('',(-3.6,-3.75,2.3));
#11611 = VERTEX_POINT('',#11612);
#11612 = CARTESIAN_POINT('',(-3.6,-2.825,2.3));
#11613 = LINE('',#11614,#11615);
#11614 = CARTESIAN_POINT('',(-3.6,-3.75,2.3));
#11615 = VECTOR('',#11616,1.);
#11616 = DIRECTION('',(0.,1.,0.));
#11617 = ORIENTED_EDGE('',*,*,#11618,.T.);
#11618 = EDGE_CURVE('',#11609,#11619,#11621,.T.);
#11619 = VERTEX_POINT('',#11620);
#11620 = CARTESIAN_POINT('',(2.6,-3.75,2.3));
#11621 = LINE('',#11622,#11623);
#11622 = CARTESIAN_POINT('',(-3.6,-3.75,2.3));
#11623 = VECTOR('',#11624,1.);
#11624 = DIRECTION('',(1.,0.,0.));
#11625 = ORIENTED_EDGE('',*,*,#11626,.T.);
#11626 = EDGE_CURVE('',#11619,#11627,#11629,.T.);
#11627 = VERTEX_POINT('',#11628);
#11628 = CARTESIAN_POINT('',(2.6,-2.825,2.3));
#11629 = LINE('',#11630,#11631);
#11630 = CARTESIAN_POINT('',(2.6,-3.75,2.3));
#11631 = VECTOR('',#11632,1.);
#11632 = DIRECTION('',(0.,1.,0.));
#11633 = ORIENTED_EDGE('',*,*,#11634,.T.);
#11634 = EDGE_CURVE('',#11627,#11499,#11635,.T.);
#11635 = LINE('',#11636,#11637);
#11636 = CARTESIAN_POINT('',(2.6,-2.825,2.3));
#11637 = VECTOR('',#11638,1.);
#11638 = DIRECTION('',(-1.,0.,0.));
#11639 = ORIENTED_EDGE('',*,*,#11508,.F.);
#11640 = ORIENTED_EDGE('',*,*,#11460,.F.);
#11641 = ORIENTED_EDGE('',*,*,#11556,.F.);
#11642 = ORIENTED_EDGE('',*,*,#11643,.T.);
#11643 = EDGE_CURVE('',#11549,#11611,#11644,.T.);
#11644 = LINE('',#11645,#11646);
#11645 = CARTESIAN_POINT('',(-1.489952631255,-2.825,2.3));
#11646 = VECTOR('',#11647,1.);
#11647 = DIRECTION('',(-1.,0.,0.));
#11648 = PLANE('',#11649);
#11649 = AXIS2_PLACEMENT_3D('',#11650,#11651,#11652);
#11650 = CARTESIAN_POINT('',(-3.6,-3.75,2.3));
#11651 = DIRECTION('',(0.,0.,-1.));
#11652 = DIRECTION('',(1.,0.,0.));
#11653 = ADVANCED_FACE('',(#11654),#11710,.F.);
#11654 = FACE_BOUND('',#11655,.T.);
#11655 = EDGE_LOOP('',(#11656,#11666,#11672,#11673,#11674,#11680,#11681,
    #11682,#11683,#11684,#11685,#11693,#11699,#11700,#11701,#11702,
    #11703,#11704));
#11656 = ORIENTED_EDGE('',*,*,#11657,.F.);
#11657 = EDGE_CURVE('',#11658,#11660,#11662,.T.);
#11658 = VERTEX_POINT('',#11659);
#11659 = CARTESIAN_POINT('',(2.95,-2.825,-0.294258240357));
#11660 = VERTEX_POINT('',#11661);
#11661 = CARTESIAN_POINT('',(2.6,-2.825,0.580741759643));
#11662 = LINE('',#11663,#11664);
#11663 = CARTESIAN_POINT('',(2.95,-2.825,-0.294258240357));
#11664 = VECTOR('',#11665,1.);
#11665 = DIRECTION('',(-0.371390676354,0.,0.928476690885));
#11666 = ORIENTED_EDGE('',*,*,#11667,.F.);
#11667 = EDGE_CURVE('',#8009,#11658,#11668,.T.);
#11668 = LINE('',#11669,#11670);
#11669 = CARTESIAN_POINT('',(2.95,-2.825,-1.653));
#11670 = VECTOR('',#11671,1.);
#11671 = DIRECTION('',(0.,0.,1.));
#11672 = ORIENTED_EDGE('',*,*,#8016,.F.);
#11673 = ORIENTED_EDGE('',*,*,#9623,.F.);
#11674 = ORIENTED_EDGE('',*,*,#11675,.T.);
#11675 = EDGE_CURVE('',#9616,#11182,#11676,.T.);
#11676 = LINE('',#11677,#11678);
#11677 = CARTESIAN_POINT('',(2.15,-2.825,-1.953));
#11678 = VECTOR('',#11679,1.);
#11679 = DIRECTION('',(-1.,0.,0.));
#11680 = ORIENTED_EDGE('',*,*,#11191,.T.);
#11681 = ORIENTED_EDGE('',*,*,#9738,.T.);
#11682 = ORIENTED_EDGE('',*,*,#11121,.F.);
#11683 = ORIENTED_EDGE('',*,*,#10920,.T.);
#11684 = ORIENTED_EDGE('',*,*,#10880,.T.);
#11685 = ORIENTED_EDGE('',*,*,#11686,.F.);
#11686 = EDGE_CURVE('',#11687,#10883,#11689,.T.);
#11687 = VERTEX_POINT('',#11688);
#11688 = CARTESIAN_POINT('',(-3.6,-2.825,-1.653));
#11689 = LINE('',#11690,#11691);
#11690 = CARTESIAN_POINT('',(-3.6,-2.825,-1.653));
#11691 = VECTOR('',#11692,1.);
#11692 = DIRECTION('',(1.,0.,0.));
#11693 = ORIENTED_EDGE('',*,*,#11694,.F.);
#11694 = EDGE_CURVE('',#11611,#11687,#11695,.T.);
#11695 = LINE('',#11696,#11697);
#11696 = CARTESIAN_POINT('',(-3.6,-2.825,2.3));
#11697 = VECTOR('',#11698,1.);
#11698 = DIRECTION('',(0.,0.,-1.));
#11699 = ORIENTED_EDGE('',*,*,#11643,.F.);
#11700 = ORIENTED_EDGE('',*,*,#11548,.T.);
#11701 = ORIENTED_EDGE('',*,*,#11398,.T.);
#11702 = ORIENTED_EDGE('',*,*,#11498,.F.);
#11703 = ORIENTED_EDGE('',*,*,#11634,.F.);
#11704 = ORIENTED_EDGE('',*,*,#11705,.T.);
#11705 = EDGE_CURVE('',#11627,#11660,#11706,.T.);
#11706 = LINE('',#11707,#11708);
#11707 = CARTESIAN_POINT('',(2.6,-2.825,2.3));
#11708 = VECTOR('',#11709,1.);
#11709 = DIRECTION('',(0.,0.,-1.));
#11710 = PLANE('',#11711);
#11711 = AXIS2_PLACEMENT_3D('',#11712,#11713,#11714);
#11712 = CARTESIAN_POINT('',(3.15,-2.825,-1.903));
#11713 = DIRECTION('',(0.,-1.,0.));
#11714 = DIRECTION('',(-1.,0.,0.));
#11715 = ADVANCED_FACE('',(#11716),#11734,.F.);
#11716 = FACE_BOUND('',#11717,.T.);
#11717 = EDGE_LOOP('',(#11718,#11726,#11732,#11733));
#11718 = ORIENTED_EDGE('',*,*,#11719,.T.);
#11719 = EDGE_CURVE('',#11658,#11720,#11722,.T.);
#11720 = VERTEX_POINT('',#11721);
#11721 = CARTESIAN_POINT('',(2.95,-3.45,-0.294258240357));
#11722 = LINE('',#11723,#11724);
#11723 = CARTESIAN_POINT('',(2.95,-2.825,-0.294258240357));
#11724 = VECTOR('',#11725,1.);
#11725 = DIRECTION('',(0.,-1.,0.));
#11726 = ORIENTED_EDGE('',*,*,#11727,.F.);
#11727 = EDGE_CURVE('',#8001,#11720,#11728,.T.);
#11728 = LINE('',#11729,#11730);
#11729 = CARTESIAN_POINT('',(2.95,-3.45,-1.653));
#11730 = VECTOR('',#11731,1.);
#11731 = DIRECTION('',(0.,0.,1.));
#11732 = ORIENTED_EDGE('',*,*,#8008,.F.);
#11733 = ORIENTED_EDGE('',*,*,#11667,.T.);
#11734 = PLANE('',#11735);
#11735 = AXIS2_PLACEMENT_3D('',#11736,#11737,#11738);
#11736 = CARTESIAN_POINT('',(2.95,-2.825,-1.503));
#11737 = DIRECTION('',(-1.,0.,0.));
#11738 = DIRECTION('',(0.,0.,1.));
#11739 = ADVANCED_FACE('',(#11740),#11762,.T.);
#11740 = FACE_BOUND('',#11741,.T.);
#11741 = EDGE_LOOP('',(#11742,#11743,#11744,#11750,#11751,#11752,#11753,
    #11759,#11760,#11761));
#11742 = ORIENTED_EDGE('',*,*,#5023,.T.);
#11743 = ORIENTED_EDGE('',*,*,#9518,.F.);
#11744 = ORIENTED_EDGE('',*,*,#11745,.T.);
#11745 = EDGE_CURVE('',#9509,#9583,#11746,.T.);
#11746 = LINE('',#11747,#11748);
#11747 = CARTESIAN_POINT('',(4.1,-3.45,0.497));
#11748 = VECTOR('',#11749,1.);
#11749 = DIRECTION('',(0.,0.,-1.));
#11750 = ORIENTED_EDGE('',*,*,#9590,.T.);
#11751 = ORIENTED_EDGE('',*,*,#8000,.T.);
#11752 = ORIENTED_EDGE('',*,*,#11727,.T.);
#11753 = ORIENTED_EDGE('',*,*,#11754,.T.);
#11754 = EDGE_CURVE('',#11720,#9526,#11755,.T.);
#11755 = LINE('',#11756,#11757);
#11756 = CARTESIAN_POINT('',(2.95,-3.45,-0.294258240357));
#11757 = VECTOR('',#11758,1.);
#11758 = DIRECTION('',(-0.371390676354,0.,0.928476690885));
#11759 = ORIENTED_EDGE('',*,*,#9525,.F.);
#11760 = ORIENTED_EDGE('',*,*,#5939,.T.);
#11761 = ORIENTED_EDGE('',*,*,#5974,.T.);
#11762 = PLANE('',#11763);
#11763 = AXIS2_PLACEMENT_3D('',#11764,#11765,#11766);
#11764 = CARTESIAN_POINT('',(0.,-3.45,4.35));
#11765 = DIRECTION('',(0.,1.,0.));
#11766 = DIRECTION('',(-1.,0.,0.));
#11767 = ADVANCED_FACE('',(#11768),#11788,.F.);
#11768 = FACE_BOUND('',#11769,.T.);
#11769 = EDGE_LOOP('',(#11770,#11771,#11772,#11780,#11786,#11787));
#11770 = ORIENTED_EDGE('',*,*,#11719,.F.);
#11771 = ORIENTED_EDGE('',*,*,#11657,.T.);
#11772 = ORIENTED_EDGE('',*,*,#11773,.F.);
#11773 = EDGE_CURVE('',#11774,#11660,#11776,.T.);
#11774 = VERTEX_POINT('',#11775);
#11775 = CARTESIAN_POINT('',(2.6,-3.75,0.580741759643));
#11776 = LINE('',#11777,#11778);
#11777 = CARTESIAN_POINT('',(2.6,-3.75,0.580741759643));
#11778 = VECTOR('',#11779,1.);
#11779 = DIRECTION('',(0.,1.,0.));
#11780 = ORIENTED_EDGE('',*,*,#11781,.F.);
#11781 = EDGE_CURVE('',#9534,#11774,#11782,.T.);
#11782 = LINE('',#11783,#11784);
#11783 = CARTESIAN_POINT('',(2.633496703857,-3.75,0.497));
#11784 = VECTOR('',#11785,1.);
#11785 = DIRECTION('',(-0.371390676354,0.,0.928476690885));
#11786 = ORIENTED_EDGE('',*,*,#9533,.F.);
#11787 = ORIENTED_EDGE('',*,*,#11754,.F.);
#11788 = PLANE('',#11789);
#11789 = AXIS2_PLACEMENT_3D('',#11790,#11791,#11792);
#11790 = CARTESIAN_POINT('',(2.95,-2.825,-0.294258240357));
#11791 = DIRECTION('',(-0.928476690885,0.,-0.371390676354));
#11792 = DIRECTION('',(-0.371390676354,0.,0.928476690885));
#11793 = ADVANCED_FACE('',(#11794),#11805,.F.);
#11794 = FACE_BOUND('',#11795,.T.);
#11795 = EDGE_LOOP('',(#11796,#11797,#11798,#11804));
#11796 = ORIENTED_EDGE('',*,*,#11591,.F.);
#11797 = ORIENTED_EDGE('',*,*,#11358,.F.);
#11798 = ORIENTED_EDGE('',*,*,#11799,.T.);
#11799 = EDGE_CURVE('',#11351,#10675,#11800,.T.);
#11800 = LINE('',#11801,#11802);
#11801 = CARTESIAN_POINT('',(2.6,3.475,0.580741759643));
#11802 = VECTOR('',#11803,1.);
#11803 = DIRECTION('',(0.,1.,0.));
#11804 = ORIENTED_EDGE('',*,*,#10674,.F.);
#11805 = PLANE('',#11806);
#11806 = AXIS2_PLACEMENT_3D('',#11807,#11808,#11809);
#11807 = CARTESIAN_POINT('',(2.6,-3.75,2.3));
#11808 = DIRECTION('',(-1.,0.,0.));
#11809 = DIRECTION('',(0.,0.,-1.));
#11810 = ADVANCED_FACE('',(#11811),#11822,.F.);
#11811 = FACE_BOUND('',#11812,.T.);
#11812 = EDGE_LOOP('',(#11813,#11814,#11815,#11821));
#11813 = ORIENTED_EDGE('',*,*,#11705,.F.);
#11814 = ORIENTED_EDGE('',*,*,#11626,.F.);
#11815 = ORIENTED_EDGE('',*,*,#11816,.F.);
#11816 = EDGE_CURVE('',#11774,#11619,#11817,.T.);
#11817 = LINE('',#11818,#11819);
#11818 = CARTESIAN_POINT('',(2.6,-3.75,0.580741759643));
#11819 = VECTOR('',#11820,1.);
#11820 = DIRECTION('',(0.,0.,1.));
#11821 = ORIENTED_EDGE('',*,*,#11773,.T.);
#11822 = PLANE('',#11823);
#11823 = AXIS2_PLACEMENT_3D('',#11824,#11825,#11826);
#11824 = CARTESIAN_POINT('',(2.6,-3.75,2.3));
#11825 = DIRECTION('',(-1.,0.,0.));
#11826 = DIRECTION('',(0.,0.,-1.));
#11827 = ADVANCED_FACE('',(#11828),#11841,.F.);
#11828 = FACE_BOUND('',#11829,.T.);
#11829 = EDGE_LOOP('',(#11830,#11831,#11832,#11833,#11839,#11840));
#11830 = ORIENTED_EDGE('',*,*,#11350,.T.);
#11831 = ORIENTED_EDGE('',*,*,#11260,.T.);
#11832 = ORIENTED_EDGE('',*,*,#6860,.F.);
#11833 = ORIENTED_EDGE('',*,*,#11834,.T.);
#11834 = EDGE_CURVE('',#6853,#10683,#11835,.T.);
#11835 = LINE('',#11836,#11837);
#11836 = CARTESIAN_POINT('',(2.633496703857,4.1,0.497));
#11837 = VECTOR('',#11838,1.);
#11838 = DIRECTION('',(0.,1.,0.));
#11839 = ORIENTED_EDGE('',*,*,#10682,.T.);
#11840 = ORIENTED_EDGE('',*,*,#11799,.F.);
#11841 = PLANE('',#11842);
#11842 = AXIS2_PLACEMENT_3D('',#11843,#11844,#11845);
#11843 = CARTESIAN_POINT('',(2.6,3.475,0.580741759643));
#11844 = DIRECTION('',(-0.928476690885,0.,-0.371390676354));
#11845 = DIRECTION('',(0.371390676354,0.,-0.928476690885));
#11846 = ADVANCED_FACE('',(#11847),#11860,.T.);
#11847 = FACE_BOUND('',#11848,.T.);
#11848 = EDGE_LOOP('',(#11849,#11850,#11851,#11852,#11853,#11854));
#11849 = ORIENTED_EDGE('',*,*,#10690,.T.);
#11850 = ORIENTED_EDGE('',*,*,#11834,.F.);
#11851 = ORIENTED_EDGE('',*,*,#6852,.F.);
#11852 = ORIENTED_EDGE('',*,*,#400,.F.);
#11853 = ORIENTED_EDGE('',*,*,#6901,.F.);
#11854 = ORIENTED_EDGE('',*,*,#11855,.T.);
#11855 = EDGE_CURVE('',#6894,#10691,#11856,.T.);
#11856 = LINE('',#11857,#11858);
#11857 = CARTESIAN_POINT('',(4.1,4.1,0.497));
#11858 = VECTOR('',#11859,1.);
#11859 = DIRECTION('',(0.,1.,0.));
#11860 = PLANE('',#11861);
#11861 = AXIS2_PLACEMENT_3D('',#11862,#11863,#11864);
#11862 = CARTESIAN_POINT('',(4.1,3.45,0.497));
#11863 = DIRECTION('',(0.,0.,1.));
#11864 = DIRECTION('',(-1.,0.,0.));
#11865 = ADVANCED_FACE('',(#11866),#11885,.F.);
#11866 = FACE_BOUND('',#11867,.T.);
#11867 = EDGE_LOOP('',(#11868,#11869,#11870,#11871,#11877,#11878,#11879,
    #11880,#11881,#11882,#11883,#11884));
#11868 = ORIENTED_EDGE('',*,*,#9582,.T.);
#11869 = ORIENTED_EDGE('',*,*,#11745,.F.);
#11870 = ORIENTED_EDGE('',*,*,#9508,.T.);
#11871 = ORIENTED_EDGE('',*,*,#11872,.F.);
#11872 = EDGE_CURVE('',#10168,#9511,#11873,.T.);
#11873 = LINE('',#11874,#11875);
#11874 = CARTESIAN_POINT('',(4.1,-3.75,3.797));
#11875 = VECTOR('',#11876,1.);
#11876 = DIRECTION('',(0.,0.,-1.));
#11877 = ORIENTED_EDGE('',*,*,#10187,.F.);
#11878 = ORIENTED_EDGE('',*,*,#10087,.T.);
#11879 = ORIENTED_EDGE('',*,*,#10065,.F.);
#11880 = ORIENTED_EDGE('',*,*,#10275,.F.);
#11881 = ORIENTED_EDGE('',*,*,#10218,.F.);
#11882 = ORIENTED_EDGE('',*,*,#10698,.F.);
#11883 = ORIENTED_EDGE('',*,*,#11855,.F.);
#11884 = ORIENTED_EDGE('',*,*,#6893,.F.);
#11885 = PLANE('',#11886);
#11886 = AXIS2_PLACEMENT_3D('',#11887,#11888,#11889);
#11887 = CARTESIAN_POINT('',(4.1,-3.75,0.747));
#11888 = DIRECTION('',(1.,0.,0.));
#11889 = DIRECTION('',(0.,0.,1.));
#11890 = ADVANCED_FACE('',(#11891),#11951,.T.);
#11891 = FACE_BOUND('',#11892,.T.);
#11892 = EDGE_LOOP('',(#11893,#11894,#11895,#11896,#11897,#11905,#11913,
    #11922,#11930,#11938,#11944,#11945,#11946,#11947,#11948,#11949,
    #11950));
#11893 = ORIENTED_EDGE('',*,*,#9541,.T.);
#11894 = ORIENTED_EDGE('',*,*,#11781,.T.);
#11895 = ORIENTED_EDGE('',*,*,#11816,.T.);
#11896 = ORIENTED_EDGE('',*,*,#11618,.F.);
#11897 = ORIENTED_EDGE('',*,*,#11898,.F.);
#11898 = EDGE_CURVE('',#11899,#11609,#11901,.T.);
#11899 = VERTEX_POINT('',#11900);
#11900 = CARTESIAN_POINT('',(-3.6,-3.75,4.35));
#11901 = LINE('',#11902,#11903);
#11902 = CARTESIAN_POINT('',(-3.6,-3.75,4.35));
#11903 = VECTOR('',#11904,1.);
#11904 = DIRECTION('',(0.,0.,-1.));
#11905 = ORIENTED_EDGE('',*,*,#11906,.F.);
#11906 = EDGE_CURVE('',#11907,#11899,#11909,.T.);
#11907 = VERTEX_POINT('',#11908);
#11908 = CARTESIAN_POINT('',(-4.85,-3.75,4.35));
#11909 = LINE('',#11910,#11911);
#11910 = CARTESIAN_POINT('',(-4.85,-3.75,4.35));
#11911 = VECTOR('',#11912,1.);
#11912 = DIRECTION('',(1.,0.,0.));
#11913 = ORIENTED_EDGE('',*,*,#11914,.T.);
#11914 = EDGE_CURVE('',#11907,#11915,#11917,.T.);
#11915 = VERTEX_POINT('',#11916);
#11916 = CARTESIAN_POINT('',(-5.15,-3.75,4.05));
#11917 = CIRCLE('',#11918,0.3);
#11918 = AXIS2_PLACEMENT_3D('',#11919,#11920,#11921);
#11919 = CARTESIAN_POINT('',(-4.85,-3.75,4.05));
#11920 = DIRECTION('',(0.,-1.,0.));
#11921 = DIRECTION('',(0.,0.,1.));
#11922 = ORIENTED_EDGE('',*,*,#11923,.T.);
#11923 = EDGE_CURVE('',#11915,#11924,#11926,.T.);
#11924 = VERTEX_POINT('',#11925);
#11925 = CARTESIAN_POINT('',(-5.15,-3.75,0.));
#11926 = LINE('',#11927,#11928);
#11927 = CARTESIAN_POINT('',(-5.15,-3.75,4.05));
#11928 = VECTOR('',#11929,1.);
#11929 = DIRECTION('',(0.,0.,-1.));
#11930 = ORIENTED_EDGE('',*,*,#11931,.F.);
#11931 = EDGE_CURVE('',#11932,#11924,#11934,.T.);
#11932 = VERTEX_POINT('',#11933);
#11933 = CARTESIAN_POINT('',(-4.75,-3.75,0.));
#11934 = LINE('',#11935,#11936);
#11935 = CARTESIAN_POINT('',(-4.75,-3.75,0.));
#11936 = VECTOR('',#11937,1.);
#11937 = DIRECTION('',(-1.,0.,0.));
#11938 = ORIENTED_EDGE('',*,*,#11939,.T.);
#11939 = EDGE_CURVE('',#11932,#10566,#11940,.T.);
#11940 = LINE('',#11941,#11942);
#11941 = CARTESIAN_POINT('',(-4.75,-3.75,0.));
#11942 = VECTOR('',#11943,1.);
#11943 = DIRECTION('',(1.,0.,0.));
#11944 = ORIENTED_EDGE('',*,*,#10565,.F.);
#11945 = ORIENTED_EDGE('',*,*,#10444,.T.);
#11946 = ORIENTED_EDGE('',*,*,#10421,.T.);
#11947 = ORIENTED_EDGE('',*,*,#10389,.F.);
#11948 = ORIENTED_EDGE('',*,*,#10347,.T.);
#11949 = ORIENTED_EDGE('',*,*,#10167,.F.);
#11950 = ORIENTED_EDGE('',*,*,#11872,.T.);
#11951 = PLANE('',#11952);
#11952 = AXIS2_PLACEMENT_3D('',#11953,#11954,#11955);
#11953 = CARTESIAN_POINT('',(-5.15,-3.75,4.35));
#11954 = DIRECTION('',(0.,-1.,0.));
#11955 = DIRECTION('',(1.,0.,0.));
#11956 = ADVANCED_FACE('',(#11957),#11982,.T.);
#11957 = FACE_BOUND('',#11958,.T.);
#11958 = EDGE_LOOP('',(#11959,#11960,#11966,#11967,#11968,#11969,#11975,
    #11976));
#11959 = ORIENTED_EDGE('',*,*,#10633,.T.);
#11960 = ORIENTED_EDGE('',*,*,#11961,.T.);
#11961 = EDGE_CURVE('',#10626,#9802,#11962,.T.);
#11962 = LINE('',#11963,#11964);
#11963 = CARTESIAN_POINT('',(-5.15,4.4,0.));
#11964 = VECTOR('',#11965,1.);
#11965 = DIRECTION('',(0.,-1.,0.));
#11966 = ORIENTED_EDGE('',*,*,#9801,.F.);
#11967 = ORIENTED_EDGE('',*,*,#9888,.F.);
#11968 = ORIENTED_EDGE('',*,*,#9854,.T.);
#11969 = ORIENTED_EDGE('',*,*,#11970,.T.);
#11970 = EDGE_CURVE('',#9857,#11924,#11971,.T.);
#11971 = LINE('',#11972,#11973);
#11972 = CARTESIAN_POINT('',(-5.15,-1.099843726813,0.));
#11973 = VECTOR('',#11974,1.);
#11974 = DIRECTION('',(0.,-1.,0.));
#11975 = ORIENTED_EDGE('',*,*,#11923,.F.);
#11976 = ORIENTED_EDGE('',*,*,#11977,.F.);
#11977 = EDGE_CURVE('',#10634,#11915,#11978,.T.);
#11978 = LINE('',#11979,#11980);
#11979 = CARTESIAN_POINT('',(-5.15,4.4,4.05));
#11980 = VECTOR('',#11981,1.);
#11981 = DIRECTION('',(0.,-1.,0.));
#11982 = PLANE('',#11983);
#11983 = AXIS2_PLACEMENT_3D('',#11984,#11985,#11986);
#11984 = CARTESIAN_POINT('',(-5.15,4.4,4.35));
#11985 = DIRECTION('',(-1.,0.,0.));
#11986 = DIRECTION('',(0.,-1.,0.));
#11987 = ADVANCED_FACE('',(#11988),#11999,.T.);
#11988 = FACE_BOUND('',#11989,.T.);
#11989 = EDGE_LOOP('',(#11990,#11991,#11997,#11998));
#11990 = ORIENTED_EDGE('',*,*,#11914,.F.);
#11991 = ORIENTED_EDGE('',*,*,#11992,.F.);
#11992 = EDGE_CURVE('',#10642,#11907,#11993,.T.);
#11993 = LINE('',#11994,#11995);
#11994 = CARTESIAN_POINT('',(-4.85,4.4,4.35));
#11995 = VECTOR('',#11996,1.);
#11996 = DIRECTION('',(0.,-1.,0.));
#11997 = ORIENTED_EDGE('',*,*,#10641,.F.);
#11998 = ORIENTED_EDGE('',*,*,#11977,.T.);
#11999 = CYLINDRICAL_SURFACE('',#12000,0.3);
#12000 = AXIS2_PLACEMENT_3D('',#12001,#12002,#12003);
#12001 = CARTESIAN_POINT('',(-4.85,4.423673528412,4.05));
#12002 = DIRECTION('',(0.,-1.,0.));
#12003 = DIRECTION('',(0.,0.,1.));
#12004 = ADVANCED_FACE('',(#12005),#12018,.T.);
#12005 = FACE_BOUND('',#12006,.T.);
#12006 = EDGE_LOOP('',(#12007,#12008,#12014,#12015,#12016,#12017));
#12007 = ORIENTED_EDGE('',*,*,#11906,.T.);
#12008 = ORIENTED_EDGE('',*,*,#12009,.T.);
#12009 = EDGE_CURVE('',#11899,#10794,#12010,.T.);
#12010 = LINE('',#12011,#12012);
#12011 = CARTESIAN_POINT('',(-3.6,-3.75,4.35));
#12012 = VECTOR('',#12013,1.);
#12013 = DIRECTION('',(0.,1.,0.));
#12014 = ORIENTED_EDGE('',*,*,#10801,.T.);
#12015 = ORIENTED_EDGE('',*,*,#10729,.T.);
#12016 = ORIENTED_EDGE('',*,*,#10650,.T.);
#12017 = ORIENTED_EDGE('',*,*,#11992,.T.);
#12018 = PLANE('',#12019);
#12019 = AXIS2_PLACEMENT_3D('',#12020,#12021,#12022);
#12020 = CARTESIAN_POINT('',(0.,-5.3,4.35));
#12021 = DIRECTION('',(0.,0.,1.));
#12022 = DIRECTION('',(-1.,0.,0.));
#12023 = ADVANCED_FACE('',(#12024),#12037,.F.);
#12024 = FACE_BOUND('',#12025,.T.);
#12025 = EDGE_LOOP('',(#12026,#12027,#12028,#12029,#12035,#12036));
#12026 = ORIENTED_EDGE('',*,*,#11898,.T.);
#12027 = ORIENTED_EDGE('',*,*,#11608,.T.);
#12028 = ORIENTED_EDGE('',*,*,#11694,.T.);
#12029 = ORIENTED_EDGE('',*,*,#12030,.T.);
#12030 = EDGE_CURVE('',#11687,#10785,#12031,.T.);
#12031 = LINE('',#12032,#12033);
#12032 = CARTESIAN_POINT('',(-3.6,-2.825,-1.653));
#12033 = VECTOR('',#12034,1.);
#12034 = DIRECTION('',(0.,1.,0.));
#12035 = ORIENTED_EDGE('',*,*,#10793,.F.);
#12036 = ORIENTED_EDGE('',*,*,#12009,.F.);
#12037 = PLANE('',#12038);
#12038 = AXIS2_PLACEMENT_3D('',#12039,#12040,#12041);
#12039 = CARTESIAN_POINT('',(-3.6,-3.75,4.35));
#12040 = DIRECTION('',(-1.,0.,0.));
#12041 = DIRECTION('',(0.,0.,-1.));
#12042 = ADVANCED_FACE('',(#12043),#12064,.F.);
#12043 = FACE_BOUND('',#12044,.F.);
#12044 = EDGE_LOOP('',(#12045,#12046,#12052,#12053,#12054,#12055,#12056,
    #12063));
#12045 = ORIENTED_EDGE('',*,*,#7281,.F.);
#12046 = ORIENTED_EDGE('',*,*,#12047,.T.);
#12047 = EDGE_CURVE('',#7282,#11336,#12048,.T.);
#12048 = LINE('',#12049,#12050);
#12049 = CARTESIAN_POINT('',(3.15,1.293245836552,-1.653));
#12050 = VECTOR('',#12051,1.);
#12051 = DIRECTION('',(0.,1.,0.));
#12052 = ORIENTED_EDGE('',*,*,#11343,.F.);
#12053 = ORIENTED_EDGE('',*,*,#11251,.T.);
#12054 = ORIENTED_EDGE('',*,*,#6876,.T.);
#12055 = ORIENTED_EDGE('',*,*,#9575,.T.);
#12056 = ORIENTED_EDGE('',*,*,#12057,.T.);
#12057 = EDGE_CURVE('',#9557,#227,#12058,.T.);
#12058 = CIRCLE('',#12059,1.);
#12059 = AXIS2_PLACEMENT_3D('',#12060,#12061,#12062);
#12060 = CARTESIAN_POINT('',(2.9,0.325,-1.653));
#12061 = DIRECTION('',(0.,0.,1.));
#12062 = DIRECTION('',(0.7,0.714142842854,-0.));
#12063 = ORIENTED_EDGE('',*,*,#234,.F.);
#12064 = PLANE('',#12065);
#12065 = AXIS2_PLACEMENT_3D('',#12066,#12067,#12068);
#12066 = CARTESIAN_POINT('',(0.,-5.3,-1.653));
#12067 = DIRECTION('',(0.,0.,-1.));
#12068 = DIRECTION('',(1.,0.,0.));
#12069 = ADVANCED_FACE('',(#12070),#12078,.F.);
#12070 = FACE_BOUND('',#12071,.T.);
#12071 = EDGE_LOOP('',(#12072,#12073,#12074,#12075,#12076,#12077));
#12072 = ORIENTED_EDGE('',*,*,#7297,.T.);
#12073 = ORIENTED_EDGE('',*,*,#10865,.F.);
#12074 = ORIENTED_EDGE('',*,*,#11323,.T.);
#12075 = ORIENTED_EDGE('',*,*,#10745,.F.);
#12076 = ORIENTED_EDGE('',*,*,#10809,.T.);
#12077 = ORIENTED_EDGE('',*,*,#7227,.T.);
#12078 = PLANE('',#12079);
#12079 = AXIS2_PLACEMENT_3D('',#12080,#12081,#12082);
#12080 = CARTESIAN_POINT('',(0.,-5.3,-1.653));
#12081 = DIRECTION('',(0.,0.,-1.));
#12082 = DIRECTION('',(1.,0.,0.));
#12083 = ADVANCED_FACE('',(#12084),#12093,.F.);
#12084 = FACE_BOUND('',#12085,.T.);
#12085 = EDGE_LOOP('',(#12086,#12087,#12088,#12089,#12090,#12091,#12092)
  );
#12086 = ORIENTED_EDGE('',*,*,#7252,.T.);
#12087 = ORIENTED_EDGE('',*,*,#10784,.T.);
#12088 = ORIENTED_EDGE('',*,*,#12030,.F.);
#12089 = ORIENTED_EDGE('',*,*,#11686,.T.);
#12090 = ORIENTED_EDGE('',*,*,#10898,.F.);
#12091 = ORIENTED_EDGE('',*,*,#7337,.T.);
#12092 = ORIENTED_EDGE('',*,*,#7873,.T.);
#12093 = PLANE('',#12094);
#12094 = AXIS2_PLACEMENT_3D('',#12095,#12096,#12097);
#12095 = CARTESIAN_POINT('',(0.,-5.3,-1.653));
#12096 = DIRECTION('',(0.,0.,-1.));
#12097 = DIRECTION('',(1.,0.,0.));
#12098 = ADVANCED_FACE('',(#12099),#12119,.F.);
#12099 = FACE_BOUND('',#12100,.F.);
#12100 = EDGE_LOOP('',(#12101,#12102,#12103,#12104,#12105,#12106,#12112,
    #12113));
#12101 = ORIENTED_EDGE('',*,*,#7906,.F.);
#12102 = ORIENTED_EDGE('',*,*,#12057,.F.);
#12103 = ORIENTED_EDGE('',*,*,#9556,.T.);
#12104 = ORIENTED_EDGE('',*,*,#7983,.F.);
#12105 = ORIENTED_EDGE('',*,*,#7918,.F.);
#12106 = ORIENTED_EDGE('',*,*,#12107,.F.);
#12107 = EDGE_CURVE('',#9640,#7919,#12108,.T.);
#12108 = LINE('',#12109,#12110);
#12109 = CARTESIAN_POINT('',(3.15,-0.643245836552,-1.953));
#12110 = VECTOR('',#12111,1.);
#12111 = DIRECTION('',(0.,0.,1.));
#12112 = ORIENTED_EDGE('',*,*,#9637,.F.);
#12113 = ORIENTED_EDGE('',*,*,#12114,.F.);
#12114 = EDGE_CURVE('',#7899,#9638,#12115,.T.);
#12115 = LINE('',#12116,#12117);
#12116 = CARTESIAN_POINT('',(3.15,1.293245836552,-1.653));
#12117 = VECTOR('',#12118,1.);
#12118 = DIRECTION('',(0.,0.,-1.));
#12119 = CYLINDRICAL_SURFACE('',#12120,1.);
#12120 = AXIS2_PLACEMENT_3D('',#12121,#12122,#12123);
#12121 = CARTESIAN_POINT('',(2.9,0.325,-1.903));
#12122 = DIRECTION('',(0.,0.,-1.));
#12123 = DIRECTION('',(1.,0.,0.));
#12124 = ADVANCED_FACE('',(#12125),#12136,.F.);
#12125 = FACE_BOUND('',#12126,.T.);
#12126 = EDGE_LOOP('',(#12127,#12133,#12134,#12135));
#12127 = ORIENTED_EDGE('',*,*,#12128,.F.);
#12128 = EDGE_CURVE('',#9608,#9640,#12129,.T.);
#12129 = LINE('',#12130,#12131);
#12130 = CARTESIAN_POINT('',(3.15,-1.825,-1.953));
#12131 = VECTOR('',#12132,1.);
#12132 = DIRECTION('',(0.,1.,0.));
#12133 = ORIENTED_EDGE('',*,*,#9607,.T.);
#12134 = ORIENTED_EDGE('',*,*,#7927,.T.);
#12135 = ORIENTED_EDGE('',*,*,#12107,.F.);
#12136 = PLANE('',#12137);
#12137 = AXIS2_PLACEMENT_3D('',#12138,#12139,#12140);
#12138 = CARTESIAN_POINT('',(3.15,3.475,-1.903));
#12139 = DIRECTION('',(1.,0.,0.));
#12140 = DIRECTION('',(0.,-1.,0.));
#12141 = ADVANCED_FACE('',(#12142),#12149,.F.);
#12142 = FACE_BOUND('',#12143,.T.);
#12143 = EDGE_LOOP('',(#12144,#12145,#12146,#12147,#12148));
#12144 = ORIENTED_EDGE('',*,*,#7898,.T.);
#12145 = ORIENTED_EDGE('',*,*,#12047,.T.);
#12146 = ORIENTED_EDGE('',*,*,#11335,.F.);
#12147 = ORIENTED_EDGE('',*,*,#9698,.F.);
#12148 = ORIENTED_EDGE('',*,*,#12114,.F.);
#12149 = PLANE('',#12150);
#12150 = AXIS2_PLACEMENT_3D('',#12151,#12152,#12153);
#12151 = CARTESIAN_POINT('',(3.15,3.475,-1.903));
#12152 = DIRECTION('',(1.,0.,0.));
#12153 = DIRECTION('',(0.,-1.,0.));
#12154 = ADVANCED_FACE('',(#12155),#12173,.T.);
#12155 = FACE_BOUND('',#12156,.T.);
#12156 = EDGE_LOOP('',(#12157,#12158,#12166,#12172));
#12157 = ORIENTED_EDGE('',*,*,#9648,.T.);
#12158 = ORIENTED_EDGE('',*,*,#12159,.F.);
#12159 = EDGE_CURVE('',#12160,#9649,#12162,.T.);
#12160 = VERTEX_POINT('',#12161);
#12161 = CARTESIAN_POINT('',(3.3,-1.887132034356,-2.103));
#12162 = LINE('',#12163,#12164);
#12163 = CARTESIAN_POINT('',(3.3,-1.887132034356,-2.103));
#12164 = VECTOR('',#12165,1.);
#12165 = DIRECTION('',(0.,1.,0.));
#12166 = ORIENTED_EDGE('',*,*,#12167,.F.);
#12167 = EDGE_CURVE('',#9608,#12160,#12168,.T.);
#12168 = LINE('',#12169,#12170);
#12169 = CARTESIAN_POINT('',(3.15,-1.825,-1.953));
#12170 = VECTOR('',#12171,1.);
#12171 = DIRECTION('',(0.678598344546,-0.281084637715,-0.678598344546));
#12172 = ORIENTED_EDGE('',*,*,#12128,.T.);
#12173 = PLANE('',#12174);
#12174 = AXIS2_PLACEMENT_3D('',#12175,#12176,#12177);
#12175 = CARTESIAN_POINT('',(3.15,-1.825,-1.953));
#12176 = DIRECTION('',(-0.707106781187,0.,-0.707106781187));
#12177 = DIRECTION('',(0.,1.,0.));
#12178 = ADVANCED_FACE('',(#12179),#12197,.F.);
#12179 = FACE_BOUND('',#12180,.T.);
#12180 = EDGE_LOOP('',(#12181,#12189,#12190,#12191));
#12181 = ORIENTED_EDGE('',*,*,#12182,.T.);
#12182 = EDGE_CURVE('',#12183,#9616,#12185,.T.);
#12183 = VERTEX_POINT('',#12184);
#12184 = CARTESIAN_POINT('',(2.212132034356,-2.975,-2.103));
#12185 = LINE('',#12186,#12187);
#12186 = CARTESIAN_POINT('',(2.212132034356,-2.975,-2.103));
#12187 = VECTOR('',#12188,1.);
#12188 = DIRECTION('',(-0.281084637715,0.678598344546,0.678598344546));
#12189 = ORIENTED_EDGE('',*,*,#9615,.T.);
#12190 = ORIENTED_EDGE('',*,*,#12167,.T.);
#12191 = ORIENTED_EDGE('',*,*,#12192,.F.);
#12192 = EDGE_CURVE('',#12183,#12160,#12193,.T.);
#12193 = LINE('',#12194,#12195);
#12194 = CARTESIAN_POINT('',(2.212132034356,-2.975,-2.103));
#12195 = VECTOR('',#12196,1.);
#12196 = DIRECTION('',(0.707106781187,0.707106781187,0.));
#12197 = PLANE('',#12198);
#12198 = AXIS2_PLACEMENT_3D('',#12199,#12200,#12201);
#12199 = CARTESIAN_POINT('',(2.256066017178,-2.931066017178,-2.103));
#12200 = DIRECTION('',(0.5,-0.5,0.707106781187));
#12201 = DIRECTION('',(0.707106781187,0.707106781187,0.));
#12202 = ADVANCED_FACE('',(#12203),#12214,.T.);
#12203 = FACE_BOUND('',#12204,.T.);
#12204 = EDGE_LOOP('',(#12205,#12206,#12207,#12208));
#12205 = ORIENTED_EDGE('',*,*,#11181,.T.);
#12206 = ORIENTED_EDGE('',*,*,#11675,.F.);
#12207 = ORIENTED_EDGE('',*,*,#12182,.F.);
#12208 = ORIENTED_EDGE('',*,*,#12209,.T.);
#12209 = EDGE_CURVE('',#12183,#9754,#12210,.T.);
#12210 = LINE('',#12211,#12212);
#12211 = CARTESIAN_POINT('',(2.212132034356,-2.975,-2.103));
#12212 = VECTOR('',#12213,1.);
#12213 = DIRECTION('',(-1.,0.,0.));
#12214 = PLANE('',#12215);
#12215 = AXIS2_PLACEMENT_3D('',#12216,#12217,#12218);
#12216 = CARTESIAN_POINT('',(2.15,-2.975,-2.103));
#12217 = DIRECTION('',(0.,0.707106781187,-0.707106781187));
#12218 = DIRECTION('',(-1.,0.,0.));
#12219 = ADVANCED_FACE('',(#12220,#12254),#12270,.F.);
#12220 = FACE_BOUND('',#12221,.T.);
#12221 = EDGE_LOOP('',(#12222,#12232,#12240,#12248));
#12222 = ORIENTED_EDGE('',*,*,#12223,.F.);
#12223 = EDGE_CURVE('',#12224,#12226,#12228,.T.);
#12224 = VERTEX_POINT('',#12225);
#12225 = CARTESIAN_POINT('',(-4.35,4.,-2.103));
#12226 = VERTEX_POINT('',#12227);
#12227 = CARTESIAN_POINT('',(-4.35,-3.35,-2.103));
#12228 = LINE('',#12229,#12230);
#12229 = CARTESIAN_POINT('',(-4.35,4.,-2.103));
#12230 = VECTOR('',#12231,1.);
#12231 = DIRECTION('',(0.,-1.,0.));
#12232 = ORIENTED_EDGE('',*,*,#12233,.F.);
#12233 = EDGE_CURVE('',#12234,#12224,#12236,.T.);
#12234 = VERTEX_POINT('',#12235);
#12235 = CARTESIAN_POINT('',(4.35,4.,-2.103));
#12236 = LINE('',#12237,#12238);
#12237 = CARTESIAN_POINT('',(4.35,4.,-2.103));
#12238 = VECTOR('',#12239,1.);
#12239 = DIRECTION('',(-1.,0.,0.));
#12240 = ORIENTED_EDGE('',*,*,#12241,.T.);
#12241 = EDGE_CURVE('',#12234,#12242,#12244,.T.);
#12242 = VERTEX_POINT('',#12243);
#12243 = CARTESIAN_POINT('',(4.35,-3.35,-2.103));
#12244 = LINE('',#12245,#12246);
#12245 = CARTESIAN_POINT('',(4.35,4.,-2.103));
#12246 = VECTOR('',#12247,1.);
#12247 = DIRECTION('',(0.,-1.,0.));
#12248 = ORIENTED_EDGE('',*,*,#12249,.F.);
#12249 = EDGE_CURVE('',#12226,#12242,#12250,.T.);
#12250 = LINE('',#12251,#12252);
#12251 = CARTESIAN_POINT('',(-4.35,-3.35,-2.103));
#12252 = VECTOR('',#12253,1.);
#12253 = DIRECTION('',(1.,0.,0.));
#12254 = FACE_BOUND('',#12255,.T.);
#12255 = EDGE_LOOP('',(#12256,#12257,#12258,#12259,#12260,#12261,#12262,
    #12263,#12264,#12265,#12266,#12267,#12268,#12269));
#12256 = ORIENTED_EDGE('',*,*,#12192,.T.);
#12257 = ORIENTED_EDGE('',*,*,#12159,.T.);
#12258 = ORIENTED_EDGE('',*,*,#9657,.F.);
#12259 = ORIENTED_EDGE('',*,*,#9691,.T.);
#12260 = ORIENTED_EDGE('',*,*,#11237,.F.);
#12261 = ORIENTED_EDGE('',*,*,#11157,.T.);
#12262 = ORIENTED_EDGE('',*,*,#11064,.F.);
#12263 = ORIENTED_EDGE('',*,*,#11033,.F.);
#12264 = ORIENTED_EDGE('',*,*,#10997,.F.);
#12265 = ORIENTED_EDGE('',*,*,#10983,.F.);
#12266 = ORIENTED_EDGE('',*,*,#10958,.T.);
#12267 = ORIENTED_EDGE('',*,*,#10934,.F.);
#12268 = ORIENTED_EDGE('',*,*,#9761,.F.);
#12269 = ORIENTED_EDGE('',*,*,#12209,.F.);
#12270 = PLANE('',#12271);
#12271 = AXIS2_PLACEMENT_3D('',#12272,#12273,#12274);
#12272 = CARTESIAN_POINT('',(0.,-5.3,-2.103));
#12273 = DIRECTION('',(0.,0.,1.));
#12274 = DIRECTION('',(-1.,0.,0.));
#12275 = ADVANCED_FACE('',(#12276),#12301,.F.);
#12276 = FACE_BOUND('',#12277,.T.);
#12277 = EDGE_LOOP('',(#12278,#12286,#12287,#12295));
#12278 = ORIENTED_EDGE('',*,*,#12279,.F.);
#12279 = EDGE_CURVE('',#12242,#12280,#12282,.T.);
#12280 = VERTEX_POINT('',#12281);
#12281 = CARTESIAN_POINT('',(4.688378043414,-3.688378043414,
    -1.764621956586));
#12282 = LINE('',#12283,#12284);
#12283 = CARTESIAN_POINT('',(4.35,-3.35,-2.103));
#12284 = VECTOR('',#12285,1.);
#12285 = DIRECTION('',(0.57735026919,-0.57735026919,0.57735026919));
#12286 = ORIENTED_EDGE('',*,*,#12241,.F.);
#12287 = ORIENTED_EDGE('',*,*,#12288,.T.);
#12288 = EDGE_CURVE('',#12234,#12289,#12291,.T.);
#12289 = VERTEX_POINT('',#12290);
#12290 = CARTESIAN_POINT('',(4.688378043414,4.338378043414,
    -1.764621956586));
#12291 = LINE('',#12292,#12293);
#12292 = CARTESIAN_POINT('',(4.35,4.,-2.103));
#12293 = VECTOR('',#12294,1.);
#12294 = DIRECTION('',(0.57735026919,0.57735026919,0.57735026919));
#12295 = ORIENTED_EDGE('',*,*,#12296,.T.);
#12296 = EDGE_CURVE('',#12289,#12280,#12297,.T.);
#12297 = LINE('',#12298,#12299);
#12298 = CARTESIAN_POINT('',(4.688378043414,4.338378043414,
    -1.764621956586));
#12299 = VECTOR('',#12300,1.);
#12300 = DIRECTION('',(0.,-1.,0.));
#12301 = PLANE('',#12302);
#12302 = AXIS2_PLACEMENT_3D('',#12303,#12304,#12305);
#12303 = CARTESIAN_POINT('',(4.35,4.4,-2.103));
#12304 = DIRECTION('',(-0.707106781187,0.,0.707106781187));
#12305 = DIRECTION('',(0.,-1.,0.));
#12306 = ADVANCED_FACE('',(#12307),#12325,.F.);
#12307 = FACE_BOUND('',#12308,.T.);
#12308 = EDGE_LOOP('',(#12309,#12310,#12311,#12312,#12318,#12319));
#12309 = ORIENTED_EDGE('',*,*,#10597,.T.);
#12310 = ORIENTED_EDGE('',*,*,#10532,.F.);
#12311 = ORIENTED_EDGE('',*,*,#10573,.T.);
#12312 = ORIENTED_EDGE('',*,*,#12313,.F.);
#12313 = EDGE_CURVE('',#12280,#10566,#12314,.T.);
#12314 = LINE('',#12315,#12316);
#12315 = CARTESIAN_POINT('',(4.688378043414,-3.688378043414,
    -1.764621956586));
#12316 = VECTOR('',#12317,1.);
#12317 = DIRECTION('',(3.487826274237E-02,-3.487826274237E-02,
    0.998782765959));
#12318 = ORIENTED_EDGE('',*,*,#12296,.F.);
#12319 = ORIENTED_EDGE('',*,*,#12320,.T.);
#12320 = EDGE_CURVE('',#12289,#10588,#12321,.T.);
#12321 = LINE('',#12322,#12323);
#12322 = CARTESIAN_POINT('',(4.688378043414,4.338378043414,
    -1.764621956586));
#12323 = VECTOR('',#12324,1.);
#12324 = DIRECTION('',(3.487826274237E-02,3.487826274238E-02,
    0.998782765959));
#12325 = PLANE('',#12326);
#12326 = AXIS2_PLACEMENT_3D('',#12327,#12328,#12329);
#12327 = CARTESIAN_POINT('',(4.60162719927,4.4,-4.248841102006));
#12328 = DIRECTION('',(-0.999390827019,0.,3.48994967025E-02));
#12329 = DIRECTION('',(3.48994967025E-02,0.,0.999390827019));
#12330 = ADVANCED_FACE('',(#12331),#12349,.F.);
#12331 = FACE_BOUND('',#12332,.T.);
#12332 = EDGE_LOOP('',(#12333,#12334,#12342,#12348));
#12333 = ORIENTED_EDGE('',*,*,#11939,.F.);
#12334 = ORIENTED_EDGE('',*,*,#12335,.T.);
#12335 = EDGE_CURVE('',#11932,#12336,#12338,.T.);
#12336 = VERTEX_POINT('',#12337);
#12337 = CARTESIAN_POINT('',(-4.688378043414,-3.688378043414,
    -1.764621956586));
#12338 = LINE('',#12339,#12340);
#12339 = CARTESIAN_POINT('',(-4.75,-3.75,0.));
#12340 = VECTOR('',#12341,1.);
#12341 = DIRECTION('',(3.487826274237E-02,3.487826274237E-02,
    -0.998782765959));
#12342 = ORIENTED_EDGE('',*,*,#12343,.T.);
#12343 = EDGE_CURVE('',#12336,#12280,#12344,.T.);
#12344 = LINE('',#12345,#12346);
#12345 = CARTESIAN_POINT('',(-4.688378043414,-3.688378043414,
    -1.764621956586));
#12346 = VECTOR('',#12347,1.);
#12347 = DIRECTION('',(1.,0.,0.));
#12348 = ORIENTED_EDGE('',*,*,#12313,.T.);
#12349 = PLANE('',#12350);
#12350 = AXIS2_PLACEMENT_3D('',#12351,#12352,#12353);
#12351 = CARTESIAN_POINT('',(-5.15,-3.75,0.));
#12352 = DIRECTION('',(0.,0.999390827019,3.48994967025E-02));
#12353 = DIRECTION('',(0.,3.48994967025E-02,-0.999390827019));
#12354 = ADVANCED_FACE('',(#12355),#12366,.T.);
#12355 = FACE_BOUND('',#12356,.T.);
#12356 = EDGE_LOOP('',(#12357,#12363,#12364,#12365));
#12357 = ORIENTED_EDGE('',*,*,#12358,.F.);
#12358 = EDGE_CURVE('',#12226,#12336,#12359,.T.);
#12359 = LINE('',#12360,#12361);
#12360 = CARTESIAN_POINT('',(-4.35,-3.35,-2.103));
#12361 = VECTOR('',#12362,1.);
#12362 = DIRECTION('',(-0.57735026919,-0.57735026919,0.57735026919));
#12363 = ORIENTED_EDGE('',*,*,#12249,.T.);
#12364 = ORIENTED_EDGE('',*,*,#12279,.T.);
#12365 = ORIENTED_EDGE('',*,*,#12343,.F.);
#12366 = PLANE('',#12367);
#12367 = AXIS2_PLACEMENT_3D('',#12368,#12369,#12370);
#12368 = CARTESIAN_POINT('',(-4.75,-3.35,-2.103));
#12369 = DIRECTION('',(0.,-0.707106781187,-0.707106781187));
#12370 = DIRECTION('',(1.,0.,0.));
#12371 = ADVANCED_FACE('',(#12372),#12390,.T.);
#12372 = FACE_BOUND('',#12373,.T.);
#12373 = EDGE_LOOP('',(#12374,#12382,#12383,#12384));
#12374 = ORIENTED_EDGE('',*,*,#12375,.F.);
#12375 = EDGE_CURVE('',#12224,#12376,#12378,.T.);
#12376 = VERTEX_POINT('',#12377);
#12377 = CARTESIAN_POINT('',(-4.688378043414,4.338378043414,
    -1.764621956586));
#12378 = LINE('',#12379,#12380);
#12379 = CARTESIAN_POINT('',(-4.35,4.,-2.103));
#12380 = VECTOR('',#12381,1.);
#12381 = DIRECTION('',(-0.57735026919,0.57735026919,0.57735026919));
#12382 = ORIENTED_EDGE('',*,*,#12223,.T.);
#12383 = ORIENTED_EDGE('',*,*,#12358,.T.);
#12384 = ORIENTED_EDGE('',*,*,#12385,.F.);
#12385 = EDGE_CURVE('',#12376,#12336,#12386,.T.);
#12386 = LINE('',#12387,#12388);
#12387 = CARTESIAN_POINT('',(-4.688378043414,4.338378043414,
    -1.764621956586));
#12388 = VECTOR('',#12389,1.);
#12389 = DIRECTION('',(0.,-1.,0.));
#12390 = PLANE('',#12391);
#12391 = AXIS2_PLACEMENT_3D('',#12392,#12393,#12394);
#12392 = CARTESIAN_POINT('',(-4.35,4.4,-2.103));
#12393 = DIRECTION('',(-0.707106781187,0.,-0.707106781187));
#12394 = DIRECTION('',(0.,-1.,-0.));
#12395 = ADVANCED_FACE('',(#12396),#12407,.T.);
#12396 = FACE_BOUND('',#12397,.T.);
#12397 = EDGE_LOOP('',(#12398,#12399,#12400,#12401));
#12398 = ORIENTED_EDGE('',*,*,#12288,.F.);
#12399 = ORIENTED_EDGE('',*,*,#12233,.T.);
#12400 = ORIENTED_EDGE('',*,*,#12375,.T.);
#12401 = ORIENTED_EDGE('',*,*,#12402,.F.);
#12402 = EDGE_CURVE('',#12289,#12376,#12403,.T.);
#12403 = LINE('',#12404,#12405);
#12404 = CARTESIAN_POINT('',(4.688378043414,4.338378043414,
    -1.764621956586));
#12405 = VECTOR('',#12406,1.);
#12406 = DIRECTION('',(-1.,0.,0.));
#12407 = PLANE('',#12408);
#12408 = AXIS2_PLACEMENT_3D('',#12409,#12410,#12411);
#12409 = CARTESIAN_POINT('',(4.75,4.,-2.103));
#12410 = DIRECTION('',(0.,0.707106781187,-0.707106781187));
#12411 = DIRECTION('',(-1.,0.,0.));
#12412 = ADVANCED_FACE('',(#12413),#12424,.F.);
#12413 = FACE_BOUND('',#12414,.T.);
#12414 = EDGE_LOOP('',(#12415,#12416,#12417,#12418));
#12415 = ORIENTED_EDGE('',*,*,#10617,.F.);
#12416 = ORIENTED_EDGE('',*,*,#12320,.F.);
#12417 = ORIENTED_EDGE('',*,*,#12402,.T.);
#12418 = ORIENTED_EDGE('',*,*,#12419,.F.);
#12419 = EDGE_CURVE('',#10618,#12376,#12420,.T.);
#12420 = LINE('',#12421,#12422);
#12421 = CARTESIAN_POINT('',(-4.75,4.4,0.));
#12422 = VECTOR('',#12423,1.);
#12423 = DIRECTION('',(3.487826274237E-02,-3.487826274238E-02,
    -0.998782765959));
#12424 = PLANE('',#12425);
#12425 = AXIS2_PLACEMENT_3D('',#12426,#12427,#12428);
#12426 = CARTESIAN_POINT('',(-5.15,4.320396794917,-2.279537542883));
#12427 = DIRECTION('',(0.,-0.999390827019,3.48994967025E-02));
#12428 = DIRECTION('',(0.,3.48994967025E-02,0.999390827019));
#12429 = ADVANCED_FACE('',(#12430),#12448,.F.);
#12430 = FACE_BOUND('',#12431,.T.);
#12431 = EDGE_LOOP('',(#12432,#12433,#12434,#12440,#12441,#12447));
#12432 = ORIENTED_EDGE('',*,*,#12385,.T.);
#12433 = ORIENTED_EDGE('',*,*,#12335,.F.);
#12434 = ORIENTED_EDGE('',*,*,#12435,.F.);
#12435 = EDGE_CURVE('',#9824,#11932,#12436,.T.);
#12436 = LINE('',#12437,#12438);
#12437 = CARTESIAN_POINT('',(-4.75,-1.099843726813,0.));
#12438 = VECTOR('',#12439,1.);
#12439 = DIRECTION('',(0.,-1.,0.));
#12440 = ORIENTED_EDGE('',*,*,#9840,.F.);
#12441 = ORIENTED_EDGE('',*,*,#12442,.F.);
#12442 = EDGE_CURVE('',#10618,#9784,#12443,.T.);
#12443 = LINE('',#12444,#12445);
#12444 = CARTESIAN_POINT('',(-4.75,4.4,0.));
#12445 = VECTOR('',#12446,1.);
#12446 = DIRECTION('',(0.,-1.,0.));
#12447 = ORIENTED_EDGE('',*,*,#12419,.T.);
#12448 = PLANE('',#12449);
#12449 = AXIS2_PLACEMENT_3D('',#12450,#12451,#12452);
#12450 = CARTESIAN_POINT('',(-4.75,4.4,0.));
#12451 = DIRECTION('',(0.999390827019,0.,3.48994967025E-02));
#12452 = DIRECTION('',(3.48994967025E-02,0.,-0.999390827019));
#12453 = ADVANCED_FACE('',(#12454),#12460,.F.);
#12454 = FACE_BOUND('',#12455,.T.);
#12455 = EDGE_LOOP('',(#12456,#12457,#12458,#12459));
#12456 = ORIENTED_EDGE('',*,*,#11931,.T.);
#12457 = ORIENTED_EDGE('',*,*,#11970,.F.);
#12458 = ORIENTED_EDGE('',*,*,#9871,.F.);
#12459 = ORIENTED_EDGE('',*,*,#12435,.T.);
#12460 = PLANE('',#12461);
#12461 = AXIS2_PLACEMENT_3D('',#12462,#12463,#12464);
#12462 = CARTESIAN_POINT('',(-4.75,-3.75,0.));
#12463 = DIRECTION('',(0.,0.,1.));
#12464 = DIRECTION('',(-1.,0.,0.));
#12465 = ADVANCED_FACE('',(#12466),#12472,.F.);
#12466 = FACE_BOUND('',#12467,.T.);
#12467 = EDGE_LOOP('',(#12468,#12469,#12470,#12471));
#12468 = ORIENTED_EDGE('',*,*,#9809,.T.);
#12469 = ORIENTED_EDGE('',*,*,#11961,.F.);
#12470 = ORIENTED_EDGE('',*,*,#10625,.F.);
#12471 = ORIENTED_EDGE('',*,*,#12442,.T.);
#12472 = PLANE('',#12473);
#12473 = AXIS2_PLACEMENT_3D('',#12474,#12475,#12476);
#12474 = CARTESIAN_POINT('',(-4.75,-3.75,0.));
#12475 = DIRECTION('',(0.,0.,1.));
#12476 = DIRECTION('',(-1.,0.,0.));
#12477 = ADVANCED_FACE('',(#12478),#12503,.T.);
#12478 = FACE_BOUND('',#12479,.T.);
#12479 = EDGE_LOOP('',(#12480,#12481,#12489,#12497));
#12480 = ORIENTED_EDGE('',*,*,#4591,.T.);
#12481 = ORIENTED_EDGE('',*,*,#12482,.T.);
#12482 = EDGE_CURVE('',#363,#12483,#12485,.T.);
#12483 = VERTEX_POINT('',#12484);
#12484 = CARTESIAN_POINT('',(3.63189030424,1.862205354947,7.22));
#12485 = LINE('',#12486,#12487);
#12486 = CARTESIAN_POINT('',(-3.63189030424,1.862205354947,7.22));
#12487 = VECTOR('',#12488,1.);
#12488 = DIRECTION('',(1.,0.,0.));
#12489 = ORIENTED_EDGE('',*,*,#12490,.T.);
#12490 = EDGE_CURVE('',#12483,#12491,#12493,.T.);
#12491 = VERTEX_POINT('',#12492);
#12492 = CARTESIAN_POINT('',(3.63189030424,-0.862205354947,7.22));
#12493 = LINE('',#12494,#12495);
#12494 = CARTESIAN_POINT('',(3.63189030424,1.862205354947,7.22));
#12495 = VECTOR('',#12496,1.);
#12496 = DIRECTION('',(1.467033907236E-14,-1.,1.744140311936E-14));
#12497 = ORIENTED_EDGE('',*,*,#12498,.F.);
#12498 = EDGE_CURVE('',#323,#12491,#12499,.T.);
#12499 = LINE('',#12500,#12501);
#12500 = CARTESIAN_POINT('',(-3.63189030424,-0.862205354947,7.22));
#12501 = VECTOR('',#12502,1.);
#12502 = DIRECTION('',(1.,0.,0.));
#12503 = PLANE('',#12504);
#12504 = AXIS2_PLACEMENT_3D('',#12505,#12506,#12507);
#12505 = CARTESIAN_POINT('',(3.75,-0.862205354947,7.22));
#12506 = DIRECTION('',(0.,-4.189196823996E-14,-1.));
#12507 = DIRECTION('',(0.,1.,-4.189196823996E-14));
#12508 = ADVANCED_FACE('',(#12509),#12534,.T.);
#12509 = FACE_BOUND('',#12510,.T.);
#12510 = EDGE_LOOP('',(#12511,#12512,#12520,#12528));
#12511 = ORIENTED_EDGE('',*,*,#6036,.T.);
#12512 = ORIENTED_EDGE('',*,*,#12513,.F.);
#12513 = EDGE_CURVE('',#12514,#321,#12516,.T.);
#12514 = VERTEX_POINT('',#12515);
#12515 = CARTESIAN_POINT('',(-3.63189030424,-0.862205354947,7.22));
#12516 = LINE('',#12517,#12518);
#12517 = CARTESIAN_POINT('',(-3.63189030424,-0.862205354947,7.22));
#12518 = VECTOR('',#12519,1.);
#12519 = DIRECTION('',(1.,0.,0.));
#12520 = ORIENTED_EDGE('',*,*,#12521,.F.);
#12521 = EDGE_CURVE('',#12522,#12514,#12524,.T.);
#12522 = VERTEX_POINT('',#12523);
#12523 = CARTESIAN_POINT('',(-3.63189030424,1.862205354947,7.22));
#12524 = LINE('',#12525,#12526);
#12525 = CARTESIAN_POINT('',(-3.63189030424,1.862205354947,7.22));
#12526 = VECTOR('',#12527,1.);
#12527 = DIRECTION('',(-1.49963466073E-14,-1.,1.760440688683E-14));
#12528 = ORIENTED_EDGE('',*,*,#12529,.T.);
#12529 = EDGE_CURVE('',#12522,#361,#12530,.T.);
#12530 = LINE('',#12531,#12532);
#12531 = CARTESIAN_POINT('',(-3.63189030424,1.862205354947,7.22));
#12532 = VECTOR('',#12533,1.);
#12533 = DIRECTION('',(1.,0.,0.));
#12534 = PLANE('',#12535);
#12535 = AXIS2_PLACEMENT_3D('',#12536,#12537,#12538);
#12536 = CARTESIAN_POINT('',(3.75,-0.862205354947,7.22));
#12537 = DIRECTION('',(0.,-4.189196823996E-14,-1.));
#12538 = DIRECTION('',(0.,1.,-4.189196823996E-14));
#12539 = ADVANCED_FACE('',(#12540),#12574,.T.);
#12540 = FACE_BOUND('',#12541,.T.);
#12541 = EDGE_LOOP('',(#12542,#12552,#12560,#12568));
#12542 = ORIENTED_EDGE('',*,*,#12543,.T.);
#12543 = EDGE_CURVE('',#12544,#12546,#12548,.T.);
#12544 = VERTEX_POINT('',#12545);
#12545 = CARTESIAN_POINT('',(-4.575,1.81,6.95));
#12546 = VERTEX_POINT('',#12547);
#12547 = CARTESIAN_POINT('',(-4.575,-0.69,6.95));
#12548 = LINE('',#12549,#12550);
#12549 = CARTESIAN_POINT('',(-4.575,1.81,6.95));
#12550 = VECTOR('',#12551,1.);
#12551 = DIRECTION('',(0.,-1.,0.));
#12552 = ORIENTED_EDGE('',*,*,#12553,.T.);
#12553 = EDGE_CURVE('',#12546,#12554,#12556,.T.);
#12554 = VERTEX_POINT('',#12555);
#12555 = CARTESIAN_POINT('',(-4.125,-0.69,6.95));
#12556 = LINE('',#12557,#12558);
#12557 = CARTESIAN_POINT('',(-4.575,-0.69,6.95));
#12558 = VECTOR('',#12559,1.);
#12559 = DIRECTION('',(1.,0.,0.));
#12560 = ORIENTED_EDGE('',*,*,#12561,.F.);
#12561 = EDGE_CURVE('',#12562,#12554,#12564,.T.);
#12562 = VERTEX_POINT('',#12563);
#12563 = CARTESIAN_POINT('',(-4.125,1.81,6.95));
#12564 = LINE('',#12565,#12566);
#12565 = CARTESIAN_POINT('',(-4.125,1.81,6.95));
#12566 = VECTOR('',#12567,1.);
#12567 = DIRECTION('',(0.,-1.,0.));
#12568 = ORIENTED_EDGE('',*,*,#12569,.F.);
#12569 = EDGE_CURVE('',#12544,#12562,#12570,.T.);
#12570 = LINE('',#12571,#12572);
#12571 = CARTESIAN_POINT('',(-4.575,1.81,6.95));
#12572 = VECTOR('',#12573,1.);
#12573 = DIRECTION('',(1.,0.,0.));
#12574 = PLANE('',#12575);
#12575 = AXIS2_PLACEMENT_3D('',#12576,#12577,#12578);
#12576 = CARTESIAN_POINT('',(-4.675,1.81,6.95));
#12577 = DIRECTION('',(0.,0.,1.));
#12578 = DIRECTION('',(1.,0.,-0.));
#12579 = ADVANCED_FACE('',(#12580),#12605,.T.);
#12580 = FACE_BOUND('',#12581,.T.);
#12581 = EDGE_LOOP('',(#12582,#12583,#12591,#12599));
#12582 = ORIENTED_EDGE('',*,*,#12561,.T.);
#12583 = ORIENTED_EDGE('',*,*,#12584,.T.);
#12584 = EDGE_CURVE('',#12554,#12585,#12587,.T.);
#12585 = VERTEX_POINT('',#12586);
#12586 = CARTESIAN_POINT('',(-4.125,-0.69,6.8));
#12587 = LINE('',#12588,#12589);
#12588 = CARTESIAN_POINT('',(-4.125,-0.69,6.95));
#12589 = VECTOR('',#12590,1.);
#12590 = DIRECTION('',(0.,0.,-1.));
#12591 = ORIENTED_EDGE('',*,*,#12592,.F.);
#12592 = EDGE_CURVE('',#12593,#12585,#12595,.T.);
#12593 = VERTEX_POINT('',#12594);
#12594 = CARTESIAN_POINT('',(-4.125,1.81,6.8));
#12595 = LINE('',#12596,#12597);
#12596 = CARTESIAN_POINT('',(-4.125,1.81,6.8));
#12597 = VECTOR('',#12598,1.);
#12598 = DIRECTION('',(0.,-1.,0.));
#12599 = ORIENTED_EDGE('',*,*,#12600,.F.);
#12600 = EDGE_CURVE('',#12562,#12593,#12601,.T.);
#12601 = LINE('',#12602,#12603);
#12602 = CARTESIAN_POINT('',(-4.125,1.81,6.95));
#12603 = VECTOR('',#12604,1.);
#12604 = DIRECTION('',(0.,0.,-1.));
#12605 = PLANE('',#12606);
#12606 = AXIS2_PLACEMENT_3D('',#12607,#12608,#12609);
#12607 = CARTESIAN_POINT('',(-4.125,1.81,6.95));
#12608 = DIRECTION('',(1.,0.,0.));
#12609 = DIRECTION('',(0.,0.,-1.));
#12610 = ADVANCED_FACE('',(#12611),#12636,.F.);
#12611 = FACE_BOUND('',#12612,.T.);
#12612 = EDGE_LOOP('',(#12613,#12621,#12622,#12630));
#12613 = ORIENTED_EDGE('',*,*,#12614,.T.);
#12614 = EDGE_CURVE('',#12615,#12593,#12617,.T.);
#12615 = VERTEX_POINT('',#12616);
#12616 = CARTESIAN_POINT('',(-4.575,1.81,6.35));
#12617 = LINE('',#12618,#12619);
#12618 = CARTESIAN_POINT('',(-4.575,1.81,6.35));
#12619 = VECTOR('',#12620,1.);
#12620 = DIRECTION('',(0.707106781187,0.,0.707106781187));
#12621 = ORIENTED_EDGE('',*,*,#12592,.T.);
#12622 = ORIENTED_EDGE('',*,*,#12623,.F.);
#12623 = EDGE_CURVE('',#12624,#12585,#12626,.T.);
#12624 = VERTEX_POINT('',#12625);
#12625 = CARTESIAN_POINT('',(-4.575,-0.69,6.35));
#12626 = LINE('',#12627,#12628);
#12627 = CARTESIAN_POINT('',(-4.575,-0.69,6.35));
#12628 = VECTOR('',#12629,1.);
#12629 = DIRECTION('',(0.707106781187,0.,0.707106781187));
#12630 = ORIENTED_EDGE('',*,*,#12631,.F.);
#12631 = EDGE_CURVE('',#12615,#12624,#12632,.T.);
#12632 = LINE('',#12633,#12634);
#12633 = CARTESIAN_POINT('',(-4.575,1.81,6.35));
#12634 = VECTOR('',#12635,1.);
#12635 = DIRECTION('',(0.,-1.,0.));
#12636 = PLANE('',#12637);
#12637 = AXIS2_PLACEMENT_3D('',#12638,#12639,#12640);
#12638 = CARTESIAN_POINT('',(-4.575,1.81,6.35));
#12639 = DIRECTION('',(-0.707106781187,0.,0.707106781187));
#12640 = DIRECTION('',(0.,-1.,0.));
#12641 = ADVANCED_FACE('',(#12642),#12667,.T.);
#12642 = FACE_BOUND('',#12643,.T.);
#12643 = EDGE_LOOP('',(#12644,#12654,#12660,#12661));
#12644 = ORIENTED_EDGE('',*,*,#12645,.F.);
#12645 = EDGE_CURVE('',#12646,#12648,#12650,.T.);
#12646 = VERTEX_POINT('',#12647);
#12647 = CARTESIAN_POINT('',(-5.1,1.81,6.35));
#12648 = VERTEX_POINT('',#12649);
#12649 = CARTESIAN_POINT('',(-5.1,-0.69,6.35));
#12650 = LINE('',#12651,#12652);
#12651 = CARTESIAN_POINT('',(-5.1,1.81,6.35));
#12652 = VECTOR('',#12653,1.);
#12653 = DIRECTION('',(0.,-1.,0.));
#12654 = ORIENTED_EDGE('',*,*,#12655,.F.);
#12655 = EDGE_CURVE('',#12615,#12646,#12656,.T.);
#12656 = LINE('',#12657,#12658);
#12657 = CARTESIAN_POINT('',(-4.575,1.81,6.35));
#12658 = VECTOR('',#12659,1.);
#12659 = DIRECTION('',(-1.,0.,0.));
#12660 = ORIENTED_EDGE('',*,*,#12631,.T.);
#12661 = ORIENTED_EDGE('',*,*,#12662,.F.);
#12662 = EDGE_CURVE('',#12648,#12624,#12663,.T.);
#12663 = LINE('',#12664,#12665);
#12664 = CARTESIAN_POINT('',(-5.1,-0.69,6.35));
#12665 = VECTOR('',#12666,1.);
#12666 = DIRECTION('',(1.,0.,0.));
#12667 = PLANE('',#12668);
#12668 = AXIS2_PLACEMENT_3D('',#12669,#12670,#12671);
#12669 = CARTESIAN_POINT('',(-4.675,1.81,6.35));
#12670 = DIRECTION('',(0.,0.,-1.));
#12671 = DIRECTION('',(-1.,0.,0.));
#12672 = ADVANCED_FACE('',(#12673),#12698,.T.);
#12673 = FACE_BOUND('',#12674,.T.);
#12674 = EDGE_LOOP('',(#12675,#12683,#12684,#12692));
#12675 = ORIENTED_EDGE('',*,*,#12676,.F.);
#12676 = EDGE_CURVE('',#12646,#12677,#12679,.T.);
#12677 = VERTEX_POINT('',#12678);
#12678 = CARTESIAN_POINT('',(-5.1,1.81,7.35));
#12679 = LINE('',#12680,#12681);
#12680 = CARTESIAN_POINT('',(-5.1,1.81,6.35));
#12681 = VECTOR('',#12682,1.);
#12682 = DIRECTION('',(0.,0.,1.));
#12683 = ORIENTED_EDGE('',*,*,#12645,.T.);
#12684 = ORIENTED_EDGE('',*,*,#12685,.T.);
#12685 = EDGE_CURVE('',#12648,#12686,#12688,.T.);
#12686 = VERTEX_POINT('',#12687);
#12687 = CARTESIAN_POINT('',(-5.1,-0.69,7.35));
#12688 = LINE('',#12689,#12690);
#12689 = CARTESIAN_POINT('',(-5.1,-0.69,6.35));
#12690 = VECTOR('',#12691,1.);
#12691 = DIRECTION('',(0.,0.,1.));
#12692 = ORIENTED_EDGE('',*,*,#12693,.T.);
#12693 = EDGE_CURVE('',#12686,#12677,#12694,.T.);
#12694 = LINE('',#12695,#12696);
#12695 = CARTESIAN_POINT('',(-5.1,-0.69,7.35));
#12696 = VECTOR('',#12697,1.);
#12697 = DIRECTION('',(0.,1.,0.));
#12698 = PLANE('',#12699);
#12699 = AXIS2_PLACEMENT_3D('',#12700,#12701,#12702);
#12700 = CARTESIAN_POINT('',(-5.1,1.81,6.35));
#12701 = DIRECTION('',(-1.,0.,0.));
#12702 = DIRECTION('',(0.,0.,1.));
#12703 = ADVANCED_FACE('',(#12704),#12738,.T.);
#12704 = FACE_BOUND('',#12705,.T.);
#12705 = EDGE_LOOP('',(#12706,#12716,#12724,#12732));
#12706 = ORIENTED_EDGE('',*,*,#12707,.T.);
#12707 = EDGE_CURVE('',#12708,#12710,#12712,.T.);
#12708 = VERTEX_POINT('',#12709);
#12709 = CARTESIAN_POINT('',(5.05,1.81,8.325));
#12710 = VERTEX_POINT('',#12711);
#12711 = CARTESIAN_POINT('',(4.575,1.81,7.85));
#12712 = LINE('',#12713,#12714);
#12713 = CARTESIAN_POINT('',(5.05,1.81,8.325));
#12714 = VECTOR('',#12715,1.);
#12715 = DIRECTION('',(-0.707106781187,0.,-0.707106781187));
#12716 = ORIENTED_EDGE('',*,*,#12717,.F.);
#12717 = EDGE_CURVE('',#12718,#12710,#12720,.T.);
#12718 = VERTEX_POINT('',#12719);
#12719 = CARTESIAN_POINT('',(4.575,-0.69,7.85));
#12720 = LINE('',#12721,#12722);
#12721 = CARTESIAN_POINT('',(4.575,-0.69,7.85));
#12722 = VECTOR('',#12723,1.);
#12723 = DIRECTION('',(0.,1.,0.));
#12724 = ORIENTED_EDGE('',*,*,#12725,.F.);
#12725 = EDGE_CURVE('',#12726,#12718,#12728,.T.);
#12726 = VERTEX_POINT('',#12727);
#12727 = CARTESIAN_POINT('',(5.05,-0.69,8.325));
#12728 = LINE('',#12729,#12730);
#12729 = CARTESIAN_POINT('',(5.05,-0.69,8.325));
#12730 = VECTOR('',#12731,1.);
#12731 = DIRECTION('',(-0.707106781187,0.,-0.707106781187));
#12732 = ORIENTED_EDGE('',*,*,#12733,.T.);
#12733 = EDGE_CURVE('',#12726,#12708,#12734,.T.);
#12734 = LINE('',#12735,#12736);
#12735 = CARTESIAN_POINT('',(5.05,-0.69,8.325));
#12736 = VECTOR('',#12737,1.);
#12737 = DIRECTION('',(0.,1.,0.));
#12738 = PLANE('',#12739);
#12739 = AXIS2_PLACEMENT_3D('',#12740,#12741,#12742);
#12740 = CARTESIAN_POINT('',(5.05,-0.69,8.325));
#12741 = DIRECTION('',(-0.707106781187,0.,0.707106781187));
#12742 = DIRECTION('',(0.,1.,0.));
#12743 = ADVANCED_FACE('',(#12744),#12769,.T.);
#12744 = FACE_BOUND('',#12745,.T.);
#12745 = EDGE_LOOP('',(#12746,#12756,#12762,#12763));
#12746 = ORIENTED_EDGE('',*,*,#12747,.T.);
#12747 = EDGE_CURVE('',#12748,#12750,#12752,.T.);
#12748 = VERTEX_POINT('',#12749);
#12749 = CARTESIAN_POINT('',(4.575,1.81,6.95));
#12750 = VERTEX_POINT('',#12751);
#12751 = CARTESIAN_POINT('',(4.575,-0.69,6.95));
#12752 = LINE('',#12753,#12754);
#12753 = CARTESIAN_POINT('',(4.575,1.81,6.95));
#12754 = VECTOR('',#12755,1.);
#12755 = DIRECTION('',(0.,-1.,0.));
#12756 = ORIENTED_EDGE('',*,*,#12757,.T.);
#12757 = EDGE_CURVE('',#12750,#12718,#12758,.T.);
#12758 = LINE('',#12759,#12760);
#12759 = CARTESIAN_POINT('',(4.575,-0.69,6.95));
#12760 = VECTOR('',#12761,1.);
#12761 = DIRECTION('',(0.,0.,1.));
#12762 = ORIENTED_EDGE('',*,*,#12717,.T.);
#12763 = ORIENTED_EDGE('',*,*,#12764,.F.);
#12764 = EDGE_CURVE('',#12748,#12710,#12765,.T.);
#12765 = LINE('',#12766,#12767);
#12766 = CARTESIAN_POINT('',(4.575,1.81,6.95));
#12767 = VECTOR('',#12768,1.);
#12768 = DIRECTION('',(0.,0.,1.));
#12769 = PLANE('',#12770);
#12770 = AXIS2_PLACEMENT_3D('',#12771,#12772,#12773);
#12771 = CARTESIAN_POINT('',(4.575,4.4,7.35));
#12772 = DIRECTION('',(-1.,0.,0.));
#12773 = DIRECTION('',(0.,0.,1.));
#12774 = ADVANCED_FACE('',(#12775),#12800,.T.);
#12775 = FACE_BOUND('',#12776,.T.);
#12776 = EDGE_LOOP('',(#12777,#12787,#12793,#12794));
#12777 = ORIENTED_EDGE('',*,*,#12778,.T.);
#12778 = EDGE_CURVE('',#12779,#12781,#12783,.T.);
#12779 = VERTEX_POINT('',#12780);
#12780 = CARTESIAN_POINT('',(4.125,1.81,6.95));
#12781 = VERTEX_POINT('',#12782);
#12782 = CARTESIAN_POINT('',(4.125,-0.69,6.95));
#12783 = LINE('',#12784,#12785);
#12784 = CARTESIAN_POINT('',(4.125,1.81,6.95));
#12785 = VECTOR('',#12786,1.);
#12786 = DIRECTION('',(0.,-1.,0.));
#12787 = ORIENTED_EDGE('',*,*,#12788,.T.);
#12788 = EDGE_CURVE('',#12781,#12750,#12789,.T.);
#12789 = LINE('',#12790,#12791);
#12790 = CARTESIAN_POINT('',(4.125,-0.69,6.95));
#12791 = VECTOR('',#12792,1.);
#12792 = DIRECTION('',(1.,0.,0.));
#12793 = ORIENTED_EDGE('',*,*,#12747,.F.);
#12794 = ORIENTED_EDGE('',*,*,#12795,.F.);
#12795 = EDGE_CURVE('',#12779,#12748,#12796,.T.);
#12796 = LINE('',#12797,#12798);
#12797 = CARTESIAN_POINT('',(4.125,1.81,6.95));
#12798 = VECTOR('',#12799,1.);
#12799 = DIRECTION('',(1.,0.,0.));
#12800 = PLANE('',#12801);
#12801 = AXIS2_PLACEMENT_3D('',#12802,#12803,#12804);
#12802 = CARTESIAN_POINT('',(4.125,1.81,6.95));
#12803 = DIRECTION('',(0.,0.,1.));
#12804 = DIRECTION('',(1.,0.,-0.));
#12805 = ADVANCED_FACE('',(#12806),#12831,.T.);
#12806 = FACE_BOUND('',#12807,.T.);
#12807 = EDGE_LOOP('',(#12808,#12818,#12824,#12825));
#12808 = ORIENTED_EDGE('',*,*,#12809,.T.);
#12809 = EDGE_CURVE('',#12810,#12812,#12814,.T.);
#12810 = VERTEX_POINT('',#12811);
#12811 = CARTESIAN_POINT('',(4.125,1.81,6.8));
#12812 = VERTEX_POINT('',#12813);
#12813 = CARTESIAN_POINT('',(4.125,-0.69,6.8));
#12814 = LINE('',#12815,#12816);
#12815 = CARTESIAN_POINT('',(4.125,1.81,6.8));
#12816 = VECTOR('',#12817,1.);
#12817 = DIRECTION('',(0.,-1.,0.));
#12818 = ORIENTED_EDGE('',*,*,#12819,.T.);
#12819 = EDGE_CURVE('',#12812,#12781,#12820,.T.);
#12820 = LINE('',#12821,#12822);
#12821 = CARTESIAN_POINT('',(4.125,-0.69,6.8));
#12822 = VECTOR('',#12823,1.);
#12823 = DIRECTION('',(0.,0.,1.));
#12824 = ORIENTED_EDGE('',*,*,#12778,.F.);
#12825 = ORIENTED_EDGE('',*,*,#12826,.F.);
#12826 = EDGE_CURVE('',#12810,#12779,#12827,.T.);
#12827 = LINE('',#12828,#12829);
#12828 = CARTESIAN_POINT('',(4.125,1.81,6.8));
#12829 = VECTOR('',#12830,1.);
#12830 = DIRECTION('',(0.,0.,1.));
#12831 = PLANE('',#12832);
#12832 = AXIS2_PLACEMENT_3D('',#12833,#12834,#12835);
#12833 = CARTESIAN_POINT('',(4.125,1.81,6.65));
#12834 = DIRECTION('',(-1.,0.,0.));
#12835 = DIRECTION('',(0.,0.,1.));
#12836 = ADVANCED_FACE('',(#12837),#12862,.T.);
#12837 = FACE_BOUND('',#12838,.T.);
#12838 = EDGE_LOOP('',(#12839,#12847,#12848,#12856));
#12839 = ORIENTED_EDGE('',*,*,#12840,.T.);
#12840 = EDGE_CURVE('',#12841,#12812,#12843,.T.);
#12841 = VERTEX_POINT('',#12842);
#12842 = CARTESIAN_POINT('',(4.575,-0.69,6.35));
#12843 = LINE('',#12844,#12845);
#12844 = CARTESIAN_POINT('',(4.575,-0.69,6.35));
#12845 = VECTOR('',#12846,1.);
#12846 = DIRECTION('',(-0.707106781187,0.,0.707106781187));
#12847 = ORIENTED_EDGE('',*,*,#12809,.F.);
#12848 = ORIENTED_EDGE('',*,*,#12849,.F.);
#12849 = EDGE_CURVE('',#12850,#12810,#12852,.T.);
#12850 = VERTEX_POINT('',#12851);
#12851 = CARTESIAN_POINT('',(4.575,1.81,6.35));
#12852 = LINE('',#12853,#12854);
#12853 = CARTESIAN_POINT('',(4.575,1.81,6.35));
#12854 = VECTOR('',#12855,1.);
#12855 = DIRECTION('',(-0.707106781187,0.,0.707106781187));
#12856 = ORIENTED_EDGE('',*,*,#12857,.T.);
#12857 = EDGE_CURVE('',#12850,#12841,#12858,.T.);
#12858 = LINE('',#12859,#12860);
#12859 = CARTESIAN_POINT('',(4.575,1.81,6.35));
#12860 = VECTOR('',#12861,1.);
#12861 = DIRECTION('',(0.,-1.,0.));
#12862 = PLANE('',#12863);
#12863 = AXIS2_PLACEMENT_3D('',#12864,#12865,#12866);
#12864 = CARTESIAN_POINT('',(4.575,1.81,6.35));
#12865 = DIRECTION('',(-0.707106781187,0.,-0.707106781187));
#12866 = DIRECTION('',(0.,-1.,-0.));
#12867 = ADVANCED_FACE('',(#12868),#12893,.T.);
#12868 = FACE_BOUND('',#12869,.T.);
#12869 = EDGE_LOOP('',(#12870,#12880,#12886,#12887));
#12870 = ORIENTED_EDGE('',*,*,#12871,.T.);
#12871 = EDGE_CURVE('',#12872,#12874,#12876,.T.);
#12872 = VERTEX_POINT('',#12873);
#12873 = CARTESIAN_POINT('',(5.1,1.81,6.35));
#12874 = VERTEX_POINT('',#12875);
#12875 = CARTESIAN_POINT('',(5.1,-0.69,6.35));
#12876 = LINE('',#12877,#12878);
#12877 = CARTESIAN_POINT('',(5.1,1.81,6.35));
#12878 = VECTOR('',#12879,1.);
#12879 = DIRECTION('',(0.,-1.,0.));
#12880 = ORIENTED_EDGE('',*,*,#12881,.F.);
#12881 = EDGE_CURVE('',#12841,#12874,#12882,.T.);
#12882 = LINE('',#12883,#12884);
#12883 = CARTESIAN_POINT('',(4.575,-0.69,6.35));
#12884 = VECTOR('',#12885,1.);
#12885 = DIRECTION('',(1.,0.,0.));
#12886 = ORIENTED_EDGE('',*,*,#12857,.F.);
#12887 = ORIENTED_EDGE('',*,*,#12888,.F.);
#12888 = EDGE_CURVE('',#12872,#12850,#12889,.T.);
#12889 = LINE('',#12890,#12891);
#12890 = CARTESIAN_POINT('',(5.1,1.81,6.35));
#12891 = VECTOR('',#12892,1.);
#12892 = DIRECTION('',(-1.,0.,0.));
#12893 = PLANE('',#12894);
#12894 = AXIS2_PLACEMENT_3D('',#12895,#12896,#12897);
#12895 = CARTESIAN_POINT('',(5.15,1.81,6.35));
#12896 = DIRECTION('',(0.,0.,-1.));
#12897 = DIRECTION('',(-1.,0.,0.));
#12898 = ADVANCED_FACE('',(#12899),#12924,.T.);
#12899 = FACE_BOUND('',#12900,.T.);
#12900 = EDGE_LOOP('',(#12901,#12909,#12910,#12918));
#12901 = ORIENTED_EDGE('',*,*,#12902,.T.);
#12902 = EDGE_CURVE('',#12903,#12874,#12905,.T.);
#12903 = VERTEX_POINT('',#12904);
#12904 = CARTESIAN_POINT('',(5.1,-0.69,7.35));
#12905 = LINE('',#12906,#12907);
#12906 = CARTESIAN_POINT('',(5.1,-0.69,7.35));
#12907 = VECTOR('',#12908,1.);
#12908 = DIRECTION('',(0.,0.,-1.));
#12909 = ORIENTED_EDGE('',*,*,#12871,.F.);
#12910 = ORIENTED_EDGE('',*,*,#12911,.F.);
#12911 = EDGE_CURVE('',#12912,#12872,#12914,.T.);
#12912 = VERTEX_POINT('',#12913);
#12913 = CARTESIAN_POINT('',(5.1,1.81,7.35));
#12914 = LINE('',#12915,#12916);
#12915 = CARTESIAN_POINT('',(5.1,1.81,7.35));
#12916 = VECTOR('',#12917,1.);
#12917 = DIRECTION('',(0.,0.,-1.));
#12918 = ORIENTED_EDGE('',*,*,#12919,.F.);
#12919 = EDGE_CURVE('',#12903,#12912,#12920,.T.);
#12920 = LINE('',#12921,#12922);
#12921 = CARTESIAN_POINT('',(5.1,-0.69,7.35));
#12922 = VECTOR('',#12923,1.);
#12923 = DIRECTION('',(0.,1.,0.));
#12924 = PLANE('',#12925);
#12925 = AXIS2_PLACEMENT_3D('',#12926,#12927,#12928);
#12926 = CARTESIAN_POINT('',(5.1,1.81,7.35));
#12927 = DIRECTION('',(1.,0.,0.));
#12928 = DIRECTION('',(0.,0.,-1.));
#12929 = ADVANCED_FACE('',(#12930),#12964,.F.);
#12930 = FACE_BOUND('',#12931,.T.);
#12931 = EDGE_LOOP('',(#12932,#12942,#12950,#12958));
#12932 = ORIENTED_EDGE('',*,*,#12933,.T.);
#12933 = EDGE_CURVE('',#12934,#12936,#12938,.T.);
#12934 = VERTEX_POINT('',#12935);
#12935 = CARTESIAN_POINT('',(4.075,-1.19,12.));
#12936 = VERTEX_POINT('',#12937);
#12937 = CARTESIAN_POINT('',(4.075,-1.19,9.02));
#12938 = LINE('',#12939,#12940);
#12939 = CARTESIAN_POINT('',(4.075,-1.19,12.));
#12940 = VECTOR('',#12941,1.);
#12941 = DIRECTION('',(0.,0.,-1.));
#12942 = ORIENTED_EDGE('',*,*,#12943,.F.);
#12943 = EDGE_CURVE('',#12944,#12936,#12946,.T.);
#12944 = VERTEX_POINT('',#12945);
#12945 = CARTESIAN_POINT('',(4.075,2.31,9.02));
#12946 = LINE('',#12947,#12948);
#12947 = CARTESIAN_POINT('',(4.075,2.31,9.02));
#12948 = VECTOR('',#12949,1.);
#12949 = DIRECTION('',(0.,-1.,0.));
#12950 = ORIENTED_EDGE('',*,*,#12951,.F.);
#12951 = EDGE_CURVE('',#12952,#12944,#12954,.T.);
#12952 = VERTEX_POINT('',#12953);
#12953 = CARTESIAN_POINT('',(4.075,2.31,12.));
#12954 = LINE('',#12955,#12956);
#12955 = CARTESIAN_POINT('',(4.075,2.31,12.));
#12956 = VECTOR('',#12957,1.);
#12957 = DIRECTION('',(0.,0.,-1.));
#12958 = ORIENTED_EDGE('',*,*,#12959,.T.);
#12959 = EDGE_CURVE('',#12952,#12934,#12960,.T.);
#12960 = LINE('',#12961,#12962);
#12961 = CARTESIAN_POINT('',(4.075,2.31,12.));
#12962 = VECTOR('',#12963,1.);
#12963 = DIRECTION('',(0.,-1.,0.));
#12964 = PLANE('',#12965);
#12965 = AXIS2_PLACEMENT_3D('',#12966,#12967,#12968);
#12966 = CARTESIAN_POINT('',(4.075,2.31,12.));
#12967 = DIRECTION('',(-1.,0.,0.));
#12968 = DIRECTION('',(0.,-1.,0.));
#12969 = ADVANCED_FACE('',(#12970),#12995,.F.);
#12970 = FACE_BOUND('',#12971,.T.);
#12971 = EDGE_LOOP('',(#12972,#12982,#12988,#12989));
#12972 = ORIENTED_EDGE('',*,*,#12973,.F.);
#12973 = EDGE_CURVE('',#12974,#12976,#12978,.T.);
#12974 = VERTEX_POINT('',#12975);
#12975 = CARTESIAN_POINT('',(5.05,-1.19,9.02));
#12976 = VERTEX_POINT('',#12977);
#12977 = CARTESIAN_POINT('',(5.05,-1.19,12.));
#12978 = LINE('',#12979,#12980);
#12979 = CARTESIAN_POINT('',(5.05,-1.19,9.02));
#12980 = VECTOR('',#12981,1.);
#12981 = DIRECTION('',(0.,0.,1.));
#12982 = ORIENTED_EDGE('',*,*,#12983,.F.);
#12983 = EDGE_CURVE('',#12936,#12974,#12984,.T.);
#12984 = LINE('',#12985,#12986);
#12985 = CARTESIAN_POINT('',(4.075,-1.19,9.02));
#12986 = VECTOR('',#12987,1.);
#12987 = DIRECTION('',(1.,0.,0.));
#12988 = ORIENTED_EDGE('',*,*,#12933,.F.);
#12989 = ORIENTED_EDGE('',*,*,#12990,.F.);
#12990 = EDGE_CURVE('',#12976,#12934,#12991,.T.);
#12991 = LINE('',#12992,#12993);
#12992 = CARTESIAN_POINT('',(5.05,-1.19,12.));
#12993 = VECTOR('',#12994,1.);
#12994 = DIRECTION('',(-1.,0.,0.));
#12995 = PLANE('',#12996);
#12996 = AXIS2_PLACEMENT_3D('',#12997,#12998,#12999);
#12997 = CARTESIAN_POINT('',(3.825,-1.19,12.));
#12998 = DIRECTION('',(0.,-1.,0.));
#12999 = DIRECTION('',(1.,0.,0.));
#13000 = ADVANCED_FACE('',(#13001),#13035,.F.);
#13001 = FACE_BOUND('',#13002,.T.);
#13002 = EDGE_LOOP('',(#13003,#13013,#13021,#13029));
#13003 = ORIENTED_EDGE('',*,*,#13004,.F.);
#13004 = EDGE_CURVE('',#13005,#13007,#13009,.T.);
#13005 = VERTEX_POINT('',#13006);
#13006 = CARTESIAN_POINT('',(-5.05,-1.19,12.));
#13007 = VERTEX_POINT('',#13008);
#13008 = CARTESIAN_POINT('',(-5.05,-1.19,9.02));
#13009 = LINE('',#13010,#13011);
#13010 = CARTESIAN_POINT('',(-5.05,-1.19,12.));
#13011 = VECTOR('',#13012,1.);
#13012 = DIRECTION('',(0.,0.,-1.));
#13013 = ORIENTED_EDGE('',*,*,#13014,.F.);
#13014 = EDGE_CURVE('',#13015,#13005,#13017,.T.);
#13015 = VERTEX_POINT('',#13016);
#13016 = CARTESIAN_POINT('',(-4.075,-1.19,12.));
#13017 = LINE('',#13018,#13019);
#13018 = CARTESIAN_POINT('',(-4.075,-1.19,12.));
#13019 = VECTOR('',#13020,1.);
#13020 = DIRECTION('',(-1.,0.,0.));
#13021 = ORIENTED_EDGE('',*,*,#13022,.T.);
#13022 = EDGE_CURVE('',#13015,#13023,#13025,.T.);
#13023 = VERTEX_POINT('',#13024);
#13024 = CARTESIAN_POINT('',(-4.075,-1.19,9.02));
#13025 = LINE('',#13026,#13027);
#13026 = CARTESIAN_POINT('',(-4.075,-1.19,12.));
#13027 = VECTOR('',#13028,1.);
#13028 = DIRECTION('',(0.,0.,-1.));
#13029 = ORIENTED_EDGE('',*,*,#13030,.F.);
#13030 = EDGE_CURVE('',#13007,#13023,#13031,.T.);
#13031 = LINE('',#13032,#13033);
#13032 = CARTESIAN_POINT('',(-5.05,-1.19,9.02));
#13033 = VECTOR('',#13034,1.);
#13034 = DIRECTION('',(1.,0.,0.));
#13035 = PLANE('',#13036);
#13036 = AXIS2_PLACEMENT_3D('',#13037,#13038,#13039);
#13037 = CARTESIAN_POINT('',(-4.675,-1.19,12.));
#13038 = DIRECTION('',(0.,-1.,0.));
#13039 = DIRECTION('',(1.,0.,0.));
#13040 = ADVANCED_FACE('',(#13041),#13066,.F.);
#13041 = FACE_BOUND('',#13042,.T.);
#13042 = EDGE_LOOP('',(#13043,#13053,#13059,#13060));
#13043 = ORIENTED_EDGE('',*,*,#13044,.T.);
#13044 = EDGE_CURVE('',#13045,#13047,#13049,.T.);
#13045 = VERTEX_POINT('',#13046);
#13046 = CARTESIAN_POINT('',(-4.075,2.31,12.));
#13047 = VERTEX_POINT('',#13048);
#13048 = CARTESIAN_POINT('',(-4.075,2.31,9.02));
#13049 = LINE('',#13050,#13051);
#13050 = CARTESIAN_POINT('',(-4.075,2.31,12.));
#13051 = VECTOR('',#13052,1.);
#13052 = DIRECTION('',(0.,0.,-1.));
#13053 = ORIENTED_EDGE('',*,*,#13054,.F.);
#13054 = EDGE_CURVE('',#13023,#13047,#13055,.T.);
#13055 = LINE('',#13056,#13057);
#13056 = CARTESIAN_POINT('',(-4.075,-1.19,9.02));
#13057 = VECTOR('',#13058,1.);
#13058 = DIRECTION('',(0.,1.,0.));
#13059 = ORIENTED_EDGE('',*,*,#13022,.F.);
#13060 = ORIENTED_EDGE('',*,*,#13061,.T.);
#13061 = EDGE_CURVE('',#13015,#13045,#13062,.T.);
#13062 = LINE('',#13063,#13064);
#13063 = CARTESIAN_POINT('',(-4.075,-1.19,12.));
#13064 = VECTOR('',#13065,1.);
#13065 = DIRECTION('',(0.,1.,0.));
#13066 = PLANE('',#13067);
#13067 = AXIS2_PLACEMENT_3D('',#13068,#13069,#13070);
#13068 = CARTESIAN_POINT('',(-4.075,-1.19,12.));
#13069 = DIRECTION('',(1.,0.,0.));
#13070 = DIRECTION('',(-0.,1.,0.));
#13071 = ADVANCED_FACE('',(#13072),#13097,.F.);
#13072 = FACE_BOUND('',#13073,.T.);
#13073 = EDGE_LOOP('',(#13074,#13084,#13090,#13091));
#13074 = ORIENTED_EDGE('',*,*,#13075,.F.);
#13075 = EDGE_CURVE('',#13076,#13078,#13080,.T.);
#13076 = VERTEX_POINT('',#13077);
#13077 = CARTESIAN_POINT('',(-5.05,2.31,9.02));
#13078 = VERTEX_POINT('',#13079);
#13079 = CARTESIAN_POINT('',(-5.05,2.31,12.));
#13080 = LINE('',#13081,#13082);
#13081 = CARTESIAN_POINT('',(-5.05,2.31,9.02));
#13082 = VECTOR('',#13083,1.);
#13083 = DIRECTION('',(0.,0.,1.));
#13084 = ORIENTED_EDGE('',*,*,#13085,.F.);
#13085 = EDGE_CURVE('',#13047,#13076,#13086,.T.);
#13086 = LINE('',#13087,#13088);
#13087 = CARTESIAN_POINT('',(-4.075,2.31,9.02));
#13088 = VECTOR('',#13089,1.);
#13089 = DIRECTION('',(-1.,0.,0.));
#13090 = ORIENTED_EDGE('',*,*,#13044,.F.);
#13091 = ORIENTED_EDGE('',*,*,#13092,.F.);
#13092 = EDGE_CURVE('',#13078,#13045,#13093,.T.);
#13093 = LINE('',#13094,#13095);
#13094 = CARTESIAN_POINT('',(-5.05,2.31,12.));
#13095 = VECTOR('',#13096,1.);
#13096 = DIRECTION('',(1.,0.,0.));
#13097 = PLANE('',#13098);
#13098 = AXIS2_PLACEMENT_3D('',#13099,#13100,#13101);
#13099 = CARTESIAN_POINT('',(-3.825,2.31,12.));
#13100 = DIRECTION('',(0.,1.,0.));
#13101 = DIRECTION('',(-1.,0.,0.));
#13102 = ADVANCED_FACE('',(#13103),#13130,.F.);
#13103 = FACE_BOUND('',#13104,.F.);
#13104 = EDGE_LOOP('',(#13105,#13115,#13122,#13123));
#13105 = ORIENTED_EDGE('',*,*,#13106,.T.);
#13106 = EDGE_CURVE('',#13107,#13109,#13111,.T.);
#13107 = VERTEX_POINT('',#13108);
#13108 = CARTESIAN_POINT('',(3.4,-2.8,10.75));
#13109 = VERTEX_POINT('',#13110);
#13110 = CARTESIAN_POINT('',(3.4,-2.8,9.02));
#13111 = LINE('',#13112,#13113);
#13112 = CARTESIAN_POINT('',(3.4,-2.8,9.15));
#13113 = VECTOR('',#13114,1.);
#13114 = DIRECTION('',(0.,0.,-1.));
#13115 = ORIENTED_EDGE('',*,*,#13116,.F.);
#13116 = EDGE_CURVE('',#13109,#13109,#13117,.T.);
#13117 = CIRCLE('',#13118,0.6);
#13118 = AXIS2_PLACEMENT_3D('',#13119,#13120,#13121);
#13119 = CARTESIAN_POINT('',(4.,-2.8,9.02));
#13120 = DIRECTION('',(0.,0.,-1.));
#13121 = DIRECTION('',(1.,0.,0.));
#13122 = ORIENTED_EDGE('',*,*,#13106,.F.);
#13123 = ORIENTED_EDGE('',*,*,#13124,.T.);
#13124 = EDGE_CURVE('',#13107,#13107,#13125,.T.);
#13125 = CIRCLE('',#13126,0.6);
#13126 = AXIS2_PLACEMENT_3D('',#13127,#13128,#13129);
#13127 = CARTESIAN_POINT('',(4.,-2.8,10.75));
#13128 = DIRECTION('',(0.,0.,-1.));
#13129 = DIRECTION('',(-1.,0.,0.));
#13130 = CYLINDRICAL_SURFACE('',#13131,0.6);
#13131 = AXIS2_PLACEMENT_3D('',#13132,#13133,#13134);
#13132 = CARTESIAN_POINT('',(4.,-2.8,9.15));
#13133 = DIRECTION('',(0.,0.,-1.));
#13134 = DIRECTION('',(1.,0.,0.));
#13135 = ADVANCED_FACE('',(#13136),#13139,.T.);
#13136 = FACE_BOUND('',#13137,.T.);
#13137 = EDGE_LOOP('',(#13138));
#13138 = ORIENTED_EDGE('',*,*,#13124,.T.);
#13139 = PLANE('',#13140);
#13140 = AXIS2_PLACEMENT_3D('',#13141,#13142,#13143);
#13141 = CARTESIAN_POINT('',(-6.,4.4,10.75));
#13142 = DIRECTION('',(0.,0.,-1.));
#13143 = DIRECTION('',(-1.,0.,0.));
#13144 = ADVANCED_FACE('',(#13145),#13156,.T.);
#13145 = FACE_BOUND('',#13146,.T.);
#13146 = EDGE_LOOP('',(#13147));
#13147 = ORIENTED_EDGE('',*,*,#13148,.T.);
#13148 = EDGE_CURVE('',#13149,#13149,#13151,.T.);
#13149 = VERTEX_POINT('',#13150);
#13150 = CARTESIAN_POINT('',(-4.6,-2.8,10.75));
#13151 = CIRCLE('',#13152,0.6);
#13152 = AXIS2_PLACEMENT_3D('',#13153,#13154,#13155);
#13153 = CARTESIAN_POINT('',(-4.,-2.8,10.75));
#13154 = DIRECTION('',(0.,0.,-1.));
#13155 = DIRECTION('',(-1.,0.,0.));
#13156 = PLANE('',#13157);
#13157 = AXIS2_PLACEMENT_3D('',#13158,#13159,#13160);
#13158 = CARTESIAN_POINT('',(-6.,4.4,10.75));
#13159 = DIRECTION('',(0.,0.,-1.));
#13160 = DIRECTION('',(-1.,0.,0.));
#13161 = ADVANCED_FACE('',(#13162),#13181,.F.);
#13162 = FACE_BOUND('',#13163,.F.);
#13163 = EDGE_LOOP('',(#13164,#13172,#13179,#13180));
#13164 = ORIENTED_EDGE('',*,*,#13165,.T.);
#13165 = EDGE_CURVE('',#13149,#13166,#13168,.T.);
#13166 = VERTEX_POINT('',#13167);
#13167 = CARTESIAN_POINT('',(-4.6,-2.8,9.02));
#13168 = LINE('',#13169,#13170);
#13169 = CARTESIAN_POINT('',(-4.6,-2.8,9.15));
#13170 = VECTOR('',#13171,1.);
#13171 = DIRECTION('',(0.,0.,-1.));
#13172 = ORIENTED_EDGE('',*,*,#13173,.F.);
#13173 = EDGE_CURVE('',#13166,#13166,#13174,.T.);
#13174 = CIRCLE('',#13175,0.6);
#13175 = AXIS2_PLACEMENT_3D('',#13176,#13177,#13178);
#13176 = CARTESIAN_POINT('',(-4.,-2.8,9.02));
#13177 = DIRECTION('',(0.,0.,-1.));
#13178 = DIRECTION('',(1.,0.,0.));
#13179 = ORIENTED_EDGE('',*,*,#13165,.F.);
#13180 = ORIENTED_EDGE('',*,*,#13148,.T.);
#13181 = CYLINDRICAL_SURFACE('',#13182,0.6);
#13182 = AXIS2_PLACEMENT_3D('',#13183,#13184,#13185);
#13183 = CARTESIAN_POINT('',(-4.,-2.8,9.15));
#13184 = DIRECTION('',(0.,0.,-1.));
#13185 = DIRECTION('',(1.,0.,0.));
#13186 = ADVANCED_FACE('',(#13187),#13214,.T.);
#13187 = FACE_BOUND('',#13188,.T.);
#13188 = EDGE_LOOP('',(#13189,#13198,#13206,#13213));
#13189 = ORIENTED_EDGE('',*,*,#13190,.F.);
#13190 = EDGE_CURVE('',#13191,#13191,#13193,.T.);
#13191 = VERTEX_POINT('',#13192);
#13192 = CARTESIAN_POINT('',(-1.,0.5,9.42));
#13193 = CIRCLE('',#13194,1.);
#13194 = AXIS2_PLACEMENT_3D('',#13195,#13196,#13197);
#13195 = CARTESIAN_POINT('',(0.,0.5,9.42));
#13196 = DIRECTION('',(0.,-3.933386122928E-14,-1.));
#13197 = DIRECTION('',(1.,0.,0.));
#13198 = ORIENTED_EDGE('',*,*,#13199,.T.);
#13199 = EDGE_CURVE('',#13191,#13200,#13202,.T.);
#13200 = VERTEX_POINT('',#13201);
#13201 = CARTESIAN_POINT('',(-1.,0.5,9.82));
#13202 = LINE('',#13203,#13204);
#13203 = CARTESIAN_POINT('',(-1.,0.5,9.95));
#13204 = VECTOR('',#13205,1.);
#13205 = DIRECTION('',(0.,0.,1.));
#13206 = ORIENTED_EDGE('',*,*,#13207,.T.);
#13207 = EDGE_CURVE('',#13200,#13200,#13208,.T.);
#13208 = CIRCLE('',#13209,1.);
#13209 = AXIS2_PLACEMENT_3D('',#13210,#13211,#13212);
#13210 = CARTESIAN_POINT('',(0.,0.5,9.82));
#13211 = DIRECTION('',(0.,0.,-1.));
#13212 = DIRECTION('',(1.,0.,0.));
#13213 = ORIENTED_EDGE('',*,*,#13199,.F.);
#13214 = CYLINDRICAL_SURFACE('',#13215,1.);
#13215 = AXIS2_PLACEMENT_3D('',#13216,#13217,#13218);
#13216 = CARTESIAN_POINT('',(0.,0.5,9.95));
#13217 = DIRECTION('',(0.,0.,-1.));
#13218 = DIRECTION('',(1.,0.,0.));
#13219 = ADVANCED_FACE('',(#13220),#13254,.F.);
#13220 = FACE_BOUND('',#13221,.T.);
#13221 = EDGE_LOOP('',(#13222,#13232,#13240,#13248));
#13222 = ORIENTED_EDGE('',*,*,#13223,.T.);
#13223 = EDGE_CURVE('',#13224,#13226,#13228,.T.);
#13224 = VERTEX_POINT('',#13225);
#13225 = CARTESIAN_POINT('',(2.85,-1.,9.02));
#13226 = VERTEX_POINT('',#13227);
#13227 = CARTESIAN_POINT('',(2.85,-1.,9.82));
#13228 = LINE('',#13229,#13230);
#13229 = CARTESIAN_POINT('',(2.85,-1.,9.02));
#13230 = VECTOR('',#13231,1.);
#13231 = DIRECTION('',(0.,0.,1.));
#13232 = ORIENTED_EDGE('',*,*,#13233,.F.);
#13233 = EDGE_CURVE('',#13234,#13226,#13236,.T.);
#13234 = VERTEX_POINT('',#13235);
#13235 = CARTESIAN_POINT('',(3.75,-1.,9.82));
#13236 = LINE('',#13237,#13238);
#13237 = CARTESIAN_POINT('',(3.75,-1.,9.82));
#13238 = VECTOR('',#13239,1.);
#13239 = DIRECTION('',(-1.,0.,0.));
#13240 = ORIENTED_EDGE('',*,*,#13241,.F.);
#13241 = EDGE_CURVE('',#13242,#13234,#13244,.T.);
#13242 = VERTEX_POINT('',#13243);
#13243 = CARTESIAN_POINT('',(3.75,-1.,9.02));
#13244 = LINE('',#13245,#13246);
#13245 = CARTESIAN_POINT('',(3.75,-1.,9.02));
#13246 = VECTOR('',#13247,1.);
#13247 = DIRECTION('',(0.,0.,1.));
#13248 = ORIENTED_EDGE('',*,*,#13249,.T.);
#13249 = EDGE_CURVE('',#13242,#13224,#13250,.T.);
#13250 = LINE('',#13251,#13252);
#13251 = CARTESIAN_POINT('',(3.75,-1.,9.02));
#13252 = VECTOR('',#13253,1.);
#13253 = DIRECTION('',(-1.,0.,0.));
#13254 = PLANE('',#13255);
#13255 = AXIS2_PLACEMENT_3D('',#13256,#13257,#13258);
#13256 = CARTESIAN_POINT('',(3.75,-1.,9.15));
#13257 = DIRECTION('',(0.,-1.,0.));
#13258 = DIRECTION('',(-1.,0.,0.));
#13259 = ADVANCED_FACE('',(#13260),#13285,.F.);
#13260 = FACE_BOUND('',#13261,.T.);
#13261 = EDGE_LOOP('',(#13262,#13263,#13271,#13279));
#13262 = ORIENTED_EDGE('',*,*,#13241,.T.);
#13263 = ORIENTED_EDGE('',*,*,#13264,.F.);
#13264 = EDGE_CURVE('',#13265,#13234,#13267,.T.);
#13265 = VERTEX_POINT('',#13266);
#13266 = CARTESIAN_POINT('',(3.75,2.,9.82));
#13267 = LINE('',#13268,#13269);
#13268 = CARTESIAN_POINT('',(3.75,2.,9.82));
#13269 = VECTOR('',#13270,1.);
#13270 = DIRECTION('',(0.,-1.,0.));
#13271 = ORIENTED_EDGE('',*,*,#13272,.F.);
#13272 = EDGE_CURVE('',#13273,#13265,#13275,.T.);
#13273 = VERTEX_POINT('',#13274);
#13274 = CARTESIAN_POINT('',(3.75,2.,9.02));
#13275 = LINE('',#13276,#13277);
#13276 = CARTESIAN_POINT('',(3.75,2.,9.02));
#13277 = VECTOR('',#13278,1.);
#13278 = DIRECTION('',(0.,0.,1.));
#13279 = ORIENTED_EDGE('',*,*,#13280,.T.);
#13280 = EDGE_CURVE('',#13273,#13242,#13281,.T.);
#13281 = LINE('',#13282,#13283);
#13282 = CARTESIAN_POINT('',(3.75,2.,9.02));
#13283 = VECTOR('',#13284,1.);
#13284 = DIRECTION('',(0.,-1.,0.));
#13285 = PLANE('',#13286);
#13286 = AXIS2_PLACEMENT_3D('',#13287,#13288,#13289);
#13287 = CARTESIAN_POINT('',(3.75,2.,9.15));
#13288 = DIRECTION('',(1.,0.,0.));
#13289 = DIRECTION('',(0.,-1.,0.));
#13290 = ADVANCED_FACE('',(#13291),#13316,.F.);
#13291 = FACE_BOUND('',#13292,.T.);
#13292 = EDGE_LOOP('',(#13293,#13294,#13302,#13310));
#13293 = ORIENTED_EDGE('',*,*,#13272,.T.);
#13294 = ORIENTED_EDGE('',*,*,#13295,.F.);
#13295 = EDGE_CURVE('',#13296,#13265,#13298,.T.);
#13296 = VERTEX_POINT('',#13297);
#13297 = CARTESIAN_POINT('',(2.85,2.,9.82));
#13298 = LINE('',#13299,#13300);
#13299 = CARTESIAN_POINT('',(2.85,2.,9.82));
#13300 = VECTOR('',#13301,1.);
#13301 = DIRECTION('',(1.,0.,0.));
#13302 = ORIENTED_EDGE('',*,*,#13303,.F.);
#13303 = EDGE_CURVE('',#13304,#13296,#13306,.T.);
#13304 = VERTEX_POINT('',#13305);
#13305 = CARTESIAN_POINT('',(2.85,2.,9.02));
#13306 = LINE('',#13307,#13308);
#13307 = CARTESIAN_POINT('',(2.85,2.,9.02));
#13308 = VECTOR('',#13309,1.);
#13309 = DIRECTION('',(0.,0.,1.));
#13310 = ORIENTED_EDGE('',*,*,#13311,.T.);
#13311 = EDGE_CURVE('',#13304,#13273,#13312,.T.);
#13312 = LINE('',#13313,#13314);
#13313 = CARTESIAN_POINT('',(2.85,2.,9.02));
#13314 = VECTOR('',#13315,1.);
#13315 = DIRECTION('',(1.,0.,0.));
#13316 = PLANE('',#13317);
#13317 = AXIS2_PLACEMENT_3D('',#13318,#13319,#13320);
#13318 = CARTESIAN_POINT('',(2.85,2.,9.15));
#13319 = DIRECTION('',(0.,1.,0.));
#13320 = DIRECTION('',(1.,0.,0.));
#13321 = ADVANCED_FACE('',(#13322),#13347,.F.);
#13322 = FACE_BOUND('',#13323,.T.);
#13323 = EDGE_LOOP('',(#13324,#13325,#13333,#13341));
#13324 = ORIENTED_EDGE('',*,*,#13303,.T.);
#13325 = ORIENTED_EDGE('',*,*,#13326,.F.);
#13326 = EDGE_CURVE('',#13327,#13296,#13329,.T.);
#13327 = VERTEX_POINT('',#13328);
#13328 = CARTESIAN_POINT('',(2.85,2.975,9.82));
#13329 = LINE('',#13330,#13331);
#13330 = CARTESIAN_POINT('',(2.85,2.975,9.82));
#13331 = VECTOR('',#13332,1.);
#13332 = DIRECTION('',(0.,-1.,0.));
#13333 = ORIENTED_EDGE('',*,*,#13334,.F.);
#13334 = EDGE_CURVE('',#13335,#13327,#13337,.T.);
#13335 = VERTEX_POINT('',#13336);
#13336 = CARTESIAN_POINT('',(2.85,2.975,9.02));
#13337 = LINE('',#13338,#13339);
#13338 = CARTESIAN_POINT('',(2.85,2.975,9.02));
#13339 = VECTOR('',#13340,1.);
#13340 = DIRECTION('',(0.,0.,1.));
#13341 = ORIENTED_EDGE('',*,*,#13342,.T.);
#13342 = EDGE_CURVE('',#13335,#13304,#13343,.T.);
#13343 = LINE('',#13344,#13345);
#13344 = CARTESIAN_POINT('',(2.85,2.975,9.02));
#13345 = VECTOR('',#13346,1.);
#13346 = DIRECTION('',(0.,-1.,0.));
#13347 = PLANE('',#13348);
#13348 = AXIS2_PLACEMENT_3D('',#13349,#13350,#13351);
#13349 = CARTESIAN_POINT('',(2.85,2.975,9.15));
#13350 = DIRECTION('',(1.,0.,0.));
#13351 = DIRECTION('',(0.,-1.,0.));
#13352 = ADVANCED_FACE('',(#13353),#13378,.F.);
#13353 = FACE_BOUND('',#13354,.T.);
#13354 = EDGE_LOOP('',(#13355,#13356,#13364,#13372));
#13355 = ORIENTED_EDGE('',*,*,#13334,.T.);
#13356 = ORIENTED_EDGE('',*,*,#13357,.F.);
#13357 = EDGE_CURVE('',#13358,#13327,#13360,.T.);
#13358 = VERTEX_POINT('',#13359);
#13359 = CARTESIAN_POINT('',(-2.85,2.975,9.82));
#13360 = LINE('',#13361,#13362);
#13361 = CARTESIAN_POINT('',(-2.85,2.975,9.82));
#13362 = VECTOR('',#13363,1.);
#13363 = DIRECTION('',(1.,0.,0.));
#13364 = ORIENTED_EDGE('',*,*,#13365,.F.);
#13365 = EDGE_CURVE('',#13366,#13358,#13368,.T.);
#13366 = VERTEX_POINT('',#13367);
#13367 = CARTESIAN_POINT('',(-2.85,2.975,9.02));
#13368 = LINE('',#13369,#13370);
#13369 = CARTESIAN_POINT('',(-2.85,2.975,9.02));
#13370 = VECTOR('',#13371,1.);
#13371 = DIRECTION('',(0.,0.,1.));
#13372 = ORIENTED_EDGE('',*,*,#13373,.T.);
#13373 = EDGE_CURVE('',#13366,#13335,#13374,.T.);
#13374 = LINE('',#13375,#13376);
#13375 = CARTESIAN_POINT('',(-2.85,2.975,9.02));
#13376 = VECTOR('',#13377,1.);
#13377 = DIRECTION('',(1.,0.,0.));
#13378 = PLANE('',#13379);
#13379 = AXIS2_PLACEMENT_3D('',#13380,#13381,#13382);
#13380 = CARTESIAN_POINT('',(-2.85,2.975,9.15));
#13381 = DIRECTION('',(0.,1.,0.));
#13382 = DIRECTION('',(1.,0.,0.));
#13383 = ADVANCED_FACE('',(#13384),#13409,.F.);
#13384 = FACE_BOUND('',#13385,.T.);
#13385 = EDGE_LOOP('',(#13386,#13387,#13395,#13403));
#13386 = ORIENTED_EDGE('',*,*,#13365,.T.);
#13387 = ORIENTED_EDGE('',*,*,#13388,.F.);
#13388 = EDGE_CURVE('',#13389,#13358,#13391,.T.);
#13389 = VERTEX_POINT('',#13390);
#13390 = CARTESIAN_POINT('',(-2.85,2.,9.82));
#13391 = LINE('',#13392,#13393);
#13392 = CARTESIAN_POINT('',(-2.85,2.,9.82));
#13393 = VECTOR('',#13394,1.);
#13394 = DIRECTION('',(0.,1.,0.));
#13395 = ORIENTED_EDGE('',*,*,#13396,.F.);
#13396 = EDGE_CURVE('',#13397,#13389,#13399,.T.);
#13397 = VERTEX_POINT('',#13398);
#13398 = CARTESIAN_POINT('',(-2.85,2.,9.02));
#13399 = LINE('',#13400,#13401);
#13400 = CARTESIAN_POINT('',(-2.85,2.,9.02));
#13401 = VECTOR('',#13402,1.);
#13402 = DIRECTION('',(0.,0.,1.));
#13403 = ORIENTED_EDGE('',*,*,#13404,.T.);
#13404 = EDGE_CURVE('',#13397,#13366,#13405,.T.);
#13405 = LINE('',#13406,#13407);
#13406 = CARTESIAN_POINT('',(-2.85,2.,9.02));
#13407 = VECTOR('',#13408,1.);
#13408 = DIRECTION('',(0.,1.,0.));
#13409 = PLANE('',#13410);
#13410 = AXIS2_PLACEMENT_3D('',#13411,#13412,#13413);
#13411 = CARTESIAN_POINT('',(-2.85,2.,9.15));
#13412 = DIRECTION('',(-1.,0.,0.));
#13413 = DIRECTION('',(0.,1.,0.));
#13414 = ADVANCED_FACE('',(#13415),#13440,.F.);
#13415 = FACE_BOUND('',#13416,.T.);
#13416 = EDGE_LOOP('',(#13417,#13418,#13426,#13434));
#13417 = ORIENTED_EDGE('',*,*,#13396,.T.);
#13418 = ORIENTED_EDGE('',*,*,#13419,.F.);
#13419 = EDGE_CURVE('',#13420,#13389,#13422,.T.);
#13420 = VERTEX_POINT('',#13421);
#13421 = CARTESIAN_POINT('',(-3.75,2.,9.82));
#13422 = LINE('',#13423,#13424);
#13423 = CARTESIAN_POINT('',(-3.75,2.,9.82));
#13424 = VECTOR('',#13425,1.);
#13425 = DIRECTION('',(1.,0.,0.));
#13426 = ORIENTED_EDGE('',*,*,#13427,.F.);
#13427 = EDGE_CURVE('',#13428,#13420,#13430,.T.);
#13428 = VERTEX_POINT('',#13429);
#13429 = CARTESIAN_POINT('',(-3.75,2.,9.02));
#13430 = LINE('',#13431,#13432);
#13431 = CARTESIAN_POINT('',(-3.75,2.,9.02));
#13432 = VECTOR('',#13433,1.);
#13433 = DIRECTION('',(0.,0.,1.));
#13434 = ORIENTED_EDGE('',*,*,#13435,.T.);
#13435 = EDGE_CURVE('',#13428,#13397,#13436,.T.);
#13436 = LINE('',#13437,#13438);
#13437 = CARTESIAN_POINT('',(-3.75,2.,9.02));
#13438 = VECTOR('',#13439,1.);
#13439 = DIRECTION('',(1.,0.,0.));
#13440 = PLANE('',#13441);
#13441 = AXIS2_PLACEMENT_3D('',#13442,#13443,#13444);
#13442 = CARTESIAN_POINT('',(-3.75,2.,9.15));
#13443 = DIRECTION('',(0.,1.,0.));
#13444 = DIRECTION('',(1.,0.,0.));
#13445 = ADVANCED_FACE('',(#13446),#13471,.F.);
#13446 = FACE_BOUND('',#13447,.T.);
#13447 = EDGE_LOOP('',(#13448,#13449,#13457,#13465));
#13448 = ORIENTED_EDGE('',*,*,#13427,.T.);
#13449 = ORIENTED_EDGE('',*,*,#13450,.F.);
#13450 = EDGE_CURVE('',#13451,#13420,#13453,.T.);
#13451 = VERTEX_POINT('',#13452);
#13452 = CARTESIAN_POINT('',(-3.75,-1.,9.82));
#13453 = LINE('',#13454,#13455);
#13454 = CARTESIAN_POINT('',(-3.75,-1.,9.82));
#13455 = VECTOR('',#13456,1.);
#13456 = DIRECTION('',(0.,1.,0.));
#13457 = ORIENTED_EDGE('',*,*,#13458,.F.);
#13458 = EDGE_CURVE('',#13459,#13451,#13461,.T.);
#13459 = VERTEX_POINT('',#13460);
#13460 = CARTESIAN_POINT('',(-3.75,-1.,9.02));
#13461 = LINE('',#13462,#13463);
#13462 = CARTESIAN_POINT('',(-3.75,-1.,9.02));
#13463 = VECTOR('',#13464,1.);
#13464 = DIRECTION('',(0.,0.,1.));
#13465 = ORIENTED_EDGE('',*,*,#13466,.T.);
#13466 = EDGE_CURVE('',#13459,#13428,#13467,.T.);
#13467 = LINE('',#13468,#13469);
#13468 = CARTESIAN_POINT('',(-3.75,-1.,9.02));
#13469 = VECTOR('',#13470,1.);
#13470 = DIRECTION('',(0.,1.,0.));
#13471 = PLANE('',#13472);
#13472 = AXIS2_PLACEMENT_3D('',#13473,#13474,#13475);
#13473 = CARTESIAN_POINT('',(-3.75,-1.,9.15));
#13474 = DIRECTION('',(-1.,0.,0.));
#13475 = DIRECTION('',(0.,1.,0.));
#13476 = ADVANCED_FACE('',(#13477),#13502,.F.);
#13477 = FACE_BOUND('',#13478,.T.);
#13478 = EDGE_LOOP('',(#13479,#13480,#13488,#13496));
#13479 = ORIENTED_EDGE('',*,*,#13458,.T.);
#13480 = ORIENTED_EDGE('',*,*,#13481,.F.);
#13481 = EDGE_CURVE('',#13482,#13451,#13484,.T.);
#13482 = VERTEX_POINT('',#13483);
#13483 = CARTESIAN_POINT('',(-2.85,-1.,9.82));
#13484 = LINE('',#13485,#13486);
#13485 = CARTESIAN_POINT('',(-2.85,-1.,9.82));
#13486 = VECTOR('',#13487,1.);
#13487 = DIRECTION('',(-1.,0.,0.));
#13488 = ORIENTED_EDGE('',*,*,#13489,.F.);
#13489 = EDGE_CURVE('',#13490,#13482,#13492,.T.);
#13490 = VERTEX_POINT('',#13491);
#13491 = CARTESIAN_POINT('',(-2.85,-1.,9.02));
#13492 = LINE('',#13493,#13494);
#13493 = CARTESIAN_POINT('',(-2.85,-1.,9.02));
#13494 = VECTOR('',#13495,1.);
#13495 = DIRECTION('',(0.,0.,1.));
#13496 = ORIENTED_EDGE('',*,*,#13497,.T.);
#13497 = EDGE_CURVE('',#13490,#13459,#13498,.T.);
#13498 = LINE('',#13499,#13500);
#13499 = CARTESIAN_POINT('',(-2.85,-1.,9.02));
#13500 = VECTOR('',#13501,1.);
#13501 = DIRECTION('',(-1.,0.,0.));
#13502 = PLANE('',#13503);
#13503 = AXIS2_PLACEMENT_3D('',#13504,#13505,#13506);
#13504 = CARTESIAN_POINT('',(-2.85,-1.,9.15));
#13505 = DIRECTION('',(0.,-1.,0.));
#13506 = DIRECTION('',(-1.,0.,0.));
#13507 = ADVANCED_FACE('',(#13508),#13533,.F.);
#13508 = FACE_BOUND('',#13509,.T.);
#13509 = EDGE_LOOP('',(#13510,#13511,#13519,#13527));
#13510 = ORIENTED_EDGE('',*,*,#13489,.T.);
#13511 = ORIENTED_EDGE('',*,*,#13512,.T.);
#13512 = EDGE_CURVE('',#13482,#13513,#13515,.T.);
#13513 = VERTEX_POINT('',#13514);
#13514 = CARTESIAN_POINT('',(-2.85,-2.775,9.82));
#13515 = LINE('',#13516,#13517);
#13516 = CARTESIAN_POINT('',(-2.85,-1.,9.82));
#13517 = VECTOR('',#13518,1.);
#13518 = DIRECTION('',(0.,-1.,0.));
#13519 = ORIENTED_EDGE('',*,*,#13520,.F.);
#13520 = EDGE_CURVE('',#13521,#13513,#13523,.T.);
#13521 = VERTEX_POINT('',#13522);
#13522 = CARTESIAN_POINT('',(-2.85,-2.775,9.02));
#13523 = LINE('',#13524,#13525);
#13524 = CARTESIAN_POINT('',(-2.85,-2.775,9.02));
#13525 = VECTOR('',#13526,1.);
#13526 = DIRECTION('',(0.,0.,1.));
#13527 = ORIENTED_EDGE('',*,*,#13528,.F.);
#13528 = EDGE_CURVE('',#13490,#13521,#13529,.T.);
#13529 = LINE('',#13530,#13531);
#13530 = CARTESIAN_POINT('',(-2.85,-1.,9.02));
#13531 = VECTOR('',#13532,1.);
#13532 = DIRECTION('',(0.,-1.,0.));
#13533 = PLANE('',#13534);
#13534 = AXIS2_PLACEMENT_3D('',#13535,#13536,#13537);
#13535 = CARTESIAN_POINT('',(-2.85,-1.975,9.15));
#13536 = DIRECTION('',(-1.,0.,0.));
#13537 = DIRECTION('',(0.,1.,0.));
#13538 = ADVANCED_FACE('',(#13539,#13565),#13568,.T.);
#13539 = FACE_BOUND('',#13540,.T.);
#13540 = EDGE_LOOP('',(#13541,#13542,#13543,#13544,#13545,#13546,#13547,
    #13548,#13549,#13550,#13558,#13564));
#13541 = ORIENTED_EDGE('',*,*,#13481,.T.);
#13542 = ORIENTED_EDGE('',*,*,#13450,.T.);
#13543 = ORIENTED_EDGE('',*,*,#13419,.T.);
#13544 = ORIENTED_EDGE('',*,*,#13388,.T.);
#13545 = ORIENTED_EDGE('',*,*,#13357,.T.);
#13546 = ORIENTED_EDGE('',*,*,#13326,.T.);
#13547 = ORIENTED_EDGE('',*,*,#13295,.T.);
#13548 = ORIENTED_EDGE('',*,*,#13264,.T.);
#13549 = ORIENTED_EDGE('',*,*,#13233,.T.);
#13550 = ORIENTED_EDGE('',*,*,#13551,.F.);
#13551 = EDGE_CURVE('',#13552,#13226,#13554,.T.);
#13552 = VERTEX_POINT('',#13553);
#13553 = CARTESIAN_POINT('',(2.85,-2.775,9.82));
#13554 = LINE('',#13555,#13556);
#13555 = CARTESIAN_POINT('',(2.85,-2.775,9.82));
#13556 = VECTOR('',#13557,1.);
#13557 = DIRECTION('',(0.,1.,0.));
#13558 = ORIENTED_EDGE('',*,*,#13559,.T.);
#13559 = EDGE_CURVE('',#13552,#13513,#13560,.T.);
#13560 = LINE('',#13561,#13562);
#13561 = CARTESIAN_POINT('',(2.85,-2.775,9.82));
#13562 = VECTOR('',#13563,1.);
#13563 = DIRECTION('',(-1.,0.,0.));
#13564 = ORIENTED_EDGE('',*,*,#13512,.F.);
#13565 = FACE_BOUND('',#13566,.T.);
#13566 = EDGE_LOOP('',(#13567));
#13567 = ORIENTED_EDGE('',*,*,#13207,.F.);
#13568 = PLANE('',#13569);
#13569 = AXIS2_PLACEMENT_3D('',#13570,#13571,#13572);
#13570 = CARTESIAN_POINT('',(-6.,-4.2,9.82));
#13571 = DIRECTION('',(0.,0.,-1.));
#13572 = DIRECTION('',(1.,0.,0.));
#13573 = ADVANCED_FACE('',(#13574),#13592,.F.);
#13574 = FACE_BOUND('',#13575,.T.);
#13575 = EDGE_LOOP('',(#13576,#13577,#13585,#13591));
#13576 = ORIENTED_EDGE('',*,*,#13223,.F.);
#13577 = ORIENTED_EDGE('',*,*,#13578,.F.);
#13578 = EDGE_CURVE('',#13579,#13224,#13581,.T.);
#13579 = VERTEX_POINT('',#13580);
#13580 = CARTESIAN_POINT('',(2.85,-2.775,9.02));
#13581 = LINE('',#13582,#13583);
#13582 = CARTESIAN_POINT('',(2.85,-2.775,9.02));
#13583 = VECTOR('',#13584,1.);
#13584 = DIRECTION('',(0.,1.,0.));
#13585 = ORIENTED_EDGE('',*,*,#13586,.T.);
#13586 = EDGE_CURVE('',#13579,#13552,#13587,.T.);
#13587 = LINE('',#13588,#13589);
#13588 = CARTESIAN_POINT('',(2.85,-2.775,9.02));
#13589 = VECTOR('',#13590,1.);
#13590 = DIRECTION('',(0.,0.,1.));
#13591 = ORIENTED_EDGE('',*,*,#13551,.T.);
#13592 = PLANE('',#13593);
#13593 = AXIS2_PLACEMENT_3D('',#13594,#13595,#13596);
#13594 = CARTESIAN_POINT('',(2.85,-1.,9.15));
#13595 = DIRECTION('',(1.,0.,0.));
#13596 = DIRECTION('',(0.,-1.,0.));
#13597 = ADVANCED_FACE('',(#13598),#13609,.F.);
#13598 = FACE_BOUND('',#13599,.T.);
#13599 = EDGE_LOOP('',(#13600,#13601,#13602,#13603));
#13600 = ORIENTED_EDGE('',*,*,#13520,.T.);
#13601 = ORIENTED_EDGE('',*,*,#13559,.F.);
#13602 = ORIENTED_EDGE('',*,*,#13586,.F.);
#13603 = ORIENTED_EDGE('',*,*,#13604,.T.);
#13604 = EDGE_CURVE('',#13579,#13521,#13605,.T.);
#13605 = LINE('',#13606,#13607);
#13606 = CARTESIAN_POINT('',(2.85,-2.775,9.02));
#13607 = VECTOR('',#13608,1.);
#13608 = DIRECTION('',(-1.,0.,0.));
#13609 = PLANE('',#13610);
#13610 = AXIS2_PLACEMENT_3D('',#13611,#13612,#13613);
#13611 = CARTESIAN_POINT('',(2.85,-2.775,9.15));
#13612 = DIRECTION('',(0.,-1.,0.));
#13613 = DIRECTION('',(-1.,0.,0.));
#13614 = ADVANCED_FACE('',(#13615),#13642,.F.);
#13615 = FACE_BOUND('',#13616,.F.);
#13616 = EDGE_LOOP('',(#13617,#13627,#13634,#13635));
#13617 = ORIENTED_EDGE('',*,*,#13618,.T.);
#13618 = EDGE_CURVE('',#13619,#13621,#13623,.T.);
#13619 = VERTEX_POINT('',#13620);
#13620 = CARTESIAN_POINT('',(-3.5,3.2,10.75));
#13621 = VERTEX_POINT('',#13622);
#13622 = CARTESIAN_POINT('',(-3.5,3.2,9.02));
#13623 = LINE('',#13624,#13625);
#13624 = CARTESIAN_POINT('',(-3.5,3.2,9.15));
#13625 = VECTOR('',#13626,1.);
#13626 = DIRECTION('',(0.,0.,-1.));
#13627 = ORIENTED_EDGE('',*,*,#13628,.F.);
#13628 = EDGE_CURVE('',#13621,#13621,#13629,.T.);
#13629 = CIRCLE('',#13630,0.5);
#13630 = AXIS2_PLACEMENT_3D('',#13631,#13632,#13633);
#13631 = CARTESIAN_POINT('',(-4.,3.2,9.02));
#13632 = DIRECTION('',(0.,0.,-1.));
#13633 = DIRECTION('',(-1.,0.,0.));
#13634 = ORIENTED_EDGE('',*,*,#13618,.F.);
#13635 = ORIENTED_EDGE('',*,*,#13636,.T.);
#13636 = EDGE_CURVE('',#13619,#13619,#13637,.T.);
#13637 = CIRCLE('',#13638,0.5);
#13638 = AXIS2_PLACEMENT_3D('',#13639,#13640,#13641);
#13639 = CARTESIAN_POINT('',(-4.,3.2,10.75));
#13640 = DIRECTION('',(0.,0.,-1.));
#13641 = DIRECTION('',(1.,0.,0.));
#13642 = CYLINDRICAL_SURFACE('',#13643,0.5);
#13643 = AXIS2_PLACEMENT_3D('',#13644,#13645,#13646);
#13644 = CARTESIAN_POINT('',(-4.,3.2,9.15));
#13645 = DIRECTION('',(0.,0.,-1.));
#13646 = DIRECTION('',(-1.,0.,0.));
#13647 = ADVANCED_FACE('',(#13648),#13651,.T.);
#13648 = FACE_BOUND('',#13649,.T.);
#13649 = EDGE_LOOP('',(#13650));
#13650 = ORIENTED_EDGE('',*,*,#13636,.T.);
#13651 = PLANE('',#13652);
#13652 = AXIS2_PLACEMENT_3D('',#13653,#13654,#13655);
#13653 = CARTESIAN_POINT('',(-6.,4.4,10.75));
#13654 = DIRECTION('',(0.,0.,-1.));
#13655 = DIRECTION('',(-1.,0.,0.));
#13656 = ADVANCED_FACE('',(#13657),#13668,.T.);
#13657 = FACE_BOUND('',#13658,.T.);
#13658 = EDGE_LOOP('',(#13659));
#13659 = ORIENTED_EDGE('',*,*,#13660,.T.);
#13660 = EDGE_CURVE('',#13661,#13661,#13663,.T.);
#13661 = VERTEX_POINT('',#13662);
#13662 = CARTESIAN_POINT('',(4.5,3.2,10.75));
#13663 = CIRCLE('',#13664,0.5);
#13664 = AXIS2_PLACEMENT_3D('',#13665,#13666,#13667);
#13665 = CARTESIAN_POINT('',(4.,3.2,10.75));
#13666 = DIRECTION('',(0.,0.,-1.));
#13667 = DIRECTION('',(1.,0.,0.));
#13668 = PLANE('',#13669);
#13669 = AXIS2_PLACEMENT_3D('',#13670,#13671,#13672);
#13670 = CARTESIAN_POINT('',(-6.,4.4,10.75));
#13671 = DIRECTION('',(0.,0.,-1.));
#13672 = DIRECTION('',(-1.,0.,0.));
#13673 = ADVANCED_FACE('',(#13674),#13693,.F.);
#13674 = FACE_BOUND('',#13675,.F.);
#13675 = EDGE_LOOP('',(#13676,#13684,#13691,#13692));
#13676 = ORIENTED_EDGE('',*,*,#13677,.T.);
#13677 = EDGE_CURVE('',#13661,#13678,#13680,.T.);
#13678 = VERTEX_POINT('',#13679);
#13679 = CARTESIAN_POINT('',(4.5,3.2,9.02));
#13680 = LINE('',#13681,#13682);
#13681 = CARTESIAN_POINT('',(4.5,3.2,9.15));
#13682 = VECTOR('',#13683,1.);
#13683 = DIRECTION('',(0.,0.,-1.));
#13684 = ORIENTED_EDGE('',*,*,#13685,.F.);
#13685 = EDGE_CURVE('',#13678,#13678,#13686,.T.);
#13686 = CIRCLE('',#13687,0.5);
#13687 = AXIS2_PLACEMENT_3D('',#13688,#13689,#13690);
#13688 = CARTESIAN_POINT('',(4.,3.2,9.02));
#13689 = DIRECTION('',(0.,0.,-1.));
#13690 = DIRECTION('',(-1.,0.,0.));
#13691 = ORIENTED_EDGE('',*,*,#13677,.F.);
#13692 = ORIENTED_EDGE('',*,*,#13660,.T.);
#13693 = CYLINDRICAL_SURFACE('',#13694,0.5);
#13694 = AXIS2_PLACEMENT_3D('',#13695,#13696,#13697);
#13695 = CARTESIAN_POINT('',(4.,3.2,9.15));
#13696 = DIRECTION('',(0.,0.,-1.));
#13697 = DIRECTION('',(-1.,0.,0.));
#13698 = ADVANCED_FACE('',(#13699,#13758,#13761,#13764,#13778,#13781),
  #13784,.T.);
#13699 = FACE_BOUND('',#13700,.T.);
#13700 = EDGE_LOOP('',(#13701,#13702,#13703,#13711,#13719,#13725,#13726,
    #13727,#13728,#13736,#13744,#13752));
#13701 = ORIENTED_EDGE('',*,*,#12943,.T.);
#13702 = ORIENTED_EDGE('',*,*,#12983,.T.);
#13703 = ORIENTED_EDGE('',*,*,#13704,.F.);
#13704 = EDGE_CURVE('',#13705,#12974,#13707,.T.);
#13705 = VERTEX_POINT('',#13706);
#13706 = CARTESIAN_POINT('',(5.05,-4.2,9.02));
#13707 = LINE('',#13708,#13709);
#13708 = CARTESIAN_POINT('',(5.05,-4.2,9.02));
#13709 = VECTOR('',#13710,1.);
#13710 = DIRECTION('',(0.,1.,0.));
#13711 = ORIENTED_EDGE('',*,*,#13712,.F.);
#13712 = EDGE_CURVE('',#13713,#13705,#13715,.T.);
#13713 = VERTEX_POINT('',#13714);
#13714 = CARTESIAN_POINT('',(-5.05,-4.2,9.02));
#13715 = LINE('',#13716,#13717);
#13716 = CARTESIAN_POINT('',(-5.05,-4.2,9.02));
#13717 = VECTOR('',#13718,1.);
#13718 = DIRECTION('',(1.,0.,0.));
#13719 = ORIENTED_EDGE('',*,*,#13720,.F.);
#13720 = EDGE_CURVE('',#13007,#13713,#13721,.T.);
#13721 = LINE('',#13722,#13723);
#13722 = CARTESIAN_POINT('',(-5.05,-1.19,9.02));
#13723 = VECTOR('',#13724,1.);
#13724 = DIRECTION('',(0.,-1.,0.));
#13725 = ORIENTED_EDGE('',*,*,#13030,.T.);
#13726 = ORIENTED_EDGE('',*,*,#13054,.T.);
#13727 = ORIENTED_EDGE('',*,*,#13085,.T.);
#13728 = ORIENTED_EDGE('',*,*,#13729,.F.);
#13729 = EDGE_CURVE('',#13730,#13076,#13732,.T.);
#13730 = VERTEX_POINT('',#13731);
#13731 = CARTESIAN_POINT('',(-5.05,4.4,9.02));
#13732 = LINE('',#13733,#13734);
#13733 = CARTESIAN_POINT('',(-5.05,4.4,9.02));
#13734 = VECTOR('',#13735,1.);
#13735 = DIRECTION('',(0.,-1.,0.));
#13736 = ORIENTED_EDGE('',*,*,#13737,.F.);
#13737 = EDGE_CURVE('',#13738,#13730,#13740,.T.);
#13738 = VERTEX_POINT('',#13739);
#13739 = CARTESIAN_POINT('',(5.05,4.4,9.02));
#13740 = LINE('',#13741,#13742);
#13741 = CARTESIAN_POINT('',(5.05,4.4,9.02));
#13742 = VECTOR('',#13743,1.);
#13743 = DIRECTION('',(-1.,0.,0.));
#13744 = ORIENTED_EDGE('',*,*,#13745,.F.);
#13745 = EDGE_CURVE('',#13746,#13738,#13748,.T.);
#13746 = VERTEX_POINT('',#13747);
#13747 = CARTESIAN_POINT('',(5.05,2.31,9.02));
#13748 = LINE('',#13749,#13750);
#13749 = CARTESIAN_POINT('',(5.05,2.31,9.02));
#13750 = VECTOR('',#13751,1.);
#13751 = DIRECTION('',(0.,1.,0.));
#13752 = ORIENTED_EDGE('',*,*,#13753,.T.);
#13753 = EDGE_CURVE('',#13746,#12944,#13754,.T.);
#13754 = LINE('',#13755,#13756);
#13755 = CARTESIAN_POINT('',(5.05,2.31,9.02));
#13756 = VECTOR('',#13757,1.);
#13757 = DIRECTION('',(-1.,0.,0.));
#13758 = FACE_BOUND('',#13759,.T.);
#13759 = EDGE_LOOP('',(#13760));
#13760 = ORIENTED_EDGE('',*,*,#13116,.F.);
#13761 = FACE_BOUND('',#13762,.T.);
#13762 = EDGE_LOOP('',(#13763));
#13763 = ORIENTED_EDGE('',*,*,#13173,.F.);
#13764 = FACE_BOUND('',#13765,.T.);
#13765 = EDGE_LOOP('',(#13766,#13767,#13768,#13769,#13770,#13771,#13772,
    #13773,#13774,#13775,#13776,#13777));
#13766 = ORIENTED_EDGE('',*,*,#13578,.T.);
#13767 = ORIENTED_EDGE('',*,*,#13249,.F.);
#13768 = ORIENTED_EDGE('',*,*,#13280,.F.);
#13769 = ORIENTED_EDGE('',*,*,#13311,.F.);
#13770 = ORIENTED_EDGE('',*,*,#13342,.F.);
#13771 = ORIENTED_EDGE('',*,*,#13373,.F.);
#13772 = ORIENTED_EDGE('',*,*,#13404,.F.);
#13773 = ORIENTED_EDGE('',*,*,#13435,.F.);
#13774 = ORIENTED_EDGE('',*,*,#13466,.F.);
#13775 = ORIENTED_EDGE('',*,*,#13497,.F.);
#13776 = ORIENTED_EDGE('',*,*,#13528,.T.);
#13777 = ORIENTED_EDGE('',*,*,#13604,.F.);
#13778 = FACE_BOUND('',#13779,.T.);
#13779 = EDGE_LOOP('',(#13780));
#13780 = ORIENTED_EDGE('',*,*,#13628,.F.);
#13781 = FACE_BOUND('',#13782,.T.);
#13782 = EDGE_LOOP('',(#13783));
#13783 = ORIENTED_EDGE('',*,*,#13685,.F.);
#13784 = PLANE('',#13785);
#13785 = AXIS2_PLACEMENT_3D('',#13786,#13787,#13788);
#13786 = CARTESIAN_POINT('',(4.675,4.4,9.02));
#13787 = DIRECTION('',(0.,0.,-1.));
#13788 = DIRECTION('',(-1.,0.,0.));
#13789 = ADVANCED_FACE('',(#13790),#13808,.F.);
#13790 = FACE_BOUND('',#13791,.T.);
#13791 = EDGE_LOOP('',(#13792,#13800,#13806,#13807));
#13792 = ORIENTED_EDGE('',*,*,#13793,.F.);
#13793 = EDGE_CURVE('',#13794,#13746,#13796,.T.);
#13794 = VERTEX_POINT('',#13795);
#13795 = CARTESIAN_POINT('',(5.05,2.31,12.));
#13796 = LINE('',#13797,#13798);
#13797 = CARTESIAN_POINT('',(5.05,2.31,12.));
#13798 = VECTOR('',#13799,1.);
#13799 = DIRECTION('',(0.,0.,-1.));
#13800 = ORIENTED_EDGE('',*,*,#13801,.F.);
#13801 = EDGE_CURVE('',#12952,#13794,#13802,.T.);
#13802 = LINE('',#13803,#13804);
#13803 = CARTESIAN_POINT('',(4.075,2.31,12.));
#13804 = VECTOR('',#13805,1.);
#13805 = DIRECTION('',(1.,0.,0.));
#13806 = ORIENTED_EDGE('',*,*,#12951,.T.);
#13807 = ORIENTED_EDGE('',*,*,#13753,.F.);
#13808 = PLANE('',#13809);
#13809 = AXIS2_PLACEMENT_3D('',#13810,#13811,#13812);
#13810 = CARTESIAN_POINT('',(4.675,2.31,12.));
#13811 = DIRECTION('',(0.,1.,0.));
#13812 = DIRECTION('',(-1.,0.,0.));
#13813 = ADVANCED_FACE('',(#13814),#13872,.T.);
#13814 = FACE_BOUND('',#13815,.T.);
#13815 = EDGE_LOOP('',(#13816,#13826,#13834,#13842,#13850,#13858,#13866)
  );
#13816 = ORIENTED_EDGE('',*,*,#13817,.T.);
#13817 = EDGE_CURVE('',#13818,#13820,#13822,.T.);
#13818 = VERTEX_POINT('',#13819);
#13819 = CARTESIAN_POINT('',(-0.420144630667,-0.167135255366,10.8));
#13820 = VERTEX_POINT('',#13821);
#13821 = CARTESIAN_POINT('',(-0.420144630667,-1.401904295428,10.8));
#13822 = LINE('',#13823,#13824);
#13823 = CARTESIAN_POINT('',(-0.420144630667,-0.167135255366,10.8));
#13824 = VECTOR('',#13825,1.);
#13825 = DIRECTION('',(0.,-1.,0.));
#13826 = ORIENTED_EDGE('',*,*,#13827,.T.);
#13827 = EDGE_CURVE('',#13820,#13828,#13830,.T.);
#13828 = VERTEX_POINT('',#13829);
#13829 = CARTESIAN_POINT('',(-0.906928579153,-1.401904295428,10.8));
#13830 = LINE('',#13831,#13832);
#13831 = CARTESIAN_POINT('',(-0.420144630667,-1.401904295428,10.8));
#13832 = VECTOR('',#13833,1.);
#13833 = DIRECTION('',(-1.,0.,0.));
#13834 = ORIENTED_EDGE('',*,*,#13835,.T.);
#13835 = EDGE_CURVE('',#13828,#13836,#13838,.T.);
#13836 = VERTEX_POINT('',#13837);
#13837 = CARTESIAN_POINT('',(0.,-2.3754721924,10.8));
#13838 = LINE('',#13839,#13840);
#13839 = CARTESIAN_POINT('',(-0.906928579153,-1.401904295428,10.8));
#13840 = VECTOR('',#13841,1.);
#13841 = DIRECTION('',(0.681621125194,-0.731705297022,0.));
#13842 = ORIENTED_EDGE('',*,*,#13843,.T.);
#13843 = EDGE_CURVE('',#13836,#13844,#13846,.T.);
#13844 = VERTEX_POINT('',#13845);
#13845 = CARTESIAN_POINT('',(0.906928579153,-1.401904295428,10.8));
#13846 = LINE('',#13847,#13848);
#13847 = CARTESIAN_POINT('',(0.,-2.3754721924,10.8));
#13848 = VECTOR('',#13849,1.);
#13849 = DIRECTION('',(0.681621125194,0.731705297022,0.));
#13850 = ORIENTED_EDGE('',*,*,#13851,.T.);
#13851 = EDGE_CURVE('',#13844,#13852,#13854,.T.);
#13852 = VERTEX_POINT('',#13853);
#13853 = CARTESIAN_POINT('',(0.420144630667,-1.401904295428,10.8));
#13854 = LINE('',#13855,#13856);
#13855 = CARTESIAN_POINT('',(0.906928579153,-1.401904295428,10.8));
#13856 = VECTOR('',#13857,1.);
#13857 = DIRECTION('',(-1.,0.,0.));
#13858 = ORIENTED_EDGE('',*,*,#13859,.T.);
#13859 = EDGE_CURVE('',#13852,#13860,#13862,.T.);
#13860 = VERTEX_POINT('',#13861);
#13861 = CARTESIAN_POINT('',(0.420144630667,-0.167135255366,10.8));
#13862 = LINE('',#13863,#13864);
#13863 = CARTESIAN_POINT('',(0.420144630667,-1.401904295428,10.8));
#13864 = VECTOR('',#13865,1.);
#13865 = DIRECTION('',(0.,1.,0.));
#13866 = ORIENTED_EDGE('',*,*,#13867,.T.);
#13867 = EDGE_CURVE('',#13860,#13818,#13868,.T.);
#13868 = LINE('',#13869,#13870);
#13869 = CARTESIAN_POINT('',(0.420144630667,-0.167135255366,10.8));
#13870 = VECTOR('',#13871,1.);
#13871 = DIRECTION('',(-1.,0.,0.));
#13872 = PLANE('',#13873);
#13873 = AXIS2_PLACEMENT_3D('',#13874,#13875,#13876);
#13874 = CARTESIAN_POINT('',(-6.,4.4,10.8));
#13875 = DIRECTION('',(0.,0.,1.));
#13876 = DIRECTION('',(1.,0.,-0.));
#13877 = ADVANCED_FACE('',(#13878),#13903,.F.);
#13878 = FACE_BOUND('',#13879,.T.);
#13879 = EDGE_LOOP('',(#13880,#13888,#13889,#13897));
#13880 = ORIENTED_EDGE('',*,*,#13881,.T.);
#13881 = EDGE_CURVE('',#13882,#13820,#13884,.T.);
#13882 = VERTEX_POINT('',#13883);
#13883 = CARTESIAN_POINT('',(-0.420144630667,-1.401904295428,11.));
#13884 = LINE('',#13885,#13886);
#13885 = CARTESIAN_POINT('',(-0.420144630667,-1.401904295428,11.));
#13886 = VECTOR('',#13887,1.);
#13887 = DIRECTION('',(0.,0.,-1.));
#13888 = ORIENTED_EDGE('',*,*,#13817,.F.);
#13889 = ORIENTED_EDGE('',*,*,#13890,.F.);
#13890 = EDGE_CURVE('',#13891,#13818,#13893,.T.);
#13891 = VERTEX_POINT('',#13892);
#13892 = CARTESIAN_POINT('',(-0.420144630667,-0.167135255366,11.));
#13893 = LINE('',#13894,#13895);
#13894 = CARTESIAN_POINT('',(-0.420144630667,-0.167135255366,11.));
#13895 = VECTOR('',#13896,1.);
#13896 = DIRECTION('',(0.,0.,-1.));
#13897 = ORIENTED_EDGE('',*,*,#13898,.T.);
#13898 = EDGE_CURVE('',#13891,#13882,#13899,.T.);
#13899 = LINE('',#13900,#13901);
#13900 = CARTESIAN_POINT('',(-0.420144630667,-0.167135255366,11.));
#13901 = VECTOR('',#13902,1.);
#13902 = DIRECTION('',(0.,-1.,0.));
#13903 = PLANE('',#13904);
#13904 = AXIS2_PLACEMENT_3D('',#13905,#13906,#13907);
#13905 = CARTESIAN_POINT('',(-0.420144630667,-0.167135255366,11.));
#13906 = DIRECTION('',(-1.,0.,0.));
#13907 = DIRECTION('',(0.,-1.,0.));
#13908 = ADVANCED_FACE('',(#13909),#13927,.F.);
#13909 = FACE_BOUND('',#13910,.T.);
#13910 = EDGE_LOOP('',(#13911,#13919,#13920,#13921));
#13911 = ORIENTED_EDGE('',*,*,#13912,.T.);
#13912 = EDGE_CURVE('',#13913,#13828,#13915,.T.);
#13913 = VERTEX_POINT('',#13914);
#13914 = CARTESIAN_POINT('',(-0.906928579153,-1.401904295428,11.));
#13915 = LINE('',#13916,#13917);
#13916 = CARTESIAN_POINT('',(-0.906928579153,-1.401904295428,11.));
#13917 = VECTOR('',#13918,1.);
#13918 = DIRECTION('',(0.,0.,-1.));
#13919 = ORIENTED_EDGE('',*,*,#13827,.F.);
#13920 = ORIENTED_EDGE('',*,*,#13881,.F.);
#13921 = ORIENTED_EDGE('',*,*,#13922,.T.);
#13922 = EDGE_CURVE('',#13882,#13913,#13923,.T.);
#13923 = LINE('',#13924,#13925);
#13924 = CARTESIAN_POINT('',(-0.420144630667,-1.401904295428,11.));
#13925 = VECTOR('',#13926,1.);
#13926 = DIRECTION('',(-1.,0.,0.));
#13927 = PLANE('',#13928);
#13928 = AXIS2_PLACEMENT_3D('',#13929,#13930,#13931);
#13929 = CARTESIAN_POINT('',(-0.420144630667,-1.401904295428,11.));
#13930 = DIRECTION('',(0.,1.,0.));
#13931 = DIRECTION('',(-1.,0.,0.));
#13932 = ADVANCED_FACE('',(#13933),#13951,.F.);
#13933 = FACE_BOUND('',#13934,.T.);
#13934 = EDGE_LOOP('',(#13935,#13943,#13944,#13945));
#13935 = ORIENTED_EDGE('',*,*,#13936,.T.);
#13936 = EDGE_CURVE('',#13937,#13836,#13939,.T.);
#13937 = VERTEX_POINT('',#13938);
#13938 = CARTESIAN_POINT('',(0.,-2.3754721924,11.));
#13939 = LINE('',#13940,#13941);
#13940 = CARTESIAN_POINT('',(0.,-2.3754721924,11.));
#13941 = VECTOR('',#13942,1.);
#13942 = DIRECTION('',(0.,0.,-1.));
#13943 = ORIENTED_EDGE('',*,*,#13835,.F.);
#13944 = ORIENTED_EDGE('',*,*,#13912,.F.);
#13945 = ORIENTED_EDGE('',*,*,#13946,.T.);
#13946 = EDGE_CURVE('',#13913,#13937,#13947,.T.);
#13947 = LINE('',#13948,#13949);
#13948 = CARTESIAN_POINT('',(-0.906928579153,-1.401904295428,11.));
#13949 = VECTOR('',#13950,1.);
#13950 = DIRECTION('',(0.681621125194,-0.731705297022,0.));
#13951 = PLANE('',#13952);
#13952 = AXIS2_PLACEMENT_3D('',#13953,#13954,#13955);
#13953 = CARTESIAN_POINT('',(-0.906928579153,-1.401904295428,11.));
#13954 = DIRECTION('',(-0.731705297022,-0.681621125194,0.));
#13955 = DIRECTION('',(0.681621125194,-0.731705297022,0.));
#13956 = ADVANCED_FACE('',(#13957),#13975,.F.);
#13957 = FACE_BOUND('',#13958,.T.);
#13958 = EDGE_LOOP('',(#13959,#13967,#13968,#13969));
#13959 = ORIENTED_EDGE('',*,*,#13960,.T.);
#13960 = EDGE_CURVE('',#13961,#13844,#13963,.T.);
#13961 = VERTEX_POINT('',#13962);
#13962 = CARTESIAN_POINT('',(0.906928579153,-1.401904295428,11.));
#13963 = LINE('',#13964,#13965);
#13964 = CARTESIAN_POINT('',(0.906928579153,-1.401904295428,11.));
#13965 = VECTOR('',#13966,1.);
#13966 = DIRECTION('',(0.,0.,-1.));
#13967 = ORIENTED_EDGE('',*,*,#13843,.F.);
#13968 = ORIENTED_EDGE('',*,*,#13936,.F.);
#13969 = ORIENTED_EDGE('',*,*,#13970,.T.);
#13970 = EDGE_CURVE('',#13937,#13961,#13971,.T.);
#13971 = LINE('',#13972,#13973);
#13972 = CARTESIAN_POINT('',(0.,-2.3754721924,11.));
#13973 = VECTOR('',#13974,1.);
#13974 = DIRECTION('',(0.681621125194,0.731705297022,0.));
#13975 = PLANE('',#13976);
#13976 = AXIS2_PLACEMENT_3D('',#13977,#13978,#13979);
#13977 = CARTESIAN_POINT('',(0.,-2.3754721924,11.));
#13978 = DIRECTION('',(0.731705297022,-0.681621125194,0.));
#13979 = DIRECTION('',(0.681621125194,0.731705297022,0.));
#13980 = ADVANCED_FACE('',(#13981),#13999,.F.);
#13981 = FACE_BOUND('',#13982,.T.);
#13982 = EDGE_LOOP('',(#13983,#13991,#13992,#13993));
#13983 = ORIENTED_EDGE('',*,*,#13984,.T.);
#13984 = EDGE_CURVE('',#13985,#13852,#13987,.T.);
#13985 = VERTEX_POINT('',#13986);
#13986 = CARTESIAN_POINT('',(0.420144630667,-1.401904295428,11.));
#13987 = LINE('',#13988,#13989);
#13988 = CARTESIAN_POINT('',(0.420144630667,-1.401904295428,11.));
#13989 = VECTOR('',#13990,1.);
#13990 = DIRECTION('',(0.,0.,-1.));
#13991 = ORIENTED_EDGE('',*,*,#13851,.F.);
#13992 = ORIENTED_EDGE('',*,*,#13960,.F.);
#13993 = ORIENTED_EDGE('',*,*,#13994,.T.);
#13994 = EDGE_CURVE('',#13961,#13985,#13995,.T.);
#13995 = LINE('',#13996,#13997);
#13996 = CARTESIAN_POINT('',(0.906928579153,-1.401904295428,11.));
#13997 = VECTOR('',#13998,1.);
#13998 = DIRECTION('',(-1.,0.,0.));
#13999 = PLANE('',#14000);
#14000 = AXIS2_PLACEMENT_3D('',#14001,#14002,#14003);
#14001 = CARTESIAN_POINT('',(0.906928579153,-1.401904295428,11.));
#14002 = DIRECTION('',(0.,1.,0.));
#14003 = DIRECTION('',(-1.,0.,0.));
#14004 = ADVANCED_FACE('',(#14005),#14023,.F.);
#14005 = FACE_BOUND('',#14006,.T.);
#14006 = EDGE_LOOP('',(#14007,#14015,#14016,#14017));
#14007 = ORIENTED_EDGE('',*,*,#14008,.T.);
#14008 = EDGE_CURVE('',#14009,#13860,#14011,.T.);
#14009 = VERTEX_POINT('',#14010);
#14010 = CARTESIAN_POINT('',(0.420144630667,-0.167135255366,11.));
#14011 = LINE('',#14012,#14013);
#14012 = CARTESIAN_POINT('',(0.420144630667,-0.167135255366,11.));
#14013 = VECTOR('',#14014,1.);
#14014 = DIRECTION('',(0.,0.,-1.));
#14015 = ORIENTED_EDGE('',*,*,#13859,.F.);
#14016 = ORIENTED_EDGE('',*,*,#13984,.F.);
#14017 = ORIENTED_EDGE('',*,*,#14018,.T.);
#14018 = EDGE_CURVE('',#13985,#14009,#14019,.T.);
#14019 = LINE('',#14020,#14021);
#14020 = CARTESIAN_POINT('',(0.420144630667,-1.401904295428,11.));
#14021 = VECTOR('',#14022,1.);
#14022 = DIRECTION('',(0.,1.,0.));
#14023 = PLANE('',#14024);
#14024 = AXIS2_PLACEMENT_3D('',#14025,#14026,#14027);
#14025 = CARTESIAN_POINT('',(0.420144630667,-1.401904295428,11.));
#14026 = DIRECTION('',(1.,0.,0.));
#14027 = DIRECTION('',(-0.,1.,0.));
#14028 = ADVANCED_FACE('',(#14029),#14040,.F.);
#14029 = FACE_BOUND('',#14030,.T.);
#14030 = EDGE_LOOP('',(#14031,#14032,#14033,#14034));
#14031 = ORIENTED_EDGE('',*,*,#13890,.T.);
#14032 = ORIENTED_EDGE('',*,*,#13867,.F.);
#14033 = ORIENTED_EDGE('',*,*,#14008,.F.);
#14034 = ORIENTED_EDGE('',*,*,#14035,.T.);
#14035 = EDGE_CURVE('',#14009,#13891,#14036,.T.);
#14036 = LINE('',#14037,#14038);
#14037 = CARTESIAN_POINT('',(0.420144630667,-0.167135255366,11.));
#14038 = VECTOR('',#14039,1.);
#14039 = DIRECTION('',(-1.,0.,0.));
#14040 = PLANE('',#14041);
#14041 = AXIS2_PLACEMENT_3D('',#14042,#14043,#14044);
#14042 = CARTESIAN_POINT('',(0.420144630667,-0.167135255366,11.));
#14043 = DIRECTION('',(0.,1.,0.));
#14044 = DIRECTION('',(-1.,0.,0.));
#14045 = ADVANCED_FACE('',(#14046,#14080),#14089,.T.);
#14046 = FACE_BOUND('',#14047,.T.);
#14047 = EDGE_LOOP('',(#14048,#14058,#14066,#14074));
#14048 = ORIENTED_EDGE('',*,*,#14049,.T.);
#14049 = EDGE_CURVE('',#14050,#14052,#14054,.T.);
#14050 = VERTEX_POINT('',#14051);
#14051 = CARTESIAN_POINT('',(-3.125,-3.2,11.));
#14052 = VERTEX_POINT('',#14053);
#14053 = CARTESIAN_POINT('',(3.125,-3.2,11.));
#14054 = LINE('',#14055,#14056);
#14055 = CARTESIAN_POINT('',(-3.125,-3.2,11.));
#14056 = VECTOR('',#14057,1.);
#14057 = DIRECTION('',(1.,0.,0.));
#14058 = ORIENTED_EDGE('',*,*,#14059,.T.);
#14059 = EDGE_CURVE('',#14052,#14060,#14062,.T.);
#14060 = VERTEX_POINT('',#14061);
#14061 = CARTESIAN_POINT('',(3.125,3.4,11.));
#14062 = LINE('',#14063,#14064);
#14063 = CARTESIAN_POINT('',(3.125,-3.2,11.));
#14064 = VECTOR('',#14065,1.);
#14065 = DIRECTION('',(0.,1.,0.));
#14066 = ORIENTED_EDGE('',*,*,#14067,.T.);
#14067 = EDGE_CURVE('',#14060,#14068,#14070,.T.);
#14068 = VERTEX_POINT('',#14069);
#14069 = CARTESIAN_POINT('',(-3.125,3.4,11.));
#14070 = LINE('',#14071,#14072);
#14071 = CARTESIAN_POINT('',(3.125,3.4,11.));
#14072 = VECTOR('',#14073,1.);
#14073 = DIRECTION('',(-1.,0.,0.));
#14074 = ORIENTED_EDGE('',*,*,#14075,.T.);
#14075 = EDGE_CURVE('',#14068,#14050,#14076,.T.);
#14076 = LINE('',#14077,#14078);
#14077 = CARTESIAN_POINT('',(-3.125,3.4,11.));
#14078 = VECTOR('',#14079,1.);
#14079 = DIRECTION('',(0.,-1.,0.));
#14080 = FACE_BOUND('',#14081,.T.);
#14081 = EDGE_LOOP('',(#14082,#14083,#14084,#14085,#14086,#14087,#14088)
  );
#14082 = ORIENTED_EDGE('',*,*,#14018,.F.);
#14083 = ORIENTED_EDGE('',*,*,#13994,.F.);
#14084 = ORIENTED_EDGE('',*,*,#13970,.F.);
#14085 = ORIENTED_EDGE('',*,*,#13946,.F.);
#14086 = ORIENTED_EDGE('',*,*,#13922,.F.);
#14087 = ORIENTED_EDGE('',*,*,#13898,.F.);
#14088 = ORIENTED_EDGE('',*,*,#14035,.F.);
#14089 = PLANE('',#14090);
#14090 = AXIS2_PLACEMENT_3D('',#14091,#14092,#14093);
#14091 = CARTESIAN_POINT('',(-6.,4.4,11.));
#14092 = DIRECTION('',(0.,0.,1.));
#14093 = DIRECTION('',(1.,0.,-0.));
#14094 = ADVANCED_FACE('',(#14095),#14120,.F.);
#14095 = FACE_BOUND('',#14096,.T.);
#14096 = EDGE_LOOP('',(#14097,#14105,#14106,#14114));
#14097 = ORIENTED_EDGE('',*,*,#14098,.T.);
#14098 = EDGE_CURVE('',#14099,#14052,#14101,.T.);
#14099 = VERTEX_POINT('',#14100);
#14100 = CARTESIAN_POINT('',(3.125,-3.2,12.));
#14101 = LINE('',#14102,#14103);
#14102 = CARTESIAN_POINT('',(3.125,-3.2,12.));
#14103 = VECTOR('',#14104,1.);
#14104 = DIRECTION('',(0.,0.,-1.));
#14105 = ORIENTED_EDGE('',*,*,#14049,.F.);
#14106 = ORIENTED_EDGE('',*,*,#14107,.F.);
#14107 = EDGE_CURVE('',#14108,#14050,#14110,.T.);
#14108 = VERTEX_POINT('',#14109);
#14109 = CARTESIAN_POINT('',(-3.125,-3.2,12.));
#14110 = LINE('',#14111,#14112);
#14111 = CARTESIAN_POINT('',(-3.125,-3.2,12.));
#14112 = VECTOR('',#14113,1.);
#14113 = DIRECTION('',(0.,0.,-1.));
#14114 = ORIENTED_EDGE('',*,*,#14115,.T.);
#14115 = EDGE_CURVE('',#14108,#14099,#14116,.T.);
#14116 = LINE('',#14117,#14118);
#14117 = CARTESIAN_POINT('',(-3.125,-3.2,12.));
#14118 = VECTOR('',#14119,1.);
#14119 = DIRECTION('',(1.,0.,0.));
#14120 = PLANE('',#14121);
#14121 = AXIS2_PLACEMENT_3D('',#14122,#14123,#14124);
#14122 = CARTESIAN_POINT('',(-3.125,-3.2,12.));
#14123 = DIRECTION('',(0.,-1.,0.));
#14124 = DIRECTION('',(1.,0.,0.));
#14125 = ADVANCED_FACE('',(#14126),#14144,.F.);
#14126 = FACE_BOUND('',#14127,.T.);
#14127 = EDGE_LOOP('',(#14128,#14136,#14137,#14138));
#14128 = ORIENTED_EDGE('',*,*,#14129,.T.);
#14129 = EDGE_CURVE('',#14130,#14060,#14132,.T.);
#14130 = VERTEX_POINT('',#14131);
#14131 = CARTESIAN_POINT('',(3.125,3.4,12.));
#14132 = LINE('',#14133,#14134);
#14133 = CARTESIAN_POINT('',(3.125,3.4,12.));
#14134 = VECTOR('',#14135,1.);
#14135 = DIRECTION('',(0.,0.,-1.));
#14136 = ORIENTED_EDGE('',*,*,#14059,.F.);
#14137 = ORIENTED_EDGE('',*,*,#14098,.F.);
#14138 = ORIENTED_EDGE('',*,*,#14139,.T.);
#14139 = EDGE_CURVE('',#14099,#14130,#14140,.T.);
#14140 = LINE('',#14141,#14142);
#14141 = CARTESIAN_POINT('',(3.125,-3.2,12.));
#14142 = VECTOR('',#14143,1.);
#14143 = DIRECTION('',(0.,1.,0.));
#14144 = PLANE('',#14145);
#14145 = AXIS2_PLACEMENT_3D('',#14146,#14147,#14148);
#14146 = CARTESIAN_POINT('',(3.125,-3.2,12.));
#14147 = DIRECTION('',(1.,0.,0.));
#14148 = DIRECTION('',(-0.,1.,0.));
#14149 = ADVANCED_FACE('',(#14150),#14168,.F.);
#14150 = FACE_BOUND('',#14151,.T.);
#14151 = EDGE_LOOP('',(#14152,#14160,#14161,#14162));
#14152 = ORIENTED_EDGE('',*,*,#14153,.T.);
#14153 = EDGE_CURVE('',#14154,#14068,#14156,.T.);
#14154 = VERTEX_POINT('',#14155);
#14155 = CARTESIAN_POINT('',(-3.125,3.4,12.));
#14156 = LINE('',#14157,#14158);
#14157 = CARTESIAN_POINT('',(-3.125,3.4,12.));
#14158 = VECTOR('',#14159,1.);
#14159 = DIRECTION('',(0.,0.,-1.));
#14160 = ORIENTED_EDGE('',*,*,#14067,.F.);
#14161 = ORIENTED_EDGE('',*,*,#14129,.F.);
#14162 = ORIENTED_EDGE('',*,*,#14163,.T.);
#14163 = EDGE_CURVE('',#14130,#14154,#14164,.T.);
#14164 = LINE('',#14165,#14166);
#14165 = CARTESIAN_POINT('',(3.125,3.4,12.));
#14166 = VECTOR('',#14167,1.);
#14167 = DIRECTION('',(-1.,0.,0.));
#14168 = PLANE('',#14169);
#14169 = AXIS2_PLACEMENT_3D('',#14170,#14171,#14172);
#14170 = CARTESIAN_POINT('',(3.125,3.4,12.));
#14171 = DIRECTION('',(0.,1.,0.));
#14172 = DIRECTION('',(-1.,0.,0.));
#14173 = ADVANCED_FACE('',(#14174),#14185,.F.);
#14174 = FACE_BOUND('',#14175,.T.);
#14175 = EDGE_LOOP('',(#14176,#14177,#14178,#14179));
#14176 = ORIENTED_EDGE('',*,*,#14107,.T.);
#14177 = ORIENTED_EDGE('',*,*,#14075,.F.);
#14178 = ORIENTED_EDGE('',*,*,#14153,.F.);
#14179 = ORIENTED_EDGE('',*,*,#14180,.T.);
#14180 = EDGE_CURVE('',#14154,#14108,#14181,.T.);
#14181 = LINE('',#14182,#14183);
#14182 = CARTESIAN_POINT('',(-3.125,3.4,12.));
#14183 = VECTOR('',#14184,1.);
#14184 = DIRECTION('',(0.,-1.,0.));
#14185 = PLANE('',#14186);
#14186 = AXIS2_PLACEMENT_3D('',#14187,#14188,#14189);
#14187 = CARTESIAN_POINT('',(-3.125,3.4,12.));
#14188 = DIRECTION('',(-1.,0.,0.));
#14189 = DIRECTION('',(0.,-1.,0.));
#14190 = ADVANCED_FACE('',(#14191),#14225,.T.);
#14191 = FACE_BOUND('',#14192,.T.);
#14192 = EDGE_LOOP('',(#14193,#14203,#14211,#14219));
#14193 = ORIENTED_EDGE('',*,*,#14194,.T.);
#14194 = EDGE_CURVE('',#14195,#14197,#14199,.T.);
#14195 = VERTEX_POINT('',#14196);
#14196 = CARTESIAN_POINT('',(-6.,4.4,7.35));
#14197 = VERTEX_POINT('',#14198);
#14198 = CARTESIAN_POINT('',(-6.,-4.2,7.35));
#14199 = LINE('',#14200,#14201);
#14200 = CARTESIAN_POINT('',(-6.,4.4,7.35));
#14201 = VECTOR('',#14202,1.);
#14202 = DIRECTION('',(0.,-1.,0.));
#14203 = ORIENTED_EDGE('',*,*,#14204,.T.);
#14204 = EDGE_CURVE('',#14197,#14205,#14207,.T.);
#14205 = VERTEX_POINT('',#14206);
#14206 = CARTESIAN_POINT('',(-6.,-4.2,12.));
#14207 = LINE('',#14208,#14209);
#14208 = CARTESIAN_POINT('',(-6.,-4.2,7.35));
#14209 = VECTOR('',#14210,1.);
#14210 = DIRECTION('',(0.,0.,1.));
#14211 = ORIENTED_EDGE('',*,*,#14212,.F.);
#14212 = EDGE_CURVE('',#14213,#14205,#14215,.T.);
#14213 = VERTEX_POINT('',#14214);
#14214 = CARTESIAN_POINT('',(-6.,4.4,12.));
#14215 = LINE('',#14216,#14217);
#14216 = CARTESIAN_POINT('',(-6.,4.4,12.));
#14217 = VECTOR('',#14218,1.);
#14218 = DIRECTION('',(0.,-1.,0.));
#14219 = ORIENTED_EDGE('',*,*,#14220,.F.);
#14220 = EDGE_CURVE('',#14195,#14213,#14221,.T.);
#14221 = LINE('',#14222,#14223);
#14222 = CARTESIAN_POINT('',(-6.,4.4,7.35));
#14223 = VECTOR('',#14224,1.);
#14224 = DIRECTION('',(0.,0.,1.));
#14225 = PLANE('',#14226);
#14226 = AXIS2_PLACEMENT_3D('',#14227,#14228,#14229);
#14227 = CARTESIAN_POINT('',(-6.,4.4,7.35));
#14228 = DIRECTION('',(-1.,0.,0.));
#14229 = DIRECTION('',(0.,0.,1.));
#14230 = ADVANCED_FACE('',(#14231,#14256,#14267,#14278),#14284,.T.);
#14231 = FACE_BOUND('',#14232,.T.);
#14232 = EDGE_LOOP('',(#14233,#14234,#14242,#14250));
#14233 = ORIENTED_EDGE('',*,*,#14212,.T.);
#14234 = ORIENTED_EDGE('',*,*,#14235,.T.);
#14235 = EDGE_CURVE('',#14205,#14236,#14238,.T.);
#14236 = VERTEX_POINT('',#14237);
#14237 = CARTESIAN_POINT('',(6.,-4.2,12.));
#14238 = LINE('',#14239,#14240);
#14239 = CARTESIAN_POINT('',(-6.,-4.2,12.));
#14240 = VECTOR('',#14241,1.);
#14241 = DIRECTION('',(1.,0.,0.));
#14242 = ORIENTED_EDGE('',*,*,#14243,.F.);
#14243 = EDGE_CURVE('',#14244,#14236,#14246,.T.);
#14244 = VERTEX_POINT('',#14245);
#14245 = CARTESIAN_POINT('',(6.,4.4,12.));
#14246 = LINE('',#14247,#14248);
#14247 = CARTESIAN_POINT('',(6.,4.4,12.));
#14248 = VECTOR('',#14249,1.);
#14249 = DIRECTION('',(0.,-1.,0.));
#14250 = ORIENTED_EDGE('',*,*,#14251,.F.);
#14251 = EDGE_CURVE('',#14213,#14244,#14252,.T.);
#14252 = LINE('',#14253,#14254);
#14253 = CARTESIAN_POINT('',(-6.,4.4,12.));
#14254 = VECTOR('',#14255,1.);
#14255 = DIRECTION('',(1.,0.,0.));
#14256 = FACE_BOUND('',#14257,.T.);
#14257 = EDGE_LOOP('',(#14258,#14264,#14265,#14266));
#14258 = ORIENTED_EDGE('',*,*,#14259,.T.);
#14259 = EDGE_CURVE('',#13005,#13078,#14260,.T.);
#14260 = LINE('',#14261,#14262);
#14261 = CARTESIAN_POINT('',(-5.05,-1.19,12.));
#14262 = VECTOR('',#14263,1.);
#14263 = DIRECTION('',(0.,1.,0.));
#14264 = ORIENTED_EDGE('',*,*,#13092,.T.);
#14265 = ORIENTED_EDGE('',*,*,#13061,.F.);
#14266 = ORIENTED_EDGE('',*,*,#13014,.T.);
#14267 = FACE_BOUND('',#14268,.T.);
#14268 = EDGE_LOOP('',(#14269,#14275,#14276,#14277));
#14269 = ORIENTED_EDGE('',*,*,#14270,.F.);
#14270 = EDGE_CURVE('',#12976,#13794,#14271,.T.);
#14271 = LINE('',#14272,#14273);
#14272 = CARTESIAN_POINT('',(5.05,-1.19,12.));
#14273 = VECTOR('',#14274,1.);
#14274 = DIRECTION('',(0.,1.,0.));
#14275 = ORIENTED_EDGE('',*,*,#12990,.T.);
#14276 = ORIENTED_EDGE('',*,*,#12959,.F.);
#14277 = ORIENTED_EDGE('',*,*,#13801,.T.);
#14278 = FACE_BOUND('',#14279,.T.);
#14279 = EDGE_LOOP('',(#14280,#14281,#14282,#14283));
#14280 = ORIENTED_EDGE('',*,*,#14163,.F.);
#14281 = ORIENTED_EDGE('',*,*,#14139,.F.);
#14282 = ORIENTED_EDGE('',*,*,#14115,.F.);
#14283 = ORIENTED_EDGE('',*,*,#14180,.F.);
#14284 = PLANE('',#14285);
#14285 = AXIS2_PLACEMENT_3D('',#14286,#14287,#14288);
#14286 = CARTESIAN_POINT('',(-6.,4.4,12.));
#14287 = DIRECTION('',(0.,0.,1.));
#14288 = DIRECTION('',(1.,0.,-0.));
#14289 = ADVANCED_FACE('',(#14290),#14331,.T.);
#14290 = FACE_BOUND('',#14291,.T.);
#14291 = EDGE_LOOP('',(#14292,#14293,#14301,#14307,#14308,#14309,#14317,
    #14325));
#14292 = ORIENTED_EDGE('',*,*,#13737,.T.);
#14293 = ORIENTED_EDGE('',*,*,#14294,.F.);
#14294 = EDGE_CURVE('',#14295,#13730,#14297,.T.);
#14295 = VERTEX_POINT('',#14296);
#14296 = CARTESIAN_POINT('',(-5.05,4.4,7.35));
#14297 = LINE('',#14298,#14299);
#14298 = CARTESIAN_POINT('',(-5.05,4.4,7.35));
#14299 = VECTOR('',#14300,1.);
#14300 = DIRECTION('',(0.,0.,1.));
#14301 = ORIENTED_EDGE('',*,*,#14302,.T.);
#14302 = EDGE_CURVE('',#14295,#14195,#14303,.T.);
#14303 = LINE('',#14304,#14305);
#14304 = CARTESIAN_POINT('',(-5.05,4.4,7.35));
#14305 = VECTOR('',#14306,1.);
#14306 = DIRECTION('',(-1.,0.,0.));
#14307 = ORIENTED_EDGE('',*,*,#14220,.T.);
#14308 = ORIENTED_EDGE('',*,*,#14251,.T.);
#14309 = ORIENTED_EDGE('',*,*,#14310,.T.);
#14310 = EDGE_CURVE('',#14244,#14311,#14313,.T.);
#14311 = VERTEX_POINT('',#14312);
#14312 = CARTESIAN_POINT('',(6.,4.4,7.35));
#14313 = LINE('',#14314,#14315);
#14314 = CARTESIAN_POINT('',(6.,4.4,12.));
#14315 = VECTOR('',#14316,1.);
#14316 = DIRECTION('',(0.,0.,-1.));
#14317 = ORIENTED_EDGE('',*,*,#14318,.T.);
#14318 = EDGE_CURVE('',#14311,#14319,#14321,.T.);
#14319 = VERTEX_POINT('',#14320);
#14320 = CARTESIAN_POINT('',(5.05,4.4,7.35));
#14321 = LINE('',#14322,#14323);
#14322 = CARTESIAN_POINT('',(6.,4.4,7.35));
#14323 = VECTOR('',#14324,1.);
#14324 = DIRECTION('',(-1.,0.,0.));
#14325 = ORIENTED_EDGE('',*,*,#14326,.T.);
#14326 = EDGE_CURVE('',#14319,#13738,#14327,.T.);
#14327 = LINE('',#14328,#14329);
#14328 = CARTESIAN_POINT('',(5.05,4.4,7.35));
#14329 = VECTOR('',#14330,1.);
#14330 = DIRECTION('',(0.,0.,1.));
#14331 = PLANE('',#14332);
#14332 = AXIS2_PLACEMENT_3D('',#14333,#14334,#14335);
#14333 = CARTESIAN_POINT('',(-6.,4.4,0.));
#14334 = DIRECTION('',(0.,1.,0.));
#14335 = DIRECTION('',(0.,-0.,1.));
#14336 = ADVANCED_FACE('',(#14337),#14355,.T.);
#14337 = FACE_BOUND('',#14338,.T.);
#14338 = EDGE_LOOP('',(#14339,#14340,#14348,#14354));
#14339 = ORIENTED_EDGE('',*,*,#14243,.T.);
#14340 = ORIENTED_EDGE('',*,*,#14341,.T.);
#14341 = EDGE_CURVE('',#14236,#14342,#14344,.T.);
#14342 = VERTEX_POINT('',#14343);
#14343 = CARTESIAN_POINT('',(6.,-4.2,7.35));
#14344 = LINE('',#14345,#14346);
#14345 = CARTESIAN_POINT('',(6.,-4.2,12.));
#14346 = VECTOR('',#14347,1.);
#14347 = DIRECTION('',(0.,0.,-1.));
#14348 = ORIENTED_EDGE('',*,*,#14349,.F.);
#14349 = EDGE_CURVE('',#14311,#14342,#14350,.T.);
#14350 = LINE('',#14351,#14352);
#14351 = CARTESIAN_POINT('',(6.,4.4,7.35));
#14352 = VECTOR('',#14353,1.);
#14353 = DIRECTION('',(0.,-1.,0.));
#14354 = ORIENTED_EDGE('',*,*,#14310,.F.);
#14355 = PLANE('',#14356);
#14356 = AXIS2_PLACEMENT_3D('',#14357,#14358,#14359);
#14357 = CARTESIAN_POINT('',(6.,4.4,12.));
#14358 = DIRECTION('',(1.,0.,0.));
#14359 = DIRECTION('',(0.,0.,-1.));
#14360 = ADVANCED_FACE('',(#14361),#14402,.T.);
#14361 = FACE_BOUND('',#14362,.T.);
#14362 = EDGE_LOOP('',(#14363,#14371,#14372,#14380,#14386,#14387,#14388,
    #14396));
#14363 = ORIENTED_EDGE('',*,*,#14364,.F.);
#14364 = EDGE_CURVE('',#12903,#14365,#14367,.T.);
#14365 = VERTEX_POINT('',#14366);
#14366 = CARTESIAN_POINT('',(5.05,-0.69,7.35));
#14367 = LINE('',#14368,#14369);
#14368 = CARTESIAN_POINT('',(5.1,-0.69,7.35));
#14369 = VECTOR('',#14370,1.);
#14370 = DIRECTION('',(-1.,0.,0.));
#14371 = ORIENTED_EDGE('',*,*,#12919,.T.);
#14372 = ORIENTED_EDGE('',*,*,#14373,.T.);
#14373 = EDGE_CURVE('',#12912,#14374,#14376,.T.);
#14374 = VERTEX_POINT('',#14375);
#14375 = CARTESIAN_POINT('',(5.05,1.81,7.35));
#14376 = LINE('',#14377,#14378);
#14377 = CARTESIAN_POINT('',(5.1,1.81,7.35));
#14378 = VECTOR('',#14379,1.);
#14379 = DIRECTION('',(-1.,0.,0.));
#14380 = ORIENTED_EDGE('',*,*,#14381,.T.);
#14381 = EDGE_CURVE('',#14374,#14319,#14382,.T.);
#14382 = LINE('',#14383,#14384);
#14383 = CARTESIAN_POINT('',(5.05,1.81,7.35));
#14384 = VECTOR('',#14385,1.);
#14385 = DIRECTION('',(0.,1.,0.));
#14386 = ORIENTED_EDGE('',*,*,#14318,.F.);
#14387 = ORIENTED_EDGE('',*,*,#14349,.T.);
#14388 = ORIENTED_EDGE('',*,*,#14389,.T.);
#14389 = EDGE_CURVE('',#14342,#14390,#14392,.T.);
#14390 = VERTEX_POINT('',#14391);
#14391 = CARTESIAN_POINT('',(5.05,-4.2,7.35));
#14392 = LINE('',#14393,#14394);
#14393 = CARTESIAN_POINT('',(6.,-4.2,7.35));
#14394 = VECTOR('',#14395,1.);
#14395 = DIRECTION('',(-1.,0.,0.));
#14396 = ORIENTED_EDGE('',*,*,#14397,.T.);
#14397 = EDGE_CURVE('',#14390,#14365,#14398,.T.);
#14398 = LINE('',#14399,#14400);
#14399 = CARTESIAN_POINT('',(5.05,-4.2,7.35));
#14400 = VECTOR('',#14401,1.);
#14401 = DIRECTION('',(0.,1.,0.));
#14402 = PLANE('',#14403);
#14403 = AXIS2_PLACEMENT_3D('',#14404,#14405,#14406);
#14404 = CARTESIAN_POINT('',(6.,4.4,7.35));
#14405 = DIRECTION('',(0.,0.,-1.));
#14406 = DIRECTION('',(-1.,0.,0.));
#14407 = ADVANCED_FACE('',(#14408),#14437,.T.);
#14408 = FACE_BOUND('',#14409,.T.);
#14409 = EDGE_LOOP('',(#14410,#14411,#14417,#14418,#14424,#14425,#14426,
    #14427,#14428,#14429,#14430,#14431));
#14410 = ORIENTED_EDGE('',*,*,#12733,.F.);
#14411 = ORIENTED_EDGE('',*,*,#14412,.F.);
#14412 = EDGE_CURVE('',#14365,#12726,#14413,.T.);
#14413 = LINE('',#14414,#14415);
#14414 = CARTESIAN_POINT('',(5.05,-0.69,7.35));
#14415 = VECTOR('',#14416,1.);
#14416 = DIRECTION('',(0.,0.,1.));
#14417 = ORIENTED_EDGE('',*,*,#14397,.F.);
#14418 = ORIENTED_EDGE('',*,*,#14419,.F.);
#14419 = EDGE_CURVE('',#13705,#14390,#14420,.T.);
#14420 = LINE('',#14421,#14422);
#14421 = CARTESIAN_POINT('',(5.05,-4.2,9.02));
#14422 = VECTOR('',#14423,1.);
#14423 = DIRECTION('',(0.,0.,-1.));
#14424 = ORIENTED_EDGE('',*,*,#13704,.T.);
#14425 = ORIENTED_EDGE('',*,*,#12973,.T.);
#14426 = ORIENTED_EDGE('',*,*,#14270,.T.);
#14427 = ORIENTED_EDGE('',*,*,#13793,.T.);
#14428 = ORIENTED_EDGE('',*,*,#13745,.T.);
#14429 = ORIENTED_EDGE('',*,*,#14326,.F.);
#14430 = ORIENTED_EDGE('',*,*,#14381,.F.);
#14431 = ORIENTED_EDGE('',*,*,#14432,.T.);
#14432 = EDGE_CURVE('',#14374,#12708,#14433,.T.);
#14433 = LINE('',#14434,#14435);
#14434 = CARTESIAN_POINT('',(5.05,1.81,7.35));
#14435 = VECTOR('',#14436,1.);
#14436 = DIRECTION('',(0.,0.,1.));
#14437 = PLANE('',#14438);
#14438 = AXIS2_PLACEMENT_3D('',#14439,#14440,#14441);
#14439 = CARTESIAN_POINT('',(5.05,4.4,12.));
#14440 = DIRECTION('',(-1.,0.,0.));
#14441 = DIRECTION('',(0.,-1.,0.));
#14442 = ADVANCED_FACE('',(#14443),#14465,.F.);
#14443 = FACE_BOUND('',#14444,.T.);
#14444 = EDGE_LOOP('',(#14445,#14446,#14447,#14448,#14449,#14457,#14463,
    #14464));
#14445 = ORIENTED_EDGE('',*,*,#14389,.F.);
#14446 = ORIENTED_EDGE('',*,*,#14341,.F.);
#14447 = ORIENTED_EDGE('',*,*,#14235,.F.);
#14448 = ORIENTED_EDGE('',*,*,#14204,.F.);
#14449 = ORIENTED_EDGE('',*,*,#14450,.F.);
#14450 = EDGE_CURVE('',#14451,#14197,#14453,.T.);
#14451 = VERTEX_POINT('',#14452);
#14452 = CARTESIAN_POINT('',(-5.05,-4.2,7.35));
#14453 = LINE('',#14454,#14455);
#14454 = CARTESIAN_POINT('',(-5.05,-4.2,7.35));
#14455 = VECTOR('',#14456,1.);
#14456 = DIRECTION('',(-1.,0.,0.));
#14457 = ORIENTED_EDGE('',*,*,#14458,.F.);
#14458 = EDGE_CURVE('',#13713,#14451,#14459,.T.);
#14459 = LINE('',#14460,#14461);
#14460 = CARTESIAN_POINT('',(-5.05,-4.2,9.02));
#14461 = VECTOR('',#14462,1.);
#14462 = DIRECTION('',(0.,0.,-1.));
#14463 = ORIENTED_EDGE('',*,*,#13712,.T.);
#14464 = ORIENTED_EDGE('',*,*,#14419,.T.);
#14465 = PLANE('',#14466);
#14466 = AXIS2_PLACEMENT_3D('',#14467,#14468,#14469);
#14467 = CARTESIAN_POINT('',(-6.,-4.2,9.1));
#14468 = DIRECTION('',(0.,1.,0.));
#14469 = DIRECTION('',(0.,0.,-1.));
#14470 = ADVANCED_FACE('',(#14471),#14505,.F.);
#14471 = FACE_BOUND('',#14472,.T.);
#14472 = EDGE_LOOP('',(#14473,#14483,#14491,#14499));
#14473 = ORIENTED_EDGE('',*,*,#14474,.T.);
#14474 = EDGE_CURVE('',#14475,#14477,#14479,.T.);
#14475 = VERTEX_POINT('',#14476);
#14476 = CARTESIAN_POINT('',(-5.05,-0.69,8.325));
#14477 = VERTEX_POINT('',#14478);
#14478 = CARTESIAN_POINT('',(-4.575,-0.69,7.85));
#14479 = LINE('',#14480,#14481);
#14480 = CARTESIAN_POINT('',(-5.05,-0.69,8.325));
#14481 = VECTOR('',#14482,1.);
#14482 = DIRECTION('',(0.707106781187,0.,-0.707106781187));
#14483 = ORIENTED_EDGE('',*,*,#14484,.T.);
#14484 = EDGE_CURVE('',#14477,#14485,#14487,.T.);
#14485 = VERTEX_POINT('',#14486);
#14486 = CARTESIAN_POINT('',(-4.575,1.81,7.85));
#14487 = LINE('',#14488,#14489);
#14488 = CARTESIAN_POINT('',(-4.575,-0.69,7.85));
#14489 = VECTOR('',#14490,1.);
#14490 = DIRECTION('',(0.,1.,0.));
#14491 = ORIENTED_EDGE('',*,*,#14492,.F.);
#14492 = EDGE_CURVE('',#14493,#14485,#14495,.T.);
#14493 = VERTEX_POINT('',#14494);
#14494 = CARTESIAN_POINT('',(-5.05,1.81,8.325));
#14495 = LINE('',#14496,#14497);
#14496 = CARTESIAN_POINT('',(-5.05,1.81,8.325));
#14497 = VECTOR('',#14498,1.);
#14498 = DIRECTION('',(0.707106781187,0.,-0.707106781187));
#14499 = ORIENTED_EDGE('',*,*,#14500,.F.);
#14500 = EDGE_CURVE('',#14475,#14493,#14501,.T.);
#14501 = LINE('',#14502,#14503);
#14502 = CARTESIAN_POINT('',(-5.05,-0.69,8.325));
#14503 = VECTOR('',#14504,1.);
#14504 = DIRECTION('',(0.,1.,0.));
#14505 = PLANE('',#14506);
#14506 = AXIS2_PLACEMENT_3D('',#14507,#14508,#14509);
#14507 = CARTESIAN_POINT('',(-5.05,-0.69,8.325));
#14508 = DIRECTION('',(-0.707106781187,0.,-0.707106781187));
#14509 = DIRECTION('',(0.,1.,0.));
#14510 = ADVANCED_FACE('',(#14511),#14549,.T.);
#14511 = FACE_BOUND('',#14512,.T.);
#14512 = EDGE_LOOP('',(#14513,#14521,#14522,#14523,#14524,#14525,#14526,
    #14527,#14528,#14536,#14542,#14543));
#14513 = ORIENTED_EDGE('',*,*,#14514,.T.);
#14514 = EDGE_CURVE('',#14515,#14295,#14517,.T.);
#14515 = VERTEX_POINT('',#14516);
#14516 = CARTESIAN_POINT('',(-5.05,1.81,7.35));
#14517 = LINE('',#14518,#14519);
#14518 = CARTESIAN_POINT('',(-5.05,1.81,7.35));
#14519 = VECTOR('',#14520,1.);
#14520 = DIRECTION('',(0.,1.,0.));
#14521 = ORIENTED_EDGE('',*,*,#14294,.T.);
#14522 = ORIENTED_EDGE('',*,*,#13729,.T.);
#14523 = ORIENTED_EDGE('',*,*,#13075,.T.);
#14524 = ORIENTED_EDGE('',*,*,#14259,.F.);
#14525 = ORIENTED_EDGE('',*,*,#13004,.T.);
#14526 = ORIENTED_EDGE('',*,*,#13720,.T.);
#14527 = ORIENTED_EDGE('',*,*,#14458,.T.);
#14528 = ORIENTED_EDGE('',*,*,#14529,.T.);
#14529 = EDGE_CURVE('',#14451,#14530,#14532,.T.);
#14530 = VERTEX_POINT('',#14531);
#14531 = CARTESIAN_POINT('',(-5.05,-0.69,7.35));
#14532 = LINE('',#14533,#14534);
#14533 = CARTESIAN_POINT('',(-5.05,-4.2,7.35));
#14534 = VECTOR('',#14535,1.);
#14535 = DIRECTION('',(0.,1.,0.));
#14536 = ORIENTED_EDGE('',*,*,#14537,.T.);
#14537 = EDGE_CURVE('',#14530,#14475,#14538,.T.);
#14538 = LINE('',#14539,#14540);
#14539 = CARTESIAN_POINT('',(-5.05,-0.69,7.35));
#14540 = VECTOR('',#14541,1.);
#14541 = DIRECTION('',(0.,0.,1.));
#14542 = ORIENTED_EDGE('',*,*,#14500,.T.);
#14543 = ORIENTED_EDGE('',*,*,#14544,.F.);
#14544 = EDGE_CURVE('',#14515,#14493,#14545,.T.);
#14545 = LINE('',#14546,#14547);
#14546 = CARTESIAN_POINT('',(-5.05,1.81,7.35));
#14547 = VECTOR('',#14548,1.);
#14548 = DIRECTION('',(0.,0.,1.));
#14549 = PLANE('',#14550);
#14550 = AXIS2_PLACEMENT_3D('',#14551,#14552,#14553);
#14551 = CARTESIAN_POINT('',(-5.05,4.4,12.));
#14552 = DIRECTION('',(1.,0.,0.));
#14553 = DIRECTION('',(-0.,1.,0.));
#14554 = ADVANCED_FACE('',(#14555),#14575,.T.);
#14555 = FACE_BOUND('',#14556,.T.);
#14556 = EDGE_LOOP('',(#14557,#14558,#14559,#14560,#14561,#14567,#14568,
    #14574));
#14557 = ORIENTED_EDGE('',*,*,#14450,.T.);
#14558 = ORIENTED_EDGE('',*,*,#14194,.F.);
#14559 = ORIENTED_EDGE('',*,*,#14302,.F.);
#14560 = ORIENTED_EDGE('',*,*,#14514,.F.);
#14561 = ORIENTED_EDGE('',*,*,#14562,.F.);
#14562 = EDGE_CURVE('',#12677,#14515,#14563,.T.);
#14563 = LINE('',#14564,#14565);
#14564 = CARTESIAN_POINT('',(-5.1,1.81,7.35));
#14565 = VECTOR('',#14566,1.);
#14566 = DIRECTION('',(1.,0.,0.));
#14567 = ORIENTED_EDGE('',*,*,#12693,.F.);
#14568 = ORIENTED_EDGE('',*,*,#14569,.T.);
#14569 = EDGE_CURVE('',#12686,#14530,#14570,.T.);
#14570 = LINE('',#14571,#14572);
#14571 = CARTESIAN_POINT('',(-5.1,-0.69,7.35));
#14572 = VECTOR('',#14573,1.);
#14573 = DIRECTION('',(1.,0.,0.));
#14574 = ORIENTED_EDGE('',*,*,#14529,.F.);
#14575 = PLANE('',#14576);
#14576 = AXIS2_PLACEMENT_3D('',#14577,#14578,#14579);
#14577 = CARTESIAN_POINT('',(-4.645,4.4,7.35));
#14578 = DIRECTION('',(0.,0.,-1.));
#14579 = DIRECTION('',(-1.,0.,0.));
#14580 = ADVANCED_FACE('',(#14581),#14592,.T.);
#14581 = FACE_BOUND('',#14582,.T.);
#14582 = EDGE_LOOP('',(#14583,#14584,#14585,#14586,#14587,#14588,#14589,
    #14590,#14591));
#14583 = ORIENTED_EDGE('',*,*,#12788,.F.);
#14584 = ORIENTED_EDGE('',*,*,#12819,.F.);
#14585 = ORIENTED_EDGE('',*,*,#12840,.F.);
#14586 = ORIENTED_EDGE('',*,*,#12881,.T.);
#14587 = ORIENTED_EDGE('',*,*,#12902,.F.);
#14588 = ORIENTED_EDGE('',*,*,#14364,.T.);
#14589 = ORIENTED_EDGE('',*,*,#14412,.T.);
#14590 = ORIENTED_EDGE('',*,*,#12725,.T.);
#14591 = ORIENTED_EDGE('',*,*,#12757,.F.);
#14592 = PLANE('',#14593);
#14593 = AXIS2_PLACEMENT_3D('',#14594,#14595,#14596);
#14594 = CARTESIAN_POINT('',(0.,-0.69,3.));
#14595 = DIRECTION('',(0.,-1.,0.));
#14596 = DIRECTION('',(-1.,0.,0.));
#14597 = ADVANCED_FACE('',(#14598),#14614,.T.);
#14598 = FACE_BOUND('',#14599,.T.);
#14599 = EDGE_LOOP('',(#14600,#14601,#14602,#14603,#14604,#14605,#14611,
    #14612,#14613));
#14600 = ORIENTED_EDGE('',*,*,#12685,.F.);
#14601 = ORIENTED_EDGE('',*,*,#12662,.T.);
#14602 = ORIENTED_EDGE('',*,*,#12623,.T.);
#14603 = ORIENTED_EDGE('',*,*,#12584,.F.);
#14604 = ORIENTED_EDGE('',*,*,#12553,.F.);
#14605 = ORIENTED_EDGE('',*,*,#14606,.F.);
#14606 = EDGE_CURVE('',#14477,#12546,#14607,.T.);
#14607 = LINE('',#14608,#14609);
#14608 = CARTESIAN_POINT('',(-4.575,-0.69,7.85));
#14609 = VECTOR('',#14610,1.);
#14610 = DIRECTION('',(0.,0.,-1.));
#14611 = ORIENTED_EDGE('',*,*,#14474,.F.);
#14612 = ORIENTED_EDGE('',*,*,#14537,.F.);
#14613 = ORIENTED_EDGE('',*,*,#14569,.F.);
#14614 = PLANE('',#14615);
#14615 = AXIS2_PLACEMENT_3D('',#14616,#14617,#14618);
#14616 = CARTESIAN_POINT('',(0.,-0.69,3.));
#14617 = DIRECTION('',(0.,-1.,0.));
#14618 = DIRECTION('',(-1.,0.,0.));
#14619 = ADVANCED_FACE('',(#14620),#14631,.T.);
#14620 = FACE_BOUND('',#14621,.T.);
#14621 = EDGE_LOOP('',(#14622,#14623,#14629,#14630));
#14622 = ORIENTED_EDGE('',*,*,#12543,.F.);
#14623 = ORIENTED_EDGE('',*,*,#14624,.F.);
#14624 = EDGE_CURVE('',#14485,#12544,#14625,.T.);
#14625 = LINE('',#14626,#14627);
#14626 = CARTESIAN_POINT('',(-4.575,1.81,7.85));
#14627 = VECTOR('',#14628,1.);
#14628 = DIRECTION('',(0.,0.,-1.));
#14629 = ORIENTED_EDGE('',*,*,#14484,.F.);
#14630 = ORIENTED_EDGE('',*,*,#14606,.T.);
#14631 = PLANE('',#14632);
#14632 = AXIS2_PLACEMENT_3D('',#14633,#14634,#14635);
#14633 = CARTESIAN_POINT('',(-4.575,1.81,7.35));
#14634 = DIRECTION('',(1.,0.,0.));
#14635 = DIRECTION('',(0.,0.,-1.));
#14636 = ADVANCED_FACE('',(#14637),#14648,.T.);
#14637 = FACE_BOUND('',#14638,.T.);
#14638 = EDGE_LOOP('',(#14639,#14640,#14641,#14642,#14643,#14644,#14645,
    #14646,#14647));
#14639 = ORIENTED_EDGE('',*,*,#12911,.T.);
#14640 = ORIENTED_EDGE('',*,*,#12888,.T.);
#14641 = ORIENTED_EDGE('',*,*,#12849,.T.);
#14642 = ORIENTED_EDGE('',*,*,#12826,.T.);
#14643 = ORIENTED_EDGE('',*,*,#12795,.T.);
#14644 = ORIENTED_EDGE('',*,*,#12764,.T.);
#14645 = ORIENTED_EDGE('',*,*,#12707,.F.);
#14646 = ORIENTED_EDGE('',*,*,#14432,.F.);
#14647 = ORIENTED_EDGE('',*,*,#14373,.F.);
#14648 = PLANE('',#14649);
#14649 = AXIS2_PLACEMENT_3D('',#14650,#14651,#14652);
#14650 = CARTESIAN_POINT('',(0.,1.81,3.));
#14651 = DIRECTION('',(0.,1.,0.));
#14652 = DIRECTION('',(1.,0.,0.));
#14653 = ADVANCED_FACE('',(#14654),#14665,.T.);
#14654 = FACE_BOUND('',#14655,.T.);
#14655 = EDGE_LOOP('',(#14656,#14657,#14658,#14659,#14660,#14661,#14662,
    #14663,#14664));
#14656 = ORIENTED_EDGE('',*,*,#12569,.T.);
#14657 = ORIENTED_EDGE('',*,*,#12600,.T.);
#14658 = ORIENTED_EDGE('',*,*,#12614,.F.);
#14659 = ORIENTED_EDGE('',*,*,#12655,.T.);
#14660 = ORIENTED_EDGE('',*,*,#12676,.T.);
#14661 = ORIENTED_EDGE('',*,*,#14562,.T.);
#14662 = ORIENTED_EDGE('',*,*,#14544,.T.);
#14663 = ORIENTED_EDGE('',*,*,#14492,.T.);
#14664 = ORIENTED_EDGE('',*,*,#14624,.T.);
#14665 = PLANE('',#14666);
#14666 = AXIS2_PLACEMENT_3D('',#14667,#14668,#14669);
#14667 = CARTESIAN_POINT('',(0.,1.81,3.));
#14668 = DIRECTION('',(0.,1.,0.));
#14669 = DIRECTION('',(1.,0.,0.));
#14670 = ADVANCED_FACE('',(#14671),#14705,.T.);
#14671 = FACE_BOUND('',#14672,.T.);
#14672 = EDGE_LOOP('',(#14673,#14683,#14691,#14699));
#14673 = ORIENTED_EDGE('',*,*,#14674,.F.);
#14674 = EDGE_CURVE('',#14675,#14677,#14679,.T.);
#14675 = VERTEX_POINT('',#14676);
#14676 = CARTESIAN_POINT('',(1.52,-0.978127834119,8.545));
#14677 = VERTEX_POINT('',#14678);
#14678 = CARTESIAN_POINT('',(1.02,-0.978127834119,8.545));
#14679 = LINE('',#14680,#14681);
#14680 = CARTESIAN_POINT('',(1.52,-0.978127834119,8.545));
#14681 = VECTOR('',#14682,1.);
#14682 = DIRECTION('',(-1.,0.,0.));
#14683 = ORIENTED_EDGE('',*,*,#14684,.F.);
#14684 = EDGE_CURVE('',#14685,#14675,#14687,.T.);
#14685 = VERTEX_POINT('',#14686);
#14686 = CARTESIAN_POINT('',(1.52,-1.4,8.545));
#14687 = LINE('',#14688,#14689);
#14688 = CARTESIAN_POINT('',(1.52,-1.4,8.545));
#14689 = VECTOR('',#14690,1.);
#14690 = DIRECTION('',(0.,1.,1.657944188028E-13));
#14691 = ORIENTED_EDGE('',*,*,#14692,.T.);
#14692 = EDGE_CURVE('',#14685,#14693,#14695,.T.);
#14693 = VERTEX_POINT('',#14694);
#14694 = CARTESIAN_POINT('',(1.02,-1.4,8.545));
#14695 = LINE('',#14696,#14697);
#14696 = CARTESIAN_POINT('',(1.52,-1.4,8.545));
#14697 = VECTOR('',#14698,1.);
#14698 = DIRECTION('',(-1.,0.,0.));
#14699 = ORIENTED_EDGE('',*,*,#14700,.T.);
#14700 = EDGE_CURVE('',#14693,#14677,#14701,.T.);
#14701 = LINE('',#14702,#14703);
#14702 = CARTESIAN_POINT('',(1.02,-1.4,8.545));
#14703 = VECTOR('',#14704,1.);
#14704 = DIRECTION('',(0.,1.,1.657944188028E-13));
#14705 = PLANE('',#14706);
#14706 = AXIS2_PLACEMENT_3D('',#14707,#14708,#14709);
#14707 = CARTESIAN_POINT('',(-2.89,-9.6,8.544999999999));
#14708 = DIRECTION('',(0.,7.855557072685E-14,-1.));
#14709 = DIRECTION('',(0.,1.,7.855557072685E-14));
#14710 = ADVANCED_FACE('',(#14711),#14736,.F.);
#14711 = FACE_BOUND('',#14712,.T.);
#14712 = EDGE_LOOP('',(#14713,#14721,#14722,#14730));
#14713 = ORIENTED_EDGE('',*,*,#14714,.T.);
#14714 = EDGE_CURVE('',#14715,#14685,#14717,.T.);
#14715 = VERTEX_POINT('',#14716);
#14716 = CARTESIAN_POINT('',(1.52,-1.4,8.795));
#14717 = LINE('',#14718,#14719);
#14718 = CARTESIAN_POINT('',(1.52,-1.4,8.795));
#14719 = VECTOR('',#14720,1.);
#14720 = DIRECTION('',(0.,5.15143483426E-14,-1.));
#14721 = ORIENTED_EDGE('',*,*,#14684,.T.);
#14722 = ORIENTED_EDGE('',*,*,#14723,.F.);
#14723 = EDGE_CURVE('',#14724,#14675,#14726,.T.);
#14724 = VERTEX_POINT('',#14725);
#14725 = CARTESIAN_POINT('',(1.52,-1.,8.795));
#14726 = LINE('',#14727,#14728);
#14727 = CARTESIAN_POINT('',(1.52,-1.,8.795));
#14728 = VECTOR('',#14729,1.);
#14729 = DIRECTION('',(4.954872342923E-14,8.715574274674E-02,
    -0.996194698092));
#14730 = ORIENTED_EDGE('',*,*,#14731,.F.);
#14731 = EDGE_CURVE('',#14715,#14724,#14732,.T.);
#14732 = LINE('',#14733,#14734);
#14733 = CARTESIAN_POINT('',(1.52,-1.4,8.795));
#14734 = VECTOR('',#14735,1.);
#14735 = DIRECTION('',(-2.997602166487E-14,1.,0.));
#14736 = PLANE('',#14737);
#14737 = AXIS2_PLACEMENT_3D('',#14738,#14739,#14740);
#14738 = CARTESIAN_POINT('',(1.52,-1.4,8.545));
#14739 = DIRECTION('',(-1.,0.,0.));
#14740 = DIRECTION('',(0.,1.,7.855521788613E-14));
#14741 = ADVANCED_FACE('',(#14742),#14760,.F.);
#14742 = FACE_BOUND('',#14743,.T.);
#14743 = EDGE_LOOP('',(#14744,#14752,#14753,#14754));
#14744 = ORIENTED_EDGE('',*,*,#14745,.T.);
#14745 = EDGE_CURVE('',#14746,#14693,#14748,.T.);
#14746 = VERTEX_POINT('',#14747);
#14747 = CARTESIAN_POINT('',(1.02,-1.4,8.795));
#14748 = LINE('',#14749,#14750);
#14749 = CARTESIAN_POINT('',(1.02,-1.4,8.795));
#14750 = VECTOR('',#14751,1.);
#14751 = DIRECTION('',(0.,5.15143483426E-14,-1.));
#14752 = ORIENTED_EDGE('',*,*,#14692,.F.);
#14753 = ORIENTED_EDGE('',*,*,#14714,.F.);
#14754 = ORIENTED_EDGE('',*,*,#14755,.T.);
#14755 = EDGE_CURVE('',#14715,#14746,#14756,.T.);
#14756 = LINE('',#14757,#14758);
#14757 = CARTESIAN_POINT('',(1.52,-1.4,8.795));
#14758 = VECTOR('',#14759,1.);
#14759 = DIRECTION('',(-1.,0.,0.));
#14760 = PLANE('',#14761);
#14761 = AXIS2_PLACEMENT_3D('',#14762,#14763,#14764);
#14762 = CARTESIAN_POINT('',(1.02,-1.4,8.545));
#14763 = DIRECTION('',(0.,1.,7.855557072685E-14));
#14764 = DIRECTION('',(1.,0.,-0.));
#14765 = ADVANCED_FACE('',(#14766),#14784,.F.);
#14766 = FACE_BOUND('',#14767,.T.);
#14767 = EDGE_LOOP('',(#14768,#14769,#14770,#14778));
#14768 = ORIENTED_EDGE('',*,*,#14700,.F.);
#14769 = ORIENTED_EDGE('',*,*,#14745,.F.);
#14770 = ORIENTED_EDGE('',*,*,#14771,.T.);
#14771 = EDGE_CURVE('',#14746,#14772,#14774,.T.);
#14772 = VERTEX_POINT('',#14773);
#14773 = CARTESIAN_POINT('',(1.02,-1.,8.795));
#14774 = LINE('',#14775,#14776);
#14775 = CARTESIAN_POINT('',(1.02,-1.4,8.795));
#14776 = VECTOR('',#14777,1.);
#14777 = DIRECTION('',(0.,1.,0.));
#14778 = ORIENTED_EDGE('',*,*,#14779,.F.);
#14779 = EDGE_CURVE('',#14677,#14772,#14780,.T.);
#14780 = LINE('',#14781,#14782);
#14781 = CARTESIAN_POINT('',(1.02,-0.978127834119,8.545));
#14782 = VECTOR('',#14783,1.);
#14783 = DIRECTION('',(0.,-8.715574274674E-02,0.996194698092));
#14784 = PLANE('',#14785);
#14785 = AXIS2_PLACEMENT_3D('',#14786,#14787,#14788);
#14786 = CARTESIAN_POINT('',(1.02,-0.978127834119,8.545));
#14787 = DIRECTION('',(1.,0.,0.));
#14788 = DIRECTION('',(0.,-1.,-7.855521788613E-14));
#14789 = ADVANCED_FACE('',(#14790),#14801,.T.);
#14790 = FACE_BOUND('',#14791,.T.);
#14791 = EDGE_LOOP('',(#14792,#14793,#14794,#14800));
#14792 = ORIENTED_EDGE('',*,*,#14755,.F.);
#14793 = ORIENTED_EDGE('',*,*,#14731,.T.);
#14794 = ORIENTED_EDGE('',*,*,#14795,.T.);
#14795 = EDGE_CURVE('',#14724,#14772,#14796,.T.);
#14796 = LINE('',#14797,#14798);
#14797 = CARTESIAN_POINT('',(1.52,-1.,8.795));
#14798 = VECTOR('',#14799,1.);
#14799 = DIRECTION('',(-1.,0.,0.));
#14800 = ORIENTED_EDGE('',*,*,#14771,.F.);
#14801 = PLANE('',#14802);
#14802 = AXIS2_PLACEMENT_3D('',#14803,#14804,#14805);
#14803 = CARTESIAN_POINT('',(-2.89,-0.916707140967,8.795));
#14804 = DIRECTION('',(0.,1.309259512114E-14,1.));
#14805 = DIRECTION('',(0.,-1.,1.309259512114E-14));
#14806 = ADVANCED_FACE('',(#14807),#14905,.T.);
#14807 = FACE_BOUND('',#14808,.T.);
#14808 = EDGE_LOOP('',(#14809,#14819,#14827,#14835,#14843,#14851,#14859,
    #14867,#14875,#14883,#14891,#14899));
#14809 = ORIENTED_EDGE('',*,*,#14810,.F.);
#14810 = EDGE_CURVE('',#14811,#14813,#14815,.T.);
#14811 = VERTEX_POINT('',#14812);
#14812 = CARTESIAN_POINT('',(2.79,-0.978127834119,8.545));
#14813 = VERTEX_POINT('',#14814);
#14814 = CARTESIAN_POINT('',(2.29,-0.978127834119,8.545));
#14815 = LINE('',#14816,#14817);
#14816 = CARTESIAN_POINT('',(2.79,-0.978127834119,8.545));
#14817 = VECTOR('',#14818,1.);
#14818 = DIRECTION('',(-1.,0.,0.));
#14819 = ORIENTED_EDGE('',*,*,#14820,.F.);
#14820 = EDGE_CURVE('',#14821,#14811,#14823,.T.);
#14821 = VERTEX_POINT('',#14822);
#14822 = CARTESIAN_POINT('',(2.79,-2.5,8.545));
#14823 = LINE('',#14824,#14825);
#14824 = CARTESIAN_POINT('',(2.79,-2.5,8.545));
#14825 = VECTOR('',#14826,1.);
#14826 = DIRECTION('',(0.,1.,1.057791463565E-13));
#14827 = ORIENTED_EDGE('',*,*,#14828,.T.);
#14828 = EDGE_CURVE('',#14821,#14829,#14831,.T.);
#14829 = VERTEX_POINT('',#14830);
#14830 = CARTESIAN_POINT('',(2.889999999999,-2.5,8.545));
#14831 = LINE('',#14832,#14833);
#14832 = CARTESIAN_POINT('',(2.79,-2.5,8.545));
#14833 = VECTOR('',#14834,1.);
#14834 = DIRECTION('',(1.,5.773159728109E-14,-2.009503674592E-13));
#14835 = ORIENTED_EDGE('',*,*,#14836,.T.);
#14836 = EDGE_CURVE('',#14829,#14837,#14839,.T.);
#14837 = VERTEX_POINT('',#14838);
#14838 = CARTESIAN_POINT('',(2.889999999999,-3.,8.545));
#14839 = LINE('',#14840,#14841);
#14840 = CARTESIAN_POINT('',(2.889999999999,-2.5,8.545));
#14841 = VECTOR('',#14842,1.);
#14842 = DIRECTION('',(0.,-1.,-2.642330798608E-14));
#14843 = ORIENTED_EDGE('',*,*,#14844,.F.);
#14844 = EDGE_CURVE('',#14845,#14837,#14847,.T.);
#14845 = VERTEX_POINT('',#14846);
#14846 = CARTESIAN_POINT('',(2.789999985163,-3.,8.545));
#14847 = LINE('',#14848,#14849);
#14848 = CARTESIAN_POINT('',(2.789999984644,-3.,8.545));
#14849 = VECTOR('',#14850,1.);
#14850 = DIRECTION('',(1.,4.884980558256E-14,0.));
#14851 = ORIENTED_EDGE('',*,*,#14852,.T.);
#14852 = EDGE_CURVE('',#14845,#14853,#14855,.T.);
#14853 = VERTEX_POINT('',#14854);
#14854 = CARTESIAN_POINT('',(2.789999922703,-9.6,8.544999999999));
#14855 = LINE('',#14856,#14857);
#14856 = CARTESIAN_POINT('',(2.789999984644,-3.,8.545));
#14857 = VECTOR('',#14858,1.);
#14858 = DIRECTION('',(-9.306401238866E-09,-1.,-7.759786079691E-14));
#14859 = ORIENTED_EDGE('',*,*,#14860,.T.);
#14860 = EDGE_CURVE('',#14853,#14861,#14863,.T.);
#14861 = VERTEX_POINT('',#14862);
#14862 = CARTESIAN_POINT('',(2.290000000001,-9.6,8.544999999999));
#14863 = LINE('',#14864,#14865);
#14864 = CARTESIAN_POINT('',(2.789999923222,-9.6,8.544999999999));
#14865 = VECTOR('',#14866,1.);
#14866 = DIRECTION('',(-1.,0.,0.));
#14867 = ORIENTED_EDGE('',*,*,#14868,.F.);
#14868 = EDGE_CURVE('',#14869,#14861,#14871,.T.);
#14869 = VERTEX_POINT('',#14870);
#14870 = CARTESIAN_POINT('',(2.290000000001,-3.,8.545));
#14871 = LINE('',#14872,#14873);
#14872 = CARTESIAN_POINT('',(2.290000000001,-3.,8.545));
#14873 = VECTOR('',#14874,1.);
#14874 = DIRECTION('',(0.,-1.,-7.763150391887E-14));
#14875 = ORIENTED_EDGE('',*,*,#14876,.T.);
#14876 = EDGE_CURVE('',#14869,#14877,#14879,.T.);
#14877 = VERTEX_POINT('',#14878);
#14878 = CARTESIAN_POINT('',(2.19,-3.,8.545));
#14879 = LINE('',#14880,#14881);
#14880 = CARTESIAN_POINT('',(2.290000000001,-3.,8.545));
#14881 = VECTOR('',#14882,1.);
#14882 = DIRECTION('',(-1.,0.,-1.931788062828E-13));
#14883 = ORIENTED_EDGE('',*,*,#14884,.T.);
#14884 = EDGE_CURVE('',#14877,#14885,#14887,.T.);
#14885 = VERTEX_POINT('',#14886);
#14886 = CARTESIAN_POINT('',(2.19,-2.5,8.545));
#14887 = LINE('',#14888,#14889);
#14888 = CARTESIAN_POINT('',(2.19,-3.,8.545));
#14889 = VECTOR('',#14890,1.);
#14890 = DIRECTION('',(0.,1.,5.218048215738E-14));
#14891 = ORIENTED_EDGE('',*,*,#14892,.T.);
#14892 = EDGE_CURVE('',#14885,#14893,#14895,.T.);
#14893 = VERTEX_POINT('',#14894);
#14894 = CARTESIAN_POINT('',(2.29,-2.5,8.545));
#14895 = LINE('',#14896,#14897);
#14896 = CARTESIAN_POINT('',(2.19,-2.5,8.545));
#14897 = VECTOR('',#14898,1.);
#14898 = DIRECTION('',(1.,0.,2.686739719596E-13));
#14899 = ORIENTED_EDGE('',*,*,#14900,.T.);
#14900 = EDGE_CURVE('',#14893,#14813,#14901,.T.);
#14901 = LINE('',#14902,#14903);
#14902 = CARTESIAN_POINT('',(2.29,-2.5,8.545));
#14903 = VECTOR('',#14904,1.);
#14904 = DIRECTION('',(4.960677208443E-14,1.,1.057791463565E-13));
#14905 = PLANE('',#14906);
#14906 = AXIS2_PLACEMENT_3D('',#14907,#14908,#14909);
#14907 = CARTESIAN_POINT('',(-2.89,-9.6,8.544999999999));
#14908 = DIRECTION('',(0.,7.855557072685E-14,-1.));
#14909 = DIRECTION('',(0.,1.,7.855557072685E-14));
#14910 = ADVANCED_FACE('',(#14911),#14936,.F.);
#14911 = FACE_BOUND('',#14912,.T.);
#14912 = EDGE_LOOP('',(#14913,#14921,#14922,#14930));
#14913 = ORIENTED_EDGE('',*,*,#14914,.T.);
#14914 = EDGE_CURVE('',#14915,#14821,#14917,.T.);
#14915 = VERTEX_POINT('',#14916);
#14916 = CARTESIAN_POINT('',(2.79,-2.5,8.795));
#14917 = LINE('',#14918,#14919);
#14918 = CARTESIAN_POINT('',(2.79,-2.5,8.795));
#14919 = VECTOR('',#14920,1.);
#14920 = DIRECTION('',(0.,5.329070518198E-14,-1.));
#14921 = ORIENTED_EDGE('',*,*,#14820,.T.);
#14922 = ORIENTED_EDGE('',*,*,#14923,.F.);
#14923 = EDGE_CURVE('',#14924,#14811,#14926,.T.);
#14924 = VERTEX_POINT('',#14925);
#14925 = CARTESIAN_POINT('',(2.79,-1.,8.795));
#14926 = LINE('',#14927,#14928);
#14927 = CARTESIAN_POINT('',(2.79,-1.,8.795));
#14928 = VECTOR('',#14929,1.);
#14929 = DIRECTION('',(-9.909744685845E-14,8.715574274673E-02,
    -0.996194698092));
#14930 = ORIENTED_EDGE('',*,*,#14931,.F.);
#14931 = EDGE_CURVE('',#14915,#14924,#14932,.T.);
#14932 = LINE('',#14933,#14934);
#14933 = CARTESIAN_POINT('',(2.79,-2.5,8.795));
#14934 = VECTOR('',#14935,1.);
#14935 = DIRECTION('',(1.68753899743E-14,1.,4.810966440042E-14));
#14936 = PLANE('',#14937);
#14937 = AXIS2_PLACEMENT_3D('',#14938,#14939,#14940);
#14938 = CARTESIAN_POINT('',(2.79,-2.5,8.545));
#14939 = DIRECTION('',(-1.,0.,0.));
#14940 = DIRECTION('',(0.,1.,7.855521788613E-14));
#14941 = ADVANCED_FACE('',(#14942),#14960,.F.);
#14942 = FACE_BOUND('',#14943,.T.);
#14943 = EDGE_LOOP('',(#14944,#14945,#14946,#14954));
#14944 = ORIENTED_EDGE('',*,*,#14828,.F.);
#14945 = ORIENTED_EDGE('',*,*,#14914,.F.);
#14946 = ORIENTED_EDGE('',*,*,#14947,.T.);
#14947 = EDGE_CURVE('',#14915,#14948,#14950,.T.);
#14948 = VERTEX_POINT('',#14949);
#14949 = CARTESIAN_POINT('',(2.889999999999,-2.5,8.795));
#14950 = LINE('',#14951,#14952);
#14951 = CARTESIAN_POINT('',(2.79,-2.5,8.795));
#14952 = VECTOR('',#14953,1.);
#14953 = DIRECTION('',(1.,1.199040866607E-13,2.986499936272E-13));
#14954 = ORIENTED_EDGE('',*,*,#14955,.F.);
#14955 = EDGE_CURVE('',#14829,#14948,#14956,.T.);
#14956 = LINE('',#14957,#14958);
#14957 = CARTESIAN_POINT('',(2.889999999999,-2.5,8.545));
#14958 = VECTOR('',#14959,1.);
#14959 = DIRECTION('',(0.,-2.842170943038E-14,1.));
#14960 = PLANE('',#14961);
#14961 = AXIS2_PLACEMENT_3D('',#14962,#14963,#14964);
#14962 = CARTESIAN_POINT('',(2.889999999999,-2.5,8.545));
#14963 = DIRECTION('',(0.,-1.,-7.855557072685E-14));
#14964 = DIRECTION('',(-1.,-0.,0.));
#14965 = ADVANCED_FACE('',(#14966),#14984,.T.);
#14966 = FACE_BOUND('',#14967,.T.);
#14967 = EDGE_LOOP('',(#14968,#14969,#14970,#14978));
#14968 = ORIENTED_EDGE('',*,*,#14836,.F.);
#14969 = ORIENTED_EDGE('',*,*,#14955,.T.);
#14970 = ORIENTED_EDGE('',*,*,#14971,.F.);
#14971 = EDGE_CURVE('',#14972,#14948,#14974,.T.);
#14972 = VERTEX_POINT('',#14973);
#14973 = CARTESIAN_POINT('',(2.889999999999,-3.,8.795));
#14974 = LINE('',#14975,#14976);
#14975 = CARTESIAN_POINT('',(2.889999999999,-3.,8.795));
#14976 = VECTOR('',#14977,1.);
#14977 = DIRECTION('',(0.,1.,0.));
#14978 = ORIENTED_EDGE('',*,*,#14979,.F.);
#14979 = EDGE_CURVE('',#14837,#14972,#14980,.T.);
#14980 = LINE('',#14981,#14982);
#14981 = CARTESIAN_POINT('',(2.889999999999,-3.,8.545));
#14982 = VECTOR('',#14983,1.);
#14983 = DIRECTION('',(0.,-2.131628207279E-14,1.));
#14984 = PLANE('',#14985);
#14985 = AXIS2_PLACEMENT_3D('',#14986,#14987,#14988);
#14986 = CARTESIAN_POINT('',(2.889999999999,0.5,9.42));
#14987 = DIRECTION('',(1.,0.,0.));
#14988 = DIRECTION('',(0.,-1.,0.));
#14989 = ADVANCED_FACE('',(#14990),#15008,.F.);
#14990 = FACE_BOUND('',#14991,.T.);
#14991 = EDGE_LOOP('',(#14992,#15000,#15006,#15007));
#14992 = ORIENTED_EDGE('',*,*,#14993,.F.);
#14993 = EDGE_CURVE('',#14994,#14972,#14996,.T.);
#14994 = VERTEX_POINT('',#14995);
#14995 = CARTESIAN_POINT('',(2.789999985163,-3.,8.795));
#14996 = LINE('',#14997,#14998);
#14997 = CARTESIAN_POINT('',(2.789999984644,-3.,8.795));
#14998 = VECTOR('',#14999,1.);
#14999 = DIRECTION('',(1.,1.065813939983E-13,-1.0436094829E-12));
#15000 = ORIENTED_EDGE('',*,*,#15001,.T.);
#15001 = EDGE_CURVE('',#14994,#14845,#15002,.T.);
#15002 = LINE('',#15003,#15004);
#15003 = CARTESIAN_POINT('',(2.789999984644,-3.,8.795));
#15004 = VECTOR('',#15005,1.);
#15005 = DIRECTION('',(0.,4.618527782435E-14,-1.));
#15006 = ORIENTED_EDGE('',*,*,#14844,.T.);
#15007 = ORIENTED_EDGE('',*,*,#14979,.T.);
#15008 = PLANE('',#15009);
#15009 = AXIS2_PLACEMENT_3D('',#15010,#15011,#15012);
#15010 = CARTESIAN_POINT('',(2.789999999999,-3.,8.545));
#15011 = DIRECTION('',(0.,1.,7.855557072685E-14));
#15012 = DIRECTION('',(1.,0.,-0.));
#15013 = ADVANCED_FACE('',(#15014),#15032,.F.);
#15014 = FACE_BOUND('',#15015,.T.);
#15015 = EDGE_LOOP('',(#15016,#15024,#15025,#15026));
#15016 = ORIENTED_EDGE('',*,*,#15017,.F.);
#15017 = EDGE_CURVE('',#14853,#15018,#15020,.T.);
#15018 = VERTEX_POINT('',#15019);
#15019 = CARTESIAN_POINT('',(2.789999922703,-9.6,8.795));
#15020 = LINE('',#15021,#15022);
#15021 = CARTESIAN_POINT('',(2.789999923222,-9.6,8.544999999999));
#15022 = VECTOR('',#15023,1.);
#15023 = DIRECTION('',(0.,-1.136868377213E-13,1.));
#15024 = ORIENTED_EDGE('',*,*,#14852,.F.);
#15025 = ORIENTED_EDGE('',*,*,#15001,.F.);
#15026 = ORIENTED_EDGE('',*,*,#15027,.T.);
#15027 = EDGE_CURVE('',#14994,#15018,#15028,.T.);
#15028 = LINE('',#15029,#15030);
#15029 = CARTESIAN_POINT('',(2.789999984644,-3.,8.795));
#15030 = VECTOR('',#15031,1.);
#15031 = DIRECTION('',(-9.306401306152E-09,-1.,-1.675427473525E-14));
#15032 = PLANE('',#15033);
#15033 = AXIS2_PLACEMENT_3D('',#15034,#15035,#15036);
#15034 = CARTESIAN_POINT('',(2.789999907866,-9.6,8.544999999999));
#15035 = DIRECTION('',(-1.,1.395965821053E-08,0.));
#15036 = DIRECTION('',(1.395965821053E-08,1.,7.855521788613E-14));
#15037 = ADVANCED_FACE('',(#15038),#15056,.T.);
#15038 = FACE_BOUND('',#15039,.T.);
#15039 = EDGE_LOOP('',(#15040,#15041,#15042,#15050));
#15040 = ORIENTED_EDGE('',*,*,#14860,.F.);
#15041 = ORIENTED_EDGE('',*,*,#15017,.T.);
#15042 = ORIENTED_EDGE('',*,*,#15043,.T.);
#15043 = EDGE_CURVE('',#15018,#15044,#15046,.T.);
#15044 = VERTEX_POINT('',#15045);
#15045 = CARTESIAN_POINT('',(2.290000000001,-9.6,8.795));
#15046 = LINE('',#15047,#15048);
#15047 = CARTESIAN_POINT('',(2.789999923222,-9.6,8.795));
#15048 = VECTOR('',#15049,1.);
#15049 = DIRECTION('',(-1.,0.,0.));
#15050 = ORIENTED_EDGE('',*,*,#15051,.F.);
#15051 = EDGE_CURVE('',#14861,#15044,#15052,.T.);
#15052 = LINE('',#15053,#15054);
#15053 = CARTESIAN_POINT('',(2.290000000001,-9.6,8.544999999999));
#15054 = VECTOR('',#15055,1.);
#15055 = DIRECTION('',(0.,-1.065814103637E-13,1.));
#15056 = PLANE('',#15057);
#15057 = AXIS2_PLACEMENT_3D('',#15058,#15059,#15060);
#15058 = CARTESIAN_POINT('',(-2.89,-9.6,8.795));
#15059 = DIRECTION('',(0.,-1.,-2.415845301577E-13));
#15060 = DIRECTION('',(0.,2.415845301577E-13,-1.));
#15061 = ADVANCED_FACE('',(#15062),#15080,.F.);
#15062 = FACE_BOUND('',#15063,.T.);
#15063 = EDGE_LOOP('',(#15064,#15072,#15073,#15074));
#15064 = ORIENTED_EDGE('',*,*,#15065,.T.);
#15065 = EDGE_CURVE('',#15066,#14869,#15068,.T.);
#15066 = VERTEX_POINT('',#15067);
#15067 = CARTESIAN_POINT('',(2.290000000001,-3.,8.795));
#15068 = LINE('',#15069,#15070);
#15069 = CARTESIAN_POINT('',(2.290000000001,-3.,8.795));
#15070 = VECTOR('',#15071,1.);
#15071 = DIRECTION('',(0.,1.389111048409E-12,-1.));
#15072 = ORIENTED_EDGE('',*,*,#14868,.T.);
#15073 = ORIENTED_EDGE('',*,*,#15051,.T.);
#15074 = ORIENTED_EDGE('',*,*,#15075,.F.);
#15075 = EDGE_CURVE('',#15066,#15044,#15076,.T.);
#15076 = LINE('',#15077,#15078);
#15077 = CARTESIAN_POINT('',(2.290000000001,-3.,8.795));
#15078 = VECTOR('',#15079,1.);
#15079 = DIRECTION('',(0.,-1.,-1.677109629623E-14));
#15080 = PLANE('',#15081);
#15081 = AXIS2_PLACEMENT_3D('',#15082,#15083,#15084);
#15082 = CARTESIAN_POINT('',(2.290000000001,-3.,8.545));
#15083 = DIRECTION('',(1.,0.,0.));
#15084 = DIRECTION('',(0.,-1.,-7.855521788613E-14));
#15085 = ADVANCED_FACE('',(#15086),#15104,.F.);
#15086 = FACE_BOUND('',#15087,.T.);
#15087 = EDGE_LOOP('',(#15088,#15096,#15097,#15098));
#15088 = ORIENTED_EDGE('',*,*,#15089,.T.);
#15089 = EDGE_CURVE('',#15090,#14877,#15092,.T.);
#15090 = VERTEX_POINT('',#15091);
#15091 = CARTESIAN_POINT('',(2.19,-3.,8.795));
#15092 = LINE('',#15093,#15094);
#15093 = CARTESIAN_POINT('',(2.19,-3.,8.795));
#15094 = VECTOR('',#15095,1.);
#15095 = DIRECTION('',(0.,1.383781977892E-12,-1.));
#15096 = ORIENTED_EDGE('',*,*,#14876,.F.);
#15097 = ORIENTED_EDGE('',*,*,#15065,.F.);
#15098 = ORIENTED_EDGE('',*,*,#15099,.T.);
#15099 = EDGE_CURVE('',#15066,#15090,#15100,.T.);
#15100 = LINE('',#15101,#15102);
#15101 = CARTESIAN_POINT('',(2.290000000001,-3.,8.795));
#15102 = VECTOR('',#15103,1.);
#15103 = DIRECTION('',(-1.,0.,-1.108002578565E-12));
#15104 = PLANE('',#15105);
#15105 = AXIS2_PLACEMENT_3D('',#15106,#15107,#15108);
#15106 = CARTESIAN_POINT('',(2.19,-3.,8.545));
#15107 = DIRECTION('',(0.,1.,7.855557072685E-14));
#15108 = DIRECTION('',(1.,0.,-0.));
#15109 = ADVANCED_FACE('',(#15110),#15128,.F.);
#15110 = FACE_BOUND('',#15111,.T.);
#15111 = EDGE_LOOP('',(#15112,#15120,#15121,#15122));
#15112 = ORIENTED_EDGE('',*,*,#15113,.T.);
#15113 = EDGE_CURVE('',#15114,#14885,#15116,.T.);
#15114 = VERTEX_POINT('',#15115);
#15115 = CARTESIAN_POINT('',(2.19,-2.5,8.795));
#15116 = LINE('',#15117,#15118);
#15117 = CARTESIAN_POINT('',(2.19,-2.5,8.795));
#15118 = VECTOR('',#15119,1.);
#15119 = DIRECTION('',(0.,5.329070518197E-14,-1.));
#15120 = ORIENTED_EDGE('',*,*,#14884,.F.);
#15121 = ORIENTED_EDGE('',*,*,#15089,.F.);
#15122 = ORIENTED_EDGE('',*,*,#15123,.T.);
#15123 = EDGE_CURVE('',#15090,#15114,#15124,.T.);
#15124 = LINE('',#15125,#15126);
#15125 = CARTESIAN_POINT('',(2.19,-3.,8.795));
#15126 = VECTOR('',#15127,1.);
#15127 = DIRECTION('',(0.,1.,2.198241588756E-14));
#15128 = PLANE('',#15129);
#15129 = AXIS2_PLACEMENT_3D('',#15130,#15131,#15132);
#15130 = CARTESIAN_POINT('',(2.19,-2.500000000001,8.545));
#15131 = DIRECTION('',(1.,0.,0.));
#15132 = DIRECTION('',(0.,-1.,-7.855521788613E-14));
#15133 = ADVANCED_FACE('',(#15134),#15152,.F.);
#15134 = FACE_BOUND('',#15135,.T.);
#15135 = EDGE_LOOP('',(#15136,#15144,#15145,#15146));
#15136 = ORIENTED_EDGE('',*,*,#15137,.T.);
#15137 = EDGE_CURVE('',#15138,#14893,#15140,.T.);
#15138 = VERTEX_POINT('',#15139);
#15139 = CARTESIAN_POINT('',(2.29,-2.5,8.795));
#15140 = LINE('',#15141,#15142);
#15141 = CARTESIAN_POINT('',(2.29,-2.5,8.795));
#15142 = VECTOR('',#15143,1.);
#15143 = DIRECTION('',(0.,5.329070518198E-14,-1.));
#15144 = ORIENTED_EDGE('',*,*,#14892,.F.);
#15145 = ORIENTED_EDGE('',*,*,#15113,.F.);
#15146 = ORIENTED_EDGE('',*,*,#15147,.T.);
#15147 = EDGE_CURVE('',#15114,#15138,#15148,.T.);
#15148 = LINE('',#15149,#15150);
#15149 = CARTESIAN_POINT('',(2.19,-2.5,8.795));
#15150 = VECTOR('',#15151,1.);
#15151 = DIRECTION('',(1.,0.,-3.641531520775E-13));
#15152 = PLANE('',#15153);
#15153 = AXIS2_PLACEMENT_3D('',#15154,#15155,#15156);
#15154 = CARTESIAN_POINT('',(2.29,-2.5,8.545));
#15155 = DIRECTION('',(0.,-1.,-7.855557072685E-14));
#15156 = DIRECTION('',(-1.,-0.,0.));
#15157 = ADVANCED_FACE('',(#15158),#15176,.F.);
#15158 = FACE_BOUND('',#15159,.T.);
#15159 = EDGE_LOOP('',(#15160,#15161,#15162,#15170));
#15160 = ORIENTED_EDGE('',*,*,#14900,.F.);
#15161 = ORIENTED_EDGE('',*,*,#15137,.F.);
#15162 = ORIENTED_EDGE('',*,*,#15163,.T.);
#15163 = EDGE_CURVE('',#15138,#15164,#15166,.T.);
#15164 = VERTEX_POINT('',#15165);
#15165 = CARTESIAN_POINT('',(2.29,-1.,8.795));
#15166 = LINE('',#15167,#15168);
#15167 = CARTESIAN_POINT('',(2.29,-2.5,8.795));
#15168 = VECTOR('',#15169,1.);
#15169 = DIRECTION('',(5.59552404411E-14,1.,1.569115208137E-14));
#15170 = ORIENTED_EDGE('',*,*,#15171,.F.);
#15171 = EDGE_CURVE('',#14813,#15164,#15172,.T.);
#15172 = LINE('',#15173,#15174);
#15173 = CARTESIAN_POINT('',(2.29,-0.978127834119,8.545));
#15174 = VECTOR('',#15175,1.);
#15175 = DIRECTION('',(3.362234804126E-14,-8.715574274674E-02,
    0.996194698092));
#15176 = PLANE('',#15177);
#15177 = AXIS2_PLACEMENT_3D('',#15178,#15179,#15180);
#15178 = CARTESIAN_POINT('',(2.29,-0.978127834119,8.545));
#15179 = DIRECTION('',(1.,-1.488203162533E-13,0.));
#15180 = DIRECTION('',(-1.488203162533E-13,-1.,-7.855521788613E-14));
#15181 = ADVANCED_FACE('',(#15182),#15201,.T.);
#15182 = FACE_BOUND('',#15183,.T.);
#15183 = EDGE_LOOP('',(#15184,#15185,#15186,#15187,#15188,#15189,#15190,
    #15191,#15192,#15193,#15194,#15200));
#15184 = ORIENTED_EDGE('',*,*,#15147,.F.);
#15185 = ORIENTED_EDGE('',*,*,#15123,.F.);
#15186 = ORIENTED_EDGE('',*,*,#15099,.F.);
#15187 = ORIENTED_EDGE('',*,*,#15075,.T.);
#15188 = ORIENTED_EDGE('',*,*,#15043,.F.);
#15189 = ORIENTED_EDGE('',*,*,#15027,.F.);
#15190 = ORIENTED_EDGE('',*,*,#14993,.T.);
#15191 = ORIENTED_EDGE('',*,*,#14971,.T.);
#15192 = ORIENTED_EDGE('',*,*,#14947,.F.);
#15193 = ORIENTED_EDGE('',*,*,#14931,.T.);
#15194 = ORIENTED_EDGE('',*,*,#15195,.T.);
#15195 = EDGE_CURVE('',#14924,#15164,#15196,.T.);
#15196 = LINE('',#15197,#15198);
#15197 = CARTESIAN_POINT('',(2.79,-1.,8.795));
#15198 = VECTOR('',#15199,1.);
#15199 = DIRECTION('',(-1.,0.,-9.725553695715E-14));
#15200 = ORIENTED_EDGE('',*,*,#15163,.F.);
#15201 = PLANE('',#15202);
#15202 = AXIS2_PLACEMENT_3D('',#15203,#15204,#15205);
#15203 = CARTESIAN_POINT('',(-2.89,-0.916707140967,8.795));
#15204 = DIRECTION('',(0.,1.309259512114E-14,1.));
#15205 = DIRECTION('',(0.,-1.,1.309259512114E-14));
#15206 = ADVANCED_FACE('',(#15207),#15228,.T.);
#15207 = FACE_BOUND('',#15208,.T.);
#15208 = EDGE_LOOP('',(#15209,#15218,#15227));
#15209 = ORIENTED_EDGE('',*,*,#15210,.T.);
#15210 = EDGE_CURVE('',#15211,#15211,#15213,.T.);
#15211 = VERTEX_POINT('',#15212);
#15212 = CARTESIAN_POINT('',(7.347880794882E-17,1.1,7.67));
#15213 = CIRCLE('',#15214,0.6);
#15214 = AXIS2_PLACEMENT_3D('',#15215,#15216,#15217);
#15215 = CARTESIAN_POINT('',(0.,0.5,7.67));
#15216 = DIRECTION('',(0.,0.,-1.));
#15217 = DIRECTION('',(0.,1.,0.));
#15218 = ORIENTED_EDGE('',*,*,#15219,.F.);
#15219 = EDGE_CURVE('',#15220,#15211,#15222,.T.);
#15220 = VERTEX_POINT('',#15221);
#15221 = CARTESIAN_POINT('',(5.168814965245E-33,0.5,7.32));
#15222 = CIRCLE('',#15223,0.689285714286);
#15223 = AXIS2_PLACEMENT_3D('',#15224,#15225,#15226);
#15224 = CARTESIAN_POINT('',(0.,0.5,8.009285714286));
#15225 = DIRECTION('',(1.,-1.224646799147E-16,0.));
#15226 = DIRECTION('',(1.224646799147E-16,1.,0.));
#15227 = ORIENTED_EDGE('',*,*,#15219,.T.);
#15228 = SPHERICAL_SURFACE('',#15229,0.689285714286);
#15229 = AXIS2_PLACEMENT_3D('',#15230,#15231,#15232);
#15230 = CARTESIAN_POINT('',(0.,0.5,8.009285714286));
#15231 = DIRECTION('',(0.,-8.053431266711E-17,-1.));
#15232 = DIRECTION('',(0.,-1.,8.053431266711E-17));
#15233 = ADVANCED_FACE('',(#15234,#15245),#15248,.T.);
#15234 = FACE_BOUND('',#15235,.T.);
#15235 = EDGE_LOOP('',(#15236));
#15236 = ORIENTED_EDGE('',*,*,#15237,.F.);
#15237 = EDGE_CURVE('',#15238,#15238,#15240,.T.);
#15238 = VERTEX_POINT('',#15239);
#15239 = CARTESIAN_POINT('',(0.,1.4,7.67));
#15240 = CIRCLE('',#15241,0.9);
#15241 = AXIS2_PLACEMENT_3D('',#15242,#15243,#15244);
#15242 = CARTESIAN_POINT('',(0.,0.5,7.67));
#15243 = DIRECTION('',(0.,-0.,1.));
#15244 = DIRECTION('',(0.,1.,0.));
#15245 = FACE_BOUND('',#15246,.T.);
#15246 = EDGE_LOOP('',(#15247));
#15247 = ORIENTED_EDGE('',*,*,#15210,.F.);
#15248 = PLANE('',#15249);
#15249 = AXIS2_PLACEMENT_3D('',#15250,#15251,#15252);
#15250 = CARTESIAN_POINT('',(0.,0.5,7.67));
#15251 = DIRECTION('',(0.,0.,-1.));
#15252 = DIRECTION('',(0.,-1.,0.));
#15253 = ADVANCED_FACE('',(#15254),#15273,.F.);
#15254 = FACE_BOUND('',#15255,.F.);
#15255 = EDGE_LOOP('',(#15256,#15264,#15271,#15272));
#15256 = ORIENTED_EDGE('',*,*,#15257,.T.);
#15257 = EDGE_CURVE('',#15238,#15258,#15260,.T.);
#15258 = VERTEX_POINT('',#15259);
#15259 = CARTESIAN_POINT('',(0.,1.45,7.22));
#15260 = LINE('',#15261,#15262);
#15261 = CARTESIAN_POINT('',(1.132798289211E-16,1.425,7.445));
#15262 = VECTOR('',#15263,1.);
#15263 = DIRECTION('',(1.35239801847E-17,0.110431678702,-0.993883717715)
  );
#15264 = ORIENTED_EDGE('',*,*,#15265,.F.);
#15265 = EDGE_CURVE('',#15258,#15258,#15266,.T.);
#15266 = CIRCLE('',#15267,0.95);
#15267 = AXIS2_PLACEMENT_3D('',#15268,#15269,#15270);
#15268 = CARTESIAN_POINT('',(0.,0.5,7.22));
#15269 = DIRECTION('',(0.,0.,-1.));
#15270 = DIRECTION('',(0.,-1.,0.));
#15271 = ORIENTED_EDGE('',*,*,#15257,.F.);
#15272 = ORIENTED_EDGE('',*,*,#15237,.F.);
#15273 = CONICAL_SURFACE('',#15274,0.925,0.11065737474);
#15274 = AXIS2_PLACEMENT_3D('',#15275,#15276,#15277);
#15275 = CARTESIAN_POINT('',(0.,0.5,7.445));
#15276 = DIRECTION('',(0.,0.,-1.));
#15277 = DIRECTION('',(0.,-1.,0.));
#15278 = ADVANCED_FACE('',(#15279),#15306,.T.);
#15279 = FACE_BOUND('',#15280,.T.);
#15280 = EDGE_LOOP('',(#15281,#15282,#15290,#15298,#15304,#15305));
#15281 = ORIENTED_EDGE('',*,*,#12529,.F.);
#15282 = ORIENTED_EDGE('',*,*,#15283,.F.);
#15283 = EDGE_CURVE('',#15284,#12522,#15286,.T.);
#15284 = VERTEX_POINT('',#15285);
#15285 = CARTESIAN_POINT('',(-3.75,2.,8.795));
#15286 = LINE('',#15287,#15288);
#15287 = CARTESIAN_POINT('',(-3.75,2.,8.795));
#15288 = VECTOR('',#15289,1.);
#15289 = DIRECTION('',(7.449733327597E-02,-8.691355548848E-02,
    -0.993426485054));
#15290 = ORIENTED_EDGE('',*,*,#15291,.T.);
#15291 = EDGE_CURVE('',#15284,#15292,#15294,.T.);
#15292 = VERTEX_POINT('',#15293);
#15293 = CARTESIAN_POINT('',(3.75,2.,8.795));
#15294 = LINE('',#15295,#15296);
#15295 = CARTESIAN_POINT('',(-3.75,2.,8.795));
#15296 = VECTOR('',#15297,1.);
#15297 = DIRECTION('',(1.,1.059892914175E-14,0.));
#15298 = ORIENTED_EDGE('',*,*,#15299,.T.);
#15299 = EDGE_CURVE('',#15292,#12483,#15300,.T.);
#15300 = LINE('',#15301,#15302);
#15301 = CARTESIAN_POINT('',(3.75,2.,8.795));
#15302 = VECTOR('',#15303,1.);
#15303 = DIRECTION('',(-7.449733327594E-02,-8.691355548853E-02,
    -0.993426485054));
#15304 = ORIENTED_EDGE('',*,*,#12482,.F.);
#15305 = ORIENTED_EDGE('',*,*,#360,.F.);
#15306 = PLANE('',#15307);
#15307 = AXIS2_PLACEMENT_3D('',#15308,#15309,#15310);
#15308 = CARTESIAN_POINT('',(3.75,1.862205354947,7.22));
#15309 = DIRECTION('',(0.,0.996194698092,-8.715574274764E-02));
#15310 = DIRECTION('',(0.,8.715574274764E-02,0.996194698092));
#15311 = ADVANCED_FACE('',(#15312,#15315),#15318,.T.);
#15312 = FACE_BOUND('',#15313,.T.);
#15313 = EDGE_LOOP('',(#15314));
#15314 = ORIENTED_EDGE('',*,*,#4618,.T.);
#15315 = FACE_BOUND('',#15316,.T.);
#15316 = EDGE_LOOP('',(#15317));
#15317 = ORIENTED_EDGE('',*,*,#15265,.F.);
#15318 = PLANE('',#15319);
#15319 = AXIS2_PLACEMENT_3D('',#15320,#15321,#15322);
#15320 = CARTESIAN_POINT('',(3.75,-0.862205354947,7.22));
#15321 = DIRECTION('',(0.,-4.189196823996E-14,-1.));
#15322 = DIRECTION('',(0.,1.,-4.189196823996E-14));
#15323 = ADVANCED_FACE('',(#15324),#15342,.F.);
#15324 = FACE_BOUND('',#15325,.T.);
#15325 = EDGE_LOOP('',(#15326,#15334,#15335,#15336));
#15326 = ORIENTED_EDGE('',*,*,#15327,.T.);
#15327 = EDGE_CURVE('',#15328,#15284,#15330,.T.);
#15328 = VERTEX_POINT('',#15329);
#15329 = CARTESIAN_POINT('',(-3.75,-1.,8.795));
#15330 = LINE('',#15331,#15332);
#15331 = CARTESIAN_POINT('',(-3.75,-1.,8.795));
#15332 = VECTOR('',#15333,1.);
#15333 = DIRECTION('',(0.,1.,2.420286193683E-14));
#15334 = ORIENTED_EDGE('',*,*,#15283,.T.);
#15335 = ORIENTED_EDGE('',*,*,#12521,.T.);
#15336 = ORIENTED_EDGE('',*,*,#15337,.T.);
#15337 = EDGE_CURVE('',#12514,#15328,#15338,.T.);
#15338 = LINE('',#15339,#15340);
#15339 = CARTESIAN_POINT('',(-3.63189030424,-0.862205354947,7.22));
#15340 = VECTOR('',#15341,1.);
#15341 = DIRECTION('',(-7.449733327597E-02,-8.691355548847E-02,
    0.993426485054));
#15342 = PLANE('',#15343);
#15343 = AXIS2_PLACEMENT_3D('',#15344,#15345,#15346);
#15344 = CARTESIAN_POINT('',(-3.75,3.16,8.795));
#15345 = DIRECTION('',(0.99720003251,0.,7.478031266759E-02));
#15346 = DIRECTION('',(7.478031266759E-02,0.,-0.99720003251));
#15347 = ADVANCED_FACE('',(#15348,#15382),#15385,.T.);
#15348 = FACE_BOUND('',#15349,.T.);
#15349 = EDGE_LOOP('',(#15350,#15360,#15368,#15376));
#15350 = ORIENTED_EDGE('',*,*,#15351,.F.);
#15351 = EDGE_CURVE('',#15352,#15354,#15356,.T.);
#15352 = VERTEX_POINT('',#15353);
#15353 = CARTESIAN_POINT('',(-3.63189030424,1.945319585296,9.42));
#15354 = VERTEX_POINT('',#15355);
#15355 = CARTESIAN_POINT('',(3.63189030424,1.945319585296,9.42));
#15356 = LINE('',#15357,#15358);
#15357 = CARTESIAN_POINT('',(-3.63189030424,1.945319585296,9.42));
#15358 = VECTOR('',#15359,1.);
#15359 = DIRECTION('',(1.,1.461185667285E-14,0.));
#15360 = ORIENTED_EDGE('',*,*,#15361,.F.);
#15361 = EDGE_CURVE('',#15362,#15352,#15364,.T.);
#15362 = VERTEX_POINT('',#15363);
#15363 = CARTESIAN_POINT('',(-3.63189030424,-0.945319585296,9.42));
#15364 = LINE('',#15365,#15366);
#15365 = CARTESIAN_POINT('',(-3.63189030424,-0.945319585296,9.42));
#15366 = VECTOR('',#15367,1.);
#15367 = DIRECTION('',(0.,1.,-2.309825985181E-14));
#15368 = ORIENTED_EDGE('',*,*,#15369,.T.);
#15369 = EDGE_CURVE('',#15362,#15370,#15372,.T.);
#15370 = VERTEX_POINT('',#15371);
#15371 = CARTESIAN_POINT('',(3.63189030424,-0.945319585296,9.42));
#15372 = LINE('',#15373,#15374);
#15373 = CARTESIAN_POINT('',(-3.63189030424,-0.945319585296,9.42));
#15374 = VECTOR('',#15375,1.);
#15375 = DIRECTION('',(1.,-1.479526909971E-14,0.));
#15376 = ORIENTED_EDGE('',*,*,#15377,.T.);
#15377 = EDGE_CURVE('',#15370,#15354,#15378,.T.);
#15378 = LINE('',#15379,#15380);
#15379 = CARTESIAN_POINT('',(3.63189030424,-0.945319585296,9.42));
#15380 = VECTOR('',#15381,1.);
#15381 = DIRECTION('',(0.,1.,-2.309825985181E-14));
#15382 = FACE_BOUND('',#15383,.T.);
#15383 = EDGE_LOOP('',(#15384));
#15384 = ORIENTED_EDGE('',*,*,#13190,.T.);
#15385 = PLANE('',#15386);
#15386 = AXIS2_PLACEMENT_3D('',#15387,#15388,#15389);
#15387 = CARTESIAN_POINT('',(3.75,1.945319585296,9.42));
#15388 = DIRECTION('',(0.,3.933386122928E-14,1.));
#15389 = DIRECTION('',(0.,-1.,3.933386122928E-14));
#15390 = ADVANCED_FACE('',(#15391),#15407,.F.);
#15391 = FACE_BOUND('',#15392,.T.);
#15392 = EDGE_LOOP('',(#15393,#15394,#15400,#15401));
#15393 = ORIENTED_EDGE('',*,*,#15327,.F.);
#15394 = ORIENTED_EDGE('',*,*,#15395,.T.);
#15395 = EDGE_CURVE('',#15328,#15362,#15396,.T.);
#15396 = LINE('',#15397,#15398);
#15397 = CARTESIAN_POINT('',(-3.75,-1.,8.795));
#15398 = VECTOR('',#15399,1.);
#15399 = DIRECTION('',(0.185006586864,8.56511976227E-02,0.97899766862));
#15400 = ORIENTED_EDGE('',*,*,#15361,.T.);
#15401 = ORIENTED_EDGE('',*,*,#15402,.F.);
#15402 = EDGE_CURVE('',#15284,#15352,#15403,.T.);
#15403 = LINE('',#15404,#15405);
#15404 = CARTESIAN_POINT('',(-3.75,2.,8.795));
#15405 = VECTOR('',#15406,1.);
#15406 = DIRECTION('',(0.185006586864,-8.565119762293E-02,0.97899766862)
  );
#15407 = PLANE('',#15408);
#15408 = AXIS2_PLACEMENT_3D('',#15409,#15410,#15411);
#15409 = CARTESIAN_POINT('',(-3.568920528512,3.16,9.753216587995));
#15410 = DIRECTION('',(0.982608574294,0.,-0.185688959618));
#15411 = DIRECTION('',(-0.185688959618,0.,-0.982608574294));
#15412 = ADVANCED_FACE('',(#15413),#15447,.F.);
#15413 = FACE_BOUND('',#15414,.T.);
#15414 = EDGE_LOOP('',(#15415,#15425,#15433,#15441));
#15415 = ORIENTED_EDGE('',*,*,#15416,.F.);
#15416 = EDGE_CURVE('',#15417,#15419,#15421,.T.);
#15417 = VERTEX_POINT('',#15418);
#15418 = CARTESIAN_POINT('',(-2.290000000001,-9.6,8.544999999999));
#15419 = VERTEX_POINT('',#15420);
#15420 = CARTESIAN_POINT('',(-2.290000000001,-9.6,8.795));
#15421 = LINE('',#15422,#15423);
#15422 = CARTESIAN_POINT('',(-2.290000000001,-9.6,8.544999999999));
#15423 = VECTOR('',#15424,1.);
#15424 = DIRECTION('',(0.,-1.136868377213E-13,1.));
#15425 = ORIENTED_EDGE('',*,*,#15426,.F.);
#15426 = EDGE_CURVE('',#15427,#15417,#15429,.T.);
#15427 = VERTEX_POINT('',#15428);
#15428 = CARTESIAN_POINT('',(-2.290000000001,-3.,8.545));
#15429 = LINE('',#15430,#15431);
#15430 = CARTESIAN_POINT('',(-2.290000000001,-3.,8.545));
#15431 = VECTOR('',#15432,1.);
#15432 = DIRECTION('',(0.,-1.,-7.759786079691E-14));
#15433 = ORIENTED_EDGE('',*,*,#15434,.F.);
#15434 = EDGE_CURVE('',#15435,#15427,#15437,.T.);
#15435 = VERTEX_POINT('',#15436);
#15436 = CARTESIAN_POINT('',(-2.290000000001,-3.,8.795));
#15437 = LINE('',#15438,#15439);
#15438 = CARTESIAN_POINT('',(-2.290000000001,-3.,8.795));
#15439 = VECTOR('',#15440,1.);
#15440 = DIRECTION('',(0.,5.684341886074E-14,-1.));
#15441 = ORIENTED_EDGE('',*,*,#15442,.T.);
#15442 = EDGE_CURVE('',#15435,#15419,#15443,.T.);
#15443 = LINE('',#15444,#15445);
#15444 = CARTESIAN_POINT('',(-2.290000000001,-3.,8.795));
#15445 = VECTOR('',#15446,1.);
#15446 = DIRECTION('',(0.,-1.,-1.675427473525E-14));
#15447 = PLANE('',#15448);
#15448 = AXIS2_PLACEMENT_3D('',#15449,#15450,#15451);
#15449 = CARTESIAN_POINT('',(-2.290000000001,-9.6,8.544999999999));
#15450 = DIRECTION('',(-1.,0.,0.));
#15451 = DIRECTION('',(0.,1.,7.855521788613E-14));
#15452 = ADVANCED_FACE('',(#15453),#15478,.T.);
#15453 = FACE_BOUND('',#15454,.T.);
#15454 = EDGE_LOOP('',(#15455,#15463,#15471,#15477));
#15455 = ORIENTED_EDGE('',*,*,#15456,.T.);
#15456 = EDGE_CURVE('',#15419,#15457,#15459,.T.);
#15457 = VERTEX_POINT('',#15458);
#15458 = CARTESIAN_POINT('',(-2.79,-9.6,8.795));
#15459 = LINE('',#15460,#15461);
#15460 = CARTESIAN_POINT('',(-2.290000000001,-9.6,8.795));
#15461 = VECTOR('',#15462,1.);
#15462 = DIRECTION('',(-1.,0.,0.));
#15463 = ORIENTED_EDGE('',*,*,#15464,.F.);
#15464 = EDGE_CURVE('',#15465,#15457,#15467,.T.);
#15465 = VERTEX_POINT('',#15466);
#15466 = CARTESIAN_POINT('',(-2.79,-9.6,8.544999999999));
#15467 = LINE('',#15468,#15469);
#15468 = CARTESIAN_POINT('',(-2.79,-9.6,8.544999999999));
#15469 = VECTOR('',#15470,1.);
#15470 = DIRECTION('',(0.,-1.065814103637E-13,1.));
#15471 = ORIENTED_EDGE('',*,*,#15472,.F.);
#15472 = EDGE_CURVE('',#15417,#15465,#15473,.T.);
#15473 = LINE('',#15474,#15475);
#15474 = CARTESIAN_POINT('',(-2.290000000001,-9.6,8.544999999999));
#15475 = VECTOR('',#15476,1.);
#15476 = DIRECTION('',(-1.,0.,0.));
#15477 = ORIENTED_EDGE('',*,*,#15416,.T.);
#15478 = PLANE('',#15479);
#15479 = AXIS2_PLACEMENT_3D('',#15480,#15481,#15482);
#15480 = CARTESIAN_POINT('',(-2.89,-9.6,8.795));
#15481 = DIRECTION('',(0.,-1.,-2.415845301577E-13));
#15482 = DIRECTION('',(0.,2.415845301577E-13,-1.));
#15483 = ADVANCED_FACE('',(#15484),#15509,.F.);
#15484 = FACE_BOUND('',#15485,.T.);
#15485 = EDGE_LOOP('',(#15486,#15496,#15502,#15503));
#15486 = ORIENTED_EDGE('',*,*,#15487,.T.);
#15487 = EDGE_CURVE('',#15488,#15490,#15492,.T.);
#15488 = VERTEX_POINT('',#15489);
#15489 = CARTESIAN_POINT('',(-2.79,-3.,8.795));
#15490 = VERTEX_POINT('',#15491);
#15491 = CARTESIAN_POINT('',(-2.79,-3.,8.545));
#15492 = LINE('',#15493,#15494);
#15493 = CARTESIAN_POINT('',(-2.79,-3.,8.795));
#15494 = VECTOR('',#15495,1.);
#15495 = DIRECTION('',(0.,5.329070518194E-14,-1.));
#15496 = ORIENTED_EDGE('',*,*,#15497,.T.);
#15497 = EDGE_CURVE('',#15490,#15465,#15498,.T.);
#15498 = LINE('',#15499,#15500);
#15499 = CARTESIAN_POINT('',(-2.79,-3.,8.545));
#15500 = VECTOR('',#15501,1.);
#15501 = DIRECTION('',(0.,-1.,-7.763150391887E-14));
#15502 = ORIENTED_EDGE('',*,*,#15464,.T.);
#15503 = ORIENTED_EDGE('',*,*,#15504,.F.);
#15504 = EDGE_CURVE('',#15488,#15457,#15505,.T.);
#15505 = LINE('',#15506,#15507);
#15506 = CARTESIAN_POINT('',(-2.79,-3.,8.795));
#15507 = VECTOR('',#15508,1.);
#15508 = DIRECTION('',(0.,-1.,-1.677109629623E-14));
#15509 = PLANE('',#15510);
#15510 = AXIS2_PLACEMENT_3D('',#15511,#15512,#15513);
#15511 = CARTESIAN_POINT('',(-2.79,-3.,8.545));
#15512 = DIRECTION('',(1.,0.,0.));
#15513 = DIRECTION('',(0.,-1.,-7.855521788613E-14));
#15514 = ADVANCED_FACE('',(#15515),#15540,.F.);
#15515 = FACE_BOUND('',#15516,.T.);
#15516 = EDGE_LOOP('',(#15517,#15525,#15526,#15534));
#15517 = ORIENTED_EDGE('',*,*,#15518,.F.);
#15518 = EDGE_CURVE('',#15490,#15519,#15521,.T.);
#15519 = VERTEX_POINT('',#15520);
#15520 = CARTESIAN_POINT('',(-2.89,-3.,8.545));
#15521 = LINE('',#15522,#15523);
#15522 = CARTESIAN_POINT('',(-2.79,-3.,8.545));
#15523 = VECTOR('',#15524,1.);
#15524 = DIRECTION('',(-1.,5.773159728051E-14,0.));
#15525 = ORIENTED_EDGE('',*,*,#15487,.F.);
#15526 = ORIENTED_EDGE('',*,*,#15527,.T.);
#15527 = EDGE_CURVE('',#15488,#15528,#15530,.T.);
#15528 = VERTEX_POINT('',#15529);
#15529 = CARTESIAN_POINT('',(-2.89,-3.,8.795));
#15530 = LINE('',#15531,#15532);
#15531 = CARTESIAN_POINT('',(-2.79,-3.,8.795));
#15532 = VECTOR('',#15533,1.);
#15533 = DIRECTION('',(-1.,1.199040866595E-13,-1.042499420123E-12));
#15534 = ORIENTED_EDGE('',*,*,#15535,.F.);
#15535 = EDGE_CURVE('',#15519,#15528,#15536,.T.);
#15536 = LINE('',#15537,#15538);
#15537 = CARTESIAN_POINT('',(-2.89,-3.,8.545));
#15538 = VECTOR('',#15539,1.);
#15539 = DIRECTION('',(0.,-2.842170943038E-14,1.));
#15540 = PLANE('',#15541);
#15541 = AXIS2_PLACEMENT_3D('',#15542,#15543,#15544);
#15542 = CARTESIAN_POINT('',(-2.89,-3.,8.545));
#15543 = DIRECTION('',(0.,1.,7.855557072685E-14));
#15544 = DIRECTION('',(1.,0.,-0.));
#15545 = ADVANCED_FACE('',(#15546),#15571,.F.);
#15546 = FACE_BOUND('',#15547,.T.);
#15547 = EDGE_LOOP('',(#15548,#15556,#15557,#15565));
#15548 = ORIENTED_EDGE('',*,*,#15549,.T.);
#15549 = EDGE_CURVE('',#15550,#15519,#15552,.T.);
#15550 = VERTEX_POINT('',#15551);
#15551 = CARTESIAN_POINT('',(-2.89,-2.5,8.545));
#15552 = LINE('',#15553,#15554);
#15553 = CARTESIAN_POINT('',(-2.89,-2.5,8.545));
#15554 = VECTOR('',#15555,1.);
#15555 = DIRECTION('',(0.,-1.,-2.620126338115E-14));
#15556 = ORIENTED_EDGE('',*,*,#15535,.T.);
#15557 = ORIENTED_EDGE('',*,*,#15558,.T.);
#15558 = EDGE_CURVE('',#15528,#15559,#15561,.T.);
#15559 = VERTEX_POINT('',#15560);
#15560 = CARTESIAN_POINT('',(-2.89,-2.5,8.795));
#15561 = LINE('',#15562,#15563);
#15562 = CARTESIAN_POINT('',(-2.89,-3.,8.795));
#15563 = VECTOR('',#15564,1.);
#15564 = DIRECTION('',(0.,1.,0.));
#15565 = ORIENTED_EDGE('',*,*,#15566,.F.);
#15566 = EDGE_CURVE('',#15550,#15559,#15567,.T.);
#15567 = LINE('',#15568,#15569);
#15568 = CARTESIAN_POINT('',(-2.89,-2.5,8.545));
#15569 = VECTOR('',#15570,1.);
#15570 = DIRECTION('',(0.,-2.842170943038E-14,1.));
#15571 = PLANE('',#15572);
#15572 = AXIS2_PLACEMENT_3D('',#15573,#15574,#15575);
#15573 = CARTESIAN_POINT('',(-2.89,0.5,9.42));
#15574 = DIRECTION('',(1.,0.,0.));
#15575 = DIRECTION('',(0.,-1.,0.));
#15576 = ADVANCED_FACE('',(#15577),#15602,.F.);
#15577 = FACE_BOUND('',#15578,.T.);
#15578 = EDGE_LOOP('',(#15579,#15587,#15595,#15601));
#15579 = ORIENTED_EDGE('',*,*,#15580,.F.);
#15580 = EDGE_CURVE('',#15581,#15559,#15583,.T.);
#15581 = VERTEX_POINT('',#15582);
#15582 = CARTESIAN_POINT('',(-2.79,-2.5,8.795));
#15583 = LINE('',#15584,#15585);
#15584 = CARTESIAN_POINT('',(-2.79,-2.5,8.795));
#15585 = VECTOR('',#15586,1.);
#15586 = DIRECTION('',(-1.,1.199040866594E-13,2.98649993624E-13));
#15587 = ORIENTED_EDGE('',*,*,#15588,.T.);
#15588 = EDGE_CURVE('',#15581,#15589,#15591,.T.);
#15589 = VERTEX_POINT('',#15590);
#15590 = CARTESIAN_POINT('',(-2.79,-2.5,8.545));
#15591 = LINE('',#15592,#15593);
#15592 = CARTESIAN_POINT('',(-2.79,-2.5,8.795));
#15593 = VECTOR('',#15594,1.);
#15594 = DIRECTION('',(0.,5.329070518198E-14,-1.));
#15595 = ORIENTED_EDGE('',*,*,#15596,.T.);
#15596 = EDGE_CURVE('',#15589,#15550,#15597,.T.);
#15597 = LINE('',#15598,#15599);
#15598 = CARTESIAN_POINT('',(-2.79,-2.5,8.545));
#15599 = VECTOR('',#15600,1.);
#15600 = DIRECTION('',(-1.,5.773159728048E-14,-2.031708135063E-13));
#15601 = ORIENTED_EDGE('',*,*,#15566,.T.);
#15602 = PLANE('',#15603);
#15603 = AXIS2_PLACEMENT_3D('',#15604,#15605,#15606);
#15604 = CARTESIAN_POINT('',(-2.79,-2.5,8.545));
#15605 = DIRECTION('',(0.,-1.,-7.855557072685E-14));
#15606 = DIRECTION('',(-1.,-0.,0.));
#15607 = ADVANCED_FACE('',(#15608),#15633,.F.);
#15608 = FACE_BOUND('',#15609,.T.);
#15609 = EDGE_LOOP('',(#15610,#15618,#15619,#15627));
#15610 = ORIENTED_EDGE('',*,*,#15611,.F.);
#15611 = EDGE_CURVE('',#15589,#15612,#15614,.T.);
#15612 = VERTEX_POINT('',#15613);
#15613 = CARTESIAN_POINT('',(-2.79,-0.978127834119,8.545));
#15614 = LINE('',#15615,#15616);
#15615 = CARTESIAN_POINT('',(-2.79,-2.5,8.545));
#15616 = VECTOR('',#15617,1.);
#15617 = DIRECTION('',(-2.39279724172E-14,1.,1.056332440857E-13));
#15618 = ORIENTED_EDGE('',*,*,#15588,.F.);
#15619 = ORIENTED_EDGE('',*,*,#15620,.T.);
#15620 = EDGE_CURVE('',#15581,#15621,#15623,.T.);
#15621 = VERTEX_POINT('',#15622);
#15622 = CARTESIAN_POINT('',(-2.79,-1.,8.795));
#15623 = LINE('',#15624,#15625);
#15624 = CARTESIAN_POINT('',(-2.79,-2.5,8.795));
#15625 = VECTOR('',#15626,1.);
#15626 = DIRECTION('',(-2.812564995717E-14,1.,2.879178377195E-14));
#15627 = ORIENTED_EDGE('',*,*,#15628,.F.);
#15628 = EDGE_CURVE('',#15612,#15621,#15629,.T.);
#15629 = LINE('',#15630,#15631);
#15630 = CARTESIAN_POINT('',(-2.79,-0.978127834119,8.545));
#15631 = VECTOR('',#15632,1.);
#15632 = DIRECTION('',(-2.123516718396E-14,-8.715574274657E-02,
    0.996194698092));
#15633 = PLANE('',#15634);
#15634 = AXIS2_PLACEMENT_3D('',#15635,#15636,#15637);
#15635 = CARTESIAN_POINT('',(-2.79,-0.978127834119,8.545));
#15636 = DIRECTION('',(1.,7.441015812665E-14,0.));
#15637 = DIRECTION('',(7.441015812665E-14,-1.,-7.855521788613E-14));
#15638 = ADVANCED_FACE('',(#15639),#15686,.T.);
#15639 = FACE_BOUND('',#15640,.T.);
#15640 = EDGE_LOOP('',(#15641,#15642,#15643,#15644,#15645,#15646,#15647,
    #15648,#15656,#15664,#15672,#15680));
#15641 = ORIENTED_EDGE('',*,*,#15426,.T.);
#15642 = ORIENTED_EDGE('',*,*,#15472,.T.);
#15643 = ORIENTED_EDGE('',*,*,#15497,.F.);
#15644 = ORIENTED_EDGE('',*,*,#15518,.T.);
#15645 = ORIENTED_EDGE('',*,*,#15549,.F.);
#15646 = ORIENTED_EDGE('',*,*,#15596,.F.);
#15647 = ORIENTED_EDGE('',*,*,#15611,.T.);
#15648 = ORIENTED_EDGE('',*,*,#15649,.F.);
#15649 = EDGE_CURVE('',#15650,#15612,#15652,.T.);
#15650 = VERTEX_POINT('',#15651);
#15651 = CARTESIAN_POINT('',(-2.29,-0.978127834119,8.545));
#15652 = LINE('',#15653,#15654);
#15653 = CARTESIAN_POINT('',(-2.29,-0.978127834119,8.545));
#15654 = VECTOR('',#15655,1.);
#15655 = DIRECTION('',(-1.,-3.312905505482E-13,0.));
#15656 = ORIENTED_EDGE('',*,*,#15657,.F.);
#15657 = EDGE_CURVE('',#15658,#15650,#15660,.T.);
#15658 = VERTEX_POINT('',#15659);
#15659 = CARTESIAN_POINT('',(-2.29,-2.5,8.545));
#15660 = LINE('',#15661,#15662);
#15661 = CARTESIAN_POINT('',(-2.29,-2.5,8.545));
#15662 = VECTOR('',#15663,1.);
#15663 = DIRECTION('',(-2.509519058389E-14,1.,1.057791463565E-13));
#15664 = ORIENTED_EDGE('',*,*,#15665,.T.);
#15665 = EDGE_CURVE('',#15658,#15666,#15668,.T.);
#15666 = VERTEX_POINT('',#15667);
#15667 = CARTESIAN_POINT('',(-2.190000000001,-2.5,8.545));
#15668 = LINE('',#15669,#15670);
#15669 = CARTESIAN_POINT('',(-2.29,-2.5,8.545));
#15670 = VECTOR('',#15671,1.);
#15671 = DIRECTION('',(1.,0.,-1.376676550551E-13));
#15672 = ORIENTED_EDGE('',*,*,#15673,.T.);
#15673 = EDGE_CURVE('',#15666,#15674,#15676,.T.);
#15674 = VERTEX_POINT('',#15675);
#15675 = CARTESIAN_POINT('',(-2.190000000001,-3.,8.545));
#15676 = LINE('',#15677,#15678);
#15677 = CARTESIAN_POINT('',(-2.190000000001,-2.5,8.545));
#15678 = VECTOR('',#15679,1.);
#15679 = DIRECTION('',(1.527666881884E-13,-1.,-5.240252676231E-14));
#15680 = ORIENTED_EDGE('',*,*,#15681,.T.);
#15681 = EDGE_CURVE('',#15674,#15427,#15682,.T.);
#15682 = LINE('',#15683,#15684);
#15683 = CARTESIAN_POINT('',(-2.190000000001,-3.,8.545));
#15684 = VECTOR('',#15685,1.);
#15685 = DIRECTION('',(-1.,0.,5.884182030516E-14));
#15686 = PLANE('',#15687);
#15687 = AXIS2_PLACEMENT_3D('',#15688,#15689,#15690);
#15688 = CARTESIAN_POINT('',(-2.89,-9.6,8.544999999999));
#15689 = DIRECTION('',(0.,7.855557072685E-14,-1.));
#15690 = DIRECTION('',(0.,1.,7.855557072685E-14));
#15691 = ADVANCED_FACE('',(#15692),#15717,.F.);
#15692 = FACE_BOUND('',#15693,.T.);
#15693 = EDGE_LOOP('',(#15694,#15702,#15703,#15711));
#15694 = ORIENTED_EDGE('',*,*,#15695,.T.);
#15695 = EDGE_CURVE('',#15696,#15658,#15698,.T.);
#15696 = VERTEX_POINT('',#15697);
#15697 = CARTESIAN_POINT('',(-2.29,-2.5,8.795));
#15698 = LINE('',#15699,#15700);
#15699 = CARTESIAN_POINT('',(-2.29,-2.5,8.795));
#15700 = VECTOR('',#15701,1.);
#15701 = DIRECTION('',(0.,5.329070518198E-14,-1.));
#15702 = ORIENTED_EDGE('',*,*,#15657,.T.);
#15703 = ORIENTED_EDGE('',*,*,#15704,.F.);
#15704 = EDGE_CURVE('',#15705,#15650,#15707,.T.);
#15705 = VERTEX_POINT('',#15706);
#15706 = CARTESIAN_POINT('',(-2.29,-1.,8.795));
#15707 = LINE('',#15708,#15709);
#15708 = CARTESIAN_POINT('',(-2.29,-1.,8.795));
#15709 = VECTOR('',#15710,1.);
#15710 = DIRECTION('',(-6.724469608253E-14,8.715574274674E-02,
    -0.996194698092));
#15711 = ORIENTED_EDGE('',*,*,#15712,.F.);
#15712 = EDGE_CURVE('',#15696,#15705,#15713,.T.);
#15713 = LINE('',#15714,#15715);
#15714 = CARTESIAN_POINT('',(-2.29,-2.5,8.795));
#15715 = VECTOR('',#15716,1.);
#15716 = DIRECTION('',(-1.391479524197E-14,1.,1.487698852998E-14));
#15717 = PLANE('',#15718);
#15718 = AXIS2_PLACEMENT_3D('',#15719,#15720,#15721);
#15719 = CARTESIAN_POINT('',(-2.29,-2.5,8.545));
#15720 = DIRECTION('',(-1.,-7.470196266832E-14,0.));
#15721 = DIRECTION('',(-7.470196266832E-14,1.,7.855521788613E-14));
#15722 = ADVANCED_FACE('',(#15723),#15741,.F.);
#15723 = FACE_BOUND('',#15724,.T.);
#15724 = EDGE_LOOP('',(#15725,#15733,#15734,#15735));
#15725 = ORIENTED_EDGE('',*,*,#15726,.T.);
#15726 = EDGE_CURVE('',#15727,#15666,#15729,.T.);
#15727 = VERTEX_POINT('',#15728);
#15728 = CARTESIAN_POINT('',(-2.190000000001,-2.5,8.795));
#15729 = LINE('',#15730,#15731);
#15730 = CARTESIAN_POINT('',(-2.190000000001,-2.5,8.795));
#15731 = VECTOR('',#15732,1.);
#15732 = DIRECTION('',(0.,5.329070518197E-14,-1.));
#15733 = ORIENTED_EDGE('',*,*,#15665,.F.);
#15734 = ORIENTED_EDGE('',*,*,#15695,.F.);
#15735 = ORIENTED_EDGE('',*,*,#15736,.T.);
#15736 = EDGE_CURVE('',#15696,#15727,#15737,.T.);
#15737 = LINE('',#15738,#15739);
#15738 = CARTESIAN_POINT('',(-2.29,-2.5,8.795));
#15739 = VECTOR('',#15740,1.);
#15740 = DIRECTION('',(1.,0.,3.241851231942E-13));
#15741 = PLANE('',#15742);
#15742 = AXIS2_PLACEMENT_3D('',#15743,#15744,#15745);
#15743 = CARTESIAN_POINT('',(-2.190000000001,-2.5,8.545));
#15744 = DIRECTION('',(0.,-1.,-7.855557072685E-14));
#15745 = DIRECTION('',(-1.,-0.,0.));
#15746 = ADVANCED_FACE('',(#15747),#15765,.F.);
#15747 = FACE_BOUND('',#15748,.T.);
#15748 = EDGE_LOOP('',(#15749,#15757,#15758,#15759));
#15749 = ORIENTED_EDGE('',*,*,#15750,.T.);
#15750 = EDGE_CURVE('',#15751,#15674,#15753,.T.);
#15751 = VERTEX_POINT('',#15752);
#15752 = CARTESIAN_POINT('',(-2.190000000001,-3.,8.795));
#15753 = LINE('',#15754,#15755);
#15754 = CARTESIAN_POINT('',(-2.190000000001,-3.,8.795));
#15755 = VECTOR('',#15756,1.);
#15756 = DIRECTION('',(0.,5.684341886076E-14,-1.));
#15757 = ORIENTED_EDGE('',*,*,#15673,.F.);
#15758 = ORIENTED_EDGE('',*,*,#15726,.F.);
#15759 = ORIENTED_EDGE('',*,*,#15760,.T.);
#15760 = EDGE_CURVE('',#15727,#15751,#15761,.T.);
#15761 = LINE('',#15762,#15763);
#15762 = CARTESIAN_POINT('',(-2.190000000001,-2.5,8.795));
#15763 = VECTOR('',#15764,1.);
#15764 = DIRECTION('',(1.518785097687E-13,-1.,-2.198241588758E-14));
#15765 = PLANE('',#15766);
#15766 = AXIS2_PLACEMENT_3D('',#15767,#15768,#15769);
#15767 = CARTESIAN_POINT('',(-2.190000000001,-3.,8.545));
#15768 = DIRECTION('',(-1.,-4.565237077259E-13,0.));
#15769 = DIRECTION('',(-4.565237077259E-13,1.,7.855521788613E-14));
#15770 = ADVANCED_FACE('',(#15771),#15782,.F.);
#15771 = FACE_BOUND('',#15772,.T.);
#15772 = EDGE_LOOP('',(#15773,#15774,#15775,#15776));
#15773 = ORIENTED_EDGE('',*,*,#15434,.T.);
#15774 = ORIENTED_EDGE('',*,*,#15681,.F.);
#15775 = ORIENTED_EDGE('',*,*,#15750,.F.);
#15776 = ORIENTED_EDGE('',*,*,#15777,.T.);
#15777 = EDGE_CURVE('',#15751,#15435,#15778,.T.);
#15778 = LINE('',#15779,#15780);
#15779 = CARTESIAN_POINT('',(-2.190000000001,-3.,8.795));
#15780 = VECTOR('',#15781,1.);
#15781 = DIRECTION('',(-1.,0.,1.131317262093E-12));
#15782 = PLANE('',#15783);
#15783 = AXIS2_PLACEMENT_3D('',#15784,#15785,#15786);
#15784 = CARTESIAN_POINT('',(-2.290000000001,-3.,8.545));
#15785 = DIRECTION('',(0.,1.,7.855557072685E-14));
#15786 = DIRECTION('',(1.,0.,-0.));
#15787 = ADVANCED_FACE('',(#15788),#15807,.T.);
#15788 = FACE_BOUND('',#15789,.T.);
#15789 = EDGE_LOOP('',(#15790,#15791,#15792,#15793,#15799,#15800,#15801,
    #15802,#15803,#15804,#15805,#15806));
#15790 = ORIENTED_EDGE('',*,*,#15760,.F.);
#15791 = ORIENTED_EDGE('',*,*,#15736,.F.);
#15792 = ORIENTED_EDGE('',*,*,#15712,.T.);
#15793 = ORIENTED_EDGE('',*,*,#15794,.T.);
#15794 = EDGE_CURVE('',#15705,#15621,#15795,.T.);
#15795 = LINE('',#15796,#15797);
#15796 = CARTESIAN_POINT('',(-2.29,-1.,8.795));
#15797 = VECTOR('',#15798,1.);
#15798 = DIRECTION('',(-1.,-2.478017790963E-13,3.819167204711E-14));
#15799 = ORIENTED_EDGE('',*,*,#15620,.F.);
#15800 = ORIENTED_EDGE('',*,*,#15580,.T.);
#15801 = ORIENTED_EDGE('',*,*,#15558,.F.);
#15802 = ORIENTED_EDGE('',*,*,#15527,.F.);
#15803 = ORIENTED_EDGE('',*,*,#15504,.T.);
#15804 = ORIENTED_EDGE('',*,*,#15456,.F.);
#15805 = ORIENTED_EDGE('',*,*,#15442,.F.);
#15806 = ORIENTED_EDGE('',*,*,#15777,.F.);
#15807 = PLANE('',#15808);
#15808 = AXIS2_PLACEMENT_3D('',#15809,#15810,#15811);
#15809 = CARTESIAN_POINT('',(-2.89,-0.916707140967,8.795));
#15810 = DIRECTION('',(0.,1.309259512114E-14,1.));
#15811 = DIRECTION('',(0.,-1.,1.309259512114E-14));
#15812 = ADVANCED_FACE('',(#15813),#15847,.T.);
#15813 = FACE_BOUND('',#15814,.T.);
#15814 = EDGE_LOOP('',(#15815,#15825,#15833,#15841));
#15815 = ORIENTED_EDGE('',*,*,#15816,.F.);
#15816 = EDGE_CURVE('',#15817,#15819,#15821,.T.);
#15817 = VERTEX_POINT('',#15818);
#15818 = CARTESIAN_POINT('',(-1.02,-0.978127834119,8.545));
#15819 = VERTEX_POINT('',#15820);
#15820 = CARTESIAN_POINT('',(-1.52,-0.978127834119,8.545));
#15821 = LINE('',#15822,#15823);
#15822 = CARTESIAN_POINT('',(-1.02,-0.978127834119,8.545));
#15823 = VECTOR('',#15824,1.);
#15824 = DIRECTION('',(-1.,0.,0.));
#15825 = ORIENTED_EDGE('',*,*,#15826,.F.);
#15826 = EDGE_CURVE('',#15827,#15817,#15829,.T.);
#15827 = VERTEX_POINT('',#15828);
#15828 = CARTESIAN_POINT('',(-1.02,-1.4,8.545));
#15829 = LINE('',#15830,#15831);
#15830 = CARTESIAN_POINT('',(-1.02,-1.4,8.545));
#15831 = VECTOR('',#15832,1.);
#15832 = DIRECTION('',(0.,1.,1.657944188028E-13));
#15833 = ORIENTED_EDGE('',*,*,#15834,.T.);
#15834 = EDGE_CURVE('',#15827,#15835,#15837,.T.);
#15835 = VERTEX_POINT('',#15836);
#15836 = CARTESIAN_POINT('',(-1.52,-1.4,8.545));
#15837 = LINE('',#15838,#15839);
#15838 = CARTESIAN_POINT('',(-1.02,-1.4,8.545));
#15839 = VECTOR('',#15840,1.);
#15840 = DIRECTION('',(-1.,0.,0.));
#15841 = ORIENTED_EDGE('',*,*,#15842,.T.);
#15842 = EDGE_CURVE('',#15835,#15819,#15843,.T.);
#15843 = LINE('',#15844,#15845);
#15844 = CARTESIAN_POINT('',(-1.52,-1.4,8.545));
#15845 = VECTOR('',#15846,1.);
#15846 = DIRECTION('',(0.,1.,1.657944188028E-13));
#15847 = PLANE('',#15848);
#15848 = AXIS2_PLACEMENT_3D('',#15849,#15850,#15851);
#15849 = CARTESIAN_POINT('',(-2.89,-9.6,8.544999999999));
#15850 = DIRECTION('',(0.,7.855557072685E-14,-1.));
#15851 = DIRECTION('',(0.,1.,7.855557072685E-14));
#15852 = ADVANCED_FACE('',(#15853),#15878,.F.);
#15853 = FACE_BOUND('',#15854,.T.);
#15854 = EDGE_LOOP('',(#15855,#15863,#15864,#15872));
#15855 = ORIENTED_EDGE('',*,*,#15856,.T.);
#15856 = EDGE_CURVE('',#15857,#15827,#15859,.T.);
#15857 = VERTEX_POINT('',#15858);
#15858 = CARTESIAN_POINT('',(-1.02,-1.4,8.795));
#15859 = LINE('',#15860,#15861);
#15860 = CARTESIAN_POINT('',(-1.02,-1.4,8.795));
#15861 = VECTOR('',#15862,1.);
#15862 = DIRECTION('',(0.,5.15143483426E-14,-1.));
#15863 = ORIENTED_EDGE('',*,*,#15826,.T.);
#15864 = ORIENTED_EDGE('',*,*,#15865,.F.);
#15865 = EDGE_CURVE('',#15866,#15817,#15868,.T.);
#15866 = VERTEX_POINT('',#15867);
#15867 = CARTESIAN_POINT('',(-1.02,-1.,8.795));
#15868 = LINE('',#15869,#15870);
#15869 = CARTESIAN_POINT('',(-1.02,-1.,8.795));
#15870 = VECTOR('',#15871,1.);
#15871 = DIRECTION('',(-4.77791261639E-14,8.715574274674E-02,
    -0.996194698092));
#15872 = ORIENTED_EDGE('',*,*,#15873,.F.);
#15873 = EDGE_CURVE('',#15857,#15866,#15874,.T.);
#15874 = LINE('',#15875,#15876);
#15875 = CARTESIAN_POINT('',(-1.02,-1.4,8.795));
#15876 = VECTOR('',#15877,1.);
#15877 = DIRECTION('',(3.10862446895E-14,1.,0.));
#15878 = PLANE('',#15879);
#15879 = AXIS2_PLACEMENT_3D('',#15880,#15881,#15882);
#15880 = CARTESIAN_POINT('',(-1.02,-1.4,8.545));
#15881 = DIRECTION('',(-1.,0.,0.));
#15882 = DIRECTION('',(0.,1.,7.855521788613E-14));
#15883 = ADVANCED_FACE('',(#15884),#15902,.F.);
#15884 = FACE_BOUND('',#15885,.T.);
#15885 = EDGE_LOOP('',(#15886,#15894,#15895,#15896));
#15886 = ORIENTED_EDGE('',*,*,#15887,.T.);
#15887 = EDGE_CURVE('',#15888,#15835,#15890,.T.);
#15888 = VERTEX_POINT('',#15889);
#15889 = CARTESIAN_POINT('',(-1.52,-1.4,8.795));
#15890 = LINE('',#15891,#15892);
#15891 = CARTESIAN_POINT('',(-1.52,-1.4,8.795));
#15892 = VECTOR('',#15893,1.);
#15893 = DIRECTION('',(0.,5.15143483426E-14,-1.));
#15894 = ORIENTED_EDGE('',*,*,#15834,.F.);
#15895 = ORIENTED_EDGE('',*,*,#15856,.F.);
#15896 = ORIENTED_EDGE('',*,*,#15897,.T.);
#15897 = EDGE_CURVE('',#15857,#15888,#15898,.T.);
#15898 = LINE('',#15899,#15900);
#15899 = CARTESIAN_POINT('',(-1.02,-1.4,8.795));
#15900 = VECTOR('',#15901,1.);
#15901 = DIRECTION('',(-1.,0.,0.));
#15902 = PLANE('',#15903);
#15903 = AXIS2_PLACEMENT_3D('',#15904,#15905,#15906);
#15904 = CARTESIAN_POINT('',(-1.52,-1.4,8.545));
#15905 = DIRECTION('',(0.,1.,7.855557072685E-14));
#15906 = DIRECTION('',(1.,0.,-0.));
#15907 = ADVANCED_FACE('',(#15908),#15926,.F.);
#15908 = FACE_BOUND('',#15909,.T.);
#15909 = EDGE_LOOP('',(#15910,#15911,#15912,#15920));
#15910 = ORIENTED_EDGE('',*,*,#15842,.F.);
#15911 = ORIENTED_EDGE('',*,*,#15887,.F.);
#15912 = ORIENTED_EDGE('',*,*,#15913,.T.);
#15913 = EDGE_CURVE('',#15888,#15914,#15916,.T.);
#15914 = VERTEX_POINT('',#15915);
#15915 = CARTESIAN_POINT('',(-1.52,-1.,8.795));
#15916 = LINE('',#15917,#15918);
#15917 = CARTESIAN_POINT('',(-1.52,-1.4,8.795));
#15918 = VECTOR('',#15919,1.);
#15919 = DIRECTION('',(0.,1.,0.));
#15920 = ORIENTED_EDGE('',*,*,#15921,.F.);
#15921 = EDGE_CURVE('',#15819,#15914,#15922,.T.);
#15922 = LINE('',#15923,#15924);
#15923 = CARTESIAN_POINT('',(-1.52,-0.978127834119,8.545));
#15924 = VECTOR('',#15925,1.);
#15925 = DIRECTION('',(0.,-8.715574274674E-02,0.996194698092));
#15926 = PLANE('',#15927);
#15927 = AXIS2_PLACEMENT_3D('',#15928,#15929,#15930);
#15928 = CARTESIAN_POINT('',(-1.52,-0.978127834119,8.545));
#15929 = DIRECTION('',(1.,0.,0.));
#15930 = DIRECTION('',(0.,-1.,-7.855521788613E-14));
#15931 = ADVANCED_FACE('',(#15932),#15943,.T.);
#15932 = FACE_BOUND('',#15933,.T.);
#15933 = EDGE_LOOP('',(#15934,#15935,#15936,#15942));
#15934 = ORIENTED_EDGE('',*,*,#15897,.F.);
#15935 = ORIENTED_EDGE('',*,*,#15873,.T.);
#15936 = ORIENTED_EDGE('',*,*,#15937,.T.);
#15937 = EDGE_CURVE('',#15866,#15914,#15938,.T.);
#15938 = LINE('',#15939,#15940);
#15939 = CARTESIAN_POINT('',(-1.02,-1.,8.795));
#15940 = VECTOR('',#15941,1.);
#15941 = DIRECTION('',(-1.,0.,0.));
#15942 = ORIENTED_EDGE('',*,*,#15913,.F.);
#15943 = PLANE('',#15944);
#15944 = AXIS2_PLACEMENT_3D('',#15945,#15946,#15947);
#15945 = CARTESIAN_POINT('',(-2.89,-0.916707140967,8.795));
#15946 = DIRECTION('',(0.,1.309259512114E-14,1.));
#15947 = DIRECTION('',(0.,-1.,1.309259512114E-14));
#15948 = ADVANCED_FACE('',(#15949),#15983,.T.);
#15949 = FACE_BOUND('',#15950,.T.);
#15950 = EDGE_LOOP('',(#15951,#15961,#15969,#15977));
#15951 = ORIENTED_EDGE('',*,*,#15952,.T.);
#15952 = EDGE_CURVE('',#15953,#15955,#15957,.T.);
#15953 = VERTEX_POINT('',#15954);
#15954 = CARTESIAN_POINT('',(0.25,-9.6,8.795));
#15955 = VERTEX_POINT('',#15956);
#15956 = CARTESIAN_POINT('',(-0.25,-9.6,8.795));
#15957 = LINE('',#15958,#15959);
#15958 = CARTESIAN_POINT('',(0.25,-9.6,8.795));
#15959 = VECTOR('',#15960,1.);
#15960 = DIRECTION('',(-1.,0.,0.));
#15961 = ORIENTED_EDGE('',*,*,#15962,.F.);
#15962 = EDGE_CURVE('',#15963,#15955,#15965,.T.);
#15963 = VERTEX_POINT('',#15964);
#15964 = CARTESIAN_POINT('',(-0.25,-9.6,8.544999999999));
#15965 = LINE('',#15966,#15967);
#15966 = CARTESIAN_POINT('',(-0.25,-9.6,8.544999999999));
#15967 = VECTOR('',#15968,1.);
#15968 = DIRECTION('',(0.,-1.065814103637E-13,1.));
#15969 = ORIENTED_EDGE('',*,*,#15970,.F.);
#15970 = EDGE_CURVE('',#15971,#15963,#15973,.T.);
#15971 = VERTEX_POINT('',#15972);
#15972 = CARTESIAN_POINT('',(0.25,-9.6,8.544999999999));
#15973 = LINE('',#15974,#15975);
#15974 = CARTESIAN_POINT('',(0.25,-9.6,8.544999999999));
#15975 = VECTOR('',#15976,1.);
#15976 = DIRECTION('',(-1.,0.,0.));
#15977 = ORIENTED_EDGE('',*,*,#15978,.T.);
#15978 = EDGE_CURVE('',#15971,#15953,#15979,.T.);
#15979 = LINE('',#15980,#15981);
#15980 = CARTESIAN_POINT('',(0.25,-9.6,8.544999999999));
#15981 = VECTOR('',#15982,1.);
#15982 = DIRECTION('',(0.,-1.136868377213E-13,1.));
#15983 = PLANE('',#15984);
#15984 = AXIS2_PLACEMENT_3D('',#15985,#15986,#15987);
#15985 = CARTESIAN_POINT('',(-2.89,-9.6,8.795));
#15986 = DIRECTION('',(0.,-1.,-2.415845301577E-13));
#15987 = DIRECTION('',(0.,2.415845301577E-13,-1.));
#15988 = ADVANCED_FACE('',(#15989),#16014,.F.);
#15989 = FACE_BOUND('',#15990,.T.);
#15990 = EDGE_LOOP('',(#15991,#16001,#16007,#16008));
#15991 = ORIENTED_EDGE('',*,*,#15992,.T.);
#15992 = EDGE_CURVE('',#15993,#15995,#15997,.T.);
#15993 = VERTEX_POINT('',#15994);
#15994 = CARTESIAN_POINT('',(-0.25,-3.,8.795));
#15995 = VERTEX_POINT('',#15996);
#15996 = CARTESIAN_POINT('',(-0.25,-3.,8.545));
#15997 = LINE('',#15998,#15999);
#15998 = CARTESIAN_POINT('',(-0.25,-3.,8.795));
#15999 = VECTOR('',#16000,1.);
#16000 = DIRECTION('',(0.,5.329070518194E-14,-1.));
#16001 = ORIENTED_EDGE('',*,*,#16002,.T.);
#16002 = EDGE_CURVE('',#15995,#15963,#16003,.T.);
#16003 = LINE('',#16004,#16005);
#16004 = CARTESIAN_POINT('',(-0.25,-3.,8.545));
#16005 = VECTOR('',#16006,1.);
#16006 = DIRECTION('',(0.,-1.,-7.763150391887E-14));
#16007 = ORIENTED_EDGE('',*,*,#15962,.T.);
#16008 = ORIENTED_EDGE('',*,*,#16009,.F.);
#16009 = EDGE_CURVE('',#15993,#15955,#16010,.T.);
#16010 = LINE('',#16011,#16012);
#16011 = CARTESIAN_POINT('',(-0.25,-3.,8.795));
#16012 = VECTOR('',#16013,1.);
#16013 = DIRECTION('',(0.,-1.,-1.677109629623E-14));
#16014 = PLANE('',#16015);
#16015 = AXIS2_PLACEMENT_3D('',#16016,#16017,#16018);
#16016 = CARTESIAN_POINT('',(-0.25,-3.,8.545));
#16017 = DIRECTION('',(1.,0.,0.));
#16018 = DIRECTION('',(0.,-1.,-7.855521788613E-14));
#16019 = ADVANCED_FACE('',(#16020),#16045,.F.);
#16020 = FACE_BOUND('',#16021,.T.);
#16021 = EDGE_LOOP('',(#16022,#16032,#16038,#16039));
#16022 = ORIENTED_EDGE('',*,*,#16023,.T.);
#16023 = EDGE_CURVE('',#16024,#16026,#16028,.T.);
#16024 = VERTEX_POINT('',#16025);
#16025 = CARTESIAN_POINT('',(-0.349999999999,-3.,8.795));
#16026 = VERTEX_POINT('',#16027);
#16027 = CARTESIAN_POINT('',(-0.349999999999,-3.,8.545));
#16028 = LINE('',#16029,#16030);
#16029 = CARTESIAN_POINT('',(-0.349999999999,-3.,8.795));
#16030 = VECTOR('',#16031,1.);
#16031 = DIRECTION('',(0.,5.329070518196E-14,-1.));
#16032 = ORIENTED_EDGE('',*,*,#16033,.F.);
#16033 = EDGE_CURVE('',#15995,#16026,#16034,.T.);
#16034 = LINE('',#16035,#16036);
#16035 = CARTESIAN_POINT('',(-0.25,-3.,8.545));
#16036 = VECTOR('',#16037,1.);
#16037 = DIRECTION('',(-1.,0.,-1.931788062867E-13));
#16038 = ORIENTED_EDGE('',*,*,#15992,.F.);
#16039 = ORIENTED_EDGE('',*,*,#16040,.T.);
#16040 = EDGE_CURVE('',#15993,#16024,#16041,.T.);
#16041 = LINE('',#16042,#16043);
#16042 = CARTESIAN_POINT('',(-0.25,-3.,8.795));
#16043 = VECTOR('',#16044,1.);
#16044 = DIRECTION('',(-1.,0.,-1.108002578587E-12));
#16045 = PLANE('',#16046);
#16046 = AXIS2_PLACEMENT_3D('',#16047,#16048,#16049);
#16047 = CARTESIAN_POINT('',(-0.349999999999,-3.,8.545));
#16048 = DIRECTION('',(0.,1.,7.855557072685E-14));
#16049 = DIRECTION('',(1.,0.,-0.));
#16050 = ADVANCED_FACE('',(#16051),#16076,.F.);
#16051 = FACE_BOUND('',#16052,.T.);
#16052 = EDGE_LOOP('',(#16053,#16063,#16069,#16070));
#16053 = ORIENTED_EDGE('',*,*,#16054,.T.);
#16054 = EDGE_CURVE('',#16055,#16057,#16059,.T.);
#16055 = VERTEX_POINT('',#16056);
#16056 = CARTESIAN_POINT('',(-0.349999999999,-2.5,8.795));
#16057 = VERTEX_POINT('',#16058);
#16058 = CARTESIAN_POINT('',(-0.349999999999,-2.5,8.545));
#16059 = LINE('',#16060,#16061);
#16060 = CARTESIAN_POINT('',(-0.349999999999,-2.5,8.795));
#16061 = VECTOR('',#16062,1.);
#16062 = DIRECTION('',(0.,5.329070518197E-14,-1.));
#16063 = ORIENTED_EDGE('',*,*,#16064,.F.);
#16064 = EDGE_CURVE('',#16026,#16057,#16065,.T.);
#16065 = LINE('',#16066,#16067);
#16066 = CARTESIAN_POINT('',(-0.349999999999,-3.,8.545));
#16067 = VECTOR('',#16068,1.);
#16068 = DIRECTION('',(2.849942504213E-13,1.,5.218048215738E-14));
#16069 = ORIENTED_EDGE('',*,*,#16023,.F.);
#16070 = ORIENTED_EDGE('',*,*,#16071,.T.);
#16071 = EDGE_CURVE('',#16024,#16055,#16072,.T.);
#16072 = LINE('',#16073,#16074);
#16073 = CARTESIAN_POINT('',(-0.349999999999,-3.,8.795));
#16074 = VECTOR('',#16075,1.);
#16075 = DIRECTION('',(2.849942504213E-13,1.,2.198241588758E-14));
#16076 = PLANE('',#16077);
#16077 = AXIS2_PLACEMENT_3D('',#16078,#16079,#16080);
#16078 = CARTESIAN_POINT('',(-0.349999999999,-2.5,8.545));
#16079 = DIRECTION('',(1.,-4.547473508865E-13,0.));
#16080 = DIRECTION('',(-4.547473508865E-13,-1.,-7.855521788613E-14));
#16081 = ADVANCED_FACE('',(#16082),#16107,.F.);
#16082 = FACE_BOUND('',#16083,.T.);
#16083 = EDGE_LOOP('',(#16084,#16094,#16100,#16101));
#16084 = ORIENTED_EDGE('',*,*,#16085,.T.);
#16085 = EDGE_CURVE('',#16086,#16088,#16090,.T.);
#16086 = VERTEX_POINT('',#16087);
#16087 = CARTESIAN_POINT('',(-0.25,-2.5,8.795));
#16088 = VERTEX_POINT('',#16089);
#16089 = CARTESIAN_POINT('',(-0.25,-2.5,8.545));
#16090 = LINE('',#16091,#16092);
#16091 = CARTESIAN_POINT('',(-0.25,-2.5,8.795));
#16092 = VECTOR('',#16093,1.);
#16093 = DIRECTION('',(0.,5.329070518198E-14,-1.));
#16094 = ORIENTED_EDGE('',*,*,#16095,.F.);
#16095 = EDGE_CURVE('',#16057,#16088,#16096,.T.);
#16096 = LINE('',#16097,#16098);
#16097 = CARTESIAN_POINT('',(-0.349999999999,-2.5,8.545));
#16098 = VECTOR('',#16099,1.);
#16099 = DIRECTION('',(1.,0.,2.686739719619E-13));
#16100 = ORIENTED_EDGE('',*,*,#16054,.F.);
#16101 = ORIENTED_EDGE('',*,*,#16102,.T.);
#16102 = EDGE_CURVE('',#16055,#16086,#16103,.T.);
#16103 = LINE('',#16104,#16105);
#16104 = CARTESIAN_POINT('',(-0.349999999999,-2.5,8.795));
#16105 = VECTOR('',#16106,1.);
#16106 = DIRECTION('',(1.,0.,-3.463895836865E-13));
#16107 = PLANE('',#16108);
#16108 = AXIS2_PLACEMENT_3D('',#16109,#16110,#16111);
#16109 = CARTESIAN_POINT('',(-0.25,-2.5,8.545));
#16110 = DIRECTION('',(0.,-1.,-7.855557072685E-14));
#16111 = DIRECTION('',(-1.,-0.,0.));
#16112 = ADVANCED_FACE('',(#16113),#16138,.F.);
#16113 = FACE_BOUND('',#16114,.T.);
#16114 = EDGE_LOOP('',(#16115,#16123,#16124,#16132));
#16115 = ORIENTED_EDGE('',*,*,#16116,.F.);
#16116 = EDGE_CURVE('',#16088,#16117,#16119,.T.);
#16117 = VERTEX_POINT('',#16118);
#16118 = CARTESIAN_POINT('',(-0.25,-0.978127834119,8.545));
#16119 = LINE('',#16120,#16121);
#16120 = CARTESIAN_POINT('',(-0.25,-2.5,8.545));
#16121 = VECTOR('',#16122,1.);
#16122 = DIRECTION('',(-9.355983117394E-14,1.,1.057791463565E-13));
#16123 = ORIENTED_EDGE('',*,*,#16085,.F.);
#16124 = ORIENTED_EDGE('',*,*,#16125,.T.);
#16125 = EDGE_CURVE('',#16086,#16126,#16128,.T.);
#16126 = VERTEX_POINT('',#16127);
#16127 = CARTESIAN_POINT('',(-0.25,-1.,8.795));
#16128 = LINE('',#16129,#16130);
#16129 = CARTESIAN_POINT('',(-0.25,-2.5,8.795));
#16130 = VECTOR('',#16131,1.);
#16131 = DIRECTION('',(-1.008822655043E-13,1.,1.576516694968E-14));
#16132 = ORIENTED_EDGE('',*,*,#16133,.F.);
#16133 = EDGE_CURVE('',#16117,#16126,#16134,.T.);
#16134 = LINE('',#16135,#16136);
#16135 = CARTESIAN_POINT('',(-0.25,-0.978127834119,8.545));
#16136 = VECTOR('',#16137,1.);
#16137 = DIRECTION('',(-3.738274223009E-14,-8.715574274674E-02,
    0.996194698092));
#16138 = PLANE('',#16139);
#16139 = AXIS2_PLACEMENT_3D('',#16140,#16141,#16142);
#16140 = CARTESIAN_POINT('',(-0.25,-0.978127834119,8.545));
#16141 = DIRECTION('',(1.,1.494039253366E-13,0.));
#16142 = DIRECTION('',(1.494039253366E-13,-1.,-7.855521788613E-14));
#16143 = ADVANCED_FACE('',(#16144),#16198,.T.);
#16144 = FACE_BOUND('',#16145,.T.);
#16145 = EDGE_LOOP('',(#16146,#16147,#16148,#16149,#16150,#16151,#16152,
    #16160,#16168,#16176,#16184,#16192));
#16146 = ORIENTED_EDGE('',*,*,#15970,.T.);
#16147 = ORIENTED_EDGE('',*,*,#16002,.F.);
#16148 = ORIENTED_EDGE('',*,*,#16033,.T.);
#16149 = ORIENTED_EDGE('',*,*,#16064,.T.);
#16150 = ORIENTED_EDGE('',*,*,#16095,.T.);
#16151 = ORIENTED_EDGE('',*,*,#16116,.T.);
#16152 = ORIENTED_EDGE('',*,*,#16153,.F.);
#16153 = EDGE_CURVE('',#16154,#16117,#16156,.T.);
#16154 = VERTEX_POINT('',#16155);
#16155 = CARTESIAN_POINT('',(0.25,-0.978127834119,8.545));
#16156 = LINE('',#16157,#16158);
#16157 = CARTESIAN_POINT('',(0.25,-0.978127834119,8.545));
#16158 = VECTOR('',#16159,1.);
#16159 = DIRECTION('',(-1.,0.,0.));
#16160 = ORIENTED_EDGE('',*,*,#16161,.F.);
#16161 = EDGE_CURVE('',#16162,#16154,#16164,.T.);
#16162 = VERTEX_POINT('',#16163);
#16163 = CARTESIAN_POINT('',(0.25,-2.5,8.545));
#16164 = LINE('',#16165,#16166);
#16165 = CARTESIAN_POINT('',(0.25,-2.5,8.545));
#16166 = VECTOR('',#16167,1.);
#16167 = DIRECTION('',(1.40704502438E-13,1.,1.057791463565E-13));
#16168 = ORIENTED_EDGE('',*,*,#16169,.T.);
#16169 = EDGE_CURVE('',#16162,#16170,#16172,.T.);
#16170 = VERTEX_POINT('',#16171);
#16171 = CARTESIAN_POINT('',(0.349999999999,-2.5,8.545));
#16172 = LINE('',#16173,#16174);
#16173 = CARTESIAN_POINT('',(0.25,-2.5,8.545));
#16174 = VECTOR('',#16175,1.);
#16175 = DIRECTION('',(1.,0.,-1.376676550548E-13));
#16176 = ORIENTED_EDGE('',*,*,#16177,.T.);
#16177 = EDGE_CURVE('',#16170,#16178,#16180,.T.);
#16178 = VERTEX_POINT('',#16179);
#16179 = CARTESIAN_POINT('',(0.349999999999,-3.,8.545));
#16180 = LINE('',#16181,#16182);
#16181 = CARTESIAN_POINT('',(0.349999999999,-2.5,8.545));
#16182 = VECTOR('',#16183,1.);
#16183 = DIRECTION('',(2.849942504213E-13,-1.,-5.240252676231E-14));
#16184 = ORIENTED_EDGE('',*,*,#16185,.T.);
#16185 = EDGE_CURVE('',#16178,#16186,#16188,.T.);
#16186 = VERTEX_POINT('',#16187);
#16187 = CARTESIAN_POINT('',(0.25,-3.,8.545));
#16188 = LINE('',#16189,#16190);
#16189 = CARTESIAN_POINT('',(0.349999999999,-3.,8.545));
#16190 = VECTOR('',#16191,1.);
#16191 = DIRECTION('',(-1.,0.,5.884182030604E-14));
#16192 = ORIENTED_EDGE('',*,*,#16193,.T.);
#16193 = EDGE_CURVE('',#16186,#15971,#16194,.T.);
#16194 = LINE('',#16195,#16196);
#16195 = CARTESIAN_POINT('',(0.25,-3.,8.545));
#16196 = VECTOR('',#16197,1.);
#16197 = DIRECTION('',(0.,-1.,-7.759786079691E-14));
#16198 = PLANE('',#16199);
#16199 = AXIS2_PLACEMENT_3D('',#16200,#16201,#16202);
#16200 = CARTESIAN_POINT('',(-2.89,-9.6,8.544999999999));
#16201 = DIRECTION('',(0.,7.855557072685E-14,-1.));
#16202 = DIRECTION('',(0.,1.,7.855557072685E-14));
#16203 = ADVANCED_FACE('',(#16204),#16229,.F.);
#16204 = FACE_BOUND('',#16205,.T.);
#16205 = EDGE_LOOP('',(#16206,#16214,#16215,#16223));
#16206 = ORIENTED_EDGE('',*,*,#16207,.T.);
#16207 = EDGE_CURVE('',#16208,#16162,#16210,.T.);
#16208 = VERTEX_POINT('',#16209);
#16209 = CARTESIAN_POINT('',(0.25,-2.5,8.795));
#16210 = LINE('',#16211,#16212);
#16211 = CARTESIAN_POINT('',(0.25,-2.5,8.795));
#16212 = VECTOR('',#16213,1.);
#16213 = DIRECTION('',(0.,5.329070518198E-14,-1.));
#16214 = ORIENTED_EDGE('',*,*,#16161,.T.);
#16215 = ORIENTED_EDGE('',*,*,#16216,.F.);
#16216 = EDGE_CURVE('',#16217,#16154,#16219,.T.);
#16217 = VERTEX_POINT('',#16218);
#16218 = CARTESIAN_POINT('',(0.25,-1.,8.795));
#16219 = LINE('',#16220,#16221);
#16220 = CARTESIAN_POINT('',(0.25,-1.,8.795));
#16221 = VECTOR('',#16222,1.);
#16222 = DIRECTION('',(1.139178239556E-14,8.715574274674E-02,
    -0.996194698092));
#16223 = ORIENTED_EDGE('',*,*,#16224,.F.);
#16224 = EDGE_CURVE('',#16208,#16217,#16225,.T.);
#16225 = LINE('',#16226,#16227);
#16226 = CARTESIAN_POINT('',(0.25,-2.5,8.795));
#16227 = VECTOR('',#16228,1.);
#16228 = DIRECTION('',(1.403506940297E-13,1.,1.59872115546E-14));
#16229 = PLANE('',#16230);
#16230 = AXIS2_PLACEMENT_3D('',#16231,#16232,#16233);
#16231 = CARTESIAN_POINT('',(0.25,-2.5,8.545));
#16232 = DIRECTION('',(-1.,2.241058880049E-13,0.));
#16233 = DIRECTION('',(2.241058880049E-13,1.,7.855521788613E-14));
#16234 = ADVANCED_FACE('',(#16235),#16253,.F.);
#16235 = FACE_BOUND('',#16236,.T.);
#16236 = EDGE_LOOP('',(#16237,#16245,#16246,#16247));
#16237 = ORIENTED_EDGE('',*,*,#16238,.T.);
#16238 = EDGE_CURVE('',#16239,#16170,#16241,.T.);
#16239 = VERTEX_POINT('',#16240);
#16240 = CARTESIAN_POINT('',(0.349999999999,-2.5,8.795));
#16241 = LINE('',#16242,#16243);
#16242 = CARTESIAN_POINT('',(0.349999999999,-2.5,8.795));
#16243 = VECTOR('',#16244,1.);
#16244 = DIRECTION('',(0.,5.329070518197E-14,-1.));
#16245 = ORIENTED_EDGE('',*,*,#16169,.F.);
#16246 = ORIENTED_EDGE('',*,*,#16207,.F.);
#16247 = ORIENTED_EDGE('',*,*,#16248,.T.);
#16248 = EDGE_CURVE('',#16208,#16239,#16249,.T.);
#16249 = LINE('',#16250,#16251);
#16250 = CARTESIAN_POINT('',(0.25,-2.5,8.795));
#16251 = VECTOR('',#16252,1.);
#16252 = DIRECTION('',(1.,0.,3.419486915877E-13));
#16253 = PLANE('',#16254);
#16254 = AXIS2_PLACEMENT_3D('',#16255,#16256,#16257);
#16255 = CARTESIAN_POINT('',(0.349999999999,-2.5,8.545));
#16256 = DIRECTION('',(0.,-1.,-7.855557072685E-14));
#16257 = DIRECTION('',(-1.,-0.,0.));
#16258 = ADVANCED_FACE('',(#16259),#16277,.F.);
#16259 = FACE_BOUND('',#16260,.T.);
#16260 = EDGE_LOOP('',(#16261,#16269,#16270,#16271));
#16261 = ORIENTED_EDGE('',*,*,#16262,.T.);
#16262 = EDGE_CURVE('',#16263,#16178,#16265,.T.);
#16263 = VERTEX_POINT('',#16264);
#16264 = CARTESIAN_POINT('',(0.349999999999,-3.,8.795));
#16265 = LINE('',#16266,#16267);
#16266 = CARTESIAN_POINT('',(0.349999999999,-3.,8.795));
#16267 = VECTOR('',#16268,1.);
#16268 = DIRECTION('',(0.,5.684341886076E-14,-1.));
#16269 = ORIENTED_EDGE('',*,*,#16177,.F.);
#16270 = ORIENTED_EDGE('',*,*,#16238,.F.);
#16271 = ORIENTED_EDGE('',*,*,#16272,.T.);
#16272 = EDGE_CURVE('',#16239,#16263,#16273,.T.);
#16273 = LINE('',#16274,#16275);
#16274 = CARTESIAN_POINT('',(0.349999999999,-2.5,8.795));
#16275 = VECTOR('',#16276,1.);
#16276 = DIRECTION('',(2.849942504213E-13,-1.,-2.198241588758E-14));
#16277 = PLANE('',#16278);
#16278 = AXIS2_PLACEMENT_3D('',#16279,#16280,#16281);
#16279 = CARTESIAN_POINT('',(0.349999999999,-3.,8.545));
#16280 = DIRECTION('',(-1.,-4.547473508865E-13,0.));
#16281 = DIRECTION('',(-4.547473508865E-13,1.,7.855521788613E-14));
#16282 = ADVANCED_FACE('',(#16283),#16301,.F.);
#16283 = FACE_BOUND('',#16284,.T.);
#16284 = EDGE_LOOP('',(#16285,#16293,#16294,#16295));
#16285 = ORIENTED_EDGE('',*,*,#16286,.T.);
#16286 = EDGE_CURVE('',#16287,#16186,#16289,.T.);
#16287 = VERTEX_POINT('',#16288);
#16288 = CARTESIAN_POINT('',(0.25,-3.,8.795));
#16289 = LINE('',#16290,#16291);
#16290 = CARTESIAN_POINT('',(0.25,-3.,8.795));
#16291 = VECTOR('',#16292,1.);
#16292 = DIRECTION('',(0.,5.684341886074E-14,-1.));
#16293 = ORIENTED_EDGE('',*,*,#16185,.F.);
#16294 = ORIENTED_EDGE('',*,*,#16262,.F.);
#16295 = ORIENTED_EDGE('',*,*,#16296,.T.);
#16296 = EDGE_CURVE('',#16263,#16287,#16297,.T.);
#16297 = LINE('',#16298,#16299);
#16298 = CARTESIAN_POINT('',(0.349999999999,-3.,8.795));
#16299 = VECTOR('',#16300,1.);
#16300 = DIRECTION('',(-1.,0.,1.13131726211E-12));
#16301 = PLANE('',#16302);
#16302 = AXIS2_PLACEMENT_3D('',#16303,#16304,#16305);
#16303 = CARTESIAN_POINT('',(0.249999999999,-3.,8.545));
#16304 = DIRECTION('',(0.,1.,7.855557072685E-14));
#16305 = DIRECTION('',(1.,0.,-0.));
#16306 = ADVANCED_FACE('',(#16307),#16318,.F.);
#16307 = FACE_BOUND('',#16308,.T.);
#16308 = EDGE_LOOP('',(#16309,#16310,#16311,#16312));
#16309 = ORIENTED_EDGE('',*,*,#15978,.F.);
#16310 = ORIENTED_EDGE('',*,*,#16193,.F.);
#16311 = ORIENTED_EDGE('',*,*,#16286,.F.);
#16312 = ORIENTED_EDGE('',*,*,#16313,.T.);
#16313 = EDGE_CURVE('',#16287,#15953,#16314,.T.);
#16314 = LINE('',#16315,#16316);
#16315 = CARTESIAN_POINT('',(0.25,-3.,8.795));
#16316 = VECTOR('',#16317,1.);
#16317 = DIRECTION('',(0.,-1.,-1.675427473525E-14));
#16318 = PLANE('',#16319);
#16319 = AXIS2_PLACEMENT_3D('',#16320,#16321,#16322);
#16320 = CARTESIAN_POINT('',(0.25,-9.6,8.544999999999));
#16321 = DIRECTION('',(-1.,0.,0.));
#16322 = DIRECTION('',(0.,1.,7.855521788613E-14));
#16323 = ADVANCED_FACE('',(#16324),#16343,.T.);
#16324 = FACE_BOUND('',#16325,.T.);
#16325 = EDGE_LOOP('',(#16326,#16327,#16328,#16329,#16330,#16336,#16337,
    #16338,#16339,#16340,#16341,#16342));
#16326 = ORIENTED_EDGE('',*,*,#16296,.F.);
#16327 = ORIENTED_EDGE('',*,*,#16272,.F.);
#16328 = ORIENTED_EDGE('',*,*,#16248,.F.);
#16329 = ORIENTED_EDGE('',*,*,#16224,.T.);
#16330 = ORIENTED_EDGE('',*,*,#16331,.T.);
#16331 = EDGE_CURVE('',#16217,#16126,#16332,.T.);
#16332 = LINE('',#16333,#16334);
#16333 = CARTESIAN_POINT('',(0.25,-1.,8.795));
#16334 = VECTOR('',#16335,1.);
#16335 = DIRECTION('',(-1.,0.,0.));
#16336 = ORIENTED_EDGE('',*,*,#16125,.F.);
#16337 = ORIENTED_EDGE('',*,*,#16102,.F.);
#16338 = ORIENTED_EDGE('',*,*,#16071,.F.);
#16339 = ORIENTED_EDGE('',*,*,#16040,.F.);
#16340 = ORIENTED_EDGE('',*,*,#16009,.T.);
#16341 = ORIENTED_EDGE('',*,*,#15952,.F.);
#16342 = ORIENTED_EDGE('',*,*,#16313,.F.);
#16343 = PLANE('',#16344);
#16344 = AXIS2_PLACEMENT_3D('',#16345,#16346,#16347);
#16345 = CARTESIAN_POINT('',(-2.89,-0.916707140967,8.795));
#16346 = DIRECTION('',(0.,1.309259512114E-14,1.));
#16347 = DIRECTION('',(0.,-1.,1.309259512114E-14));
#16348 = ADVANCED_FACE('',(#16349),#16402,.T.);
#16349 = FACE_BOUND('',#16350,.T.);
#16350 = EDGE_LOOP('',(#16351,#16352,#16358,#16359,#16367,#16373,#16374,
    #16375,#16381,#16382,#16388,#16389,#16395,#16396));
#16351 = ORIENTED_EDGE('',*,*,#14795,.F.);
#16352 = ORIENTED_EDGE('',*,*,#16353,.T.);
#16353 = EDGE_CURVE('',#14724,#15164,#16354,.T.);
#16354 = LINE('',#16355,#16356);
#16355 = CARTESIAN_POINT('',(1.52,-1.,8.795));
#16356 = VECTOR('',#16357,1.);
#16357 = DIRECTION('',(1.,0.,1.643706815679E-14));
#16358 = ORIENTED_EDGE('',*,*,#15195,.F.);
#16359 = ORIENTED_EDGE('',*,*,#16360,.T.);
#16360 = EDGE_CURVE('',#14924,#16361,#16363,.T.);
#16361 = VERTEX_POINT('',#16362);
#16362 = CARTESIAN_POINT('',(3.75,-1.,8.795));
#16363 = LINE('',#16364,#16365);
#16364 = CARTESIAN_POINT('',(2.79,-1.,8.795));
#16365 = VECTOR('',#16366,1.);
#16366 = DIRECTION('',(1.,0.,1.150699905731E-13));
#16367 = ORIENTED_EDGE('',*,*,#16368,.F.);
#16368 = EDGE_CURVE('',#15370,#16361,#16369,.T.);
#16369 = LINE('',#16370,#16371);
#16370 = CARTESIAN_POINT('',(3.63189030424,-0.945319585296,9.42));
#16371 = VECTOR('',#16372,1.);
#16372 = DIRECTION('',(0.185006586864,-8.565119762267E-02,-0.97899766862
    ));
#16373 = ORIENTED_EDGE('',*,*,#15369,.F.);
#16374 = ORIENTED_EDGE('',*,*,#15395,.F.);
#16375 = ORIENTED_EDGE('',*,*,#16376,.T.);
#16376 = EDGE_CURVE('',#15328,#15621,#16377,.T.);
#16377 = LINE('',#16378,#16379);
#16378 = CARTESIAN_POINT('',(-3.75,-1.,8.795));
#16379 = VECTOR('',#16380,1.);
#16380 = DIRECTION('',(1.,-2.148744145576E-13,-1.073215590471E-13));
#16381 = ORIENTED_EDGE('',*,*,#15794,.F.);
#16382 = ORIENTED_EDGE('',*,*,#16383,.T.);
#16383 = EDGE_CURVE('',#15705,#15914,#16384,.T.);
#16384 = LINE('',#16385,#16386);
#16385 = CARTESIAN_POINT('',(-2.29,-1.,8.795));
#16386 = VECTOR('',#16387,1.);
#16387 = DIRECTION('',(1.,0.,-1.557195930643E-14));
#16388 = ORIENTED_EDGE('',*,*,#15937,.F.);
#16389 = ORIENTED_EDGE('',*,*,#16390,.T.);
#16390 = EDGE_CURVE('',#15866,#16126,#16391,.T.);
#16391 = LINE('',#16392,#16393);
#16392 = CARTESIAN_POINT('',(-1.02,-1.,8.795));
#16393 = VECTOR('',#16394,1.);
#16394 = DIRECTION('',(1.,0.,1.715799219876E-14));
#16395 = ORIENTED_EDGE('',*,*,#16331,.F.);
#16396 = ORIENTED_EDGE('',*,*,#16397,.T.);
#16397 = EDGE_CURVE('',#16217,#14772,#16398,.T.);
#16398 = LINE('',#16399,#16400);
#16399 = CARTESIAN_POINT('',(0.25,-1.,8.795));
#16400 = VECTOR('',#16401,1.);
#16401 = DIRECTION('',(1.,0.,-1.715799219875E-14));
#16402 = PLANE('',#16403);
#16403 = AXIS2_PLACEMENT_3D('',#16404,#16405,#16406);
#16404 = CARTESIAN_POINT('',(3.75,-0.945319585296,9.42));
#16405 = DIRECTION('',(0.,-0.996194698092,8.715574274759E-02));
#16406 = DIRECTION('',(0.,-8.715574274759E-02,-0.996194698092));
#16407 = ADVANCED_FACE('',(#16408),#16441,.T.);
#16408 = FACE_BOUND('',#16409,.T.);
#16409 = EDGE_LOOP('',(#16410,#16411,#16412,#16413,#16414,#16415,#16416,
    #16417,#16418,#16419,#16420,#16421,#16422,#16423,#16424,#16425,
    #16426,#16427,#16428,#16429,#16430,#16431,#16432,#16433,#16434,
    #16440));
#16410 = ORIENTED_EDGE('',*,*,#14923,.T.);
#16411 = ORIENTED_EDGE('',*,*,#14810,.T.);
#16412 = ORIENTED_EDGE('',*,*,#15171,.T.);
#16413 = ORIENTED_EDGE('',*,*,#16353,.F.);
#16414 = ORIENTED_EDGE('',*,*,#14723,.T.);
#16415 = ORIENTED_EDGE('',*,*,#14674,.T.);
#16416 = ORIENTED_EDGE('',*,*,#14779,.T.);
#16417 = ORIENTED_EDGE('',*,*,#16397,.F.);
#16418 = ORIENTED_EDGE('',*,*,#16216,.T.);
#16419 = ORIENTED_EDGE('',*,*,#16153,.T.);
#16420 = ORIENTED_EDGE('',*,*,#16133,.T.);
#16421 = ORIENTED_EDGE('',*,*,#16390,.F.);
#16422 = ORIENTED_EDGE('',*,*,#15865,.T.);
#16423 = ORIENTED_EDGE('',*,*,#15816,.T.);
#16424 = ORIENTED_EDGE('',*,*,#15921,.T.);
#16425 = ORIENTED_EDGE('',*,*,#16383,.F.);
#16426 = ORIENTED_EDGE('',*,*,#15704,.T.);
#16427 = ORIENTED_EDGE('',*,*,#15649,.T.);
#16428 = ORIENTED_EDGE('',*,*,#15628,.T.);
#16429 = ORIENTED_EDGE('',*,*,#16376,.F.);
#16430 = ORIENTED_EDGE('',*,*,#15337,.F.);
#16431 = ORIENTED_EDGE('',*,*,#12513,.T.);
#16432 = ORIENTED_EDGE('',*,*,#320,.T.);
#16433 = ORIENTED_EDGE('',*,*,#12498,.T.);
#16434 = ORIENTED_EDGE('',*,*,#16435,.T.);
#16435 = EDGE_CURVE('',#12491,#16361,#16436,.T.);
#16436 = LINE('',#16437,#16438);
#16437 = CARTESIAN_POINT('',(3.63189030424,-0.862205354947,7.22));
#16438 = VECTOR('',#16439,1.);
#16439 = DIRECTION('',(7.449733327594E-02,-8.691355548852E-02,
    0.993426485054));
#16440 = ORIENTED_EDGE('',*,*,#16360,.F.);
#16441 = PLANE('',#16442);
#16442 = AXIS2_PLACEMENT_3D('',#16443,#16444,#16445);
#16443 = CARTESIAN_POINT('',(3.75,-1.,8.795));
#16444 = DIRECTION('',(0.,-0.996194698092,-8.715574274765E-02));
#16445 = DIRECTION('',(0.,8.715574274765E-02,-0.996194698092));
#16446 = ADVANCED_FACE('',(#16447),#16458,.F.);
#16447 = FACE_BOUND('',#16448,.T.);
#16448 = EDGE_LOOP('',(#16449,#16450,#16451,#16457));
#16449 = ORIENTED_EDGE('',*,*,#12490,.F.);
#16450 = ORIENTED_EDGE('',*,*,#15299,.F.);
#16451 = ORIENTED_EDGE('',*,*,#16452,.F.);
#16452 = EDGE_CURVE('',#16361,#15292,#16453,.T.);
#16453 = LINE('',#16454,#16455);
#16454 = CARTESIAN_POINT('',(3.75,-1.,8.795));
#16455 = VECTOR('',#16456,1.);
#16456 = DIRECTION('',(-1.06581410364E-14,1.,1.158332689026E-14));
#16457 = ORIENTED_EDGE('',*,*,#16435,.F.);
#16458 = PLANE('',#16459);
#16459 = AXIS2_PLACEMENT_3D('',#16460,#16461,#16462);
#16460 = CARTESIAN_POINT('',(3.63189030424,3.16,7.22));
#16461 = DIRECTION('',(-0.99720003251,0.,7.478031266759E-02));
#16462 = DIRECTION('',(7.478031266759E-02,0.,0.99720003251));
#16463 = ADVANCED_FACE('',(#16464),#16475,.F.);
#16464 = FACE_BOUND('',#16465,.T.);
#16465 = EDGE_LOOP('',(#16466,#16467,#16468,#16469));
#16466 = ORIENTED_EDGE('',*,*,#15377,.F.);
#16467 = ORIENTED_EDGE('',*,*,#16368,.T.);
#16468 = ORIENTED_EDGE('',*,*,#16452,.T.);
#16469 = ORIENTED_EDGE('',*,*,#16470,.F.);
#16470 = EDGE_CURVE('',#15354,#15292,#16471,.T.);
#16471 = LINE('',#16472,#16473);
#16472 = CARTESIAN_POINT('',(3.63189030424,1.945319585296,9.42));
#16473 = VECTOR('',#16474,1.);
#16474 = DIRECTION('',(0.185006586864,8.565119762289E-02,-0.97899766862)
  );
#16475 = PLANE('',#16476);
#16476 = AXIS2_PLACEMENT_3D('',#16477,#16478,#16479);
#16477 = CARTESIAN_POINT('',(3.75,3.16,8.795));
#16478 = DIRECTION('',(-0.982608574294,0.,-0.185688959618));
#16479 = DIRECTION('',(-0.185688959618,0.,0.982608574294));
#16480 = ADVANCED_FACE('',(#16481),#16487,.T.);
#16481 = FACE_BOUND('',#16482,.T.);
#16482 = EDGE_LOOP('',(#16483,#16484,#16485,#16486));
#16483 = ORIENTED_EDGE('',*,*,#15291,.F.);
#16484 = ORIENTED_EDGE('',*,*,#15402,.T.);
#16485 = ORIENTED_EDGE('',*,*,#15351,.T.);
#16486 = ORIENTED_EDGE('',*,*,#16470,.T.);
#16487 = PLANE('',#16488);
#16488 = AXIS2_PLACEMENT_3D('',#16489,#16490,#16491);
#16489 = CARTESIAN_POINT('',(3.75,2.,8.795));
#16490 = DIRECTION('',(0.,0.996194698092,8.715574274763E-02));
#16491 = DIRECTION('',(0.,-8.715574274763E-02,0.996194698092));
#16492 = ( GEOMETRIC_REPRESENTATION_CONTEXT(3) 
GLOBAL_UNCERTAINTY_ASSIGNED_CONTEXT((#16496)) 
GLOBAL_UNIT_ASSIGNED_CONTEXT((#16493,#16494,#16495)) 
REPRESENTATION_CONTEXT('Context #1',
  '3D Context with UNIT and UNCERTAINTY') );
#16493 = ( LENGTH_UNIT() NAMED_UNIT(*) SI_UNIT(.MILLI.,.METRE.) );
#16494 = ( NAMED_UNIT(*) PLANE_ANGLE_UNIT() SI_UNIT($,.RADIAN.) );
#16495 = ( NAMED_UNIT(*) SI_UNIT($,.STERADIAN.) SOLID_ANGLE_UNIT() );
#16496 = UNCERTAINTY_MEASURE_WITH_UNIT(LENGTH_MEASURE(1.E-04),#16493,
  'distance_accuracy_value','confusion accuracy');
#16497 = CONTEXT_DEPENDENT_SHAPE_REPRESENTATION(#16498,#16500);
#16498 = ( REPRESENTATION_RELATIONSHIP('','',#67,#44) 
REPRESENTATION_RELATIONSHIP_WITH_TRANSFORMATION(#16499) 
SHAPE_REPRESENTATION_RELATIONSHIP() );
#16499 = ITEM_DEFINED_TRANSFORMATION('','',#11,#45);
#16500 = PRODUCT_DEFINITION_SHAPE('Placement','Placement of an item',
  #16501);
#16501 = NEXT_ASSEMBLY_USAGE_OCCURRENCE('1','=>[0:1:1:3]','',#39,#62,$);
#16502 = PRODUCT_RELATED_PRODUCT_CATEGORY('part',$,(#64));
#16503 = SHAPE_DEFINITION_REPRESENTATION(#16504,#16510);
#16504 = PRODUCT_DEFINITION_SHAPE('','',#16505);
#16505 = PRODUCT_DEFINITION('design','',#16506,#16509);
#16506 = PRODUCT_DEFINITION_FORMATION('','',#16507);
#16507 = PRODUCT('C_0402_1005Metric','C_0402_1005Metric','',(#16508));
#16508 = PRODUCT_CONTEXT('',#2,'mechanical');
#16509 = PRODUCT_DEFINITION_CONTEXT('part definition',#2,'design');
#16510 = SHAPE_REPRESENTATION('',(#11,#16511),#16515);
#16511 = AXIS2_PLACEMENT_3D('',#16512,#16513,#16514);
#16512 = CARTESIAN_POINT('',(0.,0.,0.));
#16513 = DIRECTION('',(0.,0.,1.));
#16514 = DIRECTION('',(1.,0.,-0.));
#16515 = ( GEOMETRIC_REPRESENTATION_CONTEXT(3) 
GLOBAL_UNCERTAINTY_ASSIGNED_CONTEXT((#16519)) 
GLOBAL_UNIT_ASSIGNED_CONTEXT((#16516,#16517,#16518)) 
REPRESENTATION_CONTEXT('Context #1',
  '3D Context with UNIT and UNCERTAINTY') );
#16516 = ( LENGTH_UNIT() NAMED_UNIT(*) SI_UNIT(.MILLI.,.METRE.) );
#16517 = ( NAMED_UNIT(*) PLANE_ANGLE_UNIT() SI_UNIT($,.RADIAN.) );
#16518 = ( NAMED_UNIT(*) SI_UNIT($,.STERADIAN.) SOLID_ANGLE_UNIT() );
#16519 = UNCERTAINTY_MEASURE_WITH_UNIT(LENGTH_MEASURE(1.E-07),#16516,
  'distance_accuracy_value','confusion accuracy');
#16520 = CONTEXT_DEPENDENT_SHAPE_REPRESENTATION(#16521,#16523);
#16521 = ( REPRESENTATION_RELATIONSHIP('','',#16510,#10) 
REPRESENTATION_RELATIONSHIP_WITH_TRANSFORMATION(#16522) 
SHAPE_REPRESENTATION_RELATIONSHIP() );
#16522 = ITEM_DEFINED_TRANSFORMATION('','',#11,#19);
#16523 = PRODUCT_DEFINITION_SHAPE('Placement','Placement of an item',
  #16524);
#16524 = NEXT_ASSEMBLY_USAGE_OCCURRENCE('4','C1','',#5,#16505,$);
#16525 = PRODUCT_RELATED_PRODUCT_CATEGORY('part',$,(#16507));
#16526 = SHAPE_DEFINITION_REPRESENTATION(#16527,#16533);
#16527 = PRODUCT_DEFINITION_SHAPE('','',#16528);
#16528 = PRODUCT_DEFINITION('design','',#16529,#16532);
#16529 = PRODUCT_DEFINITION_FORMATION('','',#16530);
#16530 = PRODUCT('C_0402_1005Metric','C_0402_1005Metric','',(#16531));
#16531 = PRODUCT_CONTEXT('',#2,'mechanical');
#16532 = PRODUCT_DEFINITION_CONTEXT('part definition',#2,'design');
#16533 = ADVANCED_BREP_SHAPE_REPRESENTATION('',(#11,#16534),#17388);
#16534 = MANIFOLD_SOLID_BREP('',#16535);
#16535 = CLOSED_SHELL('',(#16536,#16612,#16643,#16668,#16693,#16717,
    #16741,#16766,#16791,#16808,#16894,#16926,#16950,#16975,#16999,
    #17024,#17048,#17073,#17090,#17176,#17207,#17232,#17257,#17281,
    #17305,#17330,#17355,#17372));
#16536 = ADVANCED_FACE('',(#16537),#16607,.F.);
#16537 = FACE_BOUND('',#16538,.F.);
#16538 = EDGE_LOOP('',(#16539,#16549,#16558,#16566,#16575,#16583,#16592,
    #16600));
#16539 = ORIENTED_EDGE('',*,*,#16540,.F.);
#16540 = EDGE_CURVE('',#16541,#16543,#16545,.T.);
#16541 = VERTEX_POINT('',#16542);
#16542 = CARTESIAN_POINT('',(-0.5,-0.25,2.E-02));
#16543 = VERTEX_POINT('',#16544);
#16544 = CARTESIAN_POINT('',(-0.5,-0.25,0.48));
#16545 = LINE('',#16546,#16547);
#16546 = CARTESIAN_POINT('',(-0.5,-0.25,0.));
#16547 = VECTOR('',#16548,1.);
#16548 = DIRECTION('',(0.,0.,1.));
#16549 = ORIENTED_EDGE('',*,*,#16550,.T.);
#16550 = EDGE_CURVE('',#16541,#16551,#16553,.T.);
#16551 = VERTEX_POINT('',#16552);
#16552 = CARTESIAN_POINT('',(-0.5,-0.23,0.));
#16553 = CIRCLE('',#16554,2.E-02);
#16554 = AXIS2_PLACEMENT_3D('',#16555,#16556,#16557);
#16555 = CARTESIAN_POINT('',(-0.5,-0.23,2.E-02));
#16556 = DIRECTION('',(1.,0.,-0.));
#16557 = DIRECTION('',(0.,0.,1.));
#16558 = ORIENTED_EDGE('',*,*,#16559,.T.);
#16559 = EDGE_CURVE('',#16551,#16560,#16562,.T.);
#16560 = VERTEX_POINT('',#16561);
#16561 = CARTESIAN_POINT('',(-0.5,0.23,0.));
#16562 = LINE('',#16563,#16564);
#16563 = CARTESIAN_POINT('',(-0.5,-0.25,0.));
#16564 = VECTOR('',#16565,1.);
#16565 = DIRECTION('',(0.,1.,0.));
#16566 = ORIENTED_EDGE('',*,*,#16567,.F.);
#16567 = EDGE_CURVE('',#16568,#16560,#16570,.T.);
#16568 = VERTEX_POINT('',#16569);
#16569 = CARTESIAN_POINT('',(-0.5,0.25,2.E-02));
#16570 = CIRCLE('',#16571,2.E-02);
#16571 = AXIS2_PLACEMENT_3D('',#16572,#16573,#16574);
#16572 = CARTESIAN_POINT('',(-0.5,0.23,2.E-02));
#16573 = DIRECTION('',(-1.,0.,0.));
#16574 = DIRECTION('',(0.,0.,1.));
#16575 = ORIENTED_EDGE('',*,*,#16576,.T.);
#16576 = EDGE_CURVE('',#16568,#16577,#16579,.T.);
#16577 = VERTEX_POINT('',#16578);
#16578 = CARTESIAN_POINT('',(-0.5,0.25,0.48));
#16579 = LINE('',#16580,#16581);
#16580 = CARTESIAN_POINT('',(-0.5,0.25,0.));
#16581 = VECTOR('',#16582,1.);
#16582 = DIRECTION('',(0.,0.,1.));
#16583 = ORIENTED_EDGE('',*,*,#16584,.T.);
#16584 = EDGE_CURVE('',#16577,#16585,#16587,.T.);
#16585 = VERTEX_POINT('',#16586);
#16586 = CARTESIAN_POINT('',(-0.5,0.23,0.5));
#16587 = CIRCLE('',#16588,2.E-02);
#16588 = AXIS2_PLACEMENT_3D('',#16589,#16590,#16591);
#16589 = CARTESIAN_POINT('',(-0.5,0.23,0.48));
#16590 = DIRECTION('',(1.,0.,-0.));
#16591 = DIRECTION('',(0.,0.,1.));
#16592 = ORIENTED_EDGE('',*,*,#16593,.F.);
#16593 = EDGE_CURVE('',#16594,#16585,#16596,.T.);
#16594 = VERTEX_POINT('',#16595);
#16595 = CARTESIAN_POINT('',(-0.5,-0.23,0.5));
#16596 = LINE('',#16597,#16598);
#16597 = CARTESIAN_POINT('',(-0.5,-0.25,0.5));
#16598 = VECTOR('',#16599,1.);
#16599 = DIRECTION('',(0.,1.,0.));
#16600 = ORIENTED_EDGE('',*,*,#16601,.F.);
#16601 = EDGE_CURVE('',#16543,#16594,#16602,.T.);
#16602 = CIRCLE('',#16603,2.E-02);
#16603 = AXIS2_PLACEMENT_3D('',#16604,#16605,#16606);
#16604 = CARTESIAN_POINT('',(-0.5,-0.23,0.48));
#16605 = DIRECTION('',(-1.,0.,0.));
#16606 = DIRECTION('',(0.,0.,1.));
#16607 = PLANE('',#16608);
#16608 = AXIS2_PLACEMENT_3D('',#16609,#16610,#16611);
#16609 = CARTESIAN_POINT('',(-0.5,-0.25,0.));
#16610 = DIRECTION('',(1.,0.,0.));
#16611 = DIRECTION('',(0.,0.,1.));
#16612 = ADVANCED_FACE('',(#16613),#16638,.F.);
#16613 = FACE_BOUND('',#16614,.F.);
#16614 = EDGE_LOOP('',(#16615,#16625,#16631,#16632));
#16615 = ORIENTED_EDGE('',*,*,#16616,.F.);
#16616 = EDGE_CURVE('',#16617,#16619,#16621,.T.);
#16617 = VERTEX_POINT('',#16618);
#16618 = CARTESIAN_POINT('',(-0.3,-0.25,2.E-02));
#16619 = VERTEX_POINT('',#16620);
#16620 = CARTESIAN_POINT('',(-0.3,-0.25,0.48));
#16621 = LINE('',#16622,#16623);
#16622 = CARTESIAN_POINT('',(-0.3,-0.25,0.));
#16623 = VECTOR('',#16624,1.);
#16624 = DIRECTION('',(0.,0.,1.));
#16625 = ORIENTED_EDGE('',*,*,#16626,.F.);
#16626 = EDGE_CURVE('',#16541,#16617,#16627,.T.);
#16627 = LINE('',#16628,#16629);
#16628 = CARTESIAN_POINT('',(-0.5,-0.25,2.E-02));
#16629 = VECTOR('',#16630,1.);
#16630 = DIRECTION('',(1.,0.,0.));
#16631 = ORIENTED_EDGE('',*,*,#16540,.T.);
#16632 = ORIENTED_EDGE('',*,*,#16633,.T.);
#16633 = EDGE_CURVE('',#16543,#16619,#16634,.T.);
#16634 = LINE('',#16635,#16636);
#16635 = CARTESIAN_POINT('',(-0.5,-0.25,0.48));
#16636 = VECTOR('',#16637,1.);
#16637 = DIRECTION('',(1.,0.,0.));
#16638 = PLANE('',#16639);
#16639 = AXIS2_PLACEMENT_3D('',#16640,#16641,#16642);
#16640 = CARTESIAN_POINT('',(-0.5,-0.25,0.));
#16641 = DIRECTION('',(0.,1.,0.));
#16642 = DIRECTION('',(0.,-0.,1.));
#16643 = ADVANCED_FACE('',(#16644),#16663,.T.);
#16644 = FACE_BOUND('',#16645,.T.);
#16645 = EDGE_LOOP('',(#16646,#16647,#16655,#16662));
#16646 = ORIENTED_EDGE('',*,*,#16550,.T.);
#16647 = ORIENTED_EDGE('',*,*,#16648,.T.);
#16648 = EDGE_CURVE('',#16551,#16649,#16651,.T.);
#16649 = VERTEX_POINT('',#16650);
#16650 = CARTESIAN_POINT('',(-0.3,-0.23,0.));
#16651 = LINE('',#16652,#16653);
#16652 = CARTESIAN_POINT('',(-0.5,-0.23,0.));
#16653 = VECTOR('',#16654,1.);
#16654 = DIRECTION('',(1.,0.,0.));
#16655 = ORIENTED_EDGE('',*,*,#16656,.F.);
#16656 = EDGE_CURVE('',#16617,#16649,#16657,.T.);
#16657 = CIRCLE('',#16658,2.E-02);
#16658 = AXIS2_PLACEMENT_3D('',#16659,#16660,#16661);
#16659 = CARTESIAN_POINT('',(-0.3,-0.23,2.E-02));
#16660 = DIRECTION('',(1.,0.,-0.));
#16661 = DIRECTION('',(0.,0.,1.));
#16662 = ORIENTED_EDGE('',*,*,#16626,.F.);
#16663 = CYLINDRICAL_SURFACE('',#16664,2.E-02);
#16664 = AXIS2_PLACEMENT_3D('',#16665,#16666,#16667);
#16665 = CARTESIAN_POINT('',(-0.5,-0.23,2.E-02));
#16666 = DIRECTION('',(1.,0.,0.));
#16667 = DIRECTION('',(0.,-1.,0.));
#16668 = ADVANCED_FACE('',(#16669),#16688,.T.);
#16669 = FACE_BOUND('',#16670,.T.);
#16670 = EDGE_LOOP('',(#16671,#16672,#16681,#16687));
#16671 = ORIENTED_EDGE('',*,*,#16633,.T.);
#16672 = ORIENTED_EDGE('',*,*,#16673,.T.);
#16673 = EDGE_CURVE('',#16619,#16674,#16676,.T.);
#16674 = VERTEX_POINT('',#16675);
#16675 = CARTESIAN_POINT('',(-0.3,-0.23,0.5));
#16676 = CIRCLE('',#16677,2.E-02);
#16677 = AXIS2_PLACEMENT_3D('',#16678,#16679,#16680);
#16678 = CARTESIAN_POINT('',(-0.3,-0.23,0.48));
#16679 = DIRECTION('',(-1.,0.,0.));
#16680 = DIRECTION('',(0.,0.,1.));
#16681 = ORIENTED_EDGE('',*,*,#16682,.F.);
#16682 = EDGE_CURVE('',#16594,#16674,#16683,.T.);
#16683 = LINE('',#16684,#16685);
#16684 = CARTESIAN_POINT('',(-0.5,-0.23,0.5));
#16685 = VECTOR('',#16686,1.);
#16686 = DIRECTION('',(1.,0.,0.));
#16687 = ORIENTED_EDGE('',*,*,#16601,.F.);
#16688 = CYLINDRICAL_SURFACE('',#16689,2.E-02);
#16689 = AXIS2_PLACEMENT_3D('',#16690,#16691,#16692);
#16690 = CARTESIAN_POINT('',(-0.5,-0.23,0.48));
#16691 = DIRECTION('',(1.,0.,0.));
#16692 = DIRECTION('',(0.,-1.,0.));
#16693 = ADVANCED_FACE('',(#16694),#16712,.F.);
#16694 = FACE_BOUND('',#16695,.F.);
#16695 = EDGE_LOOP('',(#16696,#16697,#16698,#16706));
#16696 = ORIENTED_EDGE('',*,*,#16559,.F.);
#16697 = ORIENTED_EDGE('',*,*,#16648,.T.);
#16698 = ORIENTED_EDGE('',*,*,#16699,.T.);
#16699 = EDGE_CURVE('',#16649,#16700,#16702,.T.);
#16700 = VERTEX_POINT('',#16701);
#16701 = CARTESIAN_POINT('',(-0.3,0.23,0.));
#16702 = LINE('',#16703,#16704);
#16703 = CARTESIAN_POINT('',(-0.3,-0.25,0.));
#16704 = VECTOR('',#16705,1.);
#16705 = DIRECTION('',(0.,1.,0.));
#16706 = ORIENTED_EDGE('',*,*,#16707,.F.);
#16707 = EDGE_CURVE('',#16560,#16700,#16708,.T.);
#16708 = LINE('',#16709,#16710);
#16709 = CARTESIAN_POINT('',(-0.5,0.23,0.));
#16710 = VECTOR('',#16711,1.);
#16711 = DIRECTION('',(1.,0.,0.));
#16712 = PLANE('',#16713);
#16713 = AXIS2_PLACEMENT_3D('',#16714,#16715,#16716);
#16714 = CARTESIAN_POINT('',(-0.5,-0.25,0.));
#16715 = DIRECTION('',(0.,0.,1.));
#16716 = DIRECTION('',(1.,0.,-0.));
#16717 = ADVANCED_FACE('',(#16718),#16736,.T.);
#16718 = FACE_BOUND('',#16719,.T.);
#16719 = EDGE_LOOP('',(#16720,#16721,#16722,#16730));
#16720 = ORIENTED_EDGE('',*,*,#16593,.F.);
#16721 = ORIENTED_EDGE('',*,*,#16682,.T.);
#16722 = ORIENTED_EDGE('',*,*,#16723,.T.);
#16723 = EDGE_CURVE('',#16674,#16724,#16726,.T.);
#16724 = VERTEX_POINT('',#16725);
#16725 = CARTESIAN_POINT('',(-0.3,0.23,0.5));
#16726 = LINE('',#16727,#16728);
#16727 = CARTESIAN_POINT('',(-0.3,-0.25,0.5));
#16728 = VECTOR('',#16729,1.);
#16729 = DIRECTION('',(0.,1.,0.));
#16730 = ORIENTED_EDGE('',*,*,#16731,.F.);
#16731 = EDGE_CURVE('',#16585,#16724,#16732,.T.);
#16732 = LINE('',#16733,#16734);
#16733 = CARTESIAN_POINT('',(-0.5,0.23,0.5));
#16734 = VECTOR('',#16735,1.);
#16735 = DIRECTION('',(1.,0.,0.));
#16736 = PLANE('',#16737);
#16737 = AXIS2_PLACEMENT_3D('',#16738,#16739,#16740);
#16738 = CARTESIAN_POINT('',(-0.5,-0.25,0.5));
#16739 = DIRECTION('',(0.,0.,1.));
#16740 = DIRECTION('',(1.,0.,-0.));
#16741 = ADVANCED_FACE('',(#16742),#16761,.T.);
#16742 = FACE_BOUND('',#16743,.T.);
#16743 = EDGE_LOOP('',(#16744,#16752,#16759,#16760));
#16744 = ORIENTED_EDGE('',*,*,#16745,.T.);
#16745 = EDGE_CURVE('',#16568,#16746,#16748,.T.);
#16746 = VERTEX_POINT('',#16747);
#16747 = CARTESIAN_POINT('',(-0.3,0.25,2.E-02));
#16748 = LINE('',#16749,#16750);
#16749 = CARTESIAN_POINT('',(-0.5,0.25,2.E-02));
#16750 = VECTOR('',#16751,1.);
#16751 = DIRECTION('',(1.,0.,0.));
#16752 = ORIENTED_EDGE('',*,*,#16753,.T.);
#16753 = EDGE_CURVE('',#16746,#16700,#16754,.T.);
#16754 = CIRCLE('',#16755,2.E-02);
#16755 = AXIS2_PLACEMENT_3D('',#16756,#16757,#16758);
#16756 = CARTESIAN_POINT('',(-0.3,0.23,2.E-02));
#16757 = DIRECTION('',(-1.,0.,0.));
#16758 = DIRECTION('',(0.,0.,1.));
#16759 = ORIENTED_EDGE('',*,*,#16707,.F.);
#16760 = ORIENTED_EDGE('',*,*,#16567,.F.);
#16761 = CYLINDRICAL_SURFACE('',#16762,2.E-02);
#16762 = AXIS2_PLACEMENT_3D('',#16763,#16764,#16765);
#16763 = CARTESIAN_POINT('',(-0.5,0.23,2.E-02));
#16764 = DIRECTION('',(1.,0.,0.));
#16765 = DIRECTION('',(-0.,1.,0.));
#16766 = ADVANCED_FACE('',(#16767),#16786,.T.);
#16767 = FACE_BOUND('',#16768,.T.);
#16768 = EDGE_LOOP('',(#16769,#16770,#16771,#16780));
#16769 = ORIENTED_EDGE('',*,*,#16584,.T.);
#16770 = ORIENTED_EDGE('',*,*,#16731,.T.);
#16771 = ORIENTED_EDGE('',*,*,#16772,.F.);
#16772 = EDGE_CURVE('',#16773,#16724,#16775,.T.);
#16773 = VERTEX_POINT('',#16774);
#16774 = CARTESIAN_POINT('',(-0.3,0.25,0.48));
#16775 = CIRCLE('',#16776,2.E-02);
#16776 = AXIS2_PLACEMENT_3D('',#16777,#16778,#16779);
#16777 = CARTESIAN_POINT('',(-0.3,0.23,0.48));
#16778 = DIRECTION('',(1.,0.,-0.));
#16779 = DIRECTION('',(0.,0.,1.));
#16780 = ORIENTED_EDGE('',*,*,#16781,.F.);
#16781 = EDGE_CURVE('',#16577,#16773,#16782,.T.);
#16782 = LINE('',#16783,#16784);
#16783 = CARTESIAN_POINT('',(-0.5,0.25,0.48));
#16784 = VECTOR('',#16785,1.);
#16785 = DIRECTION('',(1.,0.,0.));
#16786 = CYLINDRICAL_SURFACE('',#16787,2.E-02);
#16787 = AXIS2_PLACEMENT_3D('',#16788,#16789,#16790);
#16788 = CARTESIAN_POINT('',(-0.5,0.23,0.48));
#16789 = DIRECTION('',(1.,0.,0.));
#16790 = DIRECTION('',(-0.,1.,0.));
#16791 = ADVANCED_FACE('',(#16792),#16803,.T.);
#16792 = FACE_BOUND('',#16793,.T.);
#16793 = EDGE_LOOP('',(#16794,#16800,#16801,#16802));
#16794 = ORIENTED_EDGE('',*,*,#16795,.F.);
#16795 = EDGE_CURVE('',#16746,#16773,#16796,.T.);
#16796 = LINE('',#16797,#16798);
#16797 = CARTESIAN_POINT('',(-0.3,0.25,0.));
#16798 = VECTOR('',#16799,1.);
#16799 = DIRECTION('',(0.,0.,1.));
#16800 = ORIENTED_EDGE('',*,*,#16745,.F.);
#16801 = ORIENTED_EDGE('',*,*,#16576,.T.);
#16802 = ORIENTED_EDGE('',*,*,#16781,.T.);
#16803 = PLANE('',#16804);
#16804 = AXIS2_PLACEMENT_3D('',#16805,#16806,#16807);
#16805 = CARTESIAN_POINT('',(-0.5,0.25,0.));
#16806 = DIRECTION('',(0.,1.,0.));
#16807 = DIRECTION('',(0.,-0.,1.));
#16808 = ADVANCED_FACE('',(#16809,#16819),#16889,.T.);
#16809 = FACE_BOUND('',#16810,.T.);
#16810 = EDGE_LOOP('',(#16811,#16812,#16813,#16814,#16815,#16816,#16817,
    #16818));
#16811 = ORIENTED_EDGE('',*,*,#16616,.F.);
#16812 = ORIENTED_EDGE('',*,*,#16656,.T.);
#16813 = ORIENTED_EDGE('',*,*,#16699,.T.);
#16814 = ORIENTED_EDGE('',*,*,#16753,.F.);
#16815 = ORIENTED_EDGE('',*,*,#16795,.T.);
#16816 = ORIENTED_EDGE('',*,*,#16772,.T.);
#16817 = ORIENTED_EDGE('',*,*,#16723,.F.);
#16818 = ORIENTED_EDGE('',*,*,#16673,.F.);
#16819 = FACE_BOUND('',#16820,.T.);
#16820 = EDGE_LOOP('',(#16821,#16832,#16840,#16849,#16857,#16866,#16874,
    #16883));
#16821 = ORIENTED_EDGE('',*,*,#16822,.F.);
#16822 = EDGE_CURVE('',#16823,#16825,#16827,.T.);
#16823 = VERTEX_POINT('',#16824);
#16824 = CARTESIAN_POINT('',(-0.3,-0.23,4.E-02));
#16825 = VERTEX_POINT('',#16826);
#16826 = CARTESIAN_POINT('',(-0.3,-0.21,2.E-02));
#16827 = CIRCLE('',#16828,2.E-02);
#16828 = AXIS2_PLACEMENT_3D('',#16829,#16830,#16831);
#16829 = CARTESIAN_POINT('',(-0.3,-0.21,4.E-02));
#16830 = DIRECTION('',(1.,0.,-0.));
#16831 = DIRECTION('',(0.,0.,1.));
#16832 = ORIENTED_EDGE('',*,*,#16833,.T.);
#16833 = EDGE_CURVE('',#16823,#16834,#16836,.T.);
#16834 = VERTEX_POINT('',#16835);
#16835 = CARTESIAN_POINT('',(-0.3,-0.23,0.46));
#16836 = LINE('',#16837,#16838);
#16837 = CARTESIAN_POINT('',(-0.3,-0.23,2.E-02));
#16838 = VECTOR('',#16839,1.);
#16839 = DIRECTION('',(0.,0.,1.));
#16840 = ORIENTED_EDGE('',*,*,#16841,.T.);
#16841 = EDGE_CURVE('',#16834,#16842,#16844,.T.);
#16842 = VERTEX_POINT('',#16843);
#16843 = CARTESIAN_POINT('',(-0.3,-0.21,0.48));
#16844 = CIRCLE('',#16845,2.E-02);
#16845 = AXIS2_PLACEMENT_3D('',#16846,#16847,#16848);
#16846 = CARTESIAN_POINT('',(-0.3,-0.21,0.46));
#16847 = DIRECTION('',(-1.,0.,0.));
#16848 = DIRECTION('',(0.,0.,1.));
#16849 = ORIENTED_EDGE('',*,*,#16850,.T.);
#16850 = EDGE_CURVE('',#16842,#16851,#16853,.T.);
#16851 = VERTEX_POINT('',#16852);
#16852 = CARTESIAN_POINT('',(-0.3,0.21,0.48));
#16853 = LINE('',#16854,#16855);
#16854 = CARTESIAN_POINT('',(-0.3,-0.23,0.48));
#16855 = VECTOR('',#16856,1.);
#16856 = DIRECTION('',(0.,1.,0.));
#16857 = ORIENTED_EDGE('',*,*,#16858,.F.);
#16858 = EDGE_CURVE('',#16859,#16851,#16861,.T.);
#16859 = VERTEX_POINT('',#16860);
#16860 = CARTESIAN_POINT('',(-0.3,0.23,0.46));
#16861 = CIRCLE('',#16862,2.E-02);
#16862 = AXIS2_PLACEMENT_3D('',#16863,#16864,#16865);
#16863 = CARTESIAN_POINT('',(-0.3,0.21,0.46));
#16864 = DIRECTION('',(1.,0.,-0.));
#16865 = DIRECTION('',(0.,0.,1.));
#16866 = ORIENTED_EDGE('',*,*,#16867,.F.);
#16867 = EDGE_CURVE('',#16868,#16859,#16870,.T.);
#16868 = VERTEX_POINT('',#16869);
#16869 = CARTESIAN_POINT('',(-0.3,0.23,4.E-02));
#16870 = LINE('',#16871,#16872);
#16871 = CARTESIAN_POINT('',(-0.3,0.23,2.E-02));
#16872 = VECTOR('',#16873,1.);
#16873 = DIRECTION('',(0.,0.,1.));
#16874 = ORIENTED_EDGE('',*,*,#16875,.T.);
#16875 = EDGE_CURVE('',#16868,#16876,#16878,.T.);
#16876 = VERTEX_POINT('',#16877);
#16877 = CARTESIAN_POINT('',(-0.3,0.21,2.E-02));
#16878 = CIRCLE('',#16879,2.E-02);
#16879 = AXIS2_PLACEMENT_3D('',#16880,#16881,#16882);
#16880 = CARTESIAN_POINT('',(-0.3,0.21,4.E-02));
#16881 = DIRECTION('',(-1.,0.,0.));
#16882 = DIRECTION('',(0.,0.,1.));
#16883 = ORIENTED_EDGE('',*,*,#16884,.F.);
#16884 = EDGE_CURVE('',#16825,#16876,#16885,.T.);
#16885 = LINE('',#16886,#16887);
#16886 = CARTESIAN_POINT('',(-0.3,-0.23,2.E-02));
#16887 = VECTOR('',#16888,1.);
#16888 = DIRECTION('',(0.,1.,0.));
#16889 = PLANE('',#16890);
#16890 = AXIS2_PLACEMENT_3D('',#16891,#16892,#16893);
#16891 = CARTESIAN_POINT('',(-0.3,-0.25,0.));
#16892 = DIRECTION('',(1.,0.,0.));
#16893 = DIRECTION('',(0.,0.,1.));
#16894 = ADVANCED_FACE('',(#16895),#16921,.T.);
#16895 = FACE_BOUND('',#16896,.T.);
#16896 = EDGE_LOOP('',(#16897,#16898,#16906,#16915));
#16897 = ORIENTED_EDGE('',*,*,#16822,.T.);
#16898 = ORIENTED_EDGE('',*,*,#16899,.T.);
#16899 = EDGE_CURVE('',#16825,#16900,#16902,.T.);
#16900 = VERTEX_POINT('',#16901);
#16901 = CARTESIAN_POINT('',(0.3,-0.21,2.E-02));
#16902 = LINE('',#16903,#16904);
#16903 = CARTESIAN_POINT('',(-0.3,-0.21,2.E-02));
#16904 = VECTOR('',#16905,1.);
#16905 = DIRECTION('',(1.,0.,0.));
#16906 = ORIENTED_EDGE('',*,*,#16907,.F.);
#16907 = EDGE_CURVE('',#16908,#16900,#16910,.T.);
#16908 = VERTEX_POINT('',#16909);
#16909 = CARTESIAN_POINT('',(0.3,-0.23,4.E-02));
#16910 = CIRCLE('',#16911,2.E-02);
#16911 = AXIS2_PLACEMENT_3D('',#16912,#16913,#16914);
#16912 = CARTESIAN_POINT('',(0.3,-0.21,4.E-02));
#16913 = DIRECTION('',(1.,0.,-0.));
#16914 = DIRECTION('',(0.,0.,1.));
#16915 = ORIENTED_EDGE('',*,*,#16916,.F.);
#16916 = EDGE_CURVE('',#16823,#16908,#16917,.T.);
#16917 = LINE('',#16918,#16919);
#16918 = CARTESIAN_POINT('',(-0.3,-0.23,4.E-02));
#16919 = VECTOR('',#16920,1.);
#16920 = DIRECTION('',(1.,0.,0.));
#16921 = CYLINDRICAL_SURFACE('',#16922,2.E-02);
#16922 = AXIS2_PLACEMENT_3D('',#16923,#16924,#16925);
#16923 = CARTESIAN_POINT('',(-0.3,-0.21,4.E-02));
#16924 = DIRECTION('',(1.,0.,0.));
#16925 = DIRECTION('',(0.,-1.,0.));
#16926 = ADVANCED_FACE('',(#16927),#16945,.F.);
#16927 = FACE_BOUND('',#16928,.F.);
#16928 = EDGE_LOOP('',(#16929,#16930,#16931,#16939));
#16929 = ORIENTED_EDGE('',*,*,#16884,.F.);
#16930 = ORIENTED_EDGE('',*,*,#16899,.T.);
#16931 = ORIENTED_EDGE('',*,*,#16932,.T.);
#16932 = EDGE_CURVE('',#16900,#16933,#16935,.T.);
#16933 = VERTEX_POINT('',#16934);
#16934 = CARTESIAN_POINT('',(0.3,0.21,2.E-02));
#16935 = LINE('',#16936,#16937);
#16936 = CARTESIAN_POINT('',(0.3,-0.23,2.E-02));
#16937 = VECTOR('',#16938,1.);
#16938 = DIRECTION('',(0.,1.,0.));
#16939 = ORIENTED_EDGE('',*,*,#16940,.F.);
#16940 = EDGE_CURVE('',#16876,#16933,#16941,.T.);
#16941 = LINE('',#16942,#16943);
#16942 = CARTESIAN_POINT('',(-0.3,0.21,2.E-02));
#16943 = VECTOR('',#16944,1.);
#16944 = DIRECTION('',(1.,0.,0.));
#16945 = PLANE('',#16946);
#16946 = AXIS2_PLACEMENT_3D('',#16947,#16948,#16949);
#16947 = CARTESIAN_POINT('',(-0.3,-0.23,2.E-02));
#16948 = DIRECTION('',(0.,0.,1.));
#16949 = DIRECTION('',(1.,0.,-0.));
#16950 = ADVANCED_FACE('',(#16951),#16970,.T.);
#16951 = FACE_BOUND('',#16952,.T.);
#16952 = EDGE_LOOP('',(#16953,#16961,#16968,#16969));
#16953 = ORIENTED_EDGE('',*,*,#16954,.T.);
#16954 = EDGE_CURVE('',#16868,#16955,#16957,.T.);
#16955 = VERTEX_POINT('',#16956);
#16956 = CARTESIAN_POINT('',(0.3,0.23,4.E-02));
#16957 = LINE('',#16958,#16959);
#16958 = CARTESIAN_POINT('',(-0.3,0.23,4.E-02));
#16959 = VECTOR('',#16960,1.);
#16960 = DIRECTION('',(1.,0.,0.));
#16961 = ORIENTED_EDGE('',*,*,#16962,.T.);
#16962 = EDGE_CURVE('',#16955,#16933,#16963,.T.);
#16963 = CIRCLE('',#16964,2.E-02);
#16964 = AXIS2_PLACEMENT_3D('',#16965,#16966,#16967);
#16965 = CARTESIAN_POINT('',(0.3,0.21,4.E-02));
#16966 = DIRECTION('',(-1.,0.,0.));
#16967 = DIRECTION('',(0.,0.,1.));
#16968 = ORIENTED_EDGE('',*,*,#16940,.F.);
#16969 = ORIENTED_EDGE('',*,*,#16875,.F.);
#16970 = CYLINDRICAL_SURFACE('',#16971,2.E-02);
#16971 = AXIS2_PLACEMENT_3D('',#16972,#16973,#16974);
#16972 = CARTESIAN_POINT('',(-0.3,0.21,4.E-02));
#16973 = DIRECTION('',(1.,0.,0.));
#16974 = DIRECTION('',(-0.,1.,0.));
#16975 = ADVANCED_FACE('',(#16976),#16994,.T.);
#16976 = FACE_BOUND('',#16977,.T.);
#16977 = EDGE_LOOP('',(#16978,#16986,#16987,#16988));
#16978 = ORIENTED_EDGE('',*,*,#16979,.F.);
#16979 = EDGE_CURVE('',#16955,#16980,#16982,.T.);
#16980 = VERTEX_POINT('',#16981);
#16981 = CARTESIAN_POINT('',(0.3,0.23,0.46));
#16982 = LINE('',#16983,#16984);
#16983 = CARTESIAN_POINT('',(0.3,0.23,2.E-02));
#16984 = VECTOR('',#16985,1.);
#16985 = DIRECTION('',(0.,0.,1.));
#16986 = ORIENTED_EDGE('',*,*,#16954,.F.);
#16987 = ORIENTED_EDGE('',*,*,#16867,.T.);
#16988 = ORIENTED_EDGE('',*,*,#16989,.T.);
#16989 = EDGE_CURVE('',#16859,#16980,#16990,.T.);
#16990 = LINE('',#16991,#16992);
#16991 = CARTESIAN_POINT('',(-0.3,0.23,0.46));
#16992 = VECTOR('',#16993,1.);
#16993 = DIRECTION('',(1.,0.,0.));
#16994 = PLANE('',#16995);
#16995 = AXIS2_PLACEMENT_3D('',#16996,#16997,#16998);
#16996 = CARTESIAN_POINT('',(-0.3,0.23,2.E-02));
#16997 = DIRECTION('',(0.,1.,0.));
#16998 = DIRECTION('',(0.,-0.,1.));
#16999 = ADVANCED_FACE('',(#17000),#17019,.T.);
#17000 = FACE_BOUND('',#17001,.T.);
#17001 = EDGE_LOOP('',(#17002,#17003,#17011,#17018));
#17002 = ORIENTED_EDGE('',*,*,#16858,.T.);
#17003 = ORIENTED_EDGE('',*,*,#17004,.T.);
#17004 = EDGE_CURVE('',#16851,#17005,#17007,.T.);
#17005 = VERTEX_POINT('',#17006);
#17006 = CARTESIAN_POINT('',(0.3,0.21,0.48));
#17007 = LINE('',#17008,#17009);
#17008 = CARTESIAN_POINT('',(-0.3,0.21,0.48));
#17009 = VECTOR('',#17010,1.);
#17010 = DIRECTION('',(1.,0.,0.));
#17011 = ORIENTED_EDGE('',*,*,#17012,.F.);
#17012 = EDGE_CURVE('',#16980,#17005,#17013,.T.);
#17013 = CIRCLE('',#17014,2.E-02);
#17014 = AXIS2_PLACEMENT_3D('',#17015,#17016,#17017);
#17015 = CARTESIAN_POINT('',(0.3,0.21,0.46));
#17016 = DIRECTION('',(1.,0.,-0.));
#17017 = DIRECTION('',(0.,0.,1.));
#17018 = ORIENTED_EDGE('',*,*,#16989,.F.);
#17019 = CYLINDRICAL_SURFACE('',#17020,2.E-02);
#17020 = AXIS2_PLACEMENT_3D('',#17021,#17022,#17023);
#17021 = CARTESIAN_POINT('',(-0.3,0.21,0.46));
#17022 = DIRECTION('',(1.,0.,0.));
#17023 = DIRECTION('',(-0.,1.,0.));
#17024 = ADVANCED_FACE('',(#17025),#17043,.T.);
#17025 = FACE_BOUND('',#17026,.T.);
#17026 = EDGE_LOOP('',(#17027,#17028,#17036,#17042));
#17027 = ORIENTED_EDGE('',*,*,#16850,.F.);
#17028 = ORIENTED_EDGE('',*,*,#17029,.T.);
#17029 = EDGE_CURVE('',#16842,#17030,#17032,.T.);
#17030 = VERTEX_POINT('',#17031);
#17031 = CARTESIAN_POINT('',(0.3,-0.21,0.48));
#17032 = LINE('',#17033,#17034);
#17033 = CARTESIAN_POINT('',(-0.3,-0.21,0.48));
#17034 = VECTOR('',#17035,1.);
#17035 = DIRECTION('',(1.,0.,0.));
#17036 = ORIENTED_EDGE('',*,*,#17037,.T.);
#17037 = EDGE_CURVE('',#17030,#17005,#17038,.T.);
#17038 = LINE('',#17039,#17040);
#17039 = CARTESIAN_POINT('',(0.3,-0.23,0.48));
#17040 = VECTOR('',#17041,1.);
#17041 = DIRECTION('',(0.,1.,0.));
#17042 = ORIENTED_EDGE('',*,*,#17004,.F.);
#17043 = PLANE('',#17044);
#17044 = AXIS2_PLACEMENT_3D('',#17045,#17046,#17047);
#17045 = CARTESIAN_POINT('',(-0.3,-0.23,0.48));
#17046 = DIRECTION('',(0.,0.,1.));
#17047 = DIRECTION('',(1.,0.,-0.));
#17048 = ADVANCED_FACE('',(#17049),#17068,.T.);
#17049 = FACE_BOUND('',#17050,.T.);
#17050 = EDGE_LOOP('',(#17051,#17059,#17066,#17067));
#17051 = ORIENTED_EDGE('',*,*,#17052,.T.);
#17052 = EDGE_CURVE('',#16834,#17053,#17055,.T.);
#17053 = VERTEX_POINT('',#17054);
#17054 = CARTESIAN_POINT('',(0.3,-0.23,0.46));
#17055 = LINE('',#17056,#17057);
#17056 = CARTESIAN_POINT('',(-0.3,-0.23,0.46));
#17057 = VECTOR('',#17058,1.);
#17058 = DIRECTION('',(1.,0.,0.));
#17059 = ORIENTED_EDGE('',*,*,#17060,.T.);
#17060 = EDGE_CURVE('',#17053,#17030,#17061,.T.);
#17061 = CIRCLE('',#17062,2.E-02);
#17062 = AXIS2_PLACEMENT_3D('',#17063,#17064,#17065);
#17063 = CARTESIAN_POINT('',(0.3,-0.21,0.46));
#17064 = DIRECTION('',(-1.,0.,0.));
#17065 = DIRECTION('',(0.,0.,1.));
#17066 = ORIENTED_EDGE('',*,*,#17029,.F.);
#17067 = ORIENTED_EDGE('',*,*,#16841,.F.);
#17068 = CYLINDRICAL_SURFACE('',#17069,2.E-02);
#17069 = AXIS2_PLACEMENT_3D('',#17070,#17071,#17072);
#17070 = CARTESIAN_POINT('',(-0.3,-0.21,0.46));
#17071 = DIRECTION('',(1.,0.,0.));
#17072 = DIRECTION('',(0.,-1.,0.));
#17073 = ADVANCED_FACE('',(#17074),#17085,.F.);
#17074 = FACE_BOUND('',#17075,.F.);
#17075 = EDGE_LOOP('',(#17076,#17082,#17083,#17084));
#17076 = ORIENTED_EDGE('',*,*,#17077,.F.);
#17077 = EDGE_CURVE('',#16908,#17053,#17078,.T.);
#17078 = LINE('',#17079,#17080);
#17079 = CARTESIAN_POINT('',(0.3,-0.23,2.E-02));
#17080 = VECTOR('',#17081,1.);
#17081 = DIRECTION('',(0.,0.,1.));
#17082 = ORIENTED_EDGE('',*,*,#16916,.F.);
#17083 = ORIENTED_EDGE('',*,*,#16833,.T.);
#17084 = ORIENTED_EDGE('',*,*,#17052,.T.);
#17085 = PLANE('',#17086);
#17086 = AXIS2_PLACEMENT_3D('',#17087,#17088,#17089);
#17087 = CARTESIAN_POINT('',(-0.3,-0.23,2.E-02));
#17088 = DIRECTION('',(0.,1.,0.));
#17089 = DIRECTION('',(0.,-0.,1.));
#17090 = ADVANCED_FACE('',(#17091,#17161),#17171,.F.);
#17091 = FACE_BOUND('',#17092,.F.);
#17092 = EDGE_LOOP('',(#17093,#17103,#17112,#17120,#17129,#17137,#17146,
    #17154));
#17093 = ORIENTED_EDGE('',*,*,#17094,.F.);
#17094 = EDGE_CURVE('',#17095,#17097,#17099,.T.);
#17095 = VERTEX_POINT('',#17096);
#17096 = CARTESIAN_POINT('',(0.3,-0.25,2.E-02));
#17097 = VERTEX_POINT('',#17098);
#17098 = CARTESIAN_POINT('',(0.3,-0.25,0.48));
#17099 = LINE('',#17100,#17101);
#17100 = CARTESIAN_POINT('',(0.3,-0.25,0.));
#17101 = VECTOR('',#17102,1.);
#17102 = DIRECTION('',(0.,0.,1.));
#17103 = ORIENTED_EDGE('',*,*,#17104,.T.);
#17104 = EDGE_CURVE('',#17095,#17105,#17107,.T.);
#17105 = VERTEX_POINT('',#17106);
#17106 = CARTESIAN_POINT('',(0.3,-0.23,0.));
#17107 = CIRCLE('',#17108,2.E-02);
#17108 = AXIS2_PLACEMENT_3D('',#17109,#17110,#17111);
#17109 = CARTESIAN_POINT('',(0.3,-0.23,2.E-02));
#17110 = DIRECTION('',(1.,0.,-0.));
#17111 = DIRECTION('',(0.,0.,1.));
#17112 = ORIENTED_EDGE('',*,*,#17113,.T.);
#17113 = EDGE_CURVE('',#17105,#17114,#17116,.T.);
#17114 = VERTEX_POINT('',#17115);
#17115 = CARTESIAN_POINT('',(0.3,0.23,0.));
#17116 = LINE('',#17117,#17118);
#17117 = CARTESIAN_POINT('',(0.3,-0.25,0.));
#17118 = VECTOR('',#17119,1.);
#17119 = DIRECTION('',(0.,1.,0.));
#17120 = ORIENTED_EDGE('',*,*,#17121,.F.);
#17121 = EDGE_CURVE('',#17122,#17114,#17124,.T.);
#17122 = VERTEX_POINT('',#17123);
#17123 = CARTESIAN_POINT('',(0.3,0.25,2.E-02));
#17124 = CIRCLE('',#17125,2.E-02);
#17125 = AXIS2_PLACEMENT_3D('',#17126,#17127,#17128);
#17126 = CARTESIAN_POINT('',(0.3,0.23,2.E-02));
#17127 = DIRECTION('',(-1.,0.,0.));
#17128 = DIRECTION('',(0.,0.,1.));
#17129 = ORIENTED_EDGE('',*,*,#17130,.T.);
#17130 = EDGE_CURVE('',#17122,#17131,#17133,.T.);
#17131 = VERTEX_POINT('',#17132);
#17132 = CARTESIAN_POINT('',(0.3,0.25,0.48));
#17133 = LINE('',#17134,#17135);
#17134 = CARTESIAN_POINT('',(0.3,0.25,0.));
#17135 = VECTOR('',#17136,1.);
#17136 = DIRECTION('',(0.,0.,1.));
#17137 = ORIENTED_EDGE('',*,*,#17138,.T.);
#17138 = EDGE_CURVE('',#17131,#17139,#17141,.T.);
#17139 = VERTEX_POINT('',#17140);
#17140 = CARTESIAN_POINT('',(0.3,0.23,0.5));
#17141 = CIRCLE('',#17142,2.E-02);
#17142 = AXIS2_PLACEMENT_3D('',#17143,#17144,#17145);
#17143 = CARTESIAN_POINT('',(0.3,0.23,0.48));
#17144 = DIRECTION('',(1.,0.,-0.));
#17145 = DIRECTION('',(0.,0.,1.));
#17146 = ORIENTED_EDGE('',*,*,#17147,.F.);
#17147 = EDGE_CURVE('',#17148,#17139,#17150,.T.);
#17148 = VERTEX_POINT('',#17149);
#17149 = CARTESIAN_POINT('',(0.3,-0.23,0.5));
#17150 = LINE('',#17151,#17152);
#17151 = CARTESIAN_POINT('',(0.3,-0.25,0.5));
#17152 = VECTOR('',#17153,1.);
#17153 = DIRECTION('',(0.,1.,0.));
#17154 = ORIENTED_EDGE('',*,*,#17155,.F.);
#17155 = EDGE_CURVE('',#17097,#17148,#17156,.T.);
#17156 = CIRCLE('',#17157,2.E-02);
#17157 = AXIS2_PLACEMENT_3D('',#17158,#17159,#17160);
#17158 = CARTESIAN_POINT('',(0.3,-0.23,0.48));
#17159 = DIRECTION('',(-1.,0.,0.));
#17160 = DIRECTION('',(0.,0.,1.));
#17161 = FACE_BOUND('',#17162,.F.);
#17162 = EDGE_LOOP('',(#17163,#17164,#17165,#17166,#17167,#17168,#17169,
    #17170));
#17163 = ORIENTED_EDGE('',*,*,#16907,.F.);
#17164 = ORIENTED_EDGE('',*,*,#17077,.T.);
#17165 = ORIENTED_EDGE('',*,*,#17060,.T.);
#17166 = ORIENTED_EDGE('',*,*,#17037,.T.);
#17167 = ORIENTED_EDGE('',*,*,#17012,.F.);
#17168 = ORIENTED_EDGE('',*,*,#16979,.F.);
#17169 = ORIENTED_EDGE('',*,*,#16962,.T.);
#17170 = ORIENTED_EDGE('',*,*,#16932,.F.);
#17171 = PLANE('',#17172);
#17172 = AXIS2_PLACEMENT_3D('',#17173,#17174,#17175);
#17173 = CARTESIAN_POINT('',(0.3,-0.25,0.));
#17174 = DIRECTION('',(1.,0.,0.));
#17175 = DIRECTION('',(0.,0.,1.));
#17176 = ADVANCED_FACE('',(#17177),#17202,.F.);
#17177 = FACE_BOUND('',#17178,.F.);
#17178 = EDGE_LOOP('',(#17179,#17189,#17195,#17196));
#17179 = ORIENTED_EDGE('',*,*,#17180,.F.);
#17180 = EDGE_CURVE('',#17181,#17183,#17185,.T.);
#17181 = VERTEX_POINT('',#17182);
#17182 = CARTESIAN_POINT('',(0.5,-0.25,2.E-02));
#17183 = VERTEX_POINT('',#17184);
#17184 = CARTESIAN_POINT('',(0.5,-0.25,0.48));
#17185 = LINE('',#17186,#17187);
#17186 = CARTESIAN_POINT('',(0.5,-0.25,0.));
#17187 = VECTOR('',#17188,1.);
#17188 = DIRECTION('',(0.,0.,1.));
#17189 = ORIENTED_EDGE('',*,*,#17190,.F.);
#17190 = EDGE_CURVE('',#17095,#17181,#17191,.T.);
#17191 = LINE('',#17192,#17193);
#17192 = CARTESIAN_POINT('',(0.3,-0.25,2.E-02));
#17193 = VECTOR('',#17194,1.);
#17194 = DIRECTION('',(1.,0.,0.));
#17195 = ORIENTED_EDGE('',*,*,#17094,.T.);
#17196 = ORIENTED_EDGE('',*,*,#17197,.T.);
#17197 = EDGE_CURVE('',#17097,#17183,#17198,.T.);
#17198 = LINE('',#17199,#17200);
#17199 = CARTESIAN_POINT('',(0.3,-0.25,0.48));
#17200 = VECTOR('',#17201,1.);
#17201 = DIRECTION('',(1.,0.,0.));
#17202 = PLANE('',#17203);
#17203 = AXIS2_PLACEMENT_3D('',#17204,#17205,#17206);
#17204 = CARTESIAN_POINT('',(0.3,-0.25,0.));
#17205 = DIRECTION('',(0.,1.,0.));
#17206 = DIRECTION('',(0.,-0.,1.));
#17207 = ADVANCED_FACE('',(#17208),#17227,.T.);
#17208 = FACE_BOUND('',#17209,.T.);
#17209 = EDGE_LOOP('',(#17210,#17211,#17219,#17226));
#17210 = ORIENTED_EDGE('',*,*,#17104,.T.);
#17211 = ORIENTED_EDGE('',*,*,#17212,.T.);
#17212 = EDGE_CURVE('',#17105,#17213,#17215,.T.);
#17213 = VERTEX_POINT('',#17214);
#17214 = CARTESIAN_POINT('',(0.5,-0.23,0.));
#17215 = LINE('',#17216,#17217);
#17216 = CARTESIAN_POINT('',(0.3,-0.23,0.));
#17217 = VECTOR('',#17218,1.);
#17218 = DIRECTION('',(1.,0.,0.));
#17219 = ORIENTED_EDGE('',*,*,#17220,.F.);
#17220 = EDGE_CURVE('',#17181,#17213,#17221,.T.);
#17221 = CIRCLE('',#17222,2.E-02);
#17222 = AXIS2_PLACEMENT_3D('',#17223,#17224,#17225);
#17223 = CARTESIAN_POINT('',(0.5,-0.23,2.E-02));
#17224 = DIRECTION('',(1.,0.,-0.));
#17225 = DIRECTION('',(0.,0.,1.));
#17226 = ORIENTED_EDGE('',*,*,#17190,.F.);
#17227 = CYLINDRICAL_SURFACE('',#17228,2.E-02);
#17228 = AXIS2_PLACEMENT_3D('',#17229,#17230,#17231);
#17229 = CARTESIAN_POINT('',(0.3,-0.23,2.E-02));
#17230 = DIRECTION('',(1.,0.,0.));
#17231 = DIRECTION('',(0.,-1.,0.));
#17232 = ADVANCED_FACE('',(#17233),#17252,.T.);
#17233 = FACE_BOUND('',#17234,.T.);
#17234 = EDGE_LOOP('',(#17235,#17236,#17245,#17251));
#17235 = ORIENTED_EDGE('',*,*,#17197,.T.);
#17236 = ORIENTED_EDGE('',*,*,#17237,.T.);
#17237 = EDGE_CURVE('',#17183,#17238,#17240,.T.);
#17238 = VERTEX_POINT('',#17239);
#17239 = CARTESIAN_POINT('',(0.5,-0.23,0.5));
#17240 = CIRCLE('',#17241,2.E-02);
#17241 = AXIS2_PLACEMENT_3D('',#17242,#17243,#17244);
#17242 = CARTESIAN_POINT('',(0.5,-0.23,0.48));
#17243 = DIRECTION('',(-1.,0.,0.));
#17244 = DIRECTION('',(0.,0.,1.));
#17245 = ORIENTED_EDGE('',*,*,#17246,.F.);
#17246 = EDGE_CURVE('',#17148,#17238,#17247,.T.);
#17247 = LINE('',#17248,#17249);
#17248 = CARTESIAN_POINT('',(0.3,-0.23,0.5));
#17249 = VECTOR('',#17250,1.);
#17250 = DIRECTION('',(1.,0.,0.));
#17251 = ORIENTED_EDGE('',*,*,#17155,.F.);
#17252 = CYLINDRICAL_SURFACE('',#17253,2.E-02);
#17253 = AXIS2_PLACEMENT_3D('',#17254,#17255,#17256);
#17254 = CARTESIAN_POINT('',(0.3,-0.23,0.48));
#17255 = DIRECTION('',(1.,0.,0.));
#17256 = DIRECTION('',(0.,-1.,0.));
#17257 = ADVANCED_FACE('',(#17258),#17276,.F.);
#17258 = FACE_BOUND('',#17259,.F.);
#17259 = EDGE_LOOP('',(#17260,#17261,#17262,#17270));
#17260 = ORIENTED_EDGE('',*,*,#17113,.F.);
#17261 = ORIENTED_EDGE('',*,*,#17212,.T.);
#17262 = ORIENTED_EDGE('',*,*,#17263,.T.);
#17263 = EDGE_CURVE('',#17213,#17264,#17266,.T.);
#17264 = VERTEX_POINT('',#17265);
#17265 = CARTESIAN_POINT('',(0.5,0.23,0.));
#17266 = LINE('',#17267,#17268);
#17267 = CARTESIAN_POINT('',(0.5,-0.25,0.));
#17268 = VECTOR('',#17269,1.);
#17269 = DIRECTION('',(0.,1.,0.));
#17270 = ORIENTED_EDGE('',*,*,#17271,.F.);
#17271 = EDGE_CURVE('',#17114,#17264,#17272,.T.);
#17272 = LINE('',#17273,#17274);
#17273 = CARTESIAN_POINT('',(0.3,0.23,0.));
#17274 = VECTOR('',#17275,1.);
#17275 = DIRECTION('',(1.,0.,0.));
#17276 = PLANE('',#17277);
#17277 = AXIS2_PLACEMENT_3D('',#17278,#17279,#17280);
#17278 = CARTESIAN_POINT('',(0.3,-0.25,0.));
#17279 = DIRECTION('',(0.,0.,1.));
#17280 = DIRECTION('',(1.,0.,-0.));
#17281 = ADVANCED_FACE('',(#17282),#17300,.T.);
#17282 = FACE_BOUND('',#17283,.T.);
#17283 = EDGE_LOOP('',(#17284,#17285,#17286,#17294));
#17284 = ORIENTED_EDGE('',*,*,#17147,.F.);
#17285 = ORIENTED_EDGE('',*,*,#17246,.T.);
#17286 = ORIENTED_EDGE('',*,*,#17287,.T.);
#17287 = EDGE_CURVE('',#17238,#17288,#17290,.T.);
#17288 = VERTEX_POINT('',#17289);
#17289 = CARTESIAN_POINT('',(0.5,0.23,0.5));
#17290 = LINE('',#17291,#17292);
#17291 = CARTESIAN_POINT('',(0.5,-0.25,0.5));
#17292 = VECTOR('',#17293,1.);
#17293 = DIRECTION('',(0.,1.,0.));
#17294 = ORIENTED_EDGE('',*,*,#17295,.F.);
#17295 = EDGE_CURVE('',#17139,#17288,#17296,.T.);
#17296 = LINE('',#17297,#17298);
#17297 = CARTESIAN_POINT('',(0.3,0.23,0.5));
#17298 = VECTOR('',#17299,1.);
#17299 = DIRECTION('',(1.,0.,0.));
#17300 = PLANE('',#17301);
#17301 = AXIS2_PLACEMENT_3D('',#17302,#17303,#17304);
#17302 = CARTESIAN_POINT('',(0.3,-0.25,0.5));
#17303 = DIRECTION('',(0.,0.,1.));
#17304 = DIRECTION('',(1.,0.,-0.));
#17305 = ADVANCED_FACE('',(#17306),#17325,.T.);
#17306 = FACE_BOUND('',#17307,.T.);
#17307 = EDGE_LOOP('',(#17308,#17316,#17323,#17324));
#17308 = ORIENTED_EDGE('',*,*,#17309,.T.);
#17309 = EDGE_CURVE('',#17122,#17310,#17312,.T.);
#17310 = VERTEX_POINT('',#17311);
#17311 = CARTESIAN_POINT('',(0.5,0.25,2.E-02));
#17312 = LINE('',#17313,#17314);
#17313 = CARTESIAN_POINT('',(0.3,0.25,2.E-02));
#17314 = VECTOR('',#17315,1.);
#17315 = DIRECTION('',(1.,0.,0.));
#17316 = ORIENTED_EDGE('',*,*,#17317,.T.);
#17317 = EDGE_CURVE('',#17310,#17264,#17318,.T.);
#17318 = CIRCLE('',#17319,2.E-02);
#17319 = AXIS2_PLACEMENT_3D('',#17320,#17321,#17322);
#17320 = CARTESIAN_POINT('',(0.5,0.23,2.E-02));
#17321 = DIRECTION('',(-1.,0.,0.));
#17322 = DIRECTION('',(0.,0.,1.));
#17323 = ORIENTED_EDGE('',*,*,#17271,.F.);
#17324 = ORIENTED_EDGE('',*,*,#17121,.F.);
#17325 = CYLINDRICAL_SURFACE('',#17326,2.E-02);
#17326 = AXIS2_PLACEMENT_3D('',#17327,#17328,#17329);
#17327 = CARTESIAN_POINT('',(0.3,0.23,2.E-02));
#17328 = DIRECTION('',(1.,0.,0.));
#17329 = DIRECTION('',(-0.,1.,0.));
#17330 = ADVANCED_FACE('',(#17331),#17350,.T.);
#17331 = FACE_BOUND('',#17332,.T.);
#17332 = EDGE_LOOP('',(#17333,#17334,#17335,#17344));
#17333 = ORIENTED_EDGE('',*,*,#17138,.T.);
#17334 = ORIENTED_EDGE('',*,*,#17295,.T.);
#17335 = ORIENTED_EDGE('',*,*,#17336,.F.);
#17336 = EDGE_CURVE('',#17337,#17288,#17339,.T.);
#17337 = VERTEX_POINT('',#17338);
#17338 = CARTESIAN_POINT('',(0.5,0.25,0.48));
#17339 = CIRCLE('',#17340,2.E-02);
#17340 = AXIS2_PLACEMENT_3D('',#17341,#17342,#17343);
#17341 = CARTESIAN_POINT('',(0.5,0.23,0.48));
#17342 = DIRECTION('',(1.,0.,-0.));
#17343 = DIRECTION('',(0.,0.,1.));
#17344 = ORIENTED_EDGE('',*,*,#17345,.F.);
#17345 = EDGE_CURVE('',#17131,#17337,#17346,.T.);
#17346 = LINE('',#17347,#17348);
#17347 = CARTESIAN_POINT('',(0.3,0.25,0.48));
#17348 = VECTOR('',#17349,1.);
#17349 = DIRECTION('',(1.,0.,0.));
#17350 = CYLINDRICAL_SURFACE('',#17351,2.E-02);
#17351 = AXIS2_PLACEMENT_3D('',#17352,#17353,#17354);
#17352 = CARTESIAN_POINT('',(0.3,0.23,0.48));
#17353 = DIRECTION('',(1.,0.,0.));
#17354 = DIRECTION('',(-0.,1.,0.));
#17355 = ADVANCED_FACE('',(#17356),#17367,.T.);
#17356 = FACE_BOUND('',#17357,.T.);
#17357 = EDGE_LOOP('',(#17358,#17364,#17365,#17366));
#17358 = ORIENTED_EDGE('',*,*,#17359,.F.);
#17359 = EDGE_CURVE('',#17310,#17337,#17360,.T.);
#17360 = LINE('',#17361,#17362);
#17361 = CARTESIAN_POINT('',(0.5,0.25,0.));
#17362 = VECTOR('',#17363,1.);
#17363 = DIRECTION('',(0.,0.,1.));
#17364 = ORIENTED_EDGE('',*,*,#17309,.F.);
#17365 = ORIENTED_EDGE('',*,*,#17130,.T.);
#17366 = ORIENTED_EDGE('',*,*,#17345,.T.);
#17367 = PLANE('',#17368);
#17368 = AXIS2_PLACEMENT_3D('',#17369,#17370,#17371);
#17369 = CARTESIAN_POINT('',(0.3,0.25,0.));
#17370 = DIRECTION('',(0.,1.,0.));
#17371 = DIRECTION('',(0.,-0.,1.));
#17372 = ADVANCED_FACE('',(#17373),#17383,.T.);
#17373 = FACE_BOUND('',#17374,.T.);
#17374 = EDGE_LOOP('',(#17375,#17376,#17377,#17378,#17379,#17380,#17381,
    #17382));
#17375 = ORIENTED_EDGE('',*,*,#17180,.F.);
#17376 = ORIENTED_EDGE('',*,*,#17220,.T.);
#17377 = ORIENTED_EDGE('',*,*,#17263,.T.);
#17378 = ORIENTED_EDGE('',*,*,#17317,.F.);
#17379 = ORIENTED_EDGE('',*,*,#17359,.T.);
#17380 = ORIENTED_EDGE('',*,*,#17336,.T.);
#17381 = ORIENTED_EDGE('',*,*,#17287,.F.);
#17382 = ORIENTED_EDGE('',*,*,#17237,.F.);
#17383 = PLANE('',#17384);
#17384 = AXIS2_PLACEMENT_3D('',#17385,#17386,#17387);
#17385 = CARTESIAN_POINT('',(0.5,-0.25,0.));
#17386 = DIRECTION('',(1.,0.,0.));
#17387 = DIRECTION('',(0.,0.,1.));
#17388 = ( GEOMETRIC_REPRESENTATION_CONTEXT(3) 
GLOBAL_UNCERTAINTY_ASSIGNED_CONTEXT((#17392)) 
GLOBAL_UNIT_ASSIGNED_CONTEXT((#17389,#17390,#17391)) 
REPRESENTATION_CONTEXT('Context #1',
  '3D Context with UNIT and UNCERTAINTY') );
#17389 = ( LENGTH_UNIT() NAMED_UNIT(*) SI_UNIT(.MILLI.,.METRE.) );
#17390 = ( NAMED_UNIT(*) PLANE_ANGLE_UNIT() SI_UNIT($,.RADIAN.) );
#17391 = ( NAMED_UNIT(*) SI_UNIT($,.STERADIAN.) SOLID_ANGLE_UNIT() );
#17392 = UNCERTAINTY_MEASURE_WITH_UNIT(LENGTH_MEASURE(1.E-07),#17389,
  'distance_accuracy_value','confusion accuracy');
#17393 = CONTEXT_DEPENDENT_SHAPE_REPRESENTATION(#17394,#17396);
#17394 = ( REPRESENTATION_RELATIONSHIP('','',#16533,#16510) 
REPRESENTATION_RELATIONSHIP_WITH_TRANSFORMATION(#17395) 
SHAPE_REPRESENTATION_RELATIONSHIP() );
#17395 = ITEM_DEFINED_TRANSFORMATION('','',#11,#16511);
#17396 = PRODUCT_DEFINITION_SHAPE('Placement','Placement of an item',
  #17397);
#17397 = NEXT_ASSEMBLY_USAGE_OCCURRENCE('3','=>[0:1:1:5]','',#16505,
  #16528,$);
#17398 = PRODUCT_RELATED_PRODUCT_CATEGORY('part',$,(#16530));
#17399 = CONTEXT_DEPENDENT_SHAPE_REPRESENTATION(#17400,#17402);
#17400 = ( REPRESENTATION_RELATIONSHIP('','',#16510,#10) 
REPRESENTATION_RELATIONSHIP_WITH_TRANSFORMATION(#17401) 
SHAPE_REPRESENTATION_RELATIONSHIP() );
#17401 = ITEM_DEFINED_TRANSFORMATION('','',#11,#23);
#17402 = PRODUCT_DEFINITION_SHAPE('Placement','Placement of an item',
  #17403);
#17403 = NEXT_ASSEMBLY_USAGE_OCCURRENCE('5','C2','',#5,#16505,$);
#17404 = SHAPE_DEFINITION_REPRESENTATION(#17405,#17411);
#17405 = PRODUCT_DEFINITION_SHAPE('','',#17406);
#17406 = PRODUCT_DEFINITION('design','',#17407,#17410);
#17407 = PRODUCT_DEFINITION_FORMATION('','',#17408);
#17408 = PRODUCT('opt_input_PCB','opt_input_PCB','',(#17409));
#17409 = PRODUCT_CONTEXT('',#2,'mechanical');
#17410 = PRODUCT_DEFINITION_CONTEXT('part definition',#2,'design');
#17411 = ADVANCED_BREP_SHAPE_REPRESENTATION('',(#11,#17412),#17940);
#17412 = MANIFOLD_SOLID_BREP('',#17413);
#17413 = CLOSED_SHELL('',(#17414,#17454,#17485,#17516,#17637,#17758,
    #17775,#17792,#17804,#17821,#17838,#17855,#17872,#17889,#17906,
    #17923));
#17414 = ADVANCED_FACE('',(#17415),#17449,.T.);
#17415 = FACE_BOUND('',#17416,.T.);
#17416 = EDGE_LOOP('',(#17417,#17427,#17435,#17443));
#17417 = ORIENTED_EDGE('',*,*,#17418,.T.);
#17418 = EDGE_CURVE('',#17419,#17421,#17423,.T.);
#17419 = VERTEX_POINT('',#17420);
#17420 = CARTESIAN_POINT('',(-3.72,1.77,0.));
#17421 = VERTEX_POINT('',#17422);
#17422 = CARTESIAN_POINT('',(-3.72,1.77,1.51));
#17423 = LINE('',#17424,#17425);
#17424 = CARTESIAN_POINT('',(-3.72,1.77,0.));
#17425 = VECTOR('',#17426,1.);
#17426 = DIRECTION('',(0.,0.,1.));
#17427 = ORIENTED_EDGE('',*,*,#17428,.T.);
#17428 = EDGE_CURVE('',#17421,#17429,#17431,.T.);
#17429 = VERTEX_POINT('',#17430);
#17430 = CARTESIAN_POINT('',(1.75,1.77,1.51));
#17431 = LINE('',#17432,#17433);
#17432 = CARTESIAN_POINT('',(-3.72,1.77,1.51));
#17433 = VECTOR('',#17434,1.);
#17434 = DIRECTION('',(1.,0.,0.));
#17435 = ORIENTED_EDGE('',*,*,#17436,.F.);
#17436 = EDGE_CURVE('',#17437,#17429,#17439,.T.);
#17437 = VERTEX_POINT('',#17438);
#17438 = CARTESIAN_POINT('',(1.75,1.77,0.));
#17439 = LINE('',#17440,#17441);
#17440 = CARTESIAN_POINT('',(1.75,1.77,0.));
#17441 = VECTOR('',#17442,1.);
#17442 = DIRECTION('',(0.,0.,1.));
#17443 = ORIENTED_EDGE('',*,*,#17444,.F.);
#17444 = EDGE_CURVE('',#17419,#17437,#17445,.T.);
#17445 = LINE('',#17446,#17447);
#17446 = CARTESIAN_POINT('',(-3.72,1.77,0.));
#17447 = VECTOR('',#17448,1.);
#17448 = DIRECTION('',(1.,0.,0.));
#17449 = PLANE('',#17450);
#17450 = AXIS2_PLACEMENT_3D('',#17451,#17452,#17453);
#17451 = CARTESIAN_POINT('',(-3.72,1.77,0.));
#17452 = DIRECTION('',(0.,1.,0.));
#17453 = DIRECTION('',(1.,0.,0.));
#17454 = ADVANCED_FACE('',(#17455),#17480,.T.);
#17455 = FACE_BOUND('',#17456,.T.);
#17456 = EDGE_LOOP('',(#17457,#17467,#17473,#17474));
#17457 = ORIENTED_EDGE('',*,*,#17458,.T.);
#17458 = EDGE_CURVE('',#17459,#17461,#17463,.T.);
#17459 = VERTEX_POINT('',#17460);
#17460 = CARTESIAN_POINT('',(-3.72,5.3,0.));
#17461 = VERTEX_POINT('',#17462);
#17462 = CARTESIAN_POINT('',(-3.72,5.3,1.51));
#17463 = LINE('',#17464,#17465);
#17464 = CARTESIAN_POINT('',(-3.72,5.3,0.));
#17465 = VECTOR('',#17466,1.);
#17466 = DIRECTION('',(0.,0.,1.));
#17467 = ORIENTED_EDGE('',*,*,#17468,.T.);
#17468 = EDGE_CURVE('',#17461,#17421,#17469,.T.);
#17469 = LINE('',#17470,#17471);
#17470 = CARTESIAN_POINT('',(-3.72,5.3,1.51));
#17471 = VECTOR('',#17472,1.);
#17472 = DIRECTION('',(0.,-1.,0.));
#17473 = ORIENTED_EDGE('',*,*,#17418,.F.);
#17474 = ORIENTED_EDGE('',*,*,#17475,.F.);
#17475 = EDGE_CURVE('',#17459,#17419,#17476,.T.);
#17476 = LINE('',#17477,#17478);
#17477 = CARTESIAN_POINT('',(-3.72,5.3,0.));
#17478 = VECTOR('',#17479,1.);
#17479 = DIRECTION('',(0.,-1.,0.));
#17480 = PLANE('',#17481);
#17481 = AXIS2_PLACEMENT_3D('',#17482,#17483,#17484);
#17482 = CARTESIAN_POINT('',(-3.72,5.3,0.));
#17483 = DIRECTION('',(1.,0.,-0.));
#17484 = DIRECTION('',(0.,-1.,0.));
#17485 = ADVANCED_FACE('',(#17486),#17511,.T.);
#17486 = FACE_BOUND('',#17487,.T.);
#17487 = EDGE_LOOP('',(#17488,#17489,#17497,#17505));
#17488 = ORIENTED_EDGE('',*,*,#17436,.T.);
#17489 = ORIENTED_EDGE('',*,*,#17490,.T.);
#17490 = EDGE_CURVE('',#17429,#17491,#17493,.T.);
#17491 = VERTEX_POINT('',#17492);
#17492 = CARTESIAN_POINT('',(1.75,-6.84,1.51));
#17493 = LINE('',#17494,#17495);
#17494 = CARTESIAN_POINT('',(1.75,1.77,1.51));
#17495 = VECTOR('',#17496,1.);
#17496 = DIRECTION('',(0.,-1.,0.));
#17497 = ORIENTED_EDGE('',*,*,#17498,.F.);
#17498 = EDGE_CURVE('',#17499,#17491,#17501,.T.);
#17499 = VERTEX_POINT('',#17500);
#17500 = CARTESIAN_POINT('',(1.75,-6.84,0.));
#17501 = LINE('',#17502,#17503);
#17502 = CARTESIAN_POINT('',(1.75,-6.84,0.));
#17503 = VECTOR('',#17504,1.);
#17504 = DIRECTION('',(0.,0.,1.));
#17505 = ORIENTED_EDGE('',*,*,#17506,.F.);
#17506 = EDGE_CURVE('',#17437,#17499,#17507,.T.);
#17507 = LINE('',#17508,#17509);
#17508 = CARTESIAN_POINT('',(1.75,1.77,0.));
#17509 = VECTOR('',#17510,1.);
#17510 = DIRECTION('',(0.,-1.,0.));
#17511 = PLANE('',#17512);
#17512 = AXIS2_PLACEMENT_3D('',#17513,#17514,#17515);
#17513 = CARTESIAN_POINT('',(1.75,1.77,0.));
#17514 = DIRECTION('',(1.,0.,-0.));
#17515 = DIRECTION('',(0.,-1.,0.));
#17516 = ADVANCED_FACE('',(#17517,#17544,#17555,#17566,#17577,#17588,
    #17599,#17610,#17621),#17632,.F.);
#17517 = FACE_BOUND('',#17518,.F.);
#17518 = EDGE_LOOP('',(#17519,#17520,#17521,#17529,#17537,#17543));
#17519 = ORIENTED_EDGE('',*,*,#17444,.F.);
#17520 = ORIENTED_EDGE('',*,*,#17475,.F.);
#17521 = ORIENTED_EDGE('',*,*,#17522,.F.);
#17522 = EDGE_CURVE('',#17523,#17459,#17525,.T.);
#17523 = VERTEX_POINT('',#17524);
#17524 = CARTESIAN_POINT('',(-15.89,5.3,0.));
#17525 = LINE('',#17526,#17527);
#17526 = CARTESIAN_POINT('',(-15.89,5.3,0.));
#17527 = VECTOR('',#17528,1.);
#17528 = DIRECTION('',(1.,0.,0.));
#17529 = ORIENTED_EDGE('',*,*,#17530,.F.);
#17530 = EDGE_CURVE('',#17531,#17523,#17533,.T.);
#17531 = VERTEX_POINT('',#17532);
#17532 = CARTESIAN_POINT('',(-15.89,-6.84,0.));
#17533 = LINE('',#17534,#17535);
#17534 = CARTESIAN_POINT('',(-15.89,-6.84,0.));
#17535 = VECTOR('',#17536,1.);
#17536 = DIRECTION('',(0.,1.,0.));
#17537 = ORIENTED_EDGE('',*,*,#17538,.F.);
#17538 = EDGE_CURVE('',#17499,#17531,#17539,.T.);
#17539 = LINE('',#17540,#17541);
#17540 = CARTESIAN_POINT('',(1.75,-6.84,0.));
#17541 = VECTOR('',#17542,1.);
#17542 = DIRECTION('',(-1.,0.,0.));
#17543 = ORIENTED_EDGE('',*,*,#17506,.F.);
#17544 = FACE_BOUND('',#17545,.F.);
#17545 = EDGE_LOOP('',(#17546));
#17546 = ORIENTED_EDGE('',*,*,#17547,.T.);
#17547 = EDGE_CURVE('',#17548,#17548,#17550,.T.);
#17548 = VERTEX_POINT('',#17549);
#17549 = CARTESIAN_POINT('',(-12.515,-3.54,0.));
#17550 = CIRCLE('',#17551,0.4);
#17551 = AXIS2_PLACEMENT_3D('',#17552,#17553,#17554);
#17552 = CARTESIAN_POINT('',(-12.515,-3.14,0.));
#17553 = DIRECTION('',(-0.,0.,-1.));
#17554 = DIRECTION('',(-0.,-1.,0.));
#17555 = FACE_BOUND('',#17556,.F.);
#17556 = EDGE_LOOP('',(#17557));
#17557 = ORIENTED_EDGE('',*,*,#17558,.T.);
#17558 = EDGE_CURVE('',#17559,#17559,#17561,.T.);
#17559 = VERTEX_POINT('',#17560);
#17560 = CARTESIAN_POINT('',(-9.975,-3.54,0.));
#17561 = CIRCLE('',#17562,0.4);
#17562 = AXIS2_PLACEMENT_3D('',#17563,#17564,#17565);
#17563 = CARTESIAN_POINT('',(-9.975,-3.14,0.));
#17564 = DIRECTION('',(-0.,0.,-1.));
#17565 = DIRECTION('',(-0.,-1.,0.));
#17566 = FACE_BOUND('',#17567,.F.);
#17567 = EDGE_LOOP('',(#17568));
#17568 = ORIENTED_EDGE('',*,*,#17569,.T.);
#17569 = EDGE_CURVE('',#17570,#17570,#17572,.T.);
#17570 = VERTEX_POINT('',#17571);
#17571 = CARTESIAN_POINT('',(-7.435,-3.54,0.));
#17572 = CIRCLE('',#17573,0.4);
#17573 = AXIS2_PLACEMENT_3D('',#17574,#17575,#17576);
#17574 = CARTESIAN_POINT('',(-7.435,-3.14,0.));
#17575 = DIRECTION('',(-0.,0.,-1.));
#17576 = DIRECTION('',(2.22044604925E-15,-1.,-0.));
#17577 = FACE_BOUND('',#17578,.F.);
#17578 = EDGE_LOOP('',(#17579));
#17579 = ORIENTED_EDGE('',*,*,#17580,.T.);
#17580 = EDGE_CURVE('',#17581,#17581,#17583,.T.);
#17581 = VERTEX_POINT('',#17582);
#17582 = CARTESIAN_POINT('',(0.,-5.58,0.));
#17583 = CIRCLE('',#17584,0.5);
#17584 = AXIS2_PLACEMENT_3D('',#17585,#17586,#17587);
#17585 = CARTESIAN_POINT('',(-2.775557561563E-17,-5.08,0.));
#17586 = DIRECTION('',(-0.,0.,-1.));
#17587 = DIRECTION('',(5.551115123126E-17,-1.,-0.));
#17588 = FACE_BOUND('',#17589,.F.);
#17589 = EDGE_LOOP('',(#17590));
#17590 = ORIENTED_EDGE('',*,*,#17591,.T.);
#17591 = EDGE_CURVE('',#17592,#17592,#17594,.T.);
#17592 = VERTEX_POINT('',#17593);
#17593 = CARTESIAN_POINT('',(0.,-3.04,0.));
#17594 = CIRCLE('',#17595,0.5);
#17595 = AXIS2_PLACEMENT_3D('',#17596,#17597,#17598);
#17596 = CARTESIAN_POINT('',(-2.775557561563E-17,-2.54,0.));
#17597 = DIRECTION('',(-0.,0.,-1.));
#17598 = DIRECTION('',(5.551115123126E-17,-1.,-0.));
#17599 = FACE_BOUND('',#17600,.F.);
#17600 = EDGE_LOOP('',(#17601));
#17601 = ORIENTED_EDGE('',*,*,#17602,.T.);
#17602 = EDGE_CURVE('',#17603,#17603,#17605,.T.);
#17603 = VERTEX_POINT('',#17604);
#17604 = CARTESIAN_POINT('',(-13.785,-0.88,0.));
#17605 = CIRCLE('',#17606,1.5);
#17606 = AXIS2_PLACEMENT_3D('',#17607,#17608,#17609);
#17607 = CARTESIAN_POINT('',(-13.785,0.62,0.));
#17608 = DIRECTION('',(-0.,0.,-1.));
#17609 = DIRECTION('',(-0.,-1.,0.));
#17610 = FACE_BOUND('',#17611,.F.);
#17611 = EDGE_LOOP('',(#17612));
#17612 = ORIENTED_EDGE('',*,*,#17613,.T.);
#17613 = EDGE_CURVE('',#17614,#17614,#17616,.T.);
#17614 = VERTEX_POINT('',#17615);
#17615 = CARTESIAN_POINT('',(-6.162975822039E-33,-0.5,0.));
#17616 = CIRCLE('',#17617,0.5);
#17617 = AXIS2_PLACEMENT_3D('',#17618,#17619,#17620);
#17618 = CARTESIAN_POINT('',(-2.775557561563E-17,8.326672684689E-17,0.)
  );
#17619 = DIRECTION('',(-0.,0.,-1.));
#17620 = DIRECTION('',(5.551115123126E-17,-1.,-0.));
#17621 = FACE_BOUND('',#17622,.F.);
#17622 = EDGE_LOOP('',(#17623));
#17623 = ORIENTED_EDGE('',*,*,#17624,.T.);
#17624 = EDGE_CURVE('',#17625,#17625,#17627,.T.);
#17625 = VERTEX_POINT('',#17626);
#17626 = CARTESIAN_POINT('',(-6.165,-0.88,0.));
#17627 = CIRCLE('',#17628,1.5);
#17628 = AXIS2_PLACEMENT_3D('',#17629,#17630,#17631);
#17629 = CARTESIAN_POINT('',(-6.165,0.62,0.));
#17630 = DIRECTION('',(-0.,0.,-1.));
#17631 = DIRECTION('',(-0.,-1.,0.));
#17632 = PLANE('',#17633);
#17633 = AXIS2_PLACEMENT_3D('',#17634,#17635,#17636);
#17634 = CARTESIAN_POINT('',(0.,0.,0.));
#17635 = DIRECTION('',(0.,0.,1.));
#17636 = DIRECTION('',(1.,0.,-0.));
#17637 = ADVANCED_FACE('',(#17638,#17665,#17676,#17687,#17698,#17709,
    #17720,#17731,#17742),#17753,.T.);
#17638 = FACE_BOUND('',#17639,.T.);
#17639 = EDGE_LOOP('',(#17640,#17641,#17642,#17650,#17658,#17664));
#17640 = ORIENTED_EDGE('',*,*,#17428,.F.);
#17641 = ORIENTED_EDGE('',*,*,#17468,.F.);
#17642 = ORIENTED_EDGE('',*,*,#17643,.F.);
#17643 = EDGE_CURVE('',#17644,#17461,#17646,.T.);
#17644 = VERTEX_POINT('',#17645);
#17645 = CARTESIAN_POINT('',(-15.89,5.3,1.51));
#17646 = LINE('',#17647,#17648);
#17647 = CARTESIAN_POINT('',(-15.89,5.3,1.51));
#17648 = VECTOR('',#17649,1.);
#17649 = DIRECTION('',(1.,0.,0.));
#17650 = ORIENTED_EDGE('',*,*,#17651,.F.);
#17651 = EDGE_CURVE('',#17652,#17644,#17654,.T.);
#17652 = VERTEX_POINT('',#17653);
#17653 = CARTESIAN_POINT('',(-15.89,-6.84,1.51));
#17654 = LINE('',#17655,#17656);
#17655 = CARTESIAN_POINT('',(-15.89,-6.84,1.51));
#17656 = VECTOR('',#17657,1.);
#17657 = DIRECTION('',(0.,1.,0.));
#17658 = ORIENTED_EDGE('',*,*,#17659,.F.);
#17659 = EDGE_CURVE('',#17491,#17652,#17660,.T.);
#17660 = LINE('',#17661,#17662);
#17661 = CARTESIAN_POINT('',(1.75,-6.84,1.51));
#17662 = VECTOR('',#17663,1.);
#17663 = DIRECTION('',(-1.,0.,0.));
#17664 = ORIENTED_EDGE('',*,*,#17490,.F.);
#17665 = FACE_BOUND('',#17666,.T.);
#17666 = EDGE_LOOP('',(#17667));
#17667 = ORIENTED_EDGE('',*,*,#17668,.T.);
#17668 = EDGE_CURVE('',#17669,#17669,#17671,.T.);
#17669 = VERTEX_POINT('',#17670);
#17670 = CARTESIAN_POINT('',(-12.515,-3.54,1.51));
#17671 = CIRCLE('',#17672,0.4);
#17672 = AXIS2_PLACEMENT_3D('',#17673,#17674,#17675);
#17673 = CARTESIAN_POINT('',(-12.515,-3.14,1.51));
#17674 = DIRECTION('',(-0.,0.,-1.));
#17675 = DIRECTION('',(-0.,-1.,0.));
#17676 = FACE_BOUND('',#17677,.T.);
#17677 = EDGE_LOOP('',(#17678));
#17678 = ORIENTED_EDGE('',*,*,#17679,.T.);
#17679 = EDGE_CURVE('',#17680,#17680,#17682,.T.);
#17680 = VERTEX_POINT('',#17681);
#17681 = CARTESIAN_POINT('',(-9.975,-3.54,1.51));
#17682 = CIRCLE('',#17683,0.4);
#17683 = AXIS2_PLACEMENT_3D('',#17684,#17685,#17686);
#17684 = CARTESIAN_POINT('',(-9.975,-3.14,1.51));
#17685 = DIRECTION('',(-0.,0.,-1.));
#17686 = DIRECTION('',(-0.,-1.,0.));
#17687 = FACE_BOUND('',#17688,.T.);
#17688 = EDGE_LOOP('',(#17689));
#17689 = ORIENTED_EDGE('',*,*,#17690,.T.);
#17690 = EDGE_CURVE('',#17691,#17691,#17693,.T.);
#17691 = VERTEX_POINT('',#17692);
#17692 = CARTESIAN_POINT('',(-7.435,-3.54,1.51));
#17693 = CIRCLE('',#17694,0.4);
#17694 = AXIS2_PLACEMENT_3D('',#17695,#17696,#17697);
#17695 = CARTESIAN_POINT('',(-7.435,-3.14,1.51));
#17696 = DIRECTION('',(-0.,0.,-1.));
#17697 = DIRECTION('',(2.22044604925E-15,-1.,-0.));
#17698 = FACE_BOUND('',#17699,.T.);
#17699 = EDGE_LOOP('',(#17700));
#17700 = ORIENTED_EDGE('',*,*,#17701,.T.);
#17701 = EDGE_CURVE('',#17702,#17702,#17704,.T.);
#17702 = VERTEX_POINT('',#17703);
#17703 = CARTESIAN_POINT('',(0.,-5.58,1.51));
#17704 = CIRCLE('',#17705,0.5);
#17705 = AXIS2_PLACEMENT_3D('',#17706,#17707,#17708);
#17706 = CARTESIAN_POINT('',(-2.775557561563E-17,-5.08,1.51));
#17707 = DIRECTION('',(-0.,0.,-1.));
#17708 = DIRECTION('',(5.551115123126E-17,-1.,-0.));
#17709 = FACE_BOUND('',#17710,.T.);
#17710 = EDGE_LOOP('',(#17711));
#17711 = ORIENTED_EDGE('',*,*,#17712,.T.);
#17712 = EDGE_CURVE('',#17713,#17713,#17715,.T.);
#17713 = VERTEX_POINT('',#17714);
#17714 = CARTESIAN_POINT('',(0.,-3.04,1.51));
#17715 = CIRCLE('',#17716,0.5);
#17716 = AXIS2_PLACEMENT_3D('',#17717,#17718,#17719);
#17717 = CARTESIAN_POINT('',(-2.775557561563E-17,-2.54,1.51));
#17718 = DIRECTION('',(-0.,0.,-1.));
#17719 = DIRECTION('',(5.551115123126E-17,-1.,-0.));
#17720 = FACE_BOUND('',#17721,.T.);
#17721 = EDGE_LOOP('',(#17722));
#17722 = ORIENTED_EDGE('',*,*,#17723,.T.);
#17723 = EDGE_CURVE('',#17724,#17724,#17726,.T.);
#17724 = VERTEX_POINT('',#17725);
#17725 = CARTESIAN_POINT('',(-13.785,-0.88,1.51));
#17726 = CIRCLE('',#17727,1.5);
#17727 = AXIS2_PLACEMENT_3D('',#17728,#17729,#17730);
#17728 = CARTESIAN_POINT('',(-13.785,0.62,1.51));
#17729 = DIRECTION('',(-0.,0.,-1.));
#17730 = DIRECTION('',(-0.,-1.,0.));
#17731 = FACE_BOUND('',#17732,.T.);
#17732 = EDGE_LOOP('',(#17733));
#17733 = ORIENTED_EDGE('',*,*,#17734,.T.);
#17734 = EDGE_CURVE('',#17735,#17735,#17737,.T.);
#17735 = VERTEX_POINT('',#17736);
#17736 = CARTESIAN_POINT('',(-6.162975822039E-33,-0.5,1.51));
#17737 = CIRCLE('',#17738,0.5);
#17738 = AXIS2_PLACEMENT_3D('',#17739,#17740,#17741);
#17739 = CARTESIAN_POINT('',(-2.775557561563E-17,8.326672684689E-17,1.51
    ));
#17740 = DIRECTION('',(-0.,0.,-1.));
#17741 = DIRECTION('',(5.551115123126E-17,-1.,-0.));
#17742 = FACE_BOUND('',#17743,.T.);
#17743 = EDGE_LOOP('',(#17744));
#17744 = ORIENTED_EDGE('',*,*,#17745,.T.);
#17745 = EDGE_CURVE('',#17746,#17746,#17748,.T.);
#17746 = VERTEX_POINT('',#17747);
#17747 = CARTESIAN_POINT('',(-6.165,-0.88,1.51));
#17748 = CIRCLE('',#17749,1.5);
#17749 = AXIS2_PLACEMENT_3D('',#17750,#17751,#17752);
#17750 = CARTESIAN_POINT('',(-6.165,0.62,1.51));
#17751 = DIRECTION('',(-0.,0.,-1.));
#17752 = DIRECTION('',(-0.,-1.,0.));
#17753 = PLANE('',#17754);
#17754 = AXIS2_PLACEMENT_3D('',#17755,#17756,#17757);
#17755 = CARTESIAN_POINT('',(0.,0.,1.51));
#17756 = DIRECTION('',(0.,0.,1.));
#17757 = DIRECTION('',(1.,0.,-0.));
#17758 = ADVANCED_FACE('',(#17759),#17770,.T.);
#17759 = FACE_BOUND('',#17760,.T.);
#17760 = EDGE_LOOP('',(#17761,#17767,#17768,#17769));
#17761 = ORIENTED_EDGE('',*,*,#17762,.T.);
#17762 = EDGE_CURVE('',#17523,#17644,#17763,.T.);
#17763 = LINE('',#17764,#17765);
#17764 = CARTESIAN_POINT('',(-15.89,5.3,0.));
#17765 = VECTOR('',#17766,1.);
#17766 = DIRECTION('',(0.,0.,1.));
#17767 = ORIENTED_EDGE('',*,*,#17643,.T.);
#17768 = ORIENTED_EDGE('',*,*,#17458,.F.);
#17769 = ORIENTED_EDGE('',*,*,#17522,.F.);
#17770 = PLANE('',#17771);
#17771 = AXIS2_PLACEMENT_3D('',#17772,#17773,#17774);
#17772 = CARTESIAN_POINT('',(-15.89,5.3,0.));
#17773 = DIRECTION('',(0.,1.,0.));
#17774 = DIRECTION('',(1.,0.,0.));
#17775 = ADVANCED_FACE('',(#17776),#17787,.T.);
#17776 = FACE_BOUND('',#17777,.T.);
#17777 = EDGE_LOOP('',(#17778,#17779,#17780,#17786));
#17778 = ORIENTED_EDGE('',*,*,#17498,.T.);
#17779 = ORIENTED_EDGE('',*,*,#17659,.T.);
#17780 = ORIENTED_EDGE('',*,*,#17781,.F.);
#17781 = EDGE_CURVE('',#17531,#17652,#17782,.T.);
#17782 = LINE('',#17783,#17784);
#17783 = CARTESIAN_POINT('',(-15.89,-6.84,0.));
#17784 = VECTOR('',#17785,1.);
#17785 = DIRECTION('',(0.,0.,1.));
#17786 = ORIENTED_EDGE('',*,*,#17538,.F.);
#17787 = PLANE('',#17788);
#17788 = AXIS2_PLACEMENT_3D('',#17789,#17790,#17791);
#17789 = CARTESIAN_POINT('',(1.75,-6.84,0.));
#17790 = DIRECTION('',(0.,-1.,0.));
#17791 = DIRECTION('',(-1.,0.,0.));
#17792 = ADVANCED_FACE('',(#17793),#17799,.T.);
#17793 = FACE_BOUND('',#17794,.T.);
#17794 = EDGE_LOOP('',(#17795,#17796,#17797,#17798));
#17795 = ORIENTED_EDGE('',*,*,#17781,.T.);
#17796 = ORIENTED_EDGE('',*,*,#17651,.T.);
#17797 = ORIENTED_EDGE('',*,*,#17762,.F.);
#17798 = ORIENTED_EDGE('',*,*,#17530,.F.);
#17799 = PLANE('',#17800);
#17800 = AXIS2_PLACEMENT_3D('',#17801,#17802,#17803);
#17801 = CARTESIAN_POINT('',(-15.89,-6.84,0.));
#17802 = DIRECTION('',(-1.,0.,0.));
#17803 = DIRECTION('',(0.,1.,0.));
#17804 = ADVANCED_FACE('',(#17805),#17816,.F.);
#17805 = FACE_BOUND('',#17806,.T.);
#17806 = EDGE_LOOP('',(#17807,#17808,#17814,#17815));
#17807 = ORIENTED_EDGE('',*,*,#17547,.T.);
#17808 = ORIENTED_EDGE('',*,*,#17809,.T.);
#17809 = EDGE_CURVE('',#17548,#17669,#17810,.T.);
#17810 = LINE('',#17811,#17812);
#17811 = CARTESIAN_POINT('',(-12.515,-3.54,-4.6E-02));
#17812 = VECTOR('',#17813,1.);
#17813 = DIRECTION('',(0.,0.,1.));
#17814 = ORIENTED_EDGE('',*,*,#17668,.F.);
#17815 = ORIENTED_EDGE('',*,*,#17809,.F.);
#17816 = CYLINDRICAL_SURFACE('',#17817,0.4);
#17817 = AXIS2_PLACEMENT_3D('',#17818,#17819,#17820);
#17818 = CARTESIAN_POINT('',(-12.515,-3.14,-4.6E-02));
#17819 = DIRECTION('',(-0.,-0.,-1.));
#17820 = DIRECTION('',(-0.,-1.,0.));
#17821 = ADVANCED_FACE('',(#17822),#17833,.F.);
#17822 = FACE_BOUND('',#17823,.T.);
#17823 = EDGE_LOOP('',(#17824,#17825,#17831,#17832));
#17824 = ORIENTED_EDGE('',*,*,#17558,.T.);
#17825 = ORIENTED_EDGE('',*,*,#17826,.T.);
#17826 = EDGE_CURVE('',#17559,#17680,#17827,.T.);
#17827 = LINE('',#17828,#17829);
#17828 = CARTESIAN_POINT('',(-9.975,-3.54,-4.6E-02));
#17829 = VECTOR('',#17830,1.);
#17830 = DIRECTION('',(0.,0.,1.));
#17831 = ORIENTED_EDGE('',*,*,#17679,.F.);
#17832 = ORIENTED_EDGE('',*,*,#17826,.F.);
#17833 = CYLINDRICAL_SURFACE('',#17834,0.4);
#17834 = AXIS2_PLACEMENT_3D('',#17835,#17836,#17837);
#17835 = CARTESIAN_POINT('',(-9.975,-3.14,-4.6E-02));
#17836 = DIRECTION('',(-0.,-0.,-1.));
#17837 = DIRECTION('',(-0.,-1.,0.));
#17838 = ADVANCED_FACE('',(#17839),#17850,.F.);
#17839 = FACE_BOUND('',#17840,.T.);
#17840 = EDGE_LOOP('',(#17841,#17842,#17848,#17849));
#17841 = ORIENTED_EDGE('',*,*,#17569,.T.);
#17842 = ORIENTED_EDGE('',*,*,#17843,.T.);
#17843 = EDGE_CURVE('',#17570,#17691,#17844,.T.);
#17844 = LINE('',#17845,#17846);
#17845 = CARTESIAN_POINT('',(-7.435,-3.54,-4.6E-02));
#17846 = VECTOR('',#17847,1.);
#17847 = DIRECTION('',(0.,0.,1.));
#17848 = ORIENTED_EDGE('',*,*,#17690,.F.);
#17849 = ORIENTED_EDGE('',*,*,#17843,.F.);
#17850 = CYLINDRICAL_SURFACE('',#17851,0.4);
#17851 = AXIS2_PLACEMENT_3D('',#17852,#17853,#17854);
#17852 = CARTESIAN_POINT('',(-7.435,-3.14,-4.6E-02));
#17853 = DIRECTION('',(-0.,0.,-1.));
#17854 = DIRECTION('',(2.22044604925E-15,-1.,-0.));
#17855 = ADVANCED_FACE('',(#17856),#17867,.F.);
#17856 = FACE_BOUND('',#17857,.T.);
#17857 = EDGE_LOOP('',(#17858,#17859,#17865,#17866));
#17858 = ORIENTED_EDGE('',*,*,#17580,.T.);
#17859 = ORIENTED_EDGE('',*,*,#17860,.T.);
#17860 = EDGE_CURVE('',#17581,#17702,#17861,.T.);
#17861 = LINE('',#17862,#17863);
#17862 = CARTESIAN_POINT('',(0.,-5.58,-4.6E-02));
#17863 = VECTOR('',#17864,1.);
#17864 = DIRECTION('',(0.,0.,1.));
#17865 = ORIENTED_EDGE('',*,*,#17701,.F.);
#17866 = ORIENTED_EDGE('',*,*,#17860,.F.);
#17867 = CYLINDRICAL_SURFACE('',#17868,0.5);
#17868 = AXIS2_PLACEMENT_3D('',#17869,#17870,#17871);
#17869 = CARTESIAN_POINT('',(-2.775557561563E-17,-5.08,-4.6E-02));
#17870 = DIRECTION('',(-0.,0.,-1.));
#17871 = DIRECTION('',(5.551115123126E-17,-1.,-0.));
#17872 = ADVANCED_FACE('',(#17873),#17884,.F.);
#17873 = FACE_BOUND('',#17874,.T.);
#17874 = EDGE_LOOP('',(#17875,#17876,#17882,#17883));
#17875 = ORIENTED_EDGE('',*,*,#17591,.T.);
#17876 = ORIENTED_EDGE('',*,*,#17877,.T.);
#17877 = EDGE_CURVE('',#17592,#17713,#17878,.T.);
#17878 = LINE('',#17879,#17880);
#17879 = CARTESIAN_POINT('',(0.,-3.04,-4.6E-02));
#17880 = VECTOR('',#17881,1.);
#17881 = DIRECTION('',(0.,0.,1.));
#17882 = ORIENTED_EDGE('',*,*,#17712,.F.);
#17883 = ORIENTED_EDGE('',*,*,#17877,.F.);
#17884 = CYLINDRICAL_SURFACE('',#17885,0.5);
#17885 = AXIS2_PLACEMENT_3D('',#17886,#17887,#17888);
#17886 = CARTESIAN_POINT('',(-2.775557561563E-17,-2.54,-4.6E-02));
#17887 = DIRECTION('',(-0.,0.,-1.));
#17888 = DIRECTION('',(5.551115123126E-17,-1.,-0.));
#17889 = ADVANCED_FACE('',(#17890),#17901,.F.);
#17890 = FACE_BOUND('',#17891,.T.);
#17891 = EDGE_LOOP('',(#17892,#17893,#17899,#17900));
#17892 = ORIENTED_EDGE('',*,*,#17602,.T.);
#17893 = ORIENTED_EDGE('',*,*,#17894,.T.);
#17894 = EDGE_CURVE('',#17603,#17724,#17895,.T.);
#17895 = LINE('',#17896,#17897);
#17896 = CARTESIAN_POINT('',(-13.785,-0.88,-4.6E-02));
#17897 = VECTOR('',#17898,1.);
#17898 = DIRECTION('',(0.,0.,1.));
#17899 = ORIENTED_EDGE('',*,*,#17723,.F.);
#17900 = ORIENTED_EDGE('',*,*,#17894,.F.);
#17901 = CYLINDRICAL_SURFACE('',#17902,1.5);
#17902 = AXIS2_PLACEMENT_3D('',#17903,#17904,#17905);
#17903 = CARTESIAN_POINT('',(-13.785,0.62,-4.6E-02));
#17904 = DIRECTION('',(-0.,-0.,-1.));
#17905 = DIRECTION('',(-0.,-1.,0.));
#17906 = ADVANCED_FACE('',(#17907),#17918,.F.);
#17907 = FACE_BOUND('',#17908,.T.);
#17908 = EDGE_LOOP('',(#17909,#17910,#17916,#17917));
#17909 = ORIENTED_EDGE('',*,*,#17613,.T.);
#17910 = ORIENTED_EDGE('',*,*,#17911,.T.);
#17911 = EDGE_CURVE('',#17614,#17735,#17912,.T.);
#17912 = LINE('',#17913,#17914);
#17913 = CARTESIAN_POINT('',(-6.162975822039E-33,-0.5,-4.6E-02));
#17914 = VECTOR('',#17915,1.);
#17915 = DIRECTION('',(0.,0.,1.));
#17916 = ORIENTED_EDGE('',*,*,#17734,.F.);
#17917 = ORIENTED_EDGE('',*,*,#17911,.F.);
#17918 = CYLINDRICAL_SURFACE('',#17919,0.5);
#17919 = AXIS2_PLACEMENT_3D('',#17920,#17921,#17922);
#17920 = CARTESIAN_POINT('',(-2.775557561563E-17,8.326672684689E-17,
    -4.6E-02));
#17921 = DIRECTION('',(-0.,0.,-1.));
#17922 = DIRECTION('',(5.551115123126E-17,-1.,-0.));
#17923 = ADVANCED_FACE('',(#17924),#17935,.F.);
#17924 = FACE_BOUND('',#17925,.T.);
#17925 = EDGE_LOOP('',(#17926,#17927,#17933,#17934));
#17926 = ORIENTED_EDGE('',*,*,#17624,.T.);
#17927 = ORIENTED_EDGE('',*,*,#17928,.T.);
#17928 = EDGE_CURVE('',#17625,#17746,#17929,.T.);
#17929 = LINE('',#17930,#17931);
#17930 = CARTESIAN_POINT('',(-6.165,-0.88,-4.6E-02));
#17931 = VECTOR('',#17932,1.);
#17932 = DIRECTION('',(0.,0.,1.));
#17933 = ORIENTED_EDGE('',*,*,#17745,.F.);
#17934 = ORIENTED_EDGE('',*,*,#17928,.F.);
#17935 = CYLINDRICAL_SURFACE('',#17936,1.5);
#17936 = AXIS2_PLACEMENT_3D('',#17937,#17938,#17939);
#17937 = CARTESIAN_POINT('',(-6.165,0.62,-4.6E-02));
#17938 = DIRECTION('',(-0.,-0.,-1.));
#17939 = DIRECTION('',(-0.,-1.,0.));
#17940 = ( GEOMETRIC_REPRESENTATION_CONTEXT(3) 
GLOBAL_UNCERTAINTY_ASSIGNED_CONTEXT((#17944)) 
GLOBAL_UNIT_ASSIGNED_CONTEXT((#17941,#17942,#17943)) 
REPRESENTATION_CONTEXT('Context #1',
  '3D Context with UNIT and UNCERTAINTY') );
#17941 = ( LENGTH_UNIT() NAMED_UNIT(*) SI_UNIT(.MILLI.,.METRE.) );
#17942 = ( NAMED_UNIT(*) PLANE_ANGLE_UNIT() SI_UNIT($,.RADIAN.) );
#17943 = ( NAMED_UNIT(*) SI_UNIT($,.STERADIAN.) SOLID_ANGLE_UNIT() );
#17944 = UNCERTAINTY_MEASURE_WITH_UNIT(LENGTH_MEASURE(1.E-07),#17941,
  'distance_accuracy_value','confusion accuracy');
#17945 = CONTEXT_DEPENDENT_SHAPE_REPRESENTATION(#17946,#17948);
#17946 = ( REPRESENTATION_RELATIONSHIP('','',#17411,#10) 
REPRESENTATION_RELATIONSHIP_WITH_TRANSFORMATION(#17947) 
SHAPE_REPRESENTATION_RELATIONSHIP() );
#17947 = ITEM_DEFINED_TRANSFORMATION('','',#11,#27);
#17948 = PRODUCT_DEFINITION_SHAPE('Placement','Placement of an item',
  #17949);
#17949 = NEXT_ASSEMBLY_USAGE_OCCURRENCE('6','=>[0:1:1:6]','',#5,#17406,$
  );
#17950 = PRODUCT_RELATED_PRODUCT_CATEGORY('part',$,(#17408));
#17951 = REPRESENTATION('material name',(#17952),#16492);
#17952 = DESCRIPTIVE_REPRESENTATION_ITEM('Generic','Generic');
#17953 = DERIVED_UNIT((#17954,#17956));
#17954 = DERIVED_UNIT_ELEMENT(#17955,3.);
#17955 = ( MASS_UNIT() NAMED_UNIT(*) SI_UNIT($,.GRAM.) );
#17956 = DERIVED_UNIT_ELEMENT(#17957,2.);
#17957 = ( LENGTH_UNIT() NAMED_UNIT(*) SI_UNIT(.CENTI.,.METRE.) );
#17958 = REPRESENTATION('density',(#17959),#16492);
#17959 = MEASURE_REPRESENTATION_ITEM('density measure',
  POSITIVE_RATIO_MEASURE(1.),#17953);
#17960 = PROPERTY_DEFINITION('material property','material name',#62);
#17961 = PROPERTY_DEFINITION_REPRESENTATION(#17960,#17951);
#17962 = PROPERTY_DEFINITION('material property','density',#62);
#17963 = PROPERTY_DEFINITION_REPRESENTATION(#17962,#17958);
#17964 = MECHANICAL_DESIGN_GEOMETRIC_PRESENTATION_REPRESENTATION('',(
    #17965,#17973,#17980,#17987,#17994,#18001,#18008,#18015,#18022,
    #18029,#18036,#18044,#18051,#18058,#18065,#18072,#18079,#18086,
    #18093,#18100,#18107,#18114,#18121,#18128,#18135,#18142,#18149,
    #18156),#17388);
#17965 = STYLED_ITEM('color',(#17966),#16536);
#17966 = PRESENTATION_STYLE_ASSIGNMENT((#17967));
#17967 = SURFACE_STYLE_USAGE(.BOTH.,#17968);
#17968 = SURFACE_SIDE_STYLE('',(#17969));
#17969 = SURFACE_STYLE_FILL_AREA(#17970);
#17970 = FILL_AREA_STYLE('',(#17971));
#17971 = FILL_AREA_STYLE_COLOUR('',#17972);
#17972 = COLOUR_RGB('',0.823999987314,0.819999987296,0.781000009244);
#17973 = STYLED_ITEM('color',(#17974),#16612);
#17974 = PRESENTATION_STYLE_ASSIGNMENT((#17975));
#17975 = SURFACE_STYLE_USAGE(.BOTH.,#17976);
#17976 = SURFACE_SIDE_STYLE('',(#17977));
#17977 = SURFACE_STYLE_FILL_AREA(#17978);
#17978 = FILL_AREA_STYLE('',(#17979));
#17979 = FILL_AREA_STYLE_COLOUR('',#17972);
#17980 = STYLED_ITEM('color',(#17981),#16643);
#17981 = PRESENTATION_STYLE_ASSIGNMENT((#17982));
#17982 = SURFACE_STYLE_USAGE(.BOTH.,#17983);
#17983 = SURFACE_SIDE_STYLE('',(#17984));
#17984 = SURFACE_STYLE_FILL_AREA(#17985);
#17985 = FILL_AREA_STYLE('',(#17986));
#17986 = FILL_AREA_STYLE_COLOUR('',#17972);
#17987 = STYLED_ITEM('color',(#17988),#16668);
#17988 = PRESENTATION_STYLE_ASSIGNMENT((#17989));
#17989 = SURFACE_STYLE_USAGE(.BOTH.,#17990);
#17990 = SURFACE_SIDE_STYLE('',(#17991));
#17991 = SURFACE_STYLE_FILL_AREA(#17992);
#17992 = FILL_AREA_STYLE('',(#17993));
#17993 = FILL_AREA_STYLE_COLOUR('',#17972);
#17994 = STYLED_ITEM('color',(#17995),#16693);
#17995 = PRESENTATION_STYLE_ASSIGNMENT((#17996));
#17996 = SURFACE_STYLE_USAGE(.BOTH.,#17997);
#17997 = SURFACE_SIDE_STYLE('',(#17998));
#17998 = SURFACE_STYLE_FILL_AREA(#17999);
#17999 = FILL_AREA_STYLE('',(#18000));
#18000 = FILL_AREA_STYLE_COLOUR('',#17972);
#18001 = STYLED_ITEM('color',(#18002),#16717);
#18002 = PRESENTATION_STYLE_ASSIGNMENT((#18003));
#18003 = SURFACE_STYLE_USAGE(.BOTH.,#18004);
#18004 = SURFACE_SIDE_STYLE('',(#18005));
#18005 = SURFACE_STYLE_FILL_AREA(#18006);
#18006 = FILL_AREA_STYLE('',(#18007));
#18007 = FILL_AREA_STYLE_COLOUR('',#17972);
#18008 = STYLED_ITEM('color',(#18009),#16741);
#18009 = PRESENTATION_STYLE_ASSIGNMENT((#18010));
#18010 = SURFACE_STYLE_USAGE(.BOTH.,#18011);
#18011 = SURFACE_SIDE_STYLE('',(#18012));
#18012 = SURFACE_STYLE_FILL_AREA(#18013);
#18013 = FILL_AREA_STYLE('',(#18014));
#18014 = FILL_AREA_STYLE_COLOUR('',#17972);
#18015 = STYLED_ITEM('color',(#18016),#16766);
#18016 = PRESENTATION_STYLE_ASSIGNMENT((#18017));
#18017 = SURFACE_STYLE_USAGE(.BOTH.,#18018);
#18018 = SURFACE_SIDE_STYLE('',(#18019));
#18019 = SURFACE_STYLE_FILL_AREA(#18020);
#18020 = FILL_AREA_STYLE('',(#18021));
#18021 = FILL_AREA_STYLE_COLOUR('',#17972);
#18022 = STYLED_ITEM('color',(#18023),#16791);
#18023 = PRESENTATION_STYLE_ASSIGNMENT((#18024));
#18024 = SURFACE_STYLE_USAGE(.BOTH.,#18025);
#18025 = SURFACE_SIDE_STYLE('',(#18026));
#18026 = SURFACE_STYLE_FILL_AREA(#18027);
#18027 = FILL_AREA_STYLE('',(#18028));
#18028 = FILL_AREA_STYLE_COLOUR('',#17972);
#18029 = STYLED_ITEM('color',(#18030),#16808);
#18030 = PRESENTATION_STYLE_ASSIGNMENT((#18031));
#18031 = SURFACE_STYLE_USAGE(.BOTH.,#18032);
#18032 = SURFACE_SIDE_STYLE('',(#18033));
#18033 = SURFACE_STYLE_FILL_AREA(#18034);
#18034 = FILL_AREA_STYLE('',(#18035));
#18035 = FILL_AREA_STYLE_COLOUR('',#17972);
#18036 = STYLED_ITEM('color',(#18037),#16894);
#18037 = PRESENTATION_STYLE_ASSIGNMENT((#18038));
#18038 = SURFACE_STYLE_USAGE(.BOTH.,#18039);
#18039 = SURFACE_SIDE_STYLE('',(#18040));
#18040 = SURFACE_STYLE_FILL_AREA(#18041);
#18041 = FILL_AREA_STYLE('',(#18042));
#18042 = FILL_AREA_STYLE_COLOUR('',#18043);
#18043 = COLOUR_RGB('',0.379000005575,0.270000008848,0.214999999939);
#18044 = STYLED_ITEM('color',(#18045),#16926);
#18045 = PRESENTATION_STYLE_ASSIGNMENT((#18046));
#18046 = SURFACE_STYLE_USAGE(.BOTH.,#18047);
#18047 = SURFACE_SIDE_STYLE('',(#18048));
#18048 = SURFACE_STYLE_FILL_AREA(#18049);
#18049 = FILL_AREA_STYLE('',(#18050));
#18050 = FILL_AREA_STYLE_COLOUR('',#18043);
#18051 = STYLED_ITEM('color',(#18052),#16950);
#18052 = PRESENTATION_STYLE_ASSIGNMENT((#18053));
#18053 = SURFACE_STYLE_USAGE(.BOTH.,#18054);
#18054 = SURFACE_SIDE_STYLE('',(#18055));
#18055 = SURFACE_STYLE_FILL_AREA(#18056);
#18056 = FILL_AREA_STYLE('',(#18057));
#18057 = FILL_AREA_STYLE_COLOUR('',#18043);
#18058 = STYLED_ITEM('color',(#18059),#16975);
#18059 = PRESENTATION_STYLE_ASSIGNMENT((#18060));
#18060 = SURFACE_STYLE_USAGE(.BOTH.,#18061);
#18061 = SURFACE_SIDE_STYLE('',(#18062));
#18062 = SURFACE_STYLE_FILL_AREA(#18063);
#18063 = FILL_AREA_STYLE('',(#18064));
#18064 = FILL_AREA_STYLE_COLOUR('',#18043);
#18065 = STYLED_ITEM('color',(#18066),#16999);
#18066 = PRESENTATION_STYLE_ASSIGNMENT((#18067));
#18067 = SURFACE_STYLE_USAGE(.BOTH.,#18068);
#18068 = SURFACE_SIDE_STYLE('',(#18069));
#18069 = SURFACE_STYLE_FILL_AREA(#18070);
#18070 = FILL_AREA_STYLE('',(#18071));
#18071 = FILL_AREA_STYLE_COLOUR('',#18043);
#18072 = STYLED_ITEM('color',(#18073),#17024);
#18073 = PRESENTATION_STYLE_ASSIGNMENT((#18074));
#18074 = SURFACE_STYLE_USAGE(.BOTH.,#18075);
#18075 = SURFACE_SIDE_STYLE('',(#18076));
#18076 = SURFACE_STYLE_FILL_AREA(#18077);
#18077 = FILL_AREA_STYLE('',(#18078));
#18078 = FILL_AREA_STYLE_COLOUR('',#18043);
#18079 = STYLED_ITEM('color',(#18080),#17048);
#18080 = PRESENTATION_STYLE_ASSIGNMENT((#18081));
#18081 = SURFACE_STYLE_USAGE(.BOTH.,#18082);
#18082 = SURFACE_SIDE_STYLE('',(#18083));
#18083 = SURFACE_STYLE_FILL_AREA(#18084);
#18084 = FILL_AREA_STYLE('',(#18085));
#18085 = FILL_AREA_STYLE_COLOUR('',#18043);
#18086 = STYLED_ITEM('color',(#18087),#17073);
#18087 = PRESENTATION_STYLE_ASSIGNMENT((#18088));
#18088 = SURFACE_STYLE_USAGE(.BOTH.,#18089);
#18089 = SURFACE_SIDE_STYLE('',(#18090));
#18090 = SURFACE_STYLE_FILL_AREA(#18091);
#18091 = FILL_AREA_STYLE('',(#18092));
#18092 = FILL_AREA_STYLE_COLOUR('',#18043);
#18093 = STYLED_ITEM('color',(#18094),#17090);
#18094 = PRESENTATION_STYLE_ASSIGNMENT((#18095));
#18095 = SURFACE_STYLE_USAGE(.BOTH.,#18096);
#18096 = SURFACE_SIDE_STYLE('',(#18097));
#18097 = SURFACE_STYLE_FILL_AREA(#18098);
#18098 = FILL_AREA_STYLE('',(#18099));
#18099 = FILL_AREA_STYLE_COLOUR('',#17972);
#18100 = STYLED_ITEM('color',(#18101),#17176);
#18101 = PRESENTATION_STYLE_ASSIGNMENT((#18102));
#18102 = SURFACE_STYLE_USAGE(.BOTH.,#18103);
#18103 = SURFACE_SIDE_STYLE('',(#18104));
#18104 = SURFACE_STYLE_FILL_AREA(#18105);
#18105 = FILL_AREA_STYLE('',(#18106));
#18106 = FILL_AREA_STYLE_COLOUR('',#17972);
#18107 = STYLED_ITEM('color',(#18108),#17207);
#18108 = PRESENTATION_STYLE_ASSIGNMENT((#18109));
#18109 = SURFACE_STYLE_USAGE(.BOTH.,#18110);
#18110 = SURFACE_SIDE_STYLE('',(#18111));
#18111 = SURFACE_STYLE_FILL_AREA(#18112);
#18112 = FILL_AREA_STYLE('',(#18113));
#18113 = FILL_AREA_STYLE_COLOUR('',#17972);
#18114 = STYLED_ITEM('color',(#18115),#17232);
#18115 = PRESENTATION_STYLE_ASSIGNMENT((#18116));
#18116 = SURFACE_STYLE_USAGE(.BOTH.,#18117);
#18117 = SURFACE_SIDE_STYLE('',(#18118));
#18118 = SURFACE_STYLE_FILL_AREA(#18119);
#18119 = FILL_AREA_STYLE('',(#18120));
#18120 = FILL_AREA_STYLE_COLOUR('',#17972);
#18121 = STYLED_ITEM('color',(#18122),#17257);
#18122 = PRESENTATION_STYLE_ASSIGNMENT((#18123));
#18123 = SURFACE_STYLE_USAGE(.BOTH.,#18124);
#18124 = SURFACE_SIDE_STYLE('',(#18125));
#18125 = SURFACE_STYLE_FILL_AREA(#18126);
#18126 = FILL_AREA_STYLE('',(#18127));
#18127 = FILL_AREA_STYLE_COLOUR('',#17972);
#18128 = STYLED_ITEM('color',(#18129),#17281);
#18129 = PRESENTATION_STYLE_ASSIGNMENT((#18130));
#18130 = SURFACE_STYLE_USAGE(.BOTH.,#18131);
#18131 = SURFACE_SIDE_STYLE('',(#18132));
#18132 = SURFACE_STYLE_FILL_AREA(#18133);
#18133 = FILL_AREA_STYLE('',(#18134));
#18134 = FILL_AREA_STYLE_COLOUR('',#17972);
#18135 = STYLED_ITEM('color',(#18136),#17305);
#18136 = PRESENTATION_STYLE_ASSIGNMENT((#18137));
#18137 = SURFACE_STYLE_USAGE(.BOTH.,#18138);
#18138 = SURFACE_SIDE_STYLE('',(#18139));
#18139 = SURFACE_STYLE_FILL_AREA(#18140);
#18140 = FILL_AREA_STYLE('',(#18141));
#18141 = FILL_AREA_STYLE_COLOUR('',#17972);
#18142 = STYLED_ITEM('color',(#18143),#17330);
#18143 = PRESENTATION_STYLE_ASSIGNMENT((#18144));
#18144 = SURFACE_STYLE_USAGE(.BOTH.,#18145);
#18145 = SURFACE_SIDE_STYLE('',(#18146));
#18146 = SURFACE_STYLE_FILL_AREA(#18147);
#18147 = FILL_AREA_STYLE('',(#18148));
#18148 = FILL_AREA_STYLE_COLOUR('',#17972);
#18149 = STYLED_ITEM('color',(#18150),#17355);
#18150 = PRESENTATION_STYLE_ASSIGNMENT((#18151));
#18151 = SURFACE_STYLE_USAGE(.BOTH.,#18152);
#18152 = SURFACE_SIDE_STYLE('',(#18153));
#18153 = SURFACE_STYLE_FILL_AREA(#18154);
#18154 = FILL_AREA_STYLE('',(#18155));
#18155 = FILL_AREA_STYLE_COLOUR('',#17972);
#18156 = STYLED_ITEM('color',(#18157),#17372);
#18157 = PRESENTATION_STYLE_ASSIGNMENT((#18158));
#18158 = SURFACE_STYLE_USAGE(.BOTH.,#18159);
#18159 = SURFACE_SIDE_STYLE('',(#18160));
#18160 = SURFACE_STYLE_FILL_AREA(#18161);
#18161 = FILL_AREA_STYLE('',(#18162));
#18162 = FILL_AREA_STYLE_COLOUR('',#17972);
#18163 = MECHANICAL_DESIGN_GEOMETRIC_PRESENTATION_REPRESENTATION('',(
    #18164),#17940);
#18164 = STYLED_ITEM('color',(#18165),#17412);
#18165 = PRESENTATION_STYLE_ASSIGNMENT((#18166));
#18166 = SURFACE_STYLE_USAGE(.BOTH.,#18167);
#18167 = SURFACE_SIDE_STYLE('',(#18168));
#18168 = SURFACE_STYLE_FILL_AREA(#18169);
#18169 = FILL_AREA_STYLE('',(#18170));
#18170 = FILL_AREA_STYLE_COLOUR('',#18171);
#18171 = COLOUR_RGB('',0.313304153717,0.484529207832,0.410020903123);
#18172 = MECHANICAL_DESIGN_GEOMETRIC_PRESENTATION_REPRESENTATION('',(
    #18173,#18181,#18189,#18196,#18203,#18210,#18217,#18224,#18231,
    #18238,#18245,#18252,#18259,#18266,#18273,#18280,#18287,#18294,
    #18301,#18308,#18315,#18322,#18329,#18336,#18343,#18350,#18357,
    #18364,#18371,#18378,#18385,#18392,#18399,#18406,#18413,#18420,
    #18427,#18434,#18441,#18448,#18455,#18462,#18469,#18476,#18483,
    #18490,#18497,#18504,#18511,#18518,#18525,#18532,#18539,#18546,
    #18553,#18560,#18567,#18574,#18581,#18588,#18595,#18602,#18609,
    #18616,#18623,#18630,#18637,#18644,#18651,#18658,#18665,#18672,
    #18679,#18686,#18693,#18700,#18707,#18714,#18721,#18728,#18735,
    #18742,#18749,#18756,#18763,#18770,#18777,#18784,#18791,#18798,
    #18805,#18812,#18819,#18826,#18833,#18840,#18847,#18854,#18861,
    #18868,#18875,#18882,#18889,#18896,#18903,#18910,#18917,#18924,
    #18931,#18938,#18945,#18952,#18959,#18966,#18973,#18980,#18987,
    #18994,#19001,#19008,#19015,#19022,#19029,#19036,#19043,#19050,
    #19057,#19064,#19071,#19078,#19085,#19092,#19099,#19106,#19113,
    #19120,#19127,#19134,#19141,#19149,#19156,#19163,#19170,#19177,
    #19184,#19191,#19198,#19205,#19212,#19219,#19226,#19233,#19240,
    #19247,#19254,#19261,#19268,#19275,#19282,#19289,#19296,#19303,
    #19310,#19317,#19324,#19331,#19338,#19345,#19352,#19359,#19366,
    #19373,#19380,#19387,#19394,#19401,#19408,#19415,#19422,#19429,
    #19436,#19443,#19450,#19457,#19464,#19471,#19478,#19485,#19492,
    #19499,#19506,#19513,#19520,#19527,#19534,#19541,#19548,#19555,
    #19562,#19569,#19576,#19583,#19590,#19597,#19604,#19611,#19618,
    #19625,#19632,#19639,#19646,#19653,#19660,#19667,#19674,#19681,
    #19688,#19695,#19702,#19709,#19716,#19723,#19730,#19737,#19744,
    #19751,#19758,#19765,#19772,#19779,#19786,#19793,#19800,#19808,
    #19815,#19822,#19829,#19836,#19843,#19850,#19857,#19864,#19871,
    #19878,#19885,#19892,#19899,#19906,#19913,#19920,#19927,#19934,
    #19941,#19948,#19955,#19962,#19969,#19976,#19983,#19990,#19997,
    #20004,#20011,#20018,#20025,#20032,#20039,#20046,#20053,#20060,
    #20067,#20074,#20081,#20088,#20095,#20102,#20109,#20116,#20123,
    #20130,#20137,#20144,#20151,#20158,#20165,#20172,#20179,#20186,
    #20193,#20200,#20207,#20214,#20221,#20228,#20235,#20242,#20249,
    #20256,#20263,#20270,#20277,#20284,#20291,#20298,#20305,#20312,
    #20319,#20326,#20333,#20340,#20347,#20354,#20361,#20368,#20375,
    #20382,#20389,#20396,#20403,#20410,#20417,#20424,#20431,#20438,
    #20445,#20452,#20459,#20466,#20473,#20480,#20487,#20494,#20501,
    #20508,#20515,#20522,#20529,#20536,#20543,#20550,#20557,#20564,
    #20571,#20578,#20585,#20592,#20599,#20606,#20613,#20620,#20627,
    #20634,#20641,#20648,#20655,#20662,#20669,#20676,#20683,#20690,
    #20697,#20704,#20711,#20718,#20725,#20732,#20739,#20746,#20753,
    #20760,#20767,#20774,#20781,#20788,#20795,#20803,#20810,#20817,
    #20824,#20831,#20838,#20845,#20852,#20859,#20866,#20873,#20880,
    #20887,#20894,#20901,#20908,#20915,#20922,#20929,#20936,#20943,
    #20950,#20957,#20964,#20971,#20978,#20985,#20992,#20999,#21006,
    #21013,#21020,#21027,#21034,#21041,#21048,#21055,#21062,#21069,
    #21076,#21083,#21090,#21097,#21104,#21111,#21118,#21125,#21132,
    #21139,#21146,#21153,#21160,#21167,#21174,#21181,#21188,#21195,
    #21202,#21209,#21216,#21223,#21230,#21237,#21244,#21251,#21258,
    #21265,#21272,#21279,#21286,#21293,#21300,#21307,#21314,#21321,
    #21328,#21335,#21342,#21349,#21356,#21363,#21370,#21377,#21384,
    #21391,#21398,#21405,#21412,#21419,#21426,#21433,#21440,#21447,
    #21454,#21461,#21468,#21475,#21482,#21489,#21496,#21503,#21510,
    #21517,#21524,#21531,#21538,#21545,#21552,#21559,#21566,#21573,
    #21580,#21587,#21594,#21601,#21608,#21615,#21622,#21629,#21636,
    #21643,#21650,#21657,#21664,#21671,#21678,#21685,#21692,#21699,
    #21706,#21713,#21720),#16492);
#18173 = STYLED_ITEM('color',(#18174),#68);
#18174 = PRESENTATION_STYLE_ASSIGNMENT((#18175));
#18175 = SURFACE_STYLE_USAGE(.BOTH.,#18176);
#18176 = SURFACE_SIDE_STYLE('',(#18177));
#18177 = SURFACE_STYLE_FILL_AREA(#18178);
#18178 = FILL_AREA_STYLE('',(#18179));
#18179 = FILL_AREA_STYLE_COLOUR('',#18180);
#18180 = COLOUR_RGB('',0.749019597622,0.749019597622,0.749019597622);
#18181 = OVER_RIDING_STYLED_ITEM('overriding color',(#18182),#70,#18173
  );
#18182 = PRESENTATION_STYLE_ASSIGNMENT((#18183));
#18183 = SURFACE_STYLE_USAGE(.BOTH.,#18184);
#18184 = SURFACE_SIDE_STYLE('',(#18185));
#18185 = SURFACE_STYLE_FILL_AREA(#18186);
#18186 = FILL_AREA_STYLE('',(#18187));
#18187 = FILL_AREA_STYLE_COLOUR('',#18188);
#18188 = DRAUGHTING_PRE_DEFINED_COLOUR('black');
#18189 = OVER_RIDING_STYLED_ITEM('overriding color',(#18190),#129,#18173
  );
#18190 = PRESENTATION_STYLE_ASSIGNMENT((#18191));
#18191 = SURFACE_STYLE_USAGE(.BOTH.,#18192);
#18192 = SURFACE_SIDE_STYLE('',(#18193));
#18193 = SURFACE_STYLE_FILL_AREA(#18194);
#18194 = FILL_AREA_STYLE('',(#18195));
#18195 = FILL_AREA_STYLE_COLOUR('',#18188);
#18196 = OVER_RIDING_STYLED_ITEM('overriding color',(#18197),#188,#18173
  );
#18197 = PRESENTATION_STYLE_ASSIGNMENT((#18198));
#18198 = SURFACE_STYLE_USAGE(.BOTH.,#18199);
#18199 = SURFACE_SIDE_STYLE('',(#18200));
#18200 = SURFACE_STYLE_FILL_AREA(#18201);
#18201 = FILL_AREA_STYLE('',(#18202));
#18202 = FILL_AREA_STYLE_COLOUR('',#18188);
#18203 = OVER_RIDING_STYLED_ITEM('overriding color',(#18204),#252,#18173
  );
#18204 = PRESENTATION_STYLE_ASSIGNMENT((#18205));
#18205 = SURFACE_STYLE_USAGE(.BOTH.,#18206);
#18206 = SURFACE_SIDE_STYLE('',(#18207));
#18207 = SURFACE_STYLE_FILL_AREA(#18208);
#18208 = FILL_AREA_STYLE('',(#18209));
#18209 = FILL_AREA_STYLE_COLOUR('',#18188);
#18210 = OVER_RIDING_STYLED_ITEM('overriding color',(#18211),#316,#18173
  );
#18211 = PRESENTATION_STYLE_ASSIGNMENT((#18212));
#18212 = SURFACE_STYLE_USAGE(.BOTH.,#18213);
#18213 = SURFACE_SIDE_STYLE('',(#18214));
#18214 = SURFACE_STYLE_FILL_AREA(#18215);
#18215 = FILL_AREA_STYLE('',(#18216));
#18216 = FILL_AREA_STYLE_COLOUR('',#18188);
#18217 = OVER_RIDING_STYLED_ITEM('overriding color',(#18218),#356,#18173
  );
#18218 = PRESENTATION_STYLE_ASSIGNMENT((#18219));
#18219 = SURFACE_STYLE_USAGE(.BOTH.,#18220);
#18220 = SURFACE_SIDE_STYLE('',(#18221));
#18221 = SURFACE_STYLE_FILL_AREA(#18222);
#18222 = FILL_AREA_STYLE('',(#18223));
#18223 = FILL_AREA_STYLE_COLOUR('',#18188);
#18224 = OVER_RIDING_STYLED_ITEM('overriding color',(#18225),#396,#18173
  );
#18225 = PRESENTATION_STYLE_ASSIGNMENT((#18226));
#18226 = SURFACE_STYLE_USAGE(.BOTH.,#18227);
#18227 = SURFACE_SIDE_STYLE('',(#18228));
#18228 = SURFACE_STYLE_FILL_AREA(#18229);
#18229 = FILL_AREA_STYLE('',(#18230));
#18230 = FILL_AREA_STYLE_COLOUR('',#18188);
#18231 = OVER_RIDING_STYLED_ITEM('overriding color',(#18232),#436,#18173
  );
#18232 = PRESENTATION_STYLE_ASSIGNMENT((#18233));
#18233 = SURFACE_STYLE_USAGE(.BOTH.,#18234);
#18234 = SURFACE_SIDE_STYLE('',(#18235));
#18235 = SURFACE_STYLE_FILL_AREA(#18236);
#18236 = FILL_AREA_STYLE('',(#18237));
#18237 = FILL_AREA_STYLE_COLOUR('',#18188);
#18238 = OVER_RIDING_STYLED_ITEM('overriding color',(#18239),#478,#18173
  );
#18239 = PRESENTATION_STYLE_ASSIGNMENT((#18240));
#18240 = SURFACE_STYLE_USAGE(.BOTH.,#18241);
#18241 = SURFACE_SIDE_STYLE('',(#18242));
#18242 = SURFACE_STYLE_FILL_AREA(#18243);
#18243 = FILL_AREA_STYLE('',(#18244));
#18244 = FILL_AREA_STYLE_COLOUR('',#18188);
#18245 = OVER_RIDING_STYLED_ITEM('overriding color',(#18246),#556,#18173
  );
#18246 = PRESENTATION_STYLE_ASSIGNMENT((#18247));
#18247 = SURFACE_STYLE_USAGE(.BOTH.,#18248);
#18248 = SURFACE_SIDE_STYLE('',(#18249));
#18249 = SURFACE_STYLE_FILL_AREA(#18250);
#18250 = FILL_AREA_STYLE('',(#18251));
#18251 = FILL_AREA_STYLE_COLOUR('',#18188);
#18252 = OVER_RIDING_STYLED_ITEM('overriding color',(#18253),#647,#18173
  );
#18253 = PRESENTATION_STYLE_ASSIGNMENT((#18254));
#18254 = SURFACE_STYLE_USAGE(.BOTH.,#18255);
#18255 = SURFACE_SIDE_STYLE('',(#18256));
#18256 = SURFACE_STYLE_FILL_AREA(#18257);
#18257 = FILL_AREA_STYLE('',(#18258));
#18258 = FILL_AREA_STYLE_COLOUR('',#18188);
#18259 = OVER_RIDING_STYLED_ITEM('overriding color',(#18260),#673,#18173
  );
#18260 = PRESENTATION_STYLE_ASSIGNMENT((#18261));
#18261 = SURFACE_STYLE_USAGE(.BOTH.,#18262);
#18262 = SURFACE_SIDE_STYLE('',(#18263));
#18263 = SURFACE_STYLE_FILL_AREA(#18264);
#18264 = FILL_AREA_STYLE('',(#18265));
#18265 = FILL_AREA_STYLE_COLOUR('',#18188);
#18266 = OVER_RIDING_STYLED_ITEM('overriding color',(#18267),#764,#18173
  );
#18267 = PRESENTATION_STYLE_ASSIGNMENT((#18268));
#18268 = SURFACE_STYLE_USAGE(.BOTH.,#18269);
#18269 = SURFACE_SIDE_STYLE('',(#18270));
#18270 = SURFACE_STYLE_FILL_AREA(#18271);
#18271 = FILL_AREA_STYLE('',(#18272));
#18272 = FILL_AREA_STYLE_COLOUR('',#18188);
#18273 = OVER_RIDING_STYLED_ITEM('overriding color',(#18274),#788,#18173
  );
#18274 = PRESENTATION_STYLE_ASSIGNMENT((#18275));
#18275 = SURFACE_STYLE_USAGE(.BOTH.,#18276);
#18276 = SURFACE_SIDE_STYLE('',(#18277));
#18277 = SURFACE_STYLE_FILL_AREA(#18278);
#18278 = FILL_AREA_STYLE('',(#18279));
#18279 = FILL_AREA_STYLE_COLOUR('',#18188);
#18280 = OVER_RIDING_STYLED_ITEM('overriding color',(#18281),#827,#18173
  );
#18281 = PRESENTATION_STYLE_ASSIGNMENT((#18282));
#18282 = SURFACE_STYLE_USAGE(.BOTH.,#18283);
#18283 = SURFACE_SIDE_STYLE('',(#18284));
#18284 = SURFACE_STYLE_FILL_AREA(#18285);
#18285 = FILL_AREA_STYLE('',(#18286));
#18286 = FILL_AREA_STYLE_COLOUR('',#18188);
#18287 = OVER_RIDING_STYLED_ITEM('overriding color',(#18288),#846,#18173
  );
#18288 = PRESENTATION_STYLE_ASSIGNMENT((#18289));
#18289 = SURFACE_STYLE_USAGE(.BOTH.,#18290);
#18290 = SURFACE_SIDE_STYLE('',(#18291));
#18291 = SURFACE_STYLE_FILL_AREA(#18292);
#18292 = FILL_AREA_STYLE('',(#18293));
#18293 = FILL_AREA_STYLE_COLOUR('',#18188);
#18294 = OVER_RIDING_STYLED_ITEM('overriding color',(#18295),#864,#18173
  );
#18295 = PRESENTATION_STYLE_ASSIGNMENT((#18296));
#18296 = SURFACE_STYLE_USAGE(.BOTH.,#18297);
#18297 = SURFACE_SIDE_STYLE('',(#18298));
#18298 = SURFACE_STYLE_FILL_AREA(#18299);
#18299 = FILL_AREA_STYLE('',(#18300));
#18300 = FILL_AREA_STYLE_COLOUR('',#18188);
#18301 = OVER_RIDING_STYLED_ITEM('overriding color',(#18302),#896,#18173
  );
#18302 = PRESENTATION_STYLE_ASSIGNMENT((#18303));
#18303 = SURFACE_STYLE_USAGE(.BOTH.,#18304);
#18304 = SURFACE_SIDE_STYLE('',(#18305));
#18305 = SURFACE_STYLE_FILL_AREA(#18306);
#18306 = FILL_AREA_STYLE('',(#18307));
#18307 = FILL_AREA_STYLE_COLOUR('',#18188);
#18308 = OVER_RIDING_STYLED_ITEM('overriding color',(#18309),#913,#18173
  );
#18309 = PRESENTATION_STYLE_ASSIGNMENT((#18310));
#18310 = SURFACE_STYLE_USAGE(.BOTH.,#18311);
#18311 = SURFACE_SIDE_STYLE('',(#18312));
#18312 = SURFACE_STYLE_FILL_AREA(#18313);
#18313 = FILL_AREA_STYLE('',(#18314));
#18314 = FILL_AREA_STYLE_COLOUR('',#18188);
#18315 = OVER_RIDING_STYLED_ITEM('overriding color',(#18316),#941,#18173
  );
#18316 = PRESENTATION_STYLE_ASSIGNMENT((#18317));
#18317 = SURFACE_STYLE_USAGE(.BOTH.,#18318);
#18318 = SURFACE_SIDE_STYLE('',(#18319));
#18319 = SURFACE_STYLE_FILL_AREA(#18320);
#18320 = FILL_AREA_STYLE('',(#18321));
#18321 = FILL_AREA_STYLE_COLOUR('',#18188);
#18322 = OVER_RIDING_STYLED_ITEM('overriding color',(#18323),#985,#18173
  );
#18323 = PRESENTATION_STYLE_ASSIGNMENT((#18324));
#18324 = SURFACE_STYLE_USAGE(.BOTH.,#18325);
#18325 = SURFACE_SIDE_STYLE('',(#18326));
#18326 = SURFACE_STYLE_FILL_AREA(#18327);
#18327 = FILL_AREA_STYLE('',(#18328));
#18328 = FILL_AREA_STYLE_COLOUR('',#18188);
#18329 = OVER_RIDING_STYLED_ITEM('overriding color',(#18330),#1003,
  #18173);
#18330 = PRESENTATION_STYLE_ASSIGNMENT((#18331));
#18331 = SURFACE_STYLE_USAGE(.BOTH.,#18332);
#18332 = SURFACE_SIDE_STYLE('',(#18333));
#18333 = SURFACE_STYLE_FILL_AREA(#18334);
#18334 = FILL_AREA_STYLE('',(#18335));
#18335 = FILL_AREA_STYLE_COLOUR('',#18188);
#18336 = OVER_RIDING_STYLED_ITEM('overriding color',(#18337),#1013,
  #18173);
#18337 = PRESENTATION_STYLE_ASSIGNMENT((#18338));
#18338 = SURFACE_STYLE_USAGE(.BOTH.,#18339);
#18339 = SURFACE_SIDE_STYLE('',(#18340));
#18340 = SURFACE_STYLE_FILL_AREA(#18341);
#18341 = FILL_AREA_STYLE('',(#18342));
#18342 = FILL_AREA_STYLE_COLOUR('',#18188);
#18343 = OVER_RIDING_STYLED_ITEM('overriding color',(#18344),#1064,
  #18173);
#18344 = PRESENTATION_STYLE_ASSIGNMENT((#18345));
#18345 = SURFACE_STYLE_USAGE(.BOTH.,#18346);
#18346 = SURFACE_SIDE_STYLE('',(#18347));
#18347 = SURFACE_STYLE_FILL_AREA(#18348);
#18348 = FILL_AREA_STYLE('',(#18349));
#18349 = FILL_AREA_STYLE_COLOUR('',#18188);
#18350 = OVER_RIDING_STYLED_ITEM('overriding color',(#18351),#1089,
  #18173);
#18351 = PRESENTATION_STYLE_ASSIGNMENT((#18352));
#18352 = SURFACE_STYLE_USAGE(.BOTH.,#18353);
#18353 = SURFACE_SIDE_STYLE('',(#18354));
#18354 = SURFACE_STYLE_FILL_AREA(#18355);
#18355 = FILL_AREA_STYLE('',(#18356));
#18356 = FILL_AREA_STYLE_COLOUR('',#18188);
#18357 = OVER_RIDING_STYLED_ITEM('overriding color',(#18358),#1173,
  #18173);
#18358 = PRESENTATION_STYLE_ASSIGNMENT((#18359));
#18359 = SURFACE_STYLE_USAGE(.BOTH.,#18360);
#18360 = SURFACE_SIDE_STYLE('',(#18361));
#18361 = SURFACE_STYLE_FILL_AREA(#18362);
#18362 = FILL_AREA_STYLE('',(#18363));
#18363 = FILL_AREA_STYLE_COLOUR('',#18188);
#18364 = OVER_RIDING_STYLED_ITEM('overriding color',(#18365),#1245,
  #18173);
#18365 = PRESENTATION_STYLE_ASSIGNMENT((#18366));
#18366 = SURFACE_STYLE_USAGE(.BOTH.,#18367);
#18367 = SURFACE_SIDE_STYLE('',(#18368));
#18368 = SURFACE_STYLE_FILL_AREA(#18369);
#18369 = FILL_AREA_STYLE('',(#18370));
#18370 = FILL_AREA_STYLE_COLOUR('',#18188);
#18371 = OVER_RIDING_STYLED_ITEM('overriding color',(#18372),#1269,
  #18173);
#18372 = PRESENTATION_STYLE_ASSIGNMENT((#18373));
#18373 = SURFACE_STYLE_USAGE(.BOTH.,#18374);
#18374 = SURFACE_SIDE_STYLE('',(#18375));
#18375 = SURFACE_STYLE_FILL_AREA(#18376);
#18376 = FILL_AREA_STYLE('',(#18377));
#18377 = FILL_AREA_STYLE_COLOUR('',#18188);
#18378 = OVER_RIDING_STYLED_ITEM('overriding color',(#18379),#1334,
  #18173);
#18379 = PRESENTATION_STYLE_ASSIGNMENT((#18380));
#18380 = SURFACE_STYLE_USAGE(.BOTH.,#18381);
#18381 = SURFACE_SIDE_STYLE('',(#18382));
#18382 = SURFACE_STYLE_FILL_AREA(#18383);
#18383 = FILL_AREA_STYLE('',(#18384));
#18384 = FILL_AREA_STYLE_COLOUR('',#18188);
#18385 = OVER_RIDING_STYLED_ITEM('overriding color',(#18386),#1352,
  #18173);
#18386 = PRESENTATION_STYLE_ASSIGNMENT((#18387));
#18387 = SURFACE_STYLE_USAGE(.BOTH.,#18388);
#18388 = SURFACE_SIDE_STYLE('',(#18389));
#18389 = SURFACE_STYLE_FILL_AREA(#18390);
#18390 = FILL_AREA_STYLE('',(#18391));
#18391 = FILL_AREA_STYLE_COLOUR('',#18188);
#18392 = OVER_RIDING_STYLED_ITEM('overriding color',(#18393),#1370,
  #18173);
#18393 = PRESENTATION_STYLE_ASSIGNMENT((#18394));
#18394 = SURFACE_STYLE_USAGE(.BOTH.,#18395);
#18395 = SURFACE_SIDE_STYLE('',(#18396));
#18396 = SURFACE_STYLE_FILL_AREA(#18397);
#18397 = FILL_AREA_STYLE('',(#18398));
#18398 = FILL_AREA_STYLE_COLOUR('',#18188);
#18399 = OVER_RIDING_STYLED_ITEM('overriding color',(#18400),#1405,
  #18173);
#18400 = PRESENTATION_STYLE_ASSIGNMENT((#18401));
#18401 = SURFACE_STYLE_USAGE(.BOTH.,#18402);
#18402 = SURFACE_SIDE_STYLE('',(#18403));
#18403 = SURFACE_STYLE_FILL_AREA(#18404);
#18404 = FILL_AREA_STYLE('',(#18405));
#18405 = FILL_AREA_STYLE_COLOUR('',#18188);
#18406 = OVER_RIDING_STYLED_ITEM('overriding color',(#18407),#1423,
  #18173);
#18407 = PRESENTATION_STYLE_ASSIGNMENT((#18408));
#18408 = SURFACE_STYLE_USAGE(.BOTH.,#18409);
#18409 = SURFACE_SIDE_STYLE('',(#18410));
#18410 = SURFACE_STYLE_FILL_AREA(#18411);
#18411 = FILL_AREA_STYLE('',(#18412));
#18412 = FILL_AREA_STYLE_COLOUR('',#18188);
#18413 = OVER_RIDING_STYLED_ITEM('overriding color',(#18414),#1471,
  #18173);
#18414 = PRESENTATION_STYLE_ASSIGNMENT((#18415));
#18415 = SURFACE_STYLE_USAGE(.BOTH.,#18416);
#18416 = SURFACE_SIDE_STYLE('',(#18417));
#18417 = SURFACE_STYLE_FILL_AREA(#18418);
#18418 = FILL_AREA_STYLE('',(#18419));
#18419 = FILL_AREA_STYLE_COLOUR('',#18188);
#18420 = OVER_RIDING_STYLED_ITEM('overriding color',(#18421),#1540,
  #18173);
#18421 = PRESENTATION_STYLE_ASSIGNMENT((#18422));
#18422 = SURFACE_STYLE_USAGE(.BOTH.,#18423);
#18423 = SURFACE_SIDE_STYLE('',(#18424));
#18424 = SURFACE_STYLE_FILL_AREA(#18425);
#18425 = FILL_AREA_STYLE('',(#18426));
#18426 = FILL_AREA_STYLE_COLOUR('',#18188);
#18427 = OVER_RIDING_STYLED_ITEM('overriding color',(#18428),#1558,
  #18173);
#18428 = PRESENTATION_STYLE_ASSIGNMENT((#18429));
#18429 = SURFACE_STYLE_USAGE(.BOTH.,#18430);
#18430 = SURFACE_SIDE_STYLE('',(#18431));
#18431 = SURFACE_STYLE_FILL_AREA(#18432);
#18432 = FILL_AREA_STYLE('',(#18433));
#18433 = FILL_AREA_STYLE_COLOUR('',#18188);
#18434 = OVER_RIDING_STYLED_ITEM('overriding color',(#18435),#1576,
  #18173);
#18435 = PRESENTATION_STYLE_ASSIGNMENT((#18436));
#18436 = SURFACE_STYLE_USAGE(.BOTH.,#18437);
#18437 = SURFACE_SIDE_STYLE('',(#18438));
#18438 = SURFACE_STYLE_FILL_AREA(#18439);
#18439 = FILL_AREA_STYLE('',(#18440));
#18440 = FILL_AREA_STYLE_COLOUR('',#18188);
#18441 = OVER_RIDING_STYLED_ITEM('overriding color',(#18442),#1590,
  #18173);
#18442 = PRESENTATION_STYLE_ASSIGNMENT((#18443));
#18443 = SURFACE_STYLE_USAGE(.BOTH.,#18444);
#18444 = SURFACE_SIDE_STYLE('',(#18445));
#18445 = SURFACE_STYLE_FILL_AREA(#18446);
#18446 = FILL_AREA_STYLE('',(#18447));
#18447 = FILL_AREA_STYLE_COLOUR('',#18188);
#18448 = OVER_RIDING_STYLED_ITEM('overriding color',(#18449),#1743,
  #18173);
#18449 = PRESENTATION_STYLE_ASSIGNMENT((#18450));
#18450 = SURFACE_STYLE_USAGE(.BOTH.,#18451);
#18451 = SURFACE_SIDE_STYLE('',(#18452));
#18452 = SURFACE_STYLE_FILL_AREA(#18453);
#18453 = FILL_AREA_STYLE('',(#18454));
#18454 = FILL_AREA_STYLE_COLOUR('',#18188);
#18455 = OVER_RIDING_STYLED_ITEM('overriding color',(#18456),#1774,
  #18173);
#18456 = PRESENTATION_STYLE_ASSIGNMENT((#18457));
#18457 = SURFACE_STYLE_USAGE(.BOTH.,#18458);
#18458 = SURFACE_SIDE_STYLE('',(#18459));
#18459 = SURFACE_STYLE_FILL_AREA(#18460);
#18460 = FILL_AREA_STYLE('',(#18461));
#18461 = FILL_AREA_STYLE_COLOUR('',#18188);
#18462 = OVER_RIDING_STYLED_ITEM('overriding color',(#18463),#1798,
  #18173);
#18463 = PRESENTATION_STYLE_ASSIGNMENT((#18464));
#18464 = SURFACE_STYLE_USAGE(.BOTH.,#18465);
#18465 = SURFACE_SIDE_STYLE('',(#18466));
#18466 = SURFACE_STYLE_FILL_AREA(#18467);
#18467 = FILL_AREA_STYLE('',(#18468));
#18468 = FILL_AREA_STYLE_COLOUR('',#18188);
#18469 = OVER_RIDING_STYLED_ITEM('overriding color',(#18470),#1822,
  #18173);
#18470 = PRESENTATION_STYLE_ASSIGNMENT((#18471));
#18471 = SURFACE_STYLE_USAGE(.BOTH.,#18472);
#18472 = SURFACE_SIDE_STYLE('',(#18473));
#18473 = SURFACE_STYLE_FILL_AREA(#18474);
#18474 = FILL_AREA_STYLE('',(#18475));
#18475 = FILL_AREA_STYLE_COLOUR('',#18188);
#18476 = OVER_RIDING_STYLED_ITEM('overriding color',(#18477),#1839,
  #18173);
#18477 = PRESENTATION_STYLE_ASSIGNMENT((#18478));
#18478 = SURFACE_STYLE_USAGE(.BOTH.,#18479);
#18479 = SURFACE_SIDE_STYLE('',(#18480));
#18480 = SURFACE_STYLE_FILL_AREA(#18481);
#18481 = FILL_AREA_STYLE('',(#18482));
#18482 = FILL_AREA_STYLE_COLOUR('',#18188);
#18483 = OVER_RIDING_STYLED_ITEM('overriding color',(#18484),#1851,
  #18173);
#18484 = PRESENTATION_STYLE_ASSIGNMENT((#18485));
#18485 = SURFACE_STYLE_USAGE(.BOTH.,#18486);
#18486 = SURFACE_SIDE_STYLE('',(#18487));
#18487 = SURFACE_STYLE_FILL_AREA(#18488);
#18488 = FILL_AREA_STYLE('',(#18489));
#18489 = FILL_AREA_STYLE_COLOUR('',#18188);
#18490 = OVER_RIDING_STYLED_ITEM('overriding color',(#18491),#1876,
  #18173);
#18491 = PRESENTATION_STYLE_ASSIGNMENT((#18492));
#18492 = SURFACE_STYLE_USAGE(.BOTH.,#18493);
#18493 = SURFACE_SIDE_STYLE('',(#18494));
#18494 = SURFACE_STYLE_FILL_AREA(#18495);
#18495 = FILL_AREA_STYLE('',(#18496));
#18496 = FILL_AREA_STYLE_COLOUR('',#18188);
#18497 = OVER_RIDING_STYLED_ITEM('overriding color',(#18498),#1901,
  #18173);
#18498 = PRESENTATION_STYLE_ASSIGNMENT((#18499));
#18499 = SURFACE_STYLE_USAGE(.BOTH.,#18500);
#18500 = SURFACE_SIDE_STYLE('',(#18501));
#18501 = SURFACE_STYLE_FILL_AREA(#18502);
#18502 = FILL_AREA_STYLE('',(#18503));
#18503 = FILL_AREA_STYLE_COLOUR('',#18188);
#18504 = OVER_RIDING_STYLED_ITEM('overriding color',(#18505),#1944,
  #18173);
#18505 = PRESENTATION_STYLE_ASSIGNMENT((#18506));
#18506 = SURFACE_STYLE_USAGE(.BOTH.,#18507);
#18507 = SURFACE_SIDE_STYLE('',(#18508));
#18508 = SURFACE_STYLE_FILL_AREA(#18509);
#18509 = FILL_AREA_STYLE('',(#18510));
#18510 = FILL_AREA_STYLE_COLOUR('',#18188);
#18511 = OVER_RIDING_STYLED_ITEM('overriding color',(#18512),#1977,
  #18173);
#18512 = PRESENTATION_STYLE_ASSIGNMENT((#18513));
#18513 = SURFACE_STYLE_USAGE(.BOTH.,#18514);
#18514 = SURFACE_SIDE_STYLE('',(#18515));
#18515 = SURFACE_STYLE_FILL_AREA(#18516);
#18516 = FILL_AREA_STYLE('',(#18517));
#18517 = FILL_AREA_STYLE_COLOUR('',#18188);
#18518 = OVER_RIDING_STYLED_ITEM('overriding color',(#18519),#2002,
  #18173);
#18519 = PRESENTATION_STYLE_ASSIGNMENT((#18520));
#18520 = SURFACE_STYLE_USAGE(.BOTH.,#18521);
#18521 = SURFACE_SIDE_STYLE('',(#18522));
#18522 = SURFACE_STYLE_FILL_AREA(#18523);
#18523 = FILL_AREA_STYLE('',(#18524));
#18524 = FILL_AREA_STYLE_COLOUR('',#18188);
#18525 = OVER_RIDING_STYLED_ITEM('overriding color',(#18526),#2032,
  #18173);
#18526 = PRESENTATION_STYLE_ASSIGNMENT((#18527));
#18527 = SURFACE_STYLE_USAGE(.BOTH.,#18528);
#18528 = SURFACE_SIDE_STYLE('',(#18529));
#18529 = SURFACE_STYLE_FILL_AREA(#18530);
#18530 = FILL_AREA_STYLE('',(#18531));
#18531 = FILL_AREA_STYLE_COLOUR('',#18188);
#18532 = OVER_RIDING_STYLED_ITEM('overriding color',(#18533),#2056,
  #18173);
#18533 = PRESENTATION_STYLE_ASSIGNMENT((#18534));
#18534 = SURFACE_STYLE_USAGE(.BOTH.,#18535);
#18535 = SURFACE_SIDE_STYLE('',(#18536));
#18536 = SURFACE_STYLE_FILL_AREA(#18537);
#18537 = FILL_AREA_STYLE('',(#18538));
#18538 = FILL_AREA_STYLE_COLOUR('',#18188);
#18539 = OVER_RIDING_STYLED_ITEM('overriding color',(#18540),#2120,
  #18173);
#18540 = PRESENTATION_STYLE_ASSIGNMENT((#18541));
#18541 = SURFACE_STYLE_USAGE(.BOTH.,#18542);
#18542 = SURFACE_SIDE_STYLE('',(#18543));
#18543 = SURFACE_STYLE_FILL_AREA(#18544);
#18544 = FILL_AREA_STYLE('',(#18545));
#18545 = FILL_AREA_STYLE_COLOUR('',#18188);
#18546 = OVER_RIDING_STYLED_ITEM('overriding color',(#18547),#2183,
  #18173);
#18547 = PRESENTATION_STYLE_ASSIGNMENT((#18548));
#18548 = SURFACE_STYLE_USAGE(.BOTH.,#18549);
#18549 = SURFACE_SIDE_STYLE('',(#18550));
#18550 = SURFACE_STYLE_FILL_AREA(#18551);
#18551 = FILL_AREA_STYLE('',(#18552));
#18552 = FILL_AREA_STYLE_COLOUR('',#18188);
#18553 = OVER_RIDING_STYLED_ITEM('overriding color',(#18554),#2214,
  #18173);
#18554 = PRESENTATION_STYLE_ASSIGNMENT((#18555));
#18555 = SURFACE_STYLE_USAGE(.BOTH.,#18556);
#18556 = SURFACE_SIDE_STYLE('',(#18557));
#18557 = SURFACE_STYLE_FILL_AREA(#18558);
#18558 = FILL_AREA_STYLE('',(#18559));
#18559 = FILL_AREA_STYLE_COLOUR('',#18188);
#18560 = OVER_RIDING_STYLED_ITEM('overriding color',(#18561),#2245,
  #18173);
#18561 = PRESENTATION_STYLE_ASSIGNMENT((#18562));
#18562 = SURFACE_STYLE_USAGE(.BOTH.,#18563);
#18563 = SURFACE_SIDE_STYLE('',(#18564));
#18564 = SURFACE_STYLE_FILL_AREA(#18565);
#18565 = FILL_AREA_STYLE('',(#18566));
#18566 = FILL_AREA_STYLE_COLOUR('',#18188);
#18567 = OVER_RIDING_STYLED_ITEM('overriding color',(#18568),#2276,
  #18173);
#18568 = PRESENTATION_STYLE_ASSIGNMENT((#18569));
#18569 = SURFACE_STYLE_USAGE(.BOTH.,#18570);
#18570 = SURFACE_SIDE_STYLE('',(#18571));
#18571 = SURFACE_STYLE_FILL_AREA(#18572);
#18572 = FILL_AREA_STYLE('',(#18573));
#18573 = FILL_AREA_STYLE_COLOUR('',#18188);
#18574 = OVER_RIDING_STYLED_ITEM('overriding color',(#18575),#2307,
  #18173);
#18575 = PRESENTATION_STYLE_ASSIGNMENT((#18576));
#18576 = SURFACE_STYLE_USAGE(.BOTH.,#18577);
#18577 = SURFACE_SIDE_STYLE('',(#18578));
#18578 = SURFACE_STYLE_FILL_AREA(#18579);
#18579 = FILL_AREA_STYLE('',(#18580));
#18580 = FILL_AREA_STYLE_COLOUR('',#18188);
#18581 = OVER_RIDING_STYLED_ITEM('overriding color',(#18582),#2396,
  #18173);
#18582 = PRESENTATION_STYLE_ASSIGNMENT((#18583));
#18583 = SURFACE_STYLE_USAGE(.BOTH.,#18584);
#18584 = SURFACE_SIDE_STYLE('',(#18585));
#18585 = SURFACE_STYLE_FILL_AREA(#18586);
#18586 = FILL_AREA_STYLE('',(#18587));
#18587 = FILL_AREA_STYLE_COLOUR('',#18188);
#18588 = OVER_RIDING_STYLED_ITEM('overriding color',(#18589),#2508,
  #18173);
#18589 = PRESENTATION_STYLE_ASSIGNMENT((#18590));
#18590 = SURFACE_STYLE_USAGE(.BOTH.,#18591);
#18591 = SURFACE_SIDE_STYLE('',(#18592));
#18592 = SURFACE_STYLE_FILL_AREA(#18593);
#18593 = FILL_AREA_STYLE('',(#18594));
#18594 = FILL_AREA_STYLE_COLOUR('',#18188);
#18595 = OVER_RIDING_STYLED_ITEM('overriding color',(#18596),#2537,
  #18173);
#18596 = PRESENTATION_STYLE_ASSIGNMENT((#18597));
#18597 = SURFACE_STYLE_USAGE(.BOTH.,#18598);
#18598 = SURFACE_SIDE_STYLE('',(#18599));
#18599 = SURFACE_STYLE_FILL_AREA(#18600);
#18600 = FILL_AREA_STYLE('',(#18601));
#18601 = FILL_AREA_STYLE_COLOUR('',#18188);
#18602 = OVER_RIDING_STYLED_ITEM('overriding color',(#18603),#2561,
  #18173);
#18603 = PRESENTATION_STYLE_ASSIGNMENT((#18604));
#18604 = SURFACE_STYLE_USAGE(.BOTH.,#18605);
#18605 = SURFACE_SIDE_STYLE('',(#18606));
#18606 = SURFACE_STYLE_FILL_AREA(#18607);
#18607 = FILL_AREA_STYLE('',(#18608));
#18608 = FILL_AREA_STYLE_COLOUR('',#18188);
#18609 = OVER_RIDING_STYLED_ITEM('overriding color',(#18610),#2636,
  #18173);
#18610 = PRESENTATION_STYLE_ASSIGNMENT((#18611));
#18611 = SURFACE_STYLE_USAGE(.BOTH.,#18612);
#18612 = SURFACE_SIDE_STYLE('',(#18613));
#18613 = SURFACE_STYLE_FILL_AREA(#18614);
#18614 = FILL_AREA_STYLE('',(#18615));
#18615 = FILL_AREA_STYLE_COLOUR('',#18188);
#18616 = OVER_RIDING_STYLED_ITEM('overriding color',(#18617),#2748,
  #18173);
#18617 = PRESENTATION_STYLE_ASSIGNMENT((#18618));
#18618 = SURFACE_STYLE_USAGE(.BOTH.,#18619);
#18619 = SURFACE_SIDE_STYLE('',(#18620));
#18620 = SURFACE_STYLE_FILL_AREA(#18621);
#18621 = FILL_AREA_STYLE('',(#18622));
#18622 = FILL_AREA_STYLE_COLOUR('',#18188);
#18623 = OVER_RIDING_STYLED_ITEM('overriding color',(#18624),#2765,
  #18173);
#18624 = PRESENTATION_STYLE_ASSIGNMENT((#18625));
#18625 = SURFACE_STYLE_USAGE(.BOTH.,#18626);
#18626 = SURFACE_SIDE_STYLE('',(#18627));
#18627 = SURFACE_STYLE_FILL_AREA(#18628);
#18628 = FILL_AREA_STYLE('',(#18629));
#18629 = FILL_AREA_STYLE_COLOUR('',#18188);
#18630 = OVER_RIDING_STYLED_ITEM('overriding color',(#18631),#2819,
  #18173);
#18631 = PRESENTATION_STYLE_ASSIGNMENT((#18632));
#18632 = SURFACE_STYLE_USAGE(.BOTH.,#18633);
#18633 = SURFACE_SIDE_STYLE('',(#18634));
#18634 = SURFACE_STYLE_FILL_AREA(#18635);
#18635 = FILL_AREA_STYLE('',(#18636));
#18636 = FILL_AREA_STYLE_COLOUR('',#18188);
#18637 = OVER_RIDING_STYLED_ITEM('overriding color',(#18638),#2868,
  #18173);
#18638 = PRESENTATION_STYLE_ASSIGNMENT((#18639));
#18639 = SURFACE_STYLE_USAGE(.BOTH.,#18640);
#18640 = SURFACE_SIDE_STYLE('',(#18641));
#18641 = SURFACE_STYLE_FILL_AREA(#18642);
#18642 = FILL_AREA_STYLE('',(#18643));
#18643 = FILL_AREA_STYLE_COLOUR('',#18188);
#18644 = OVER_RIDING_STYLED_ITEM('overriding color',(#18645),#2995,
  #18173);
#18645 = PRESENTATION_STYLE_ASSIGNMENT((#18646));
#18646 = SURFACE_STYLE_USAGE(.BOTH.,#18647);
#18647 = SURFACE_SIDE_STYLE('',(#18648));
#18648 = SURFACE_STYLE_FILL_AREA(#18649);
#18649 = FILL_AREA_STYLE('',(#18650));
#18650 = FILL_AREA_STYLE_COLOUR('',#18188);
#18651 = OVER_RIDING_STYLED_ITEM('overriding color',(#18652),#3113,
  #18173);
#18652 = PRESENTATION_STYLE_ASSIGNMENT((#18653));
#18653 = SURFACE_STYLE_USAGE(.BOTH.,#18654);
#18654 = SURFACE_SIDE_STYLE('',(#18655));
#18655 = SURFACE_STYLE_FILL_AREA(#18656);
#18656 = FILL_AREA_STYLE('',(#18657));
#18657 = FILL_AREA_STYLE_COLOUR('',#18188);
#18658 = OVER_RIDING_STYLED_ITEM('overriding color',(#18659),#3130,
  #18173);
#18659 = PRESENTATION_STYLE_ASSIGNMENT((#18660));
#18660 = SURFACE_STYLE_USAGE(.BOTH.,#18661);
#18661 = SURFACE_SIDE_STYLE('',(#18662));
#18662 = SURFACE_STYLE_FILL_AREA(#18663);
#18663 = FILL_AREA_STYLE('',(#18664));
#18664 = FILL_AREA_STYLE_COLOUR('',#18188);
#18665 = OVER_RIDING_STYLED_ITEM('overriding color',(#18666),#3147,
  #18173);
#18666 = PRESENTATION_STYLE_ASSIGNMENT((#18667));
#18667 = SURFACE_STYLE_USAGE(.BOTH.,#18668);
#18668 = SURFACE_SIDE_STYLE('',(#18669));
#18669 = SURFACE_STYLE_FILL_AREA(#18670);
#18670 = FILL_AREA_STYLE('',(#18671));
#18671 = FILL_AREA_STYLE_COLOUR('',#18188);
#18672 = OVER_RIDING_STYLED_ITEM('overriding color',(#18673),#3164,
  #18173);
#18673 = PRESENTATION_STYLE_ASSIGNMENT((#18674));
#18674 = SURFACE_STYLE_USAGE(.BOTH.,#18675);
#18675 = SURFACE_SIDE_STYLE('',(#18676));
#18676 = SURFACE_STYLE_FILL_AREA(#18677);
#18677 = FILL_AREA_STYLE('',(#18678));
#18678 = FILL_AREA_STYLE_COLOUR('',#18188);
#18679 = OVER_RIDING_STYLED_ITEM('overriding color',(#18680),#3181,
  #18173);
#18680 = PRESENTATION_STYLE_ASSIGNMENT((#18681));
#18681 = SURFACE_STYLE_USAGE(.BOTH.,#18682);
#18682 = SURFACE_SIDE_STYLE('',(#18683));
#18683 = SURFACE_STYLE_FILL_AREA(#18684);
#18684 = FILL_AREA_STYLE('',(#18685));
#18685 = FILL_AREA_STYLE_COLOUR('',#18188);
#18686 = OVER_RIDING_STYLED_ITEM('overriding color',(#18687),#3198,
  #18173);
#18687 = PRESENTATION_STYLE_ASSIGNMENT((#18688));
#18688 = SURFACE_STYLE_USAGE(.BOTH.,#18689);
#18689 = SURFACE_SIDE_STYLE('',(#18690));
#18690 = SURFACE_STYLE_FILL_AREA(#18691);
#18691 = FILL_AREA_STYLE('',(#18692));
#18692 = FILL_AREA_STYLE_COLOUR('',#18188);
#18693 = OVER_RIDING_STYLED_ITEM('overriding color',(#18694),#3215,
  #18173);
#18694 = PRESENTATION_STYLE_ASSIGNMENT((#18695));
#18695 = SURFACE_STYLE_USAGE(.BOTH.,#18696);
#18696 = SURFACE_SIDE_STYLE('',(#18697));
#18697 = SURFACE_STYLE_FILL_AREA(#18698);
#18698 = FILL_AREA_STYLE('',(#18699));
#18699 = FILL_AREA_STYLE_COLOUR('',#18188);
#18700 = OVER_RIDING_STYLED_ITEM('overriding color',(#18701),#3271,
  #18173);
#18701 = PRESENTATION_STYLE_ASSIGNMENT((#18702));
#18702 = SURFACE_STYLE_USAGE(.BOTH.,#18703);
#18703 = SURFACE_SIDE_STYLE('',(#18704));
#18704 = SURFACE_STYLE_FILL_AREA(#18705);
#18705 = FILL_AREA_STYLE('',(#18706));
#18706 = FILL_AREA_STYLE_COLOUR('',#18188);
#18707 = OVER_RIDING_STYLED_ITEM('overriding color',(#18708),#3327,
  #18173);
#18708 = PRESENTATION_STYLE_ASSIGNMENT((#18709));
#18709 = SURFACE_STYLE_USAGE(.BOTH.,#18710);
#18710 = SURFACE_SIDE_STYLE('',(#18711));
#18711 = SURFACE_STYLE_FILL_AREA(#18712);
#18712 = FILL_AREA_STYLE('',(#18713));
#18713 = FILL_AREA_STYLE_COLOUR('',#18188);
#18714 = OVER_RIDING_STYLED_ITEM('overriding color',(#18715),#3384,
  #18173);
#18715 = PRESENTATION_STYLE_ASSIGNMENT((#18716));
#18716 = SURFACE_STYLE_USAGE(.BOTH.,#18717);
#18717 = SURFACE_SIDE_STYLE('',(#18718));
#18718 = SURFACE_STYLE_FILL_AREA(#18719);
#18719 = FILL_AREA_STYLE('',(#18720));
#18720 = FILL_AREA_STYLE_COLOUR('',#18188);
#18721 = OVER_RIDING_STYLED_ITEM('overriding color',(#18722),#3455,
  #18173);
#18722 = PRESENTATION_STYLE_ASSIGNMENT((#18723));
#18723 = SURFACE_STYLE_USAGE(.BOTH.,#18724);
#18724 = SURFACE_SIDE_STYLE('',(#18725));
#18725 = SURFACE_STYLE_FILL_AREA(#18726);
#18726 = FILL_AREA_STYLE('',(#18727));
#18727 = FILL_AREA_STYLE_COLOUR('',#18188);
#18728 = OVER_RIDING_STYLED_ITEM('overriding color',(#18729),#3486,
  #18173);
#18729 = PRESENTATION_STYLE_ASSIGNMENT((#18730));
#18730 = SURFACE_STYLE_USAGE(.BOTH.,#18731);
#18731 = SURFACE_SIDE_STYLE('',(#18732));
#18732 = SURFACE_STYLE_FILL_AREA(#18733);
#18733 = FILL_AREA_STYLE('',(#18734));
#18734 = FILL_AREA_STYLE_COLOUR('',#18188);
#18735 = OVER_RIDING_STYLED_ITEM('overriding color',(#18736),#3510,
  #18173);
#18736 = PRESENTATION_STYLE_ASSIGNMENT((#18737));
#18737 = SURFACE_STYLE_USAGE(.BOTH.,#18738);
#18738 = SURFACE_SIDE_STYLE('',(#18739));
#18739 = SURFACE_STYLE_FILL_AREA(#18740);
#18740 = FILL_AREA_STYLE('',(#18741));
#18741 = FILL_AREA_STYLE_COLOUR('',#18188);
#18742 = OVER_RIDING_STYLED_ITEM('overriding color',(#18743),#3534,
  #18173);
#18743 = PRESENTATION_STYLE_ASSIGNMENT((#18744));
#18744 = SURFACE_STYLE_USAGE(.BOTH.,#18745);
#18745 = SURFACE_SIDE_STYLE('',(#18746));
#18746 = SURFACE_STYLE_FILL_AREA(#18747);
#18747 = FILL_AREA_STYLE('',(#18748));
#18748 = FILL_AREA_STYLE_COLOUR('',#18188);
#18749 = OVER_RIDING_STYLED_ITEM('overriding color',(#18750),#3695,
  #18173);
#18750 = PRESENTATION_STYLE_ASSIGNMENT((#18751));
#18751 = SURFACE_STYLE_USAGE(.BOTH.,#18752);
#18752 = SURFACE_SIDE_STYLE('',(#18753));
#18753 = SURFACE_STYLE_FILL_AREA(#18754);
#18754 = FILL_AREA_STYLE('',(#18755));
#18755 = FILL_AREA_STYLE_COLOUR('',#18188);
#18756 = OVER_RIDING_STYLED_ITEM('overriding color',(#18757),#3717,
  #18173);
#18757 = PRESENTATION_STYLE_ASSIGNMENT((#18758));
#18758 = SURFACE_STYLE_USAGE(.BOTH.,#18759);
#18759 = SURFACE_SIDE_STYLE('',(#18760));
#18760 = SURFACE_STYLE_FILL_AREA(#18761);
#18761 = FILL_AREA_STYLE('',(#18762));
#18762 = FILL_AREA_STYLE_COLOUR('',#18188);
#18763 = OVER_RIDING_STYLED_ITEM('overriding color',(#18764),#3729,
  #18173);
#18764 = PRESENTATION_STYLE_ASSIGNMENT((#18765));
#18765 = SURFACE_STYLE_USAGE(.BOTH.,#18766);
#18766 = SURFACE_SIDE_STYLE('',(#18767));
#18767 = SURFACE_STYLE_FILL_AREA(#18768);
#18768 = FILL_AREA_STYLE('',(#18769));
#18769 = FILL_AREA_STYLE_COLOUR('',#18188);
#18770 = OVER_RIDING_STYLED_ITEM('overriding color',(#18771),#3792,
  #18173);
#18771 = PRESENTATION_STYLE_ASSIGNMENT((#18772));
#18772 = SURFACE_STYLE_USAGE(.BOTH.,#18773);
#18773 = SURFACE_SIDE_STYLE('',(#18774));
#18774 = SURFACE_STYLE_FILL_AREA(#18775);
#18775 = FILL_AREA_STYLE('',(#18776));
#18776 = FILL_AREA_STYLE_COLOUR('',#18188);
#18777 = OVER_RIDING_STYLED_ITEM('overriding color',(#18778),#3831,
  #18173);
#18778 = PRESENTATION_STYLE_ASSIGNMENT((#18779));
#18779 = SURFACE_STYLE_USAGE(.BOTH.,#18780);
#18780 = SURFACE_SIDE_STYLE('',(#18781));
#18781 = SURFACE_STYLE_FILL_AREA(#18782);
#18782 = FILL_AREA_STYLE('',(#18783));
#18783 = FILL_AREA_STYLE_COLOUR('',#18188);
#18784 = OVER_RIDING_STYLED_ITEM('overriding color',(#18785),#3855,
  #18173);
#18785 = PRESENTATION_STYLE_ASSIGNMENT((#18786));
#18786 = SURFACE_STYLE_USAGE(.BOTH.,#18787);
#18787 = SURFACE_SIDE_STYLE('',(#18788));
#18788 = SURFACE_STYLE_FILL_AREA(#18789);
#18789 = FILL_AREA_STYLE('',(#18790));
#18790 = FILL_AREA_STYLE_COLOUR('',#18188);
#18791 = OVER_RIDING_STYLED_ITEM('overriding color',(#18792),#3887,
  #18173);
#18792 = PRESENTATION_STYLE_ASSIGNMENT((#18793));
#18793 = SURFACE_STYLE_USAGE(.BOTH.,#18794);
#18794 = SURFACE_SIDE_STYLE('',(#18795));
#18795 = SURFACE_STYLE_FILL_AREA(#18796);
#18796 = FILL_AREA_STYLE('',(#18797));
#18797 = FILL_AREA_STYLE_COLOUR('',#18188);
#18798 = OVER_RIDING_STYLED_ITEM('overriding color',(#18799),#3935,
  #18173);
#18799 = PRESENTATION_STYLE_ASSIGNMENT((#18800));
#18800 = SURFACE_STYLE_USAGE(.BOTH.,#18801);
#18801 = SURFACE_SIDE_STYLE('',(#18802));
#18802 = SURFACE_STYLE_FILL_AREA(#18803);
#18803 = FILL_AREA_STYLE('',(#18804));
#18804 = FILL_AREA_STYLE_COLOUR('',#18188);
#18805 = OVER_RIDING_STYLED_ITEM('overriding color',(#18806),#3955,
  #18173);
#18806 = PRESENTATION_STYLE_ASSIGNMENT((#18807));
#18807 = SURFACE_STYLE_USAGE(.BOTH.,#18808);
#18808 = SURFACE_SIDE_STYLE('',(#18809));
#18809 = SURFACE_STYLE_FILL_AREA(#18810);
#18810 = FILL_AREA_STYLE('',(#18811));
#18811 = FILL_AREA_STYLE_COLOUR('',#18188);
#18812 = OVER_RIDING_STYLED_ITEM('overriding color',(#18813),#3986,
  #18173);
#18813 = PRESENTATION_STYLE_ASSIGNMENT((#18814));
#18814 = SURFACE_STYLE_USAGE(.BOTH.,#18815);
#18815 = SURFACE_SIDE_STYLE('',(#18816));
#18816 = SURFACE_STYLE_FILL_AREA(#18817);
#18817 = FILL_AREA_STYLE('',(#18818));
#18818 = FILL_AREA_STYLE_COLOUR('',#18188);
#18819 = OVER_RIDING_STYLED_ITEM('overriding color',(#18820),#4008,
  #18173);
#18820 = PRESENTATION_STYLE_ASSIGNMENT((#18821));
#18821 = SURFACE_STYLE_USAGE(.BOTH.,#18822);
#18822 = SURFACE_SIDE_STYLE('',(#18823));
#18823 = SURFACE_STYLE_FILL_AREA(#18824);
#18824 = FILL_AREA_STYLE('',(#18825));
#18825 = FILL_AREA_STYLE_COLOUR('',#18188);
#18826 = OVER_RIDING_STYLED_ITEM('overriding color',(#18827),#4020,
  #18173);
#18827 = PRESENTATION_STYLE_ASSIGNMENT((#18828));
#18828 = SURFACE_STYLE_USAGE(.BOTH.,#18829);
#18829 = SURFACE_SIDE_STYLE('',(#18830));
#18830 = SURFACE_STYLE_FILL_AREA(#18831);
#18831 = FILL_AREA_STYLE('',(#18832));
#18832 = FILL_AREA_STYLE_COLOUR('',#18188);
#18833 = OVER_RIDING_STYLED_ITEM('overriding color',(#18834),#4037,
  #18173);
#18834 = PRESENTATION_STYLE_ASSIGNMENT((#18835));
#18835 = SURFACE_STYLE_USAGE(.BOTH.,#18836);
#18836 = SURFACE_SIDE_STYLE('',(#18837));
#18837 = SURFACE_STYLE_FILL_AREA(#18838);
#18838 = FILL_AREA_STYLE('',(#18839));
#18839 = FILL_AREA_STYLE_COLOUR('',#18188);
#18840 = OVER_RIDING_STYLED_ITEM('overriding color',(#18841),#4097,
  #18173);
#18841 = PRESENTATION_STYLE_ASSIGNMENT((#18842));
#18842 = SURFACE_STYLE_USAGE(.BOTH.,#18843);
#18843 = SURFACE_SIDE_STYLE('',(#18844));
#18844 = SURFACE_STYLE_FILL_AREA(#18845);
#18845 = FILL_AREA_STYLE('',(#18846));
#18846 = FILL_AREA_STYLE_COLOUR('',#18188);
#18847 = OVER_RIDING_STYLED_ITEM('overriding color',(#18848),#4128,
  #18173);
#18848 = PRESENTATION_STYLE_ASSIGNMENT((#18849));
#18849 = SURFACE_STYLE_USAGE(.BOTH.,#18850);
#18850 = SURFACE_SIDE_STYLE('',(#18851));
#18851 = SURFACE_STYLE_FILL_AREA(#18852);
#18852 = FILL_AREA_STYLE('',(#18853));
#18853 = FILL_AREA_STYLE_COLOUR('',#18188);
#18854 = OVER_RIDING_STYLED_ITEM('overriding color',(#18855),#4145,
  #18173);
#18855 = PRESENTATION_STYLE_ASSIGNMENT((#18856));
#18856 = SURFACE_STYLE_USAGE(.BOTH.,#18857);
#18857 = SURFACE_SIDE_STYLE('',(#18858));
#18858 = SURFACE_STYLE_FILL_AREA(#18859);
#18859 = FILL_AREA_STYLE('',(#18860));
#18860 = FILL_AREA_STYLE_COLOUR('',#18188);
#18861 = OVER_RIDING_STYLED_ITEM('overriding color',(#18862),#4157,
  #18173);
#18862 = PRESENTATION_STYLE_ASSIGNMENT((#18863));
#18863 = SURFACE_STYLE_USAGE(.BOTH.,#18864);
#18864 = SURFACE_SIDE_STYLE('',(#18865));
#18865 = SURFACE_STYLE_FILL_AREA(#18866);
#18866 = FILL_AREA_STYLE('',(#18867));
#18867 = FILL_AREA_STYLE_COLOUR('',#18188);
#18868 = OVER_RIDING_STYLED_ITEM('overriding color',(#18869),#4188,
  #18173);
#18869 = PRESENTATION_STYLE_ASSIGNMENT((#18870));
#18870 = SURFACE_STYLE_USAGE(.BOTH.,#18871);
#18871 = SURFACE_SIDE_STYLE('',(#18872));
#18872 = SURFACE_STYLE_FILL_AREA(#18873);
#18873 = FILL_AREA_STYLE('',(#18874));
#18874 = FILL_AREA_STYLE_COLOUR('',#18188);
#18875 = OVER_RIDING_STYLED_ITEM('overriding color',(#18876),#4212,
  #18173);
#18876 = PRESENTATION_STYLE_ASSIGNMENT((#18877));
#18877 = SURFACE_STYLE_USAGE(.BOTH.,#18878);
#18878 = SURFACE_SIDE_STYLE('',(#18879));
#18879 = SURFACE_STYLE_FILL_AREA(#18880);
#18880 = FILL_AREA_STYLE('',(#18881));
#18881 = FILL_AREA_STYLE_COLOUR('',#18188);
#18882 = OVER_RIDING_STYLED_ITEM('overriding color',(#18883),#4251,
  #18173);
#18883 = PRESENTATION_STYLE_ASSIGNMENT((#18884));
#18884 = SURFACE_STYLE_USAGE(.BOTH.,#18885);
#18885 = SURFACE_SIDE_STYLE('',(#18886));
#18886 = SURFACE_STYLE_FILL_AREA(#18887);
#18887 = FILL_AREA_STYLE('',(#18888));
#18888 = FILL_AREA_STYLE_COLOUR('',#18188);
#18889 = OVER_RIDING_STYLED_ITEM('overriding color',(#18890),#4348,
  #18173);
#18890 = PRESENTATION_STYLE_ASSIGNMENT((#18891));
#18891 = SURFACE_STYLE_USAGE(.BOTH.,#18892);
#18892 = SURFACE_SIDE_STYLE('',(#18893));
#18893 = SURFACE_STYLE_FILL_AREA(#18894);
#18894 = FILL_AREA_STYLE('',(#18895));
#18895 = FILL_AREA_STYLE_COLOUR('',#18188);
#18896 = OVER_RIDING_STYLED_ITEM('overriding color',(#18897),#4367,
  #18173);
#18897 = PRESENTATION_STYLE_ASSIGNMENT((#18898));
#18898 = SURFACE_STYLE_USAGE(.BOTH.,#18899);
#18899 = SURFACE_SIDE_STYLE('',(#18900));
#18900 = SURFACE_STYLE_FILL_AREA(#18901);
#18901 = FILL_AREA_STYLE('',(#18902));
#18902 = FILL_AREA_STYLE_COLOUR('',#18188);
#18903 = OVER_RIDING_STYLED_ITEM('overriding color',(#18904),#4384,
  #18173);
#18904 = PRESENTATION_STYLE_ASSIGNMENT((#18905));
#18905 = SURFACE_STYLE_USAGE(.BOTH.,#18906);
#18906 = SURFACE_SIDE_STYLE('',(#18907));
#18907 = SURFACE_STYLE_FILL_AREA(#18908);
#18908 = FILL_AREA_STYLE('',(#18909));
#18909 = FILL_AREA_STYLE_COLOUR('',#18188);
#18910 = OVER_RIDING_STYLED_ITEM('overriding color',(#18911),#4396,
  #18173);
#18911 = PRESENTATION_STYLE_ASSIGNMENT((#18912));
#18912 = SURFACE_STYLE_USAGE(.BOTH.,#18913);
#18913 = SURFACE_SIDE_STYLE('',(#18914));
#18914 = SURFACE_STYLE_FILL_AREA(#18915);
#18915 = FILL_AREA_STYLE('',(#18916));
#18916 = FILL_AREA_STYLE_COLOUR('',#18188);
#18917 = OVER_RIDING_STYLED_ITEM('overriding color',(#18918),#4428,
  #18173);
#18918 = PRESENTATION_STYLE_ASSIGNMENT((#18919));
#18919 = SURFACE_STYLE_USAGE(.BOTH.,#18920);
#18920 = SURFACE_SIDE_STYLE('',(#18921));
#18921 = SURFACE_STYLE_FILL_AREA(#18922);
#18922 = FILL_AREA_STYLE('',(#18923));
#18923 = FILL_AREA_STYLE_COLOUR('',#18188);
#18924 = OVER_RIDING_STYLED_ITEM('overriding color',(#18925),#4468,
  #18173);
#18925 = PRESENTATION_STYLE_ASSIGNMENT((#18926));
#18926 = SURFACE_STYLE_USAGE(.BOTH.,#18927);
#18927 = SURFACE_SIDE_STYLE('',(#18928));
#18928 = SURFACE_STYLE_FILL_AREA(#18929);
#18929 = FILL_AREA_STYLE('',(#18930));
#18930 = FILL_AREA_STYLE_COLOUR('',#18188);
#18931 = OVER_RIDING_STYLED_ITEM('overriding color',(#18932),#4524,
  #18173);
#18932 = PRESENTATION_STYLE_ASSIGNMENT((#18933));
#18933 = SURFACE_STYLE_USAGE(.BOTH.,#18934);
#18934 = SURFACE_SIDE_STYLE('',(#18935));
#18935 = SURFACE_STYLE_FILL_AREA(#18936);
#18936 = FILL_AREA_STYLE('',(#18937));
#18937 = FILL_AREA_STYLE_COLOUR('',#18188);
#18938 = OVER_RIDING_STYLED_ITEM('overriding color',(#18939),#4580,
  #18173);
#18939 = PRESENTATION_STYLE_ASSIGNMENT((#18940));
#18940 = SURFACE_STYLE_USAGE(.BOTH.,#18941);
#18941 = SURFACE_SIDE_STYLE('',(#18942));
#18942 = SURFACE_STYLE_FILL_AREA(#18943);
#18943 = FILL_AREA_STYLE('',(#18944));
#18944 = FILL_AREA_STYLE_COLOUR('',#18188);
#18945 = OVER_RIDING_STYLED_ITEM('overriding color',(#18946),#4604,
  #18173);
#18946 = PRESENTATION_STYLE_ASSIGNMENT((#18947));
#18947 = SURFACE_STYLE_USAGE(.BOTH.,#18948);
#18948 = SURFACE_SIDE_STYLE('',(#18949));
#18949 = SURFACE_STYLE_FILL_AREA(#18950);
#18950 = FILL_AREA_STYLE('',(#18951));
#18951 = FILL_AREA_STYLE_COLOUR('',#18188);
#18952 = OVER_RIDING_STYLED_ITEM('overriding color',(#18953),#4671,
  #18173);
#18953 = PRESENTATION_STYLE_ASSIGNMENT((#18954));
#18954 = SURFACE_STYLE_USAGE(.BOTH.,#18955);
#18955 = SURFACE_SIDE_STYLE('',(#18956));
#18956 = SURFACE_STYLE_FILL_AREA(#18957);
#18957 = FILL_AREA_STYLE('',(#18958));
#18958 = FILL_AREA_STYLE_COLOUR('',#18188);
#18959 = OVER_RIDING_STYLED_ITEM('overriding color',(#18960),#4735,
  #18173);
#18960 = PRESENTATION_STYLE_ASSIGNMENT((#18961));
#18961 = SURFACE_STYLE_USAGE(.BOTH.,#18962);
#18962 = SURFACE_SIDE_STYLE('',(#18963));
#18963 = SURFACE_STYLE_FILL_AREA(#18964);
#18964 = FILL_AREA_STYLE('',(#18965));
#18965 = FILL_AREA_STYLE_COLOUR('',#18188);
#18966 = OVER_RIDING_STYLED_ITEM('overriding color',(#18967),#4766,
  #18173);
#18967 = PRESENTATION_STYLE_ASSIGNMENT((#18968));
#18968 = SURFACE_STYLE_USAGE(.BOTH.,#18969);
#18969 = SURFACE_SIDE_STYLE('',(#18970));
#18970 = SURFACE_STYLE_FILL_AREA(#18971);
#18971 = FILL_AREA_STYLE('',(#18972));
#18972 = FILL_AREA_STYLE_COLOUR('',#18188);
#18973 = OVER_RIDING_STYLED_ITEM('overriding color',(#18974),#4797,
  #18173);
#18974 = PRESENTATION_STYLE_ASSIGNMENT((#18975));
#18975 = SURFACE_STYLE_USAGE(.BOTH.,#18976);
#18976 = SURFACE_SIDE_STYLE('',(#18977));
#18977 = SURFACE_STYLE_FILL_AREA(#18978);
#18978 = FILL_AREA_STYLE('',(#18979));
#18979 = FILL_AREA_STYLE_COLOUR('',#18188);
#18980 = OVER_RIDING_STYLED_ITEM('overriding color',(#18981),#4830,
  #18173);
#18981 = PRESENTATION_STYLE_ASSIGNMENT((#18982));
#18982 = SURFACE_STYLE_USAGE(.BOTH.,#18983);
#18983 = SURFACE_SIDE_STYLE('',(#18984));
#18984 = SURFACE_STYLE_FILL_AREA(#18985);
#18985 = FILL_AREA_STYLE('',(#18986));
#18986 = FILL_AREA_STYLE_COLOUR('',#18188);
#18987 = OVER_RIDING_STYLED_ITEM('overriding color',(#18988),#4855,
  #18173);
#18988 = PRESENTATION_STYLE_ASSIGNMENT((#18989));
#18989 = SURFACE_STYLE_USAGE(.BOTH.,#18990);
#18990 = SURFACE_SIDE_STYLE('',(#18991));
#18991 = SURFACE_STYLE_FILL_AREA(#18992);
#18992 = FILL_AREA_STYLE('',(#18993));
#18993 = FILL_AREA_STYLE_COLOUR('',#18188);
#18994 = OVER_RIDING_STYLED_ITEM('overriding color',(#18995),#4880,
  #18173);
#18995 = PRESENTATION_STYLE_ASSIGNMENT((#18996));
#18996 = SURFACE_STYLE_USAGE(.BOTH.,#18997);
#18997 = SURFACE_SIDE_STYLE('',(#18998));
#18998 = SURFACE_STYLE_FILL_AREA(#18999);
#18999 = FILL_AREA_STYLE('',(#19000));
#19000 = FILL_AREA_STYLE_COLOUR('',#18188);
#19001 = OVER_RIDING_STYLED_ITEM('overriding color',(#19002),#4993,
  #18173);
#19002 = PRESENTATION_STYLE_ASSIGNMENT((#19003));
#19003 = SURFACE_STYLE_USAGE(.BOTH.,#19004);
#19004 = SURFACE_SIDE_STYLE('',(#19005));
#19005 = SURFACE_STYLE_FILL_AREA(#19006);
#19006 = FILL_AREA_STYLE('',(#19007));
#19007 = FILL_AREA_STYLE_COLOUR('',#18188);
#19008 = OVER_RIDING_STYLED_ITEM('overriding color',(#19009),#5048,
  #18173);
#19009 = PRESENTATION_STYLE_ASSIGNMENT((#19010));
#19010 = SURFACE_STYLE_USAGE(.BOTH.,#19011);
#19011 = SURFACE_SIDE_STYLE('',(#19012));
#19012 = SURFACE_STYLE_FILL_AREA(#19013);
#19013 = FILL_AREA_STYLE('',(#19014));
#19014 = FILL_AREA_STYLE_COLOUR('',#18188);
#19015 = OVER_RIDING_STYLED_ITEM('overriding color',(#19016),#5073,
  #18173);
#19016 = PRESENTATION_STYLE_ASSIGNMENT((#19017));
#19017 = SURFACE_STYLE_USAGE(.BOTH.,#19018);
#19018 = SURFACE_SIDE_STYLE('',(#19019));
#19019 = SURFACE_STYLE_FILL_AREA(#19020);
#19020 = FILL_AREA_STYLE('',(#19021));
#19021 = FILL_AREA_STYLE_COLOUR('',#18188);
#19022 = OVER_RIDING_STYLED_ITEM('overriding color',(#19023),#5138,
  #18173);
#19023 = PRESENTATION_STYLE_ASSIGNMENT((#19024));
#19024 = SURFACE_STYLE_USAGE(.BOTH.,#19025);
#19025 = SURFACE_SIDE_STYLE('',(#19026));
#19026 = SURFACE_STYLE_FILL_AREA(#19027);
#19027 = FILL_AREA_STYLE('',(#19028));
#19028 = FILL_AREA_STYLE_COLOUR('',#18188);
#19029 = OVER_RIDING_STYLED_ITEM('overriding color',(#19030),#5169,
  #18173);
#19030 = PRESENTATION_STYLE_ASSIGNMENT((#19031));
#19031 = SURFACE_STYLE_USAGE(.BOTH.,#19032);
#19032 = SURFACE_SIDE_STYLE('',(#19033));
#19033 = SURFACE_STYLE_FILL_AREA(#19034);
#19034 = FILL_AREA_STYLE('',(#19035));
#19035 = FILL_AREA_STYLE_COLOUR('',#18188);
#19036 = OVER_RIDING_STYLED_ITEM('overriding color',(#19037),#5193,
  #18173);
#19037 = PRESENTATION_STYLE_ASSIGNMENT((#19038));
#19038 = SURFACE_STYLE_USAGE(.BOTH.,#19039);
#19039 = SURFACE_SIDE_STYLE('',(#19040));
#19040 = SURFACE_STYLE_FILL_AREA(#19041);
#19041 = FILL_AREA_STYLE('',(#19042));
#19042 = FILL_AREA_STYLE_COLOUR('',#18188);
#19043 = OVER_RIDING_STYLED_ITEM('overriding color',(#19044),#5232,
  #18173);
#19044 = PRESENTATION_STYLE_ASSIGNMENT((#19045));
#19045 = SURFACE_STYLE_USAGE(.BOTH.,#19046);
#19046 = SURFACE_SIDE_STYLE('',(#19047));
#19047 = SURFACE_STYLE_FILL_AREA(#19048);
#19048 = FILL_AREA_STYLE('',(#19049));
#19049 = FILL_AREA_STYLE_COLOUR('',#18188);
#19050 = OVER_RIDING_STYLED_ITEM('overriding color',(#19051),#5264,
  #18173);
#19051 = PRESENTATION_STYLE_ASSIGNMENT((#19052));
#19052 = SURFACE_STYLE_USAGE(.BOTH.,#19053);
#19053 = SURFACE_SIDE_STYLE('',(#19054));
#19054 = SURFACE_STYLE_FILL_AREA(#19055);
#19055 = FILL_AREA_STYLE('',(#19056));
#19056 = FILL_AREA_STYLE_COLOUR('',#18188);
#19057 = OVER_RIDING_STYLED_ITEM('overriding color',(#19058),#5295,
  #18173);
#19058 = PRESENTATION_STYLE_ASSIGNMENT((#19059));
#19059 = SURFACE_STYLE_USAGE(.BOTH.,#19060);
#19060 = SURFACE_SIDE_STYLE('',(#19061));
#19061 = SURFACE_STYLE_FILL_AREA(#19062);
#19062 = FILL_AREA_STYLE('',(#19063));
#19063 = FILL_AREA_STYLE_COLOUR('',#18188);
#19064 = OVER_RIDING_STYLED_ITEM('overriding color',(#19065),#5334,
  #18173);
#19065 = PRESENTATION_STYLE_ASSIGNMENT((#19066));
#19066 = SURFACE_STYLE_USAGE(.BOTH.,#19067);
#19067 = SURFACE_SIDE_STYLE('',(#19068));
#19068 = SURFACE_STYLE_FILL_AREA(#19069);
#19069 = FILL_AREA_STYLE('',(#19070));
#19070 = FILL_AREA_STYLE_COLOUR('',#18188);
#19071 = OVER_RIDING_STYLED_ITEM('overriding color',(#19072),#5367,
  #18173);
#19072 = PRESENTATION_STYLE_ASSIGNMENT((#19073));
#19073 = SURFACE_STYLE_USAGE(.BOTH.,#19074);
#19074 = SURFACE_SIDE_STYLE('',(#19075));
#19075 = SURFACE_STYLE_FILL_AREA(#19076);
#19076 = FILL_AREA_STYLE('',(#19077));
#19077 = FILL_AREA_STYLE_COLOUR('',#18188);
#19078 = OVER_RIDING_STYLED_ITEM('overriding color',(#19079),#5398,
  #18173);
#19079 = PRESENTATION_STYLE_ASSIGNMENT((#19080));
#19080 = SURFACE_STYLE_USAGE(.BOTH.,#19081);
#19081 = SURFACE_SIDE_STYLE('',(#19082));
#19082 = SURFACE_STYLE_FILL_AREA(#19083);
#19083 = FILL_AREA_STYLE('',(#19084));
#19084 = FILL_AREA_STYLE_COLOUR('',#18188);
#19085 = OVER_RIDING_STYLED_ITEM('overriding color',(#19086),#5466,
  #18173);
#19086 = PRESENTATION_STYLE_ASSIGNMENT((#19087));
#19087 = SURFACE_STYLE_USAGE(.BOTH.,#19088);
#19088 = SURFACE_SIDE_STYLE('',(#19089));
#19089 = SURFACE_STYLE_FILL_AREA(#19090);
#19090 = FILL_AREA_STYLE('',(#19091));
#19091 = FILL_AREA_STYLE_COLOUR('',#18188);
#19092 = OVER_RIDING_STYLED_ITEM('overriding color',(#19093),#5490,
  #18173);
#19093 = PRESENTATION_STYLE_ASSIGNMENT((#19094));
#19094 = SURFACE_STYLE_USAGE(.BOTH.,#19095);
#19095 = SURFACE_SIDE_STYLE('',(#19096));
#19096 = SURFACE_STYLE_FILL_AREA(#19097);
#19097 = FILL_AREA_STYLE('',(#19098));
#19098 = FILL_AREA_STYLE_COLOUR('',#18188);
#19099 = OVER_RIDING_STYLED_ITEM('overriding color',(#19100),#5527,
  #18173);
#19100 = PRESENTATION_STYLE_ASSIGNMENT((#19101));
#19101 = SURFACE_STYLE_USAGE(.BOTH.,#19102);
#19102 = SURFACE_SIDE_STYLE('',(#19103));
#19103 = SURFACE_STYLE_FILL_AREA(#19104);
#19104 = FILL_AREA_STYLE('',(#19105));
#19105 = FILL_AREA_STYLE_COLOUR('',#18188);
#19106 = OVER_RIDING_STYLED_ITEM('overriding color',(#19107),#5556,
  #18173);
#19107 = PRESENTATION_STYLE_ASSIGNMENT((#19108));
#19108 = SURFACE_STYLE_USAGE(.BOTH.,#19109);
#19109 = SURFACE_SIDE_STYLE('',(#19110));
#19110 = SURFACE_STYLE_FILL_AREA(#19111);
#19111 = FILL_AREA_STYLE('',(#19112));
#19112 = FILL_AREA_STYLE_COLOUR('',#18188);
#19113 = OVER_RIDING_STYLED_ITEM('overriding color',(#19114),#5580,
  #18173);
#19114 = PRESENTATION_STYLE_ASSIGNMENT((#19115));
#19115 = SURFACE_STYLE_USAGE(.BOTH.,#19116);
#19116 = SURFACE_SIDE_STYLE('',(#19117));
#19117 = SURFACE_STYLE_FILL_AREA(#19118);
#19118 = FILL_AREA_STYLE('',(#19119));
#19119 = FILL_AREA_STYLE_COLOUR('',#18188);
#19120 = OVER_RIDING_STYLED_ITEM('overriding color',(#19121),#5619,
  #18173);
#19121 = PRESENTATION_STYLE_ASSIGNMENT((#19122));
#19122 = SURFACE_STYLE_USAGE(.BOTH.,#19123);
#19123 = SURFACE_SIDE_STYLE('',(#19124));
#19124 = SURFACE_STYLE_FILL_AREA(#19125);
#19125 = FILL_AREA_STYLE('',(#19126));
#19126 = FILL_AREA_STYLE_COLOUR('',#18188);
#19127 = OVER_RIDING_STYLED_ITEM('overriding color',(#19128),#5643,
  #18173);
#19128 = PRESENTATION_STYLE_ASSIGNMENT((#19129));
#19129 = SURFACE_STYLE_USAGE(.BOTH.,#19130);
#19130 = SURFACE_SIDE_STYLE('',(#19131));
#19131 = SURFACE_STYLE_FILL_AREA(#19132);
#19132 = FILL_AREA_STYLE('',(#19133));
#19133 = FILL_AREA_STYLE_COLOUR('',#18188);
#19134 = OVER_RIDING_STYLED_ITEM('overriding color',(#19135),#5667,
  #18173);
#19135 = PRESENTATION_STYLE_ASSIGNMENT((#19136));
#19136 = SURFACE_STYLE_USAGE(.BOTH.,#19137);
#19137 = SURFACE_SIDE_STYLE('',(#19138));
#19138 = SURFACE_STYLE_FILL_AREA(#19139);
#19139 = FILL_AREA_STYLE('',(#19140));
#19140 = FILL_AREA_STYLE_COLOUR('',#18188);
#19141 = OVER_RIDING_STYLED_ITEM('overriding color',(#19142),#5691,
  #18173);
#19142 = PRESENTATION_STYLE_ASSIGNMENT((#19143));
#19143 = SURFACE_STYLE_USAGE(.BOTH.,#19144);
#19144 = SURFACE_SIDE_STYLE('',(#19145));
#19145 = SURFACE_STYLE_FILL_AREA(#19146);
#19146 = FILL_AREA_STYLE('',(#19147));
#19147 = FILL_AREA_STYLE_COLOUR('',#19148);
#19148 = DRAUGHTING_PRE_DEFINED_COLOUR('magenta');
#19149 = OVER_RIDING_STYLED_ITEM('overriding color',(#19150),#5708,
  #18173);
#19150 = PRESENTATION_STYLE_ASSIGNMENT((#19151));
#19151 = SURFACE_STYLE_USAGE(.BOTH.,#19152);
#19152 = SURFACE_SIDE_STYLE('',(#19153));
#19153 = SURFACE_STYLE_FILL_AREA(#19154);
#19154 = FILL_AREA_STYLE('',(#19155));
#19155 = FILL_AREA_STYLE_COLOUR('',#19148);
#19156 = OVER_RIDING_STYLED_ITEM('overriding color',(#19157),#5732,
  #18173);
#19157 = PRESENTATION_STYLE_ASSIGNMENT((#19158));
#19158 = SURFACE_STYLE_USAGE(.BOTH.,#19159);
#19159 = SURFACE_SIDE_STYLE('',(#19160));
#19160 = SURFACE_STYLE_FILL_AREA(#19161);
#19161 = FILL_AREA_STYLE('',(#19162));
#19162 = FILL_AREA_STYLE_COLOUR('',#18188);
#19163 = OVER_RIDING_STYLED_ITEM('overriding color',(#19164),#5744,
  #18173);
#19164 = PRESENTATION_STYLE_ASSIGNMENT((#19165));
#19165 = SURFACE_STYLE_USAGE(.BOTH.,#19166);
#19166 = SURFACE_SIDE_STYLE('',(#19167));
#19167 = SURFACE_STYLE_FILL_AREA(#19168);
#19168 = FILL_AREA_STYLE('',(#19169));
#19169 = FILL_AREA_STYLE_COLOUR('',#18188);
#19170 = OVER_RIDING_STYLED_ITEM('overriding color',(#19171),#5761,
  #18173);
#19171 = PRESENTATION_STYLE_ASSIGNMENT((#19172));
#19172 = SURFACE_STYLE_USAGE(.BOTH.,#19173);
#19173 = SURFACE_SIDE_STYLE('',(#19174));
#19174 = SURFACE_STYLE_FILL_AREA(#19175);
#19175 = FILL_AREA_STYLE('',(#19176));
#19176 = FILL_AREA_STYLE_COLOUR('',#18188);
#19177 = OVER_RIDING_STYLED_ITEM('overriding color',(#19178),#5773,
  #18173);
#19178 = PRESENTATION_STYLE_ASSIGNMENT((#19179));
#19179 = SURFACE_STYLE_USAGE(.BOTH.,#19180);
#19180 = SURFACE_SIDE_STYLE('',(#19181));
#19181 = SURFACE_STYLE_FILL_AREA(#19182);
#19182 = FILL_AREA_STYLE('',(#19183));
#19183 = FILL_AREA_STYLE_COLOUR('',#18188);
#19184 = OVER_RIDING_STYLED_ITEM('overriding color',(#19185),#5790,
  #18173);
#19185 = PRESENTATION_STYLE_ASSIGNMENT((#19186));
#19186 = SURFACE_STYLE_USAGE(.BOTH.,#19187);
#19187 = SURFACE_SIDE_STYLE('',(#19188));
#19188 = SURFACE_STYLE_FILL_AREA(#19189);
#19189 = FILL_AREA_STYLE('',(#19190));
#19190 = FILL_AREA_STYLE_COLOUR('',#18188);
#19191 = OVER_RIDING_STYLED_ITEM('overriding color',(#19192),#5818,
  #18173);
#19192 = PRESENTATION_STYLE_ASSIGNMENT((#19193));
#19193 = SURFACE_STYLE_USAGE(.BOTH.,#19194);
#19194 = SURFACE_SIDE_STYLE('',(#19195));
#19195 = SURFACE_STYLE_FILL_AREA(#19196);
#19196 = FILL_AREA_STYLE('',(#19197));
#19197 = FILL_AREA_STYLE_COLOUR('',#18188);
#19198 = OVER_RIDING_STYLED_ITEM('overriding color',(#19199),#5835,
  #18173);
#19199 = PRESENTATION_STYLE_ASSIGNMENT((#19200));
#19200 = SURFACE_STYLE_USAGE(.BOTH.,#19201);
#19201 = SURFACE_SIDE_STYLE('',(#19202));
#19202 = SURFACE_STYLE_FILL_AREA(#19203);
#19203 = FILL_AREA_STYLE('',(#19204));
#19204 = FILL_AREA_STYLE_COLOUR('',#18188);
#19205 = OVER_RIDING_STYLED_ITEM('overriding color',(#19206),#5847,
  #18173);
#19206 = PRESENTATION_STYLE_ASSIGNMENT((#19207));
#19207 = SURFACE_STYLE_USAGE(.BOTH.,#19208);
#19208 = SURFACE_SIDE_STYLE('',(#19209));
#19209 = SURFACE_STYLE_FILL_AREA(#19210);
#19210 = FILL_AREA_STYLE('',(#19211));
#19211 = FILL_AREA_STYLE_COLOUR('',#18188);
#19212 = OVER_RIDING_STYLED_ITEM('overriding color',(#19213),#5859,
  #18173);
#19213 = PRESENTATION_STYLE_ASSIGNMENT((#19214));
#19214 = SURFACE_STYLE_USAGE(.BOTH.,#19215);
#19215 = SURFACE_SIDE_STYLE('',(#19216));
#19216 = SURFACE_STYLE_FILL_AREA(#19217);
#19217 = FILL_AREA_STYLE('',(#19218));
#19218 = FILL_AREA_STYLE_COLOUR('',#18188);
#19219 = OVER_RIDING_STYLED_ITEM('overriding color',(#19220),#5871,
  #18173);
#19220 = PRESENTATION_STYLE_ASSIGNMENT((#19221));
#19221 = SURFACE_STYLE_USAGE(.BOTH.,#19222);
#19222 = SURFACE_SIDE_STYLE('',(#19223));
#19223 = SURFACE_STYLE_FILL_AREA(#19224);
#19224 = FILL_AREA_STYLE('',(#19225));
#19225 = FILL_AREA_STYLE_COLOUR('',#18188);
#19226 = OVER_RIDING_STYLED_ITEM('overriding color',(#19227),#5883,
  #18173);
#19227 = PRESENTATION_STYLE_ASSIGNMENT((#19228));
#19228 = SURFACE_STYLE_USAGE(.BOTH.,#19229);
#19229 = SURFACE_SIDE_STYLE('',(#19230));
#19230 = SURFACE_STYLE_FILL_AREA(#19231);
#19231 = FILL_AREA_STYLE('',(#19232));
#19232 = FILL_AREA_STYLE_COLOUR('',#18188);
#19233 = OVER_RIDING_STYLED_ITEM('overriding color',(#19234),#5900,
  #18173);
#19234 = PRESENTATION_STYLE_ASSIGNMENT((#19235));
#19235 = SURFACE_STYLE_USAGE(.BOTH.,#19236);
#19236 = SURFACE_SIDE_STYLE('',(#19237));
#19237 = SURFACE_STYLE_FILL_AREA(#19238);
#19238 = FILL_AREA_STYLE('',(#19239));
#19239 = FILL_AREA_STYLE_COLOUR('',#18188);
#19240 = OVER_RIDING_STYLED_ITEM('overriding color',(#19241),#5912,
  #18173);
#19241 = PRESENTATION_STYLE_ASSIGNMENT((#19242));
#19242 = SURFACE_STYLE_USAGE(.BOTH.,#19243);
#19243 = SURFACE_SIDE_STYLE('',(#19244));
#19244 = SURFACE_STYLE_FILL_AREA(#19245);
#19245 = FILL_AREA_STYLE('',(#19246));
#19246 = FILL_AREA_STYLE_COLOUR('',#18188);
#19247 = OVER_RIDING_STYLED_ITEM('overriding color',(#19248),#5935,
  #18173);
#19248 = PRESENTATION_STYLE_ASSIGNMENT((#19249));
#19249 = SURFACE_STYLE_USAGE(.BOTH.,#19250);
#19250 = SURFACE_SIDE_STYLE('',(#19251));
#19251 = SURFACE_STYLE_FILL_AREA(#19252);
#19252 = FILL_AREA_STYLE('',(#19253));
#19253 = FILL_AREA_STYLE_COLOUR('',#18188);
#19254 = OVER_RIDING_STYLED_ITEM('overriding color',(#19255),#5967,
  #18173);
#19255 = PRESENTATION_STYLE_ASSIGNMENT((#19256));
#19256 = SURFACE_STYLE_USAGE(.BOTH.,#19257);
#19257 = SURFACE_SIDE_STYLE('',(#19258));
#19258 = SURFACE_STYLE_FILL_AREA(#19259);
#19259 = FILL_AREA_STYLE('',(#19260));
#19260 = FILL_AREA_STYLE_COLOUR('',#18188);
#19261 = OVER_RIDING_STYLED_ITEM('overriding color',(#19262),#5984,
  #18173);
#19262 = PRESENTATION_STYLE_ASSIGNMENT((#19263));
#19263 = SURFACE_STYLE_USAGE(.BOTH.,#19264);
#19264 = SURFACE_SIDE_STYLE('',(#19265));
#19265 = SURFACE_STYLE_FILL_AREA(#19266);
#19266 = FILL_AREA_STYLE('',(#19267));
#19267 = FILL_AREA_STYLE_COLOUR('',#18188);
#19268 = OVER_RIDING_STYLED_ITEM('overriding color',(#19269),#6001,
  #18173);
#19269 = PRESENTATION_STYLE_ASSIGNMENT((#19270));
#19270 = SURFACE_STYLE_USAGE(.BOTH.,#19271);
#19271 = SURFACE_SIDE_STYLE('',(#19272));
#19272 = SURFACE_STYLE_FILL_AREA(#19273);
#19273 = FILL_AREA_STYLE('',(#19274));
#19274 = FILL_AREA_STYLE_COLOUR('',#18188);
#19275 = OVER_RIDING_STYLED_ITEM('overriding color',(#19276),#6018,
  #18173);
#19276 = PRESENTATION_STYLE_ASSIGNMENT((#19277));
#19277 = SURFACE_STYLE_USAGE(.BOTH.,#19278);
#19278 = SURFACE_SIDE_STYLE('',(#19279));
#19279 = SURFACE_STYLE_FILL_AREA(#19280);
#19280 = FILL_AREA_STYLE('',(#19281));
#19281 = FILL_AREA_STYLE_COLOUR('',#18188);
#19282 = OVER_RIDING_STYLED_ITEM('overriding color',(#19283),#6030,
  #18173);
#19283 = PRESENTATION_STYLE_ASSIGNMENT((#19284));
#19284 = SURFACE_STYLE_USAGE(.BOTH.,#19285);
#19285 = SURFACE_SIDE_STYLE('',(#19286));
#19286 = SURFACE_STYLE_FILL_AREA(#19287);
#19287 = FILL_AREA_STYLE('',(#19288));
#19288 = FILL_AREA_STYLE_COLOUR('',#18188);
#19289 = OVER_RIDING_STYLED_ITEM('overriding color',(#19290),#6054,
  #18173);
#19290 = PRESENTATION_STYLE_ASSIGNMENT((#19291));
#19291 = SURFACE_STYLE_USAGE(.BOTH.,#19292);
#19292 = SURFACE_SIDE_STYLE('',(#19293));
#19293 = SURFACE_STYLE_FILL_AREA(#19294);
#19294 = FILL_AREA_STYLE('',(#19295));
#19295 = FILL_AREA_STYLE_COLOUR('',#18188);
#19296 = OVER_RIDING_STYLED_ITEM('overriding color',(#19297),#6080,
  #18173);
#19297 = PRESENTATION_STYLE_ASSIGNMENT((#19298));
#19298 = SURFACE_STYLE_USAGE(.BOTH.,#19299);
#19299 = SURFACE_SIDE_STYLE('',(#19300));
#19300 = SURFACE_STYLE_FILL_AREA(#19301);
#19301 = FILL_AREA_STYLE('',(#19302));
#19302 = FILL_AREA_STYLE_COLOUR('',#18188);
#19303 = OVER_RIDING_STYLED_ITEM('overriding color',(#19304),#6097,
  #18173);
#19304 = PRESENTATION_STYLE_ASSIGNMENT((#19305));
#19305 = SURFACE_STYLE_USAGE(.BOTH.,#19306);
#19306 = SURFACE_SIDE_STYLE('',(#19307));
#19307 = SURFACE_STYLE_FILL_AREA(#19308);
#19308 = FILL_AREA_STYLE('',(#19309));
#19309 = FILL_AREA_STYLE_COLOUR('',#18188);
#19310 = OVER_RIDING_STYLED_ITEM('overriding color',(#19311),#6114,
  #18173);
#19311 = PRESENTATION_STYLE_ASSIGNMENT((#19312));
#19312 = SURFACE_STYLE_USAGE(.BOTH.,#19313);
#19313 = SURFACE_SIDE_STYLE('',(#19314));
#19314 = SURFACE_STYLE_FILL_AREA(#19315);
#19315 = FILL_AREA_STYLE('',(#19316));
#19316 = FILL_AREA_STYLE_COLOUR('',#18188);
#19317 = OVER_RIDING_STYLED_ITEM('overriding color',(#19318),#6131,
  #18173);
#19318 = PRESENTATION_STYLE_ASSIGNMENT((#19319));
#19319 = SURFACE_STYLE_USAGE(.BOTH.,#19320);
#19320 = SURFACE_SIDE_STYLE('',(#19321));
#19321 = SURFACE_STYLE_FILL_AREA(#19322);
#19322 = FILL_AREA_STYLE('',(#19323));
#19323 = FILL_AREA_STYLE_COLOUR('',#18188);
#19324 = OVER_RIDING_STYLED_ITEM('overriding color',(#19325),#6143,
  #18173);
#19325 = PRESENTATION_STYLE_ASSIGNMENT((#19326));
#19326 = SURFACE_STYLE_USAGE(.BOTH.,#19327);
#19327 = SURFACE_SIDE_STYLE('',(#19328));
#19328 = SURFACE_STYLE_FILL_AREA(#19329);
#19329 = FILL_AREA_STYLE('',(#19330));
#19330 = FILL_AREA_STYLE_COLOUR('',#18188);
#19331 = OVER_RIDING_STYLED_ITEM('overriding color',(#19332),#6160,
  #18173);
#19332 = PRESENTATION_STYLE_ASSIGNMENT((#19333));
#19333 = SURFACE_STYLE_USAGE(.BOTH.,#19334);
#19334 = SURFACE_SIDE_STYLE('',(#19335));
#19335 = SURFACE_STYLE_FILL_AREA(#19336);
#19336 = FILL_AREA_STYLE('',(#19337));
#19337 = FILL_AREA_STYLE_COLOUR('',#18188);
#19338 = OVER_RIDING_STYLED_ITEM('overriding color',(#19339),#6177,
  #18173);
#19339 = PRESENTATION_STYLE_ASSIGNMENT((#19340));
#19340 = SURFACE_STYLE_USAGE(.BOTH.,#19341);
#19341 = SURFACE_SIDE_STYLE('',(#19342));
#19342 = SURFACE_STYLE_FILL_AREA(#19343);
#19343 = FILL_AREA_STYLE('',(#19344));
#19344 = FILL_AREA_STYLE_COLOUR('',#18188);
#19345 = OVER_RIDING_STYLED_ITEM('overriding color',(#19346),#6194,
  #18173);
#19346 = PRESENTATION_STYLE_ASSIGNMENT((#19347));
#19347 = SURFACE_STYLE_USAGE(.BOTH.,#19348);
#19348 = SURFACE_SIDE_STYLE('',(#19349));
#19349 = SURFACE_STYLE_FILL_AREA(#19350);
#19350 = FILL_AREA_STYLE('',(#19351));
#19351 = FILL_AREA_STYLE_COLOUR('',#18188);
#19352 = OVER_RIDING_STYLED_ITEM('overriding color',(#19353),#6206,
  #18173);
#19353 = PRESENTATION_STYLE_ASSIGNMENT((#19354));
#19354 = SURFACE_STYLE_USAGE(.BOTH.,#19355);
#19355 = SURFACE_SIDE_STYLE('',(#19356));
#19356 = SURFACE_STYLE_FILL_AREA(#19357);
#19357 = FILL_AREA_STYLE('',(#19358));
#19358 = FILL_AREA_STYLE_COLOUR('',#18188);
#19359 = OVER_RIDING_STYLED_ITEM('overriding color',(#19360),#6232,
  #18173);
#19360 = PRESENTATION_STYLE_ASSIGNMENT((#19361));
#19361 = SURFACE_STYLE_USAGE(.BOTH.,#19362);
#19362 = SURFACE_SIDE_STYLE('',(#19363));
#19363 = SURFACE_STYLE_FILL_AREA(#19364);
#19364 = FILL_AREA_STYLE('',(#19365));
#19365 = FILL_AREA_STYLE_COLOUR('',#18188);
#19366 = OVER_RIDING_STYLED_ITEM('overriding color',(#19367),#6280,
  #18173);
#19367 = PRESENTATION_STYLE_ASSIGNMENT((#19368));
#19368 = SURFACE_STYLE_USAGE(.BOTH.,#19369);
#19369 = SURFACE_SIDE_STYLE('',(#19370));
#19370 = SURFACE_STYLE_FILL_AREA(#19371);
#19371 = FILL_AREA_STYLE('',(#19372));
#19372 = FILL_AREA_STYLE_COLOUR('',#18188);
#19373 = OVER_RIDING_STYLED_ITEM('overriding color',(#19374),#6335,
  #18173);
#19374 = PRESENTATION_STYLE_ASSIGNMENT((#19375));
#19375 = SURFACE_STYLE_USAGE(.BOTH.,#19376);
#19376 = SURFACE_SIDE_STYLE('',(#19377));
#19377 = SURFACE_STYLE_FILL_AREA(#19378);
#19378 = FILL_AREA_STYLE('',(#19379));
#19379 = FILL_AREA_STYLE_COLOUR('',#18188);
#19380 = OVER_RIDING_STYLED_ITEM('overriding color',(#19381),#6347,
  #18173);
#19381 = PRESENTATION_STYLE_ASSIGNMENT((#19382));
#19382 = SURFACE_STYLE_USAGE(.BOTH.,#19383);
#19383 = SURFACE_SIDE_STYLE('',(#19384));
#19384 = SURFACE_STYLE_FILL_AREA(#19385);
#19385 = FILL_AREA_STYLE('',(#19386));
#19386 = FILL_AREA_STYLE_COLOUR('',#18188);
#19387 = OVER_RIDING_STYLED_ITEM('overriding color',(#19388),#6364,
  #18173);
#19388 = PRESENTATION_STYLE_ASSIGNMENT((#19389));
#19389 = SURFACE_STYLE_USAGE(.BOTH.,#19390);
#19390 = SURFACE_SIDE_STYLE('',(#19391));
#19391 = SURFACE_STYLE_FILL_AREA(#19392);
#19392 = FILL_AREA_STYLE('',(#19393));
#19393 = FILL_AREA_STYLE_COLOUR('',#18188);
#19394 = OVER_RIDING_STYLED_ITEM('overriding color',(#19395),#6381,
  #18173);
#19395 = PRESENTATION_STYLE_ASSIGNMENT((#19396));
#19396 = SURFACE_STYLE_USAGE(.BOTH.,#19397);
#19397 = SURFACE_SIDE_STYLE('',(#19398));
#19398 = SURFACE_STYLE_FILL_AREA(#19399);
#19399 = FILL_AREA_STYLE('',(#19400));
#19400 = FILL_AREA_STYLE_COLOUR('',#18188);
#19401 = OVER_RIDING_STYLED_ITEM('overriding color',(#19402),#6397,
  #18173);
#19402 = PRESENTATION_STYLE_ASSIGNMENT((#19403));
#19403 = SURFACE_STYLE_USAGE(.BOTH.,#19404);
#19404 = SURFACE_SIDE_STYLE('',(#19405));
#19405 = SURFACE_STYLE_FILL_AREA(#19406);
#19406 = FILL_AREA_STYLE('',(#19407));
#19407 = FILL_AREA_STYLE_COLOUR('',#18188);
#19408 = OVER_RIDING_STYLED_ITEM('overriding color',(#19409),#6420,
  #18173);
#19409 = PRESENTATION_STYLE_ASSIGNMENT((#19410));
#19410 = SURFACE_STYLE_USAGE(.BOTH.,#19411);
#19411 = SURFACE_SIDE_STYLE('',(#19412));
#19412 = SURFACE_STYLE_FILL_AREA(#19413);
#19413 = FILL_AREA_STYLE('',(#19414));
#19414 = FILL_AREA_STYLE_COLOUR('',#18188);
#19415 = OVER_RIDING_STYLED_ITEM('overriding color',(#19416),#6432,
  #18173);
#19416 = PRESENTATION_STYLE_ASSIGNMENT((#19417));
#19417 = SURFACE_STYLE_USAGE(.BOTH.,#19418);
#19418 = SURFACE_SIDE_STYLE('',(#19419));
#19419 = SURFACE_STYLE_FILL_AREA(#19420);
#19420 = FILL_AREA_STYLE('',(#19421));
#19421 = FILL_AREA_STYLE_COLOUR('',#18188);
#19422 = OVER_RIDING_STYLED_ITEM('overriding color',(#19423),#6449,
  #18173);
#19423 = PRESENTATION_STYLE_ASSIGNMENT((#19424));
#19424 = SURFACE_STYLE_USAGE(.BOTH.,#19425);
#19425 = SURFACE_SIDE_STYLE('',(#19426));
#19426 = SURFACE_STYLE_FILL_AREA(#19427);
#19427 = FILL_AREA_STYLE('',(#19428));
#19428 = FILL_AREA_STYLE_COLOUR('',#18188);
#19429 = OVER_RIDING_STYLED_ITEM('overriding color',(#19430),#6482,
  #18173);
#19430 = PRESENTATION_STYLE_ASSIGNMENT((#19431));
#19431 = SURFACE_STYLE_USAGE(.BOTH.,#19432);
#19432 = SURFACE_SIDE_STYLE('',(#19433));
#19433 = SURFACE_STYLE_FILL_AREA(#19434);
#19434 = FILL_AREA_STYLE('',(#19435));
#19435 = FILL_AREA_STYLE_COLOUR('',#18188);
#19436 = OVER_RIDING_STYLED_ITEM('overriding color',(#19437),#6499,
  #18173);
#19437 = PRESENTATION_STYLE_ASSIGNMENT((#19438));
#19438 = SURFACE_STYLE_USAGE(.BOTH.,#19439);
#19439 = SURFACE_SIDE_STYLE('',(#19440));
#19440 = SURFACE_STYLE_FILL_AREA(#19441);
#19441 = FILL_AREA_STYLE('',(#19442));
#19442 = FILL_AREA_STYLE_COLOUR('',#18188);
#19443 = OVER_RIDING_STYLED_ITEM('overriding color',(#19444),#6517,
  #18173);
#19444 = PRESENTATION_STYLE_ASSIGNMENT((#19445));
#19445 = SURFACE_STYLE_USAGE(.BOTH.,#19446);
#19446 = SURFACE_SIDE_STYLE('',(#19447));
#19447 = SURFACE_STYLE_FILL_AREA(#19448);
#19448 = FILL_AREA_STYLE('',(#19449));
#19449 = FILL_AREA_STYLE_COLOUR('',#18188);
#19450 = OVER_RIDING_STYLED_ITEM('overriding color',(#19451),#6534,
  #18173);
#19451 = PRESENTATION_STYLE_ASSIGNMENT((#19452));
#19452 = SURFACE_STYLE_USAGE(.BOTH.,#19453);
#19453 = SURFACE_SIDE_STYLE('',(#19454));
#19454 = SURFACE_STYLE_FILL_AREA(#19455);
#19455 = FILL_AREA_STYLE('',(#19456));
#19456 = FILL_AREA_STYLE_COLOUR('',#18188);
#19457 = OVER_RIDING_STYLED_ITEM('overriding color',(#19458),#6551,
  #18173);
#19458 = PRESENTATION_STYLE_ASSIGNMENT((#19459));
#19459 = SURFACE_STYLE_USAGE(.BOTH.,#19460);
#19460 = SURFACE_SIDE_STYLE('',(#19461));
#19461 = SURFACE_STYLE_FILL_AREA(#19462);
#19462 = FILL_AREA_STYLE('',(#19463));
#19463 = FILL_AREA_STYLE_COLOUR('',#18188);
#19464 = OVER_RIDING_STYLED_ITEM('overriding color',(#19465),#6563,
  #18173);
#19465 = PRESENTATION_STYLE_ASSIGNMENT((#19466));
#19466 = SURFACE_STYLE_USAGE(.BOTH.,#19467);
#19467 = SURFACE_SIDE_STYLE('',(#19468));
#19468 = SURFACE_STYLE_FILL_AREA(#19469);
#19469 = FILL_AREA_STYLE('',(#19470));
#19470 = FILL_AREA_STYLE_COLOUR('',#18188);
#19471 = OVER_RIDING_STYLED_ITEM('overriding color',(#19472),#6575,
  #18173);
#19472 = PRESENTATION_STYLE_ASSIGNMENT((#19473));
#19473 = SURFACE_STYLE_USAGE(.BOTH.,#19474);
#19474 = SURFACE_SIDE_STYLE('',(#19475));
#19475 = SURFACE_STYLE_FILL_AREA(#19476);
#19476 = FILL_AREA_STYLE('',(#19477));
#19477 = FILL_AREA_STYLE_COLOUR('',#18188);
#19478 = OVER_RIDING_STYLED_ITEM('overriding color',(#19479),#6592,
  #18173);
#19479 = PRESENTATION_STYLE_ASSIGNMENT((#19480));
#19480 = SURFACE_STYLE_USAGE(.BOTH.,#19481);
#19481 = SURFACE_SIDE_STYLE('',(#19482));
#19482 = SURFACE_STYLE_FILL_AREA(#19483);
#19483 = FILL_AREA_STYLE('',(#19484));
#19484 = FILL_AREA_STYLE_COLOUR('',#18188);
#19485 = OVER_RIDING_STYLED_ITEM('overriding color',(#19486),#6609,
  #18173);
#19486 = PRESENTATION_STYLE_ASSIGNMENT((#19487));
#19487 = SURFACE_STYLE_USAGE(.BOTH.,#19488);
#19488 = SURFACE_SIDE_STYLE('',(#19489));
#19489 = SURFACE_STYLE_FILL_AREA(#19490);
#19490 = FILL_AREA_STYLE('',(#19491));
#19491 = FILL_AREA_STYLE_COLOUR('',#18188);
#19492 = OVER_RIDING_STYLED_ITEM('overriding color',(#19493),#6626,
  #18173);
#19493 = PRESENTATION_STYLE_ASSIGNMENT((#19494));
#19494 = SURFACE_STYLE_USAGE(.BOTH.,#19495);
#19495 = SURFACE_SIDE_STYLE('',(#19496));
#19496 = SURFACE_STYLE_FILL_AREA(#19497);
#19497 = FILL_AREA_STYLE('',(#19498));
#19498 = FILL_AREA_STYLE_COLOUR('',#18188);
#19499 = OVER_RIDING_STYLED_ITEM('overriding color',(#19500),#6643,
  #18173);
#19500 = PRESENTATION_STYLE_ASSIGNMENT((#19501));
#19501 = SURFACE_STYLE_USAGE(.BOTH.,#19502);
#19502 = SURFACE_SIDE_STYLE('',(#19503));
#19503 = SURFACE_STYLE_FILL_AREA(#19504);
#19504 = FILL_AREA_STYLE('',(#19505));
#19505 = FILL_AREA_STYLE_COLOUR('',#18188);
#19506 = OVER_RIDING_STYLED_ITEM('overriding color',(#19507),#6655,
  #18173);
#19507 = PRESENTATION_STYLE_ASSIGNMENT((#19508));
#19508 = SURFACE_STYLE_USAGE(.BOTH.,#19509);
#19509 = SURFACE_SIDE_STYLE('',(#19510));
#19510 = SURFACE_STYLE_FILL_AREA(#19511);
#19511 = FILL_AREA_STYLE('',(#19512));
#19512 = FILL_AREA_STYLE_COLOUR('',#18188);
#19513 = OVER_RIDING_STYLED_ITEM('overriding color',(#19514),#6679,
  #18173);
#19514 = PRESENTATION_STYLE_ASSIGNMENT((#19515));
#19515 = SURFACE_STYLE_USAGE(.BOTH.,#19516);
#19516 = SURFACE_SIDE_STYLE('',(#19517));
#19517 = SURFACE_STYLE_FILL_AREA(#19518);
#19518 = FILL_AREA_STYLE('',(#19519));
#19519 = FILL_AREA_STYLE_COLOUR('',#18188);
#19520 = OVER_RIDING_STYLED_ITEM('overriding color',(#19521),#6710,
  #18173);
#19521 = PRESENTATION_STYLE_ASSIGNMENT((#19522));
#19522 = SURFACE_STYLE_USAGE(.BOTH.,#19523);
#19523 = SURFACE_SIDE_STYLE('',(#19524));
#19524 = SURFACE_STYLE_FILL_AREA(#19525);
#19525 = FILL_AREA_STYLE('',(#19526));
#19526 = FILL_AREA_STYLE_COLOUR('',#18188);
#19527 = OVER_RIDING_STYLED_ITEM('overriding color',(#19528),#6734,
  #18173);
#19528 = PRESENTATION_STYLE_ASSIGNMENT((#19529));
#19529 = SURFACE_STYLE_USAGE(.BOTH.,#19530);
#19530 = SURFACE_SIDE_STYLE('',(#19531));
#19531 = SURFACE_STYLE_FILL_AREA(#19532);
#19532 = FILL_AREA_STYLE('',(#19533));
#19533 = FILL_AREA_STYLE_COLOUR('',#18188);
#19534 = OVER_RIDING_STYLED_ITEM('overriding color',(#19535),#6751,
  #18173);
#19535 = PRESENTATION_STYLE_ASSIGNMENT((#19536));
#19536 = SURFACE_STYLE_USAGE(.BOTH.,#19537);
#19537 = SURFACE_SIDE_STYLE('',(#19538));
#19538 = SURFACE_STYLE_FILL_AREA(#19539);
#19539 = FILL_AREA_STYLE('',(#19540));
#19540 = FILL_AREA_STYLE_COLOUR('',#18188);
#19541 = OVER_RIDING_STYLED_ITEM('overriding color',(#19542),#6768,
  #18173);
#19542 = PRESENTATION_STYLE_ASSIGNMENT((#19543));
#19543 = SURFACE_STYLE_USAGE(.BOTH.,#19544);
#19544 = SURFACE_SIDE_STYLE('',(#19545));
#19545 = SURFACE_STYLE_FILL_AREA(#19546);
#19546 = FILL_AREA_STYLE('',(#19547));
#19547 = FILL_AREA_STYLE_COLOUR('',#18188);
#19548 = OVER_RIDING_STYLED_ITEM('overriding color',(#19549),#6780,
  #18173);
#19549 = PRESENTATION_STYLE_ASSIGNMENT((#19550));
#19550 = SURFACE_STYLE_USAGE(.BOTH.,#19551);
#19551 = SURFACE_SIDE_STYLE('',(#19552));
#19552 = SURFACE_STYLE_FILL_AREA(#19553);
#19553 = FILL_AREA_STYLE('',(#19554));
#19554 = FILL_AREA_STYLE_COLOUR('',#18188);
#19555 = OVER_RIDING_STYLED_ITEM('overriding color',(#19556),#6797,
  #18173);
#19556 = PRESENTATION_STYLE_ASSIGNMENT((#19557));
#19557 = SURFACE_STYLE_USAGE(.BOTH.,#19558);
#19558 = SURFACE_SIDE_STYLE('',(#19559));
#19559 = SURFACE_STYLE_FILL_AREA(#19560);
#19560 = FILL_AREA_STYLE('',(#19561));
#19561 = FILL_AREA_STYLE_COLOUR('',#18188);
#19562 = OVER_RIDING_STYLED_ITEM('overriding color',(#19563),#6809,
  #18173);
#19563 = PRESENTATION_STYLE_ASSIGNMENT((#19564));
#19564 = SURFACE_STYLE_USAGE(.BOTH.,#19565);
#19565 = SURFACE_SIDE_STYLE('',(#19566));
#19566 = SURFACE_STYLE_FILL_AREA(#19567);
#19567 = FILL_AREA_STYLE('',(#19568));
#19568 = FILL_AREA_STYLE_COLOUR('',#18188);
#19569 = OVER_RIDING_STYLED_ITEM('overriding color',(#19570),#6845,
  #18173);
#19570 = PRESENTATION_STYLE_ASSIGNMENT((#19571));
#19571 = SURFACE_STYLE_USAGE(.BOTH.,#19572);
#19572 = SURFACE_SIDE_STYLE('',(#19573));
#19573 = SURFACE_STYLE_FILL_AREA(#19574);
#19574 = FILL_AREA_STYLE('',(#19575));
#19575 = FILL_AREA_STYLE_COLOUR('',#18188);
#19576 = OVER_RIDING_STYLED_ITEM('overriding color',(#19577),#6911,
  #18173);
#19577 = PRESENTATION_STYLE_ASSIGNMENT((#19578));
#19578 = SURFACE_STYLE_USAGE(.BOTH.,#19579);
#19579 = SURFACE_SIDE_STYLE('',(#19580));
#19580 = SURFACE_STYLE_FILL_AREA(#19581);
#19581 = FILL_AREA_STYLE('',(#19582));
#19582 = FILL_AREA_STYLE_COLOUR('',#18188);
#19583 = OVER_RIDING_STYLED_ITEM('overriding color',(#19584),#6983,
  #18173);
#19584 = PRESENTATION_STYLE_ASSIGNMENT((#19585));
#19585 = SURFACE_STYLE_USAGE(.BOTH.,#19586);
#19586 = SURFACE_SIDE_STYLE('',(#19587));
#19587 = SURFACE_STYLE_FILL_AREA(#19588);
#19588 = FILL_AREA_STYLE('',(#19589));
#19589 = FILL_AREA_STYLE_COLOUR('',#18188);
#19590 = OVER_RIDING_STYLED_ITEM('overriding color',(#19591),#7077,
  #18173);
#19591 = PRESENTATION_STYLE_ASSIGNMENT((#19592));
#19592 = SURFACE_STYLE_USAGE(.BOTH.,#19593);
#19593 = SURFACE_SIDE_STYLE('',(#19594));
#19594 = SURFACE_STYLE_FILL_AREA(#19595);
#19595 = FILL_AREA_STYLE('',(#19596));
#19596 = FILL_AREA_STYLE_COLOUR('',#18188);
#19597 = OVER_RIDING_STYLED_ITEM('overriding color',(#19598),#7102,
  #18173);
#19598 = PRESENTATION_STYLE_ASSIGNMENT((#19599));
#19599 = SURFACE_STYLE_USAGE(.BOTH.,#19600);
#19600 = SURFACE_SIDE_STYLE('',(#19601));
#19601 = SURFACE_STYLE_FILL_AREA(#19602);
#19602 = FILL_AREA_STYLE('',(#19603));
#19603 = FILL_AREA_STYLE_COLOUR('',#18188);
#19604 = OVER_RIDING_STYLED_ITEM('overriding color',(#19605),#7138,
  #18173);
#19605 = PRESENTATION_STYLE_ASSIGNMENT((#19606));
#19606 = SURFACE_STYLE_USAGE(.BOTH.,#19607);
#19607 = SURFACE_SIDE_STYLE('',(#19608));
#19608 = SURFACE_STYLE_FILL_AREA(#19609);
#19609 = FILL_AREA_STYLE('',(#19610));
#19610 = FILL_AREA_STYLE_COLOUR('',#18188);
#19611 = OVER_RIDING_STYLED_ITEM('overriding color',(#19612),#7148,
  #18173);
#19612 = PRESENTATION_STYLE_ASSIGNMENT((#19613));
#19613 = SURFACE_STYLE_USAGE(.BOTH.,#19614);
#19614 = SURFACE_SIDE_STYLE('',(#19615));
#19615 = SURFACE_STYLE_FILL_AREA(#19616);
#19616 = FILL_AREA_STYLE('',(#19617));
#19617 = FILL_AREA_STYLE_COLOUR('',#18188);
#19618 = OVER_RIDING_STYLED_ITEM('overriding color',(#19619),#7173,
  #18173);
#19619 = PRESENTATION_STYLE_ASSIGNMENT((#19620));
#19620 = SURFACE_STYLE_USAGE(.BOTH.,#19621);
#19621 = SURFACE_SIDE_STYLE('',(#19622));
#19622 = SURFACE_STYLE_FILL_AREA(#19623);
#19623 = FILL_AREA_STYLE('',(#19624));
#19624 = FILL_AREA_STYLE_COLOUR('',#18188);
#19625 = OVER_RIDING_STYLED_ITEM('overriding color',(#19626),#7205,
  #18173);
#19626 = PRESENTATION_STYLE_ASSIGNMENT((#19627));
#19627 = SURFACE_STYLE_USAGE(.BOTH.,#19628);
#19628 = SURFACE_SIDE_STYLE('',(#19629));
#19629 = SURFACE_STYLE_FILL_AREA(#19630);
#19630 = FILL_AREA_STYLE('',(#19631));
#19631 = FILL_AREA_STYLE_COLOUR('',#18188);
#19632 = OVER_RIDING_STYLED_ITEM('overriding color',(#19633),#7270,
  #18173);
#19633 = PRESENTATION_STYLE_ASSIGNMENT((#19634));
#19634 = SURFACE_STYLE_USAGE(.BOTH.,#19635);
#19635 = SURFACE_SIDE_STYLE('',(#19636));
#19636 = SURFACE_STYLE_FILL_AREA(#19637);
#19637 = FILL_AREA_STYLE('',(#19638));
#19638 = FILL_AREA_STYLE_COLOUR('',#18188);
#19639 = OVER_RIDING_STYLED_ITEM('overriding color',(#19640),#7308,
  #18173);
#19640 = PRESENTATION_STYLE_ASSIGNMENT((#19641));
#19641 = SURFACE_STYLE_USAGE(.BOTH.,#19642);
#19642 = SURFACE_SIDE_STYLE('',(#19643));
#19643 = SURFACE_STYLE_FILL_AREA(#19644);
#19644 = FILL_AREA_STYLE('',(#19645));
#19645 = FILL_AREA_STYLE_COLOUR('',#18188);
#19646 = OVER_RIDING_STYLED_ITEM('overriding color',(#19647),#7355,
  #18173);
#19647 = PRESENTATION_STYLE_ASSIGNMENT((#19648));
#19648 = SURFACE_STYLE_USAGE(.BOTH.,#19649);
#19649 = SURFACE_SIDE_STYLE('',(#19650));
#19650 = SURFACE_STYLE_FILL_AREA(#19651);
#19651 = FILL_AREA_STYLE('',(#19652));
#19652 = FILL_AREA_STYLE_COLOUR('',#18188);
#19653 = OVER_RIDING_STYLED_ITEM('overriding color',(#19654),#7365,
  #18173);
#19654 = PRESENTATION_STYLE_ASSIGNMENT((#19655));
#19655 = SURFACE_STYLE_USAGE(.BOTH.,#19656);
#19656 = SURFACE_SIDE_STYLE('',(#19657));
#19657 = SURFACE_STYLE_FILL_AREA(#19658);
#19658 = FILL_AREA_STYLE('',(#19659));
#19659 = FILL_AREA_STYLE_COLOUR('',#18188);
#19660 = OVER_RIDING_STYLED_ITEM('overriding color',(#19661),#7400,
  #18173);
#19661 = PRESENTATION_STYLE_ASSIGNMENT((#19662));
#19662 = SURFACE_STYLE_USAGE(.BOTH.,#19663);
#19663 = SURFACE_SIDE_STYLE('',(#19664));
#19664 = SURFACE_STYLE_FILL_AREA(#19665);
#19665 = FILL_AREA_STYLE('',(#19666));
#19666 = FILL_AREA_STYLE_COLOUR('',#18188);
#19667 = OVER_RIDING_STYLED_ITEM('overriding color',(#19668),#7430,
  #18173);
#19668 = PRESENTATION_STYLE_ASSIGNMENT((#19669));
#19669 = SURFACE_STYLE_USAGE(.BOTH.,#19670);
#19670 = SURFACE_SIDE_STYLE('',(#19671));
#19671 = SURFACE_STYLE_FILL_AREA(#19672);
#19672 = FILL_AREA_STYLE('',(#19673));
#19673 = FILL_AREA_STYLE_COLOUR('',#18188);
#19674 = OVER_RIDING_STYLED_ITEM('overriding color',(#19675),#7471,
  #18173);
#19675 = PRESENTATION_STYLE_ASSIGNMENT((#19676));
#19676 = SURFACE_STYLE_USAGE(.BOTH.,#19677);
#19677 = SURFACE_SIDE_STYLE('',(#19678));
#19678 = SURFACE_STYLE_FILL_AREA(#19679);
#19679 = FILL_AREA_STYLE('',(#19680));
#19680 = FILL_AREA_STYLE_COLOUR('',#18188);
#19681 = OVER_RIDING_STYLED_ITEM('overriding color',(#19682),#7502,
  #18173);
#19682 = PRESENTATION_STYLE_ASSIGNMENT((#19683));
#19683 = SURFACE_STYLE_USAGE(.BOTH.,#19684);
#19684 = SURFACE_SIDE_STYLE('',(#19685));
#19685 = SURFACE_STYLE_FILL_AREA(#19686);
#19686 = FILL_AREA_STYLE('',(#19687));
#19687 = FILL_AREA_STYLE_COLOUR('',#18188);
#19688 = OVER_RIDING_STYLED_ITEM('overriding color',(#19689),#7534,
  #18173);
#19689 = PRESENTATION_STYLE_ASSIGNMENT((#19690));
#19690 = SURFACE_STYLE_USAGE(.BOTH.,#19691);
#19691 = SURFACE_SIDE_STYLE('',(#19692));
#19692 = SURFACE_STYLE_FILL_AREA(#19693);
#19693 = FILL_AREA_STYLE('',(#19694));
#19694 = FILL_AREA_STYLE_COLOUR('',#18188);
#19695 = OVER_RIDING_STYLED_ITEM('overriding color',(#19696),#7563,
  #18173);
#19696 = PRESENTATION_STYLE_ASSIGNMENT((#19697));
#19697 = SURFACE_STYLE_USAGE(.BOTH.,#19698);
#19698 = SURFACE_SIDE_STYLE('',(#19699));
#19699 = SURFACE_STYLE_FILL_AREA(#19700);
#19700 = FILL_AREA_STYLE('',(#19701));
#19701 = FILL_AREA_STYLE_COLOUR('',#18188);
#19702 = OVER_RIDING_STYLED_ITEM('overriding color',(#19703),#7580,
  #18173);
#19703 = PRESENTATION_STYLE_ASSIGNMENT((#19704));
#19704 = SURFACE_STYLE_USAGE(.BOTH.,#19705);
#19705 = SURFACE_SIDE_STYLE('',(#19706));
#19706 = SURFACE_STYLE_FILL_AREA(#19707);
#19707 = FILL_AREA_STYLE('',(#19708));
#19708 = FILL_AREA_STYLE_COLOUR('',#18188);
#19709 = OVER_RIDING_STYLED_ITEM('overriding color',(#19710),#7604,
  #18173);
#19710 = PRESENTATION_STYLE_ASSIGNMENT((#19711));
#19711 = SURFACE_STYLE_USAGE(.BOTH.,#19712);
#19712 = SURFACE_SIDE_STYLE('',(#19713));
#19713 = SURFACE_STYLE_FILL_AREA(#19714);
#19714 = FILL_AREA_STYLE('',(#19715));
#19715 = FILL_AREA_STYLE_COLOUR('',#18188);
#19716 = OVER_RIDING_STYLED_ITEM('overriding color',(#19717),#7648,
  #18173);
#19717 = PRESENTATION_STYLE_ASSIGNMENT((#19718));
#19718 = SURFACE_STYLE_USAGE(.BOTH.,#19719);
#19719 = SURFACE_SIDE_STYLE('',(#19720));
#19720 = SURFACE_STYLE_FILL_AREA(#19721);
#19721 = FILL_AREA_STYLE('',(#19722));
#19722 = FILL_AREA_STYLE_COLOUR('',#18188);
#19723 = OVER_RIDING_STYLED_ITEM('overriding color',(#19724),#7660,
  #18173);
#19724 = PRESENTATION_STYLE_ASSIGNMENT((#19725));
#19725 = SURFACE_STYLE_USAGE(.BOTH.,#19726);
#19726 = SURFACE_SIDE_STYLE('',(#19727));
#19727 = SURFACE_STYLE_FILL_AREA(#19728);
#19728 = FILL_AREA_STYLE('',(#19729));
#19729 = FILL_AREA_STYLE_COLOUR('',#18188);
#19730 = OVER_RIDING_STYLED_ITEM('overriding color',(#19731),#7691,
  #18173);
#19731 = PRESENTATION_STYLE_ASSIGNMENT((#19732));
#19732 = SURFACE_STYLE_USAGE(.BOTH.,#19733);
#19733 = SURFACE_SIDE_STYLE('',(#19734));
#19734 = SURFACE_STYLE_FILL_AREA(#19735);
#19735 = FILL_AREA_STYLE('',(#19736));
#19736 = FILL_AREA_STYLE_COLOUR('',#18188);
#19737 = OVER_RIDING_STYLED_ITEM('overriding color',(#19738),#7715,
  #18173);
#19738 = PRESENTATION_STYLE_ASSIGNMENT((#19739));
#19739 = SURFACE_STYLE_USAGE(.BOTH.,#19740);
#19740 = SURFACE_SIDE_STYLE('',(#19741));
#19741 = SURFACE_STYLE_FILL_AREA(#19742);
#19742 = FILL_AREA_STYLE('',(#19743));
#19743 = FILL_AREA_STYLE_COLOUR('',#18188);
#19744 = OVER_RIDING_STYLED_ITEM('overriding color',(#19745),#7739,
  #18173);
#19745 = PRESENTATION_STYLE_ASSIGNMENT((#19746));
#19746 = SURFACE_STYLE_USAGE(.BOTH.,#19747);
#19747 = SURFACE_SIDE_STYLE('',(#19748));
#19748 = SURFACE_STYLE_FILL_AREA(#19749);
#19749 = FILL_AREA_STYLE('',(#19750));
#19750 = FILL_AREA_STYLE_COLOUR('',#18188);
#19751 = OVER_RIDING_STYLED_ITEM('overriding color',(#19752),#7756,
  #18173);
#19752 = PRESENTATION_STYLE_ASSIGNMENT((#19753));
#19753 = SURFACE_STYLE_USAGE(.BOTH.,#19754);
#19754 = SURFACE_SIDE_STYLE('',(#19755));
#19755 = SURFACE_STYLE_FILL_AREA(#19756);
#19756 = FILL_AREA_STYLE('',(#19757));
#19757 = FILL_AREA_STYLE_COLOUR('',#18188);
#19758 = OVER_RIDING_STYLED_ITEM('overriding color',(#19759),#7803,
  #18173);
#19759 = PRESENTATION_STYLE_ASSIGNMENT((#19760));
#19760 = SURFACE_STYLE_USAGE(.BOTH.,#19761);
#19761 = SURFACE_SIDE_STYLE('',(#19762));
#19762 = SURFACE_STYLE_FILL_AREA(#19763);
#19763 = FILL_AREA_STYLE('',(#19764));
#19764 = FILL_AREA_STYLE_COLOUR('',#18188);
#19765 = OVER_RIDING_STYLED_ITEM('overriding color',(#19766),#7820,
  #18173);
#19766 = PRESENTATION_STYLE_ASSIGNMENT((#19767));
#19767 = SURFACE_STYLE_USAGE(.BOTH.,#19768);
#19768 = SURFACE_SIDE_STYLE('',(#19769));
#19769 = SURFACE_STYLE_FILL_AREA(#19770);
#19770 = FILL_AREA_STYLE('',(#19771));
#19771 = FILL_AREA_STYLE_COLOUR('',#18188);
#19772 = OVER_RIDING_STYLED_ITEM('overriding color',(#19773),#7838,
  #18173);
#19773 = PRESENTATION_STYLE_ASSIGNMENT((#19774));
#19774 = SURFACE_STYLE_USAGE(.BOTH.,#19775);
#19775 = SURFACE_SIDE_STYLE('',(#19776));
#19776 = SURFACE_STYLE_FILL_AREA(#19777);
#19777 = FILL_AREA_STYLE('',(#19778));
#19778 = FILL_AREA_STYLE_COLOUR('',#18188);
#19779 = OVER_RIDING_STYLED_ITEM('overriding color',(#19780),#7868,
  #18173);
#19780 = PRESENTATION_STYLE_ASSIGNMENT((#19781));
#19781 = SURFACE_STYLE_USAGE(.BOTH.,#19782);
#19782 = SURFACE_SIDE_STYLE('',(#19783));
#19783 = SURFACE_STYLE_FILL_AREA(#19784);
#19784 = FILL_AREA_STYLE('',(#19785));
#19785 = FILL_AREA_STYLE_COLOUR('',#18188);
#19786 = OVER_RIDING_STYLED_ITEM('overriding color',(#19787),#7885,
  #18173);
#19787 = PRESENTATION_STYLE_ASSIGNMENT((#19788));
#19788 = SURFACE_STYLE_USAGE(.BOTH.,#19789);
#19789 = SURFACE_SIDE_STYLE('',(#19790));
#19790 = SURFACE_STYLE_FILL_AREA(#19791);
#19791 = FILL_AREA_STYLE('',(#19792));
#19792 = FILL_AREA_STYLE_COLOUR('',#18188);
#19793 = OVER_RIDING_STYLED_ITEM('overriding color',(#19794),#7979,
  #18173);
#19794 = PRESENTATION_STYLE_ASSIGNMENT((#19795));
#19795 = SURFACE_STYLE_USAGE(.BOTH.,#19796);
#19796 = SURFACE_SIDE_STYLE('',(#19797));
#19797 = SURFACE_STYLE_FILL_AREA(#19798);
#19798 = FILL_AREA_STYLE('',(#19799));
#19799 = FILL_AREA_STYLE_COLOUR('',#18188);
#19800 = OVER_RIDING_STYLED_ITEM('overriding color',(#19801),#8036,
  #18173);
#19801 = PRESENTATION_STYLE_ASSIGNMENT((#19802));
#19802 = SURFACE_STYLE_USAGE(.BOTH.,#19803);
#19803 = SURFACE_SIDE_STYLE('',(#19804));
#19804 = SURFACE_STYLE_FILL_AREA(#19805);
#19805 = FILL_AREA_STYLE('',(#19806));
#19806 = FILL_AREA_STYLE_COLOUR('',#19807);
#19807 = COLOUR_RGB('',0.611764694186,0.658823527652,0.67058823534);
#19808 = OVER_RIDING_STYLED_ITEM('overriding color',(#19809),#8069,
  #18173);
#19809 = PRESENTATION_STYLE_ASSIGNMENT((#19810));
#19810 = SURFACE_STYLE_USAGE(.BOTH.,#19811);
#19811 = SURFACE_SIDE_STYLE('',(#19812));
#19812 = SURFACE_STYLE_FILL_AREA(#19813);
#19813 = FILL_AREA_STYLE('',(#19814));
#19814 = FILL_AREA_STYLE_COLOUR('',#19807);
#19815 = OVER_RIDING_STYLED_ITEM('overriding color',(#19816),#8102,
  #18173);
#19816 = PRESENTATION_STYLE_ASSIGNMENT((#19817));
#19817 = SURFACE_STYLE_USAGE(.BOTH.,#19818);
#19818 = SURFACE_SIDE_STYLE('',(#19819));
#19819 = SURFACE_STYLE_FILL_AREA(#19820);
#19820 = FILL_AREA_STYLE('',(#19821));
#19821 = FILL_AREA_STYLE_COLOUR('',#19807);
#19822 = OVER_RIDING_STYLED_ITEM('overriding color',(#19823),#8162,
  #18173);
#19823 = PRESENTATION_STYLE_ASSIGNMENT((#19824));
#19824 = SURFACE_STYLE_USAGE(.BOTH.,#19825);
#19825 = SURFACE_SIDE_STYLE('',(#19826));
#19826 = SURFACE_STYLE_FILL_AREA(#19827);
#19827 = FILL_AREA_STYLE('',(#19828));
#19828 = FILL_AREA_STYLE_COLOUR('',#19807);
#19829 = OVER_RIDING_STYLED_ITEM('overriding color',(#19830),#8195,
  #18173);
#19830 = PRESENTATION_STYLE_ASSIGNMENT((#19831));
#19831 = SURFACE_STYLE_USAGE(.BOTH.,#19832);
#19832 = SURFACE_SIDE_STYLE('',(#19833));
#19833 = SURFACE_STYLE_FILL_AREA(#19834);
#19834 = FILL_AREA_STYLE('',(#19835));
#19835 = FILL_AREA_STYLE_COLOUR('',#19807);
#19836 = OVER_RIDING_STYLED_ITEM('overriding color',(#19837),#8228,
  #18173);
#19837 = PRESENTATION_STYLE_ASSIGNMENT((#19838));
#19838 = SURFACE_STYLE_USAGE(.BOTH.,#19839);
#19839 = SURFACE_SIDE_STYLE('',(#19840));
#19840 = SURFACE_STYLE_FILL_AREA(#19841);
#19841 = FILL_AREA_STYLE('',(#19842));
#19842 = FILL_AREA_STYLE_COLOUR('',#19807);
#19843 = OVER_RIDING_STYLED_ITEM('overriding color',(#19844),#8288,
  #18173);
#19844 = PRESENTATION_STYLE_ASSIGNMENT((#19845));
#19845 = SURFACE_STYLE_USAGE(.BOTH.,#19846);
#19846 = SURFACE_SIDE_STYLE('',(#19847));
#19847 = SURFACE_STYLE_FILL_AREA(#19848);
#19848 = FILL_AREA_STYLE('',(#19849));
#19849 = FILL_AREA_STYLE_COLOUR('',#19807);
#19850 = OVER_RIDING_STYLED_ITEM('overriding color',(#19851),#8330,
  #18173);
#19851 = PRESENTATION_STYLE_ASSIGNMENT((#19852));
#19852 = SURFACE_STYLE_USAGE(.BOTH.,#19853);
#19853 = SURFACE_SIDE_STYLE('',(#19854));
#19854 = SURFACE_STYLE_FILL_AREA(#19855);
#19855 = FILL_AREA_STYLE('',(#19856));
#19856 = FILL_AREA_STYLE_COLOUR('',#19807);
#19857 = OVER_RIDING_STYLED_ITEM('overriding color',(#19858),#8368,
  #18173);
#19858 = PRESENTATION_STYLE_ASSIGNMENT((#19859));
#19859 = SURFACE_STYLE_USAGE(.BOTH.,#19860);
#19860 = SURFACE_SIDE_STYLE('',(#19861));
#19861 = SURFACE_STYLE_FILL_AREA(#19862);
#19862 = FILL_AREA_STYLE('',(#19863));
#19863 = FILL_AREA_STYLE_COLOUR('',#19807);
#19864 = OVER_RIDING_STYLED_ITEM('overriding color',(#19865),#8400,
  #18173);
#19865 = PRESENTATION_STYLE_ASSIGNMENT((#19866));
#19866 = SURFACE_STYLE_USAGE(.BOTH.,#19867);
#19867 = SURFACE_SIDE_STYLE('',(#19868));
#19868 = SURFACE_STYLE_FILL_AREA(#19869);
#19869 = FILL_AREA_STYLE('',(#19870));
#19870 = FILL_AREA_STYLE_COLOUR('',#19807);
#19871 = OVER_RIDING_STYLED_ITEM('overriding color',(#19872),#8432,
  #18173);
#19872 = PRESENTATION_STYLE_ASSIGNMENT((#19873));
#19873 = SURFACE_STYLE_USAGE(.BOTH.,#19874);
#19874 = SURFACE_SIDE_STYLE('',(#19875));
#19875 = SURFACE_STYLE_FILL_AREA(#19876);
#19876 = FILL_AREA_STYLE('',(#19877));
#19877 = FILL_AREA_STYLE_COLOUR('',#19807);
#19878 = OVER_RIDING_STYLED_ITEM('overriding color',(#19879),#8449,
  #18173);
#19879 = PRESENTATION_STYLE_ASSIGNMENT((#19880));
#19880 = SURFACE_STYLE_USAGE(.BOTH.,#19881);
#19881 = SURFACE_SIDE_STYLE('',(#19882));
#19882 = SURFACE_STYLE_FILL_AREA(#19883);
#19883 = FILL_AREA_STYLE('',(#19884));
#19884 = FILL_AREA_STYLE_COLOUR('',#19807);
#19885 = OVER_RIDING_STYLED_ITEM('overriding color',(#19886),#8466,
  #18173);
#19886 = PRESENTATION_STYLE_ASSIGNMENT((#19887));
#19887 = SURFACE_STYLE_USAGE(.BOTH.,#19888);
#19888 = SURFACE_SIDE_STYLE('',(#19889));
#19889 = SURFACE_STYLE_FILL_AREA(#19890);
#19890 = FILL_AREA_STYLE('',(#19891));
#19891 = FILL_AREA_STYLE_COLOUR('',#19807);
#19892 = OVER_RIDING_STYLED_ITEM('overriding color',(#19893),#8488,
  #18173);
#19893 = PRESENTATION_STYLE_ASSIGNMENT((#19894));
#19894 = SURFACE_STYLE_USAGE(.BOTH.,#19895);
#19895 = SURFACE_SIDE_STYLE('',(#19896));
#19896 = SURFACE_STYLE_FILL_AREA(#19897);
#19897 = FILL_AREA_STYLE('',(#19898));
#19898 = FILL_AREA_STYLE_COLOUR('',#19807);
#19899 = OVER_RIDING_STYLED_ITEM('overriding color',(#19900),#8541,
  #18173);
#19900 = PRESENTATION_STYLE_ASSIGNMENT((#19901));
#19901 = SURFACE_STYLE_USAGE(.BOTH.,#19902);
#19902 = SURFACE_SIDE_STYLE('',(#19903));
#19903 = SURFACE_STYLE_FILL_AREA(#19904);
#19904 = FILL_AREA_STYLE('',(#19905));
#19905 = FILL_AREA_STYLE_COLOUR('',#19807);
#19906 = OVER_RIDING_STYLED_ITEM('overriding color',(#19907),#8570,
  #18173);
#19907 = PRESENTATION_STYLE_ASSIGNMENT((#19908));
#19908 = SURFACE_STYLE_USAGE(.BOTH.,#19909);
#19909 = SURFACE_SIDE_STYLE('',(#19910));
#19910 = SURFACE_STYLE_FILL_AREA(#19911);
#19911 = FILL_AREA_STYLE('',(#19912));
#19912 = FILL_AREA_STYLE_COLOUR('',#19807);
#19913 = OVER_RIDING_STYLED_ITEM('overriding color',(#19914),#8595,
  #18173);
#19914 = PRESENTATION_STYLE_ASSIGNMENT((#19915));
#19915 = SURFACE_STYLE_USAGE(.BOTH.,#19916);
#19916 = SURFACE_SIDE_STYLE('',(#19917));
#19917 = SURFACE_STYLE_FILL_AREA(#19918);
#19918 = FILL_AREA_STYLE('',(#19919));
#19919 = FILL_AREA_STYLE_COLOUR('',#19807);
#19920 = OVER_RIDING_STYLED_ITEM('overriding color',(#19921),#8619,
  #18173);
#19921 = PRESENTATION_STYLE_ASSIGNMENT((#19922));
#19922 = SURFACE_STYLE_USAGE(.BOTH.,#19923);
#19923 = SURFACE_SIDE_STYLE('',(#19924));
#19924 = SURFACE_STYLE_FILL_AREA(#19925);
#19925 = FILL_AREA_STYLE('',(#19926));
#19926 = FILL_AREA_STYLE_COLOUR('',#19807);
#19927 = OVER_RIDING_STYLED_ITEM('overriding color',(#19928),#8644,
  #18173);
#19928 = PRESENTATION_STYLE_ASSIGNMENT((#19929));
#19929 = SURFACE_STYLE_USAGE(.BOTH.,#19930);
#19930 = SURFACE_SIDE_STYLE('',(#19931));
#19931 = SURFACE_STYLE_FILL_AREA(#19932);
#19932 = FILL_AREA_STYLE('',(#19933));
#19933 = FILL_AREA_STYLE_COLOUR('',#19807);
#19934 = OVER_RIDING_STYLED_ITEM('overriding color',(#19935),#8666,
  #18173);
#19935 = PRESENTATION_STYLE_ASSIGNMENT((#19936));
#19936 = SURFACE_STYLE_USAGE(.BOTH.,#19937);
#19937 = SURFACE_SIDE_STYLE('',(#19938));
#19938 = SURFACE_STYLE_FILL_AREA(#19939);
#19939 = FILL_AREA_STYLE('',(#19940));
#19940 = FILL_AREA_STYLE_COLOUR('',#19807);
#19941 = OVER_RIDING_STYLED_ITEM('overriding color',(#19942),#8698,
  #18173);
#19942 = PRESENTATION_STYLE_ASSIGNMENT((#19943));
#19943 = SURFACE_STYLE_USAGE(.BOTH.,#19944);
#19944 = SURFACE_SIDE_STYLE('',(#19945));
#19945 = SURFACE_STYLE_FILL_AREA(#19946);
#19946 = FILL_AREA_STYLE('',(#19947));
#19947 = FILL_AREA_STYLE_COLOUR('',#19807);
#19948 = OVER_RIDING_STYLED_ITEM('overriding color',(#19949),#8723,
  #18173);
#19949 = PRESENTATION_STYLE_ASSIGNMENT((#19950));
#19950 = SURFACE_STYLE_USAGE(.BOTH.,#19951);
#19951 = SURFACE_SIDE_STYLE('',(#19952));
#19952 = SURFACE_STYLE_FILL_AREA(#19953);
#19953 = FILL_AREA_STYLE('',(#19954));
#19954 = FILL_AREA_STYLE_COLOUR('',#19807);
#19955 = OVER_RIDING_STYLED_ITEM('overriding color',(#19956),#8755,
  #18173);
#19956 = PRESENTATION_STYLE_ASSIGNMENT((#19957));
#19957 = SURFACE_STYLE_USAGE(.BOTH.,#19958);
#19958 = SURFACE_SIDE_STYLE('',(#19959));
#19959 = SURFACE_STYLE_FILL_AREA(#19960);
#19960 = FILL_AREA_STYLE('',(#19961));
#19961 = FILL_AREA_STYLE_COLOUR('',#19807);
#19962 = OVER_RIDING_STYLED_ITEM('overriding color',(#19963),#8788,
  #18173);
#19963 = PRESENTATION_STYLE_ASSIGNMENT((#19964));
#19964 = SURFACE_STYLE_USAGE(.BOTH.,#19965);
#19965 = SURFACE_SIDE_STYLE('',(#19966));
#19966 = SURFACE_STYLE_FILL_AREA(#19967);
#19967 = FILL_AREA_STYLE('',(#19968));
#19968 = FILL_AREA_STYLE_COLOUR('',#19807);
#19969 = OVER_RIDING_STYLED_ITEM('overriding color',(#19970),#8827,
  #18173);
#19970 = PRESENTATION_STYLE_ASSIGNMENT((#19971));
#19971 = SURFACE_STYLE_USAGE(.BOTH.,#19972);
#19972 = SURFACE_SIDE_STYLE('',(#19973));
#19973 = SURFACE_STYLE_FILL_AREA(#19974);
#19974 = FILL_AREA_STYLE('',(#19975));
#19975 = FILL_AREA_STYLE_COLOUR('',#19807);
#19976 = OVER_RIDING_STYLED_ITEM('overriding color',(#19977),#8866,
  #18173);
#19977 = PRESENTATION_STYLE_ASSIGNMENT((#19978));
#19978 = SURFACE_STYLE_USAGE(.BOTH.,#19979);
#19979 = SURFACE_SIDE_STYLE('',(#19980));
#19980 = SURFACE_STYLE_FILL_AREA(#19981);
#19981 = FILL_AREA_STYLE('',(#19982));
#19982 = FILL_AREA_STYLE_COLOUR('',#19807);
#19983 = OVER_RIDING_STYLED_ITEM('overriding color',(#19984),#8899,
  #18173);
#19984 = PRESENTATION_STYLE_ASSIGNMENT((#19985));
#19985 = SURFACE_STYLE_USAGE(.BOTH.,#19986);
#19986 = SURFACE_SIDE_STYLE('',(#19987));
#19987 = SURFACE_STYLE_FILL_AREA(#19988);
#19988 = FILL_AREA_STYLE('',(#19989));
#19989 = FILL_AREA_STYLE_COLOUR('',#19807);
#19990 = OVER_RIDING_STYLED_ITEM('overriding color',(#19991),#8963,
  #18173);
#19991 = PRESENTATION_STYLE_ASSIGNMENT((#19992));
#19992 = SURFACE_STYLE_USAGE(.BOTH.,#19993);
#19993 = SURFACE_SIDE_STYLE('',(#19994));
#19994 = SURFACE_STYLE_FILL_AREA(#19995);
#19995 = FILL_AREA_STYLE('',(#19996));
#19996 = FILL_AREA_STYLE_COLOUR('',#19807);
#19997 = OVER_RIDING_STYLED_ITEM('overriding color',(#19998),#8995,
  #18173);
#19998 = PRESENTATION_STYLE_ASSIGNMENT((#19999));
#19999 = SURFACE_STYLE_USAGE(.BOTH.,#20000);
#20000 = SURFACE_SIDE_STYLE('',(#20001));
#20001 = SURFACE_STYLE_FILL_AREA(#20002);
#20002 = FILL_AREA_STYLE('',(#20003));
#20003 = FILL_AREA_STYLE_COLOUR('',#19807);
#20004 = OVER_RIDING_STYLED_ITEM('overriding color',(#20005),#9037,
  #18173);
#20005 = PRESENTATION_STYLE_ASSIGNMENT((#20006));
#20006 = SURFACE_STYLE_USAGE(.BOTH.,#20007);
#20007 = SURFACE_SIDE_STYLE('',(#20008));
#20008 = SURFACE_STYLE_FILL_AREA(#20009);
#20009 = FILL_AREA_STYLE('',(#20010));
#20010 = FILL_AREA_STYLE_COLOUR('',#19807);
#20011 = OVER_RIDING_STYLED_ITEM('overriding color',(#20012),#9061,
  #18173);
#20012 = PRESENTATION_STYLE_ASSIGNMENT((#20013));
#20013 = SURFACE_STYLE_USAGE(.BOTH.,#20014);
#20014 = SURFACE_SIDE_STYLE('',(#20015));
#20015 = SURFACE_STYLE_FILL_AREA(#20016);
#20016 = FILL_AREA_STYLE('',(#20017));
#20017 = FILL_AREA_STYLE_COLOUR('',#19807);
#20018 = OVER_RIDING_STYLED_ITEM('overriding color',(#20019),#9092,
  #18173);
#20019 = PRESENTATION_STYLE_ASSIGNMENT((#20020));
#20020 = SURFACE_STYLE_USAGE(.BOTH.,#20021);
#20021 = SURFACE_SIDE_STYLE('',(#20022));
#20022 = SURFACE_STYLE_FILL_AREA(#20023);
#20023 = FILL_AREA_STYLE('',(#20024));
#20024 = FILL_AREA_STYLE_COLOUR('',#19807);
#20025 = OVER_RIDING_STYLED_ITEM('overriding color',(#20026),#9116,
  #18173);
#20026 = PRESENTATION_STYLE_ASSIGNMENT((#20027));
#20027 = SURFACE_STYLE_USAGE(.BOTH.,#20028);
#20028 = SURFACE_SIDE_STYLE('',(#20029));
#20029 = SURFACE_STYLE_FILL_AREA(#20030);
#20030 = FILL_AREA_STYLE('',(#20031));
#20031 = FILL_AREA_STYLE_COLOUR('',#19807);
#20032 = OVER_RIDING_STYLED_ITEM('overriding color',(#20033),#9147,
  #18173);
#20033 = PRESENTATION_STYLE_ASSIGNMENT((#20034));
#20034 = SURFACE_STYLE_USAGE(.BOTH.,#20035);
#20035 = SURFACE_SIDE_STYLE('',(#20036));
#20036 = SURFACE_STYLE_FILL_AREA(#20037);
#20037 = FILL_AREA_STYLE('',(#20038));
#20038 = FILL_AREA_STYLE_COLOUR('',#19807);
#20039 = OVER_RIDING_STYLED_ITEM('overriding color',(#20040),#9171,
  #18173);
#20040 = PRESENTATION_STYLE_ASSIGNMENT((#20041));
#20041 = SURFACE_STYLE_USAGE(.BOTH.,#20042);
#20042 = SURFACE_SIDE_STYLE('',(#20043));
#20043 = SURFACE_STYLE_FILL_AREA(#20044);
#20044 = FILL_AREA_STYLE('',(#20045));
#20045 = FILL_AREA_STYLE_COLOUR('',#19807);
#20046 = OVER_RIDING_STYLED_ITEM('overriding color',(#20047),#9202,
  #18173);
#20047 = PRESENTATION_STYLE_ASSIGNMENT((#20048));
#20048 = SURFACE_STYLE_USAGE(.BOTH.,#20049);
#20049 = SURFACE_SIDE_STYLE('',(#20050));
#20050 = SURFACE_STYLE_FILL_AREA(#20051);
#20051 = FILL_AREA_STYLE('',(#20052));
#20052 = FILL_AREA_STYLE_COLOUR('',#19807);
#20053 = OVER_RIDING_STYLED_ITEM('overriding color',(#20054),#9276,
  #18173);
#20054 = PRESENTATION_STYLE_ASSIGNMENT((#20055));
#20055 = SURFACE_STYLE_USAGE(.BOTH.,#20056);
#20056 = SURFACE_SIDE_STYLE('',(#20057));
#20057 = SURFACE_STYLE_FILL_AREA(#20058);
#20058 = FILL_AREA_STYLE('',(#20059));
#20059 = FILL_AREA_STYLE_COLOUR('',#19807);
#20060 = OVER_RIDING_STYLED_ITEM('overriding color',(#20061),#9303,
  #18173);
#20061 = PRESENTATION_STYLE_ASSIGNMENT((#20062));
#20062 = SURFACE_STYLE_USAGE(.BOTH.,#20063);
#20063 = SURFACE_SIDE_STYLE('',(#20064));
#20064 = SURFACE_STYLE_FILL_AREA(#20065);
#20065 = FILL_AREA_STYLE('',(#20066));
#20066 = FILL_AREA_STYLE_COLOUR('',#19807);
#20067 = OVER_RIDING_STYLED_ITEM('overriding color',(#20068),#9328,
  #18173);
#20068 = PRESENTATION_STYLE_ASSIGNMENT((#20069));
#20069 = SURFACE_STYLE_USAGE(.BOTH.,#20070);
#20070 = SURFACE_SIDE_STYLE('',(#20071));
#20071 = SURFACE_STYLE_FILL_AREA(#20072);
#20072 = FILL_AREA_STYLE('',(#20073));
#20073 = FILL_AREA_STYLE_COLOUR('',#19807);
#20074 = OVER_RIDING_STYLED_ITEM('overriding color',(#20075),#9352,
  #18173);
#20075 = PRESENTATION_STYLE_ASSIGNMENT((#20076));
#20076 = SURFACE_STYLE_USAGE(.BOTH.,#20077);
#20077 = SURFACE_SIDE_STYLE('',(#20078));
#20078 = SURFACE_STYLE_FILL_AREA(#20079);
#20079 = FILL_AREA_STYLE('',(#20080));
#20080 = FILL_AREA_STYLE_COLOUR('',#19807);
#20081 = OVER_RIDING_STYLED_ITEM('overriding color',(#20082),#9377,
  #18173);
#20082 = PRESENTATION_STYLE_ASSIGNMENT((#20083));
#20083 = SURFACE_STYLE_USAGE(.BOTH.,#20084);
#20084 = SURFACE_SIDE_STYLE('',(#20085));
#20085 = SURFACE_STYLE_FILL_AREA(#20086);
#20086 = FILL_AREA_STYLE('',(#20087));
#20087 = FILL_AREA_STYLE_COLOUR('',#19807);
#20088 = OVER_RIDING_STYLED_ITEM('overriding color',(#20089),#9397,
  #18173);
#20089 = PRESENTATION_STYLE_ASSIGNMENT((#20090));
#20090 = SURFACE_STYLE_USAGE(.BOTH.,#20091);
#20091 = SURFACE_SIDE_STYLE('',(#20092));
#20092 = SURFACE_STYLE_FILL_AREA(#20093);
#20093 = FILL_AREA_STYLE('',(#20094));
#20094 = FILL_AREA_STYLE_COLOUR('',#19807);
#20095 = OVER_RIDING_STYLED_ITEM('overriding color',(#20096),#9458,
  #18173);
#20096 = PRESENTATION_STYLE_ASSIGNMENT((#20097));
#20097 = SURFACE_STYLE_USAGE(.BOTH.,#20098);
#20098 = SURFACE_SIDE_STYLE('',(#20099));
#20099 = SURFACE_STYLE_FILL_AREA(#20100);
#20100 = FILL_AREA_STYLE('',(#20101));
#20101 = FILL_AREA_STYLE_COLOUR('',#19807);
#20102 = OVER_RIDING_STYLED_ITEM('overriding color',(#20103),#9483,
  #18173);
#20103 = PRESENTATION_STYLE_ASSIGNMENT((#20104));
#20104 = SURFACE_STYLE_USAGE(.BOTH.,#20105);
#20105 = SURFACE_SIDE_STYLE('',(#20106));
#20106 = SURFACE_STYLE_FILL_AREA(#20107);
#20107 = FILL_AREA_STYLE('',(#20108));
#20108 = FILL_AREA_STYLE_COLOUR('',#19807);
#20109 = OVER_RIDING_STYLED_ITEM('overriding color',(#20110),#9504,
  #18173);
#20110 = PRESENTATION_STYLE_ASSIGNMENT((#20111));
#20111 = SURFACE_STYLE_USAGE(.BOTH.,#20112);
#20112 = SURFACE_SIDE_STYLE('',(#20113));
#20113 = SURFACE_STYLE_FILL_AREA(#20114);
#20114 = FILL_AREA_STYLE('',(#20115));
#20115 = FILL_AREA_STYLE_COLOUR('',#18188);
#20116 = OVER_RIDING_STYLED_ITEM('overriding color',(#20117),#9551,
  #18173);
#20117 = PRESENTATION_STYLE_ASSIGNMENT((#20118));
#20118 = SURFACE_STYLE_USAGE(.BOTH.,#20119);
#20119 = SURFACE_SIDE_STYLE('',(#20120));
#20120 = SURFACE_STYLE_FILL_AREA(#20121);
#20121 = FILL_AREA_STYLE('',(#20122));
#20122 = FILL_AREA_STYLE_COLOUR('',#18188);
#20123 = OVER_RIDING_STYLED_ITEM('overriding color',(#20124),#9601,
  #18173);
#20124 = PRESENTATION_STYLE_ASSIGNMENT((#20125));
#20125 = SURFACE_STYLE_USAGE(.BOTH.,#20126);
#20126 = SURFACE_SIDE_STYLE('',(#20127));
#20127 = SURFACE_STYLE_FILL_AREA(#20128);
#20128 = FILL_AREA_STYLE('',(#20129));
#20129 = FILL_AREA_STYLE_COLOUR('',#18188);
#20130 = OVER_RIDING_STYLED_ITEM('overriding color',(#20131),#9633,
  #18173);
#20131 = PRESENTATION_STYLE_ASSIGNMENT((#20132));
#20132 = SURFACE_STYLE_USAGE(.BOTH.,#20133);
#20133 = SURFACE_SIDE_STYLE('',(#20134));
#20134 = SURFACE_STYLE_FILL_AREA(#20135);
#20135 = FILL_AREA_STYLE('',(#20136));
#20136 = FILL_AREA_STYLE_COLOUR('',#18188);
#20137 = OVER_RIDING_STYLED_ITEM('overriding color',(#20138),#9677,
  #18173);
#20138 = PRESENTATION_STYLE_ASSIGNMENT((#20139));
#20139 = SURFACE_STYLE_USAGE(.BOTH.,#20140);
#20140 = SURFACE_SIDE_STYLE('',(#20141));
#20141 = SURFACE_STYLE_FILL_AREA(#20142);
#20142 = FILL_AREA_STYLE('',(#20143));
#20143 = FILL_AREA_STYLE_COLOUR('',#18188);
#20144 = OVER_RIDING_STYLED_ITEM('overriding color',(#20145),#9708,
  #18173);
#20145 = PRESENTATION_STYLE_ASSIGNMENT((#20146));
#20146 = SURFACE_STYLE_USAGE(.BOTH.,#20147);
#20147 = SURFACE_SIDE_STYLE('',(#20148));
#20148 = SURFACE_STYLE_FILL_AREA(#20149);
#20149 = FILL_AREA_STYLE('',(#20150));
#20150 = FILL_AREA_STYLE_COLOUR('',#18188);
#20151 = OVER_RIDING_STYLED_ITEM('overriding color',(#20152),#9748,
  #18173);
#20152 = PRESENTATION_STYLE_ASSIGNMENT((#20153));
#20153 = SURFACE_STYLE_USAGE(.BOTH.,#20154);
#20154 = SURFACE_SIDE_STYLE('',(#20155));
#20155 = SURFACE_STYLE_FILL_AREA(#20156);
#20156 = FILL_AREA_STYLE('',(#20157));
#20157 = FILL_AREA_STYLE_COLOUR('',#18188);
#20158 = OVER_RIDING_STYLED_ITEM('overriding color',(#20159),#9779,
  #18173);
#20159 = PRESENTATION_STYLE_ASSIGNMENT((#20160));
#20160 = SURFACE_STYLE_USAGE(.BOTH.,#20161);
#20161 = SURFACE_SIDE_STYLE('',(#20162));
#20162 = SURFACE_STYLE_FILL_AREA(#20163);
#20163 = FILL_AREA_STYLE('',(#20164));
#20164 = FILL_AREA_STYLE_COLOUR('',#18188);
#20165 = OVER_RIDING_STYLED_ITEM('overriding color',(#20166),#9819,
  #18173);
#20166 = PRESENTATION_STYLE_ASSIGNMENT((#20167));
#20167 = SURFACE_STYLE_USAGE(.BOTH.,#20168);
#20168 = SURFACE_SIDE_STYLE('',(#20169));
#20169 = SURFACE_STYLE_FILL_AREA(#20170);
#20170 = FILL_AREA_STYLE('',(#20171));
#20171 = FILL_AREA_STYLE_COLOUR('',#18188);
#20172 = OVER_RIDING_STYLED_ITEM('overriding color',(#20173),#9850,
  #18173);
#20173 = PRESENTATION_STYLE_ASSIGNMENT((#20174));
#20174 = SURFACE_STYLE_USAGE(.BOTH.,#20175);
#20175 = SURFACE_SIDE_STYLE('',(#20176));
#20176 = SURFACE_STYLE_FILL_AREA(#20177);
#20177 = FILL_AREA_STYLE('',(#20178));
#20178 = FILL_AREA_STYLE_COLOUR('',#18188);
#20179 = OVER_RIDING_STYLED_ITEM('overriding color',(#20180),#9881,
  #18173);
#20180 = PRESENTATION_STYLE_ASSIGNMENT((#20181));
#20181 = SURFACE_STYLE_USAGE(.BOTH.,#20182);
#20182 = SURFACE_SIDE_STYLE('',(#20183));
#20183 = SURFACE_STYLE_FILL_AREA(#20184);
#20184 = FILL_AREA_STYLE('',(#20185));
#20185 = FILL_AREA_STYLE_COLOUR('',#18188);
#20186 = OVER_RIDING_STYLED_ITEM('overriding color',(#20187),#9898,
  #18173);
#20187 = PRESENTATION_STYLE_ASSIGNMENT((#20188));
#20188 = SURFACE_STYLE_USAGE(.BOTH.,#20189);
#20189 = SURFACE_SIDE_STYLE('',(#20190));
#20190 = SURFACE_STYLE_FILL_AREA(#20191);
#20191 = FILL_AREA_STYLE('',(#20192));
#20192 = FILL_AREA_STYLE_COLOUR('',#18188);
#20193 = OVER_RIDING_STYLED_ITEM('overriding color',(#20194),#9938,
  #18173);
#20194 = PRESENTATION_STYLE_ASSIGNMENT((#20195));
#20195 = SURFACE_STYLE_USAGE(.BOTH.,#20196);
#20196 = SURFACE_SIDE_STYLE('',(#20197));
#20197 = SURFACE_STYLE_FILL_AREA(#20198);
#20198 = FILL_AREA_STYLE('',(#20199));
#20199 = FILL_AREA_STYLE_COLOUR('',#18188);
#20200 = OVER_RIDING_STYLED_ITEM('overriding color',(#20201),#9978,
  #18173);
#20201 = PRESENTATION_STYLE_ASSIGNMENT((#20202));
#20202 = SURFACE_STYLE_USAGE(.BOTH.,#20203);
#20203 = SURFACE_SIDE_STYLE('',(#20204));
#20204 = SURFACE_STYLE_FILL_AREA(#20205);
#20205 = FILL_AREA_STYLE('',(#20206));
#20206 = FILL_AREA_STYLE_COLOUR('',#18188);
#20207 = OVER_RIDING_STYLED_ITEM('overriding color',(#20208),#10010,
  #18173);
#20208 = PRESENTATION_STYLE_ASSIGNMENT((#20209));
#20209 = SURFACE_STYLE_USAGE(.BOTH.,#20210);
#20210 = SURFACE_SIDE_STYLE('',(#20211));
#20211 = SURFACE_STYLE_FILL_AREA(#20212);
#20212 = FILL_AREA_STYLE('',(#20213));
#20213 = FILL_AREA_STYLE_COLOUR('',#18188);
#20214 = OVER_RIDING_STYLED_ITEM('overriding color',(#20215),#10052,
  #18173);
#20215 = PRESENTATION_STYLE_ASSIGNMENT((#20216));
#20216 = SURFACE_STYLE_USAGE(.BOTH.,#20217);
#20217 = SURFACE_SIDE_STYLE('',(#20218));
#20218 = SURFACE_STYLE_FILL_AREA(#20219);
#20219 = FILL_AREA_STYLE('',(#20220));
#20220 = FILL_AREA_STYLE_COLOUR('',#18188);
#20221 = OVER_RIDING_STYLED_ITEM('overriding color',(#20222),#10083,
  #18173);
#20222 = PRESENTATION_STYLE_ASSIGNMENT((#20223));
#20223 = SURFACE_STYLE_USAGE(.BOTH.,#20224);
#20224 = SURFACE_SIDE_STYLE('',(#20225));
#20225 = SURFACE_STYLE_FILL_AREA(#20226);
#20226 = FILL_AREA_STYLE('',(#20227));
#20227 = FILL_AREA_STYLE_COLOUR('',#18188);
#20228 = OVER_RIDING_STYLED_ITEM('overriding color',(#20229),#10123,
  #18173);
#20229 = PRESENTATION_STYLE_ASSIGNMENT((#20230));
#20230 = SURFACE_STYLE_USAGE(.BOTH.,#20231);
#20231 = SURFACE_SIDE_STYLE('',(#20232));
#20232 = SURFACE_STYLE_FILL_AREA(#20233);
#20233 = FILL_AREA_STYLE('',(#20234));
#20234 = FILL_AREA_STYLE_COLOUR('',#18188);
#20235 = OVER_RIDING_STYLED_ITEM('overriding color',(#20236),#10163,
  #18173);
#20236 = PRESENTATION_STYLE_ASSIGNMENT((#20237));
#20237 = SURFACE_STYLE_USAGE(.BOTH.,#20238);
#20238 = SURFACE_SIDE_STYLE('',(#20239));
#20239 = SURFACE_STYLE_FILL_AREA(#20240);
#20240 = FILL_AREA_STYLE('',(#20241));
#20241 = FILL_AREA_STYLE_COLOUR('',#18188);
#20242 = OVER_RIDING_STYLED_ITEM('overriding color',(#20243),#10197,
  #18173);
#20243 = PRESENTATION_STYLE_ASSIGNMENT((#20244));
#20244 = SURFACE_STYLE_USAGE(.BOTH.,#20245);
#20245 = SURFACE_SIDE_STYLE('',(#20246));
#20246 = SURFACE_STYLE_FILL_AREA(#20247);
#20247 = FILL_AREA_STYLE('',(#20248));
#20248 = FILL_AREA_STYLE_COLOUR('',#18188);
#20249 = OVER_RIDING_STYLED_ITEM('overriding color',(#20250),#10243,
  #18173);
#20250 = PRESENTATION_STYLE_ASSIGNMENT((#20251));
#20251 = SURFACE_STYLE_USAGE(.BOTH.,#20252);
#20252 = SURFACE_SIDE_STYLE('',(#20253));
#20253 = SURFACE_STYLE_FILL_AREA(#20254);
#20254 = FILL_AREA_STYLE('',(#20255));
#20255 = FILL_AREA_STYLE_COLOUR('',#18188);
#20256 = OVER_RIDING_STYLED_ITEM('overriding color',(#20257),#10270,
  #18173);
#20257 = PRESENTATION_STYLE_ASSIGNMENT((#20258));
#20258 = SURFACE_STYLE_USAGE(.BOTH.,#20259);
#20259 = SURFACE_SIDE_STYLE('',(#20260));
#20260 = SURFACE_STYLE_FILL_AREA(#20261);
#20261 = FILL_AREA_STYLE('',(#20262));
#20262 = FILL_AREA_STYLE_COLOUR('',#18188);
#20263 = OVER_RIDING_STYLED_ITEM('overriding color',(#20264),#10303,
  #18173);
#20264 = PRESENTATION_STYLE_ASSIGNMENT((#20265));
#20265 = SURFACE_STYLE_USAGE(.BOTH.,#20266);
#20266 = SURFACE_SIDE_STYLE('',(#20267));
#20267 = SURFACE_STYLE_FILL_AREA(#20268);
#20268 = FILL_AREA_STYLE('',(#20269));
#20269 = FILL_AREA_STYLE_COLOUR('',#18188);
#20270 = OVER_RIDING_STYLED_ITEM('overriding color',(#20271),#10320,
  #18173);
#20271 = PRESENTATION_STYLE_ASSIGNMENT((#20272));
#20272 = SURFACE_STYLE_USAGE(.BOTH.,#20273);
#20273 = SURFACE_SIDE_STYLE('',(#20274));
#20274 = SURFACE_STYLE_FILL_AREA(#20275);
#20275 = FILL_AREA_STYLE('',(#20276));
#20276 = FILL_AREA_STYLE_COLOUR('',#18188);
#20277 = OVER_RIDING_STYLED_ITEM('overriding color',(#20278),#10337,
  #18173);
#20278 = PRESENTATION_STYLE_ASSIGNMENT((#20279));
#20279 = SURFACE_STYLE_USAGE(.BOTH.,#20280);
#20280 = SURFACE_SIDE_STYLE('',(#20281));
#20281 = SURFACE_STYLE_FILL_AREA(#20282);
#20282 = FILL_AREA_STYLE('',(#20283));
#20283 = FILL_AREA_STYLE_COLOUR('',#18188);
#20284 = OVER_RIDING_STYLED_ITEM('overriding color',(#20285),#10376,
  #18173);
#20285 = PRESENTATION_STYLE_ASSIGNMENT((#20286));
#20286 = SURFACE_STYLE_USAGE(.BOTH.,#20287);
#20287 = SURFACE_SIDE_STYLE('',(#20288));
#20288 = SURFACE_STYLE_FILL_AREA(#20289);
#20289 = FILL_AREA_STYLE('',(#20290));
#20290 = FILL_AREA_STYLE_COLOUR('',#18188);
#20291 = OVER_RIDING_STYLED_ITEM('overriding color',(#20292),#10407,
  #18173);
#20292 = PRESENTATION_STYLE_ASSIGNMENT((#20293));
#20293 = SURFACE_STYLE_USAGE(.BOTH.,#20294);
#20294 = SURFACE_SIDE_STYLE('',(#20295));
#20295 = SURFACE_STYLE_FILL_AREA(#20296);
#20296 = FILL_AREA_STYLE('',(#20297));
#20297 = FILL_AREA_STYLE_COLOUR('',#18188);
#20298 = OVER_RIDING_STYLED_ITEM('overriding color',(#20299),#10440,
  #18173);
#20299 = PRESENTATION_STYLE_ASSIGNMENT((#20300));
#20300 = SURFACE_STYLE_USAGE(.BOTH.,#20301);
#20301 = SURFACE_SIDE_STYLE('',(#20302));
#20302 = SURFACE_STYLE_FILL_AREA(#20303);
#20303 = FILL_AREA_STYLE('',(#20304));
#20304 = FILL_AREA_STYLE_COLOUR('',#18188);
#20305 = OVER_RIDING_STYLED_ITEM('overriding color',(#20306),#10494,
  #18173);
#20306 = PRESENTATION_STYLE_ASSIGNMENT((#20307));
#20307 = SURFACE_STYLE_USAGE(.BOTH.,#20308);
#20308 = SURFACE_SIDE_STYLE('',(#20309));
#20309 = SURFACE_STYLE_FILL_AREA(#20310);
#20310 = FILL_AREA_STYLE('',(#20311));
#20311 = FILL_AREA_STYLE_COLOUR('',#18188);
#20312 = OVER_RIDING_STYLED_ITEM('overriding color',(#20313),#10518,
  #18173);
#20313 = PRESENTATION_STYLE_ASSIGNMENT((#20314));
#20314 = SURFACE_STYLE_USAGE(.BOTH.,#20315);
#20315 = SURFACE_SIDE_STYLE('',(#20316));
#20316 = SURFACE_STYLE_FILL_AREA(#20317);
#20317 = FILL_AREA_STYLE('',(#20318));
#20318 = FILL_AREA_STYLE_COLOUR('',#18188);
#20319 = OVER_RIDING_STYLED_ITEM('overriding color',(#20320),#10542,
  #18173);
#20320 = PRESENTATION_STYLE_ASSIGNMENT((#20321));
#20321 = SURFACE_STYLE_USAGE(.BOTH.,#20322);
#20322 = SURFACE_SIDE_STYLE('',(#20323));
#20323 = SURFACE_STYLE_FILL_AREA(#20324);
#20324 = FILL_AREA_STYLE('',(#20325));
#20325 = FILL_AREA_STYLE_COLOUR('',#18188);
#20326 = OVER_RIDING_STYLED_ITEM('overriding color',(#20327),#10559,
  #18173);
#20327 = PRESENTATION_STYLE_ASSIGNMENT((#20328));
#20328 = SURFACE_STYLE_USAGE(.BOTH.,#20329);
#20329 = SURFACE_SIDE_STYLE('',(#20330));
#20330 = SURFACE_STYLE_FILL_AREA(#20331);
#20331 = FILL_AREA_STYLE('',(#20332));
#20332 = FILL_AREA_STYLE_COLOUR('',#18188);
#20333 = OVER_RIDING_STYLED_ITEM('overriding color',(#20334),#10583,
  #18173);
#20334 = PRESENTATION_STYLE_ASSIGNMENT((#20335));
#20335 = SURFACE_STYLE_USAGE(.BOTH.,#20336);
#20336 = SURFACE_SIDE_STYLE('',(#20337));
#20337 = SURFACE_STYLE_FILL_AREA(#20338);
#20338 = FILL_AREA_STYLE('',(#20339));
#20339 = FILL_AREA_STYLE_COLOUR('',#18188);
#20340 = OVER_RIDING_STYLED_ITEM('overriding color',(#20341),#10607,
  #18173);
#20341 = PRESENTATION_STYLE_ASSIGNMENT((#20342));
#20342 = SURFACE_STYLE_USAGE(.BOTH.,#20343);
#20343 = SURFACE_SIDE_STYLE('',(#20344));
#20344 = SURFACE_STYLE_FILL_AREA(#20345);
#20345 = FILL_AREA_STYLE('',(#20346));
#20346 = FILL_AREA_STYLE_COLOUR('',#18188);
#20347 = OVER_RIDING_STYLED_ITEM('overriding color',(#20348),#10708,
  #18173);
#20348 = PRESENTATION_STYLE_ASSIGNMENT((#20349));
#20349 = SURFACE_STYLE_USAGE(.BOTH.,#20350);
#20350 = SURFACE_SIDE_STYLE('',(#20351));
#20351 = SURFACE_STYLE_FILL_AREA(#20352);
#20352 = FILL_AREA_STYLE('',(#20353));
#20353 = FILL_AREA_STYLE_COLOUR('',#18188);
#20354 = OVER_RIDING_STYLED_ITEM('overriding color',(#20355),#10755,
  #18173);
#20355 = PRESENTATION_STYLE_ASSIGNMENT((#20356));
#20356 = SURFACE_STYLE_USAGE(.BOTH.,#20357);
#20357 = SURFACE_SIDE_STYLE('',(#20358));
#20358 = SURFACE_STYLE_FILL_AREA(#20359);
#20359 = FILL_AREA_STYLE('',(#20360));
#20360 = FILL_AREA_STYLE_COLOUR('',#18188);
#20361 = OVER_RIDING_STYLED_ITEM('overriding color',(#20362),#10820,
  #18173);
#20362 = PRESENTATION_STYLE_ASSIGNMENT((#20363));
#20363 = SURFACE_STYLE_USAGE(.BOTH.,#20364);
#20364 = SURFACE_SIDE_STYLE('',(#20365));
#20365 = SURFACE_STYLE_FILL_AREA(#20366);
#20366 = FILL_AREA_STYLE('',(#20367));
#20367 = FILL_AREA_STYLE_COLOUR('',#18188);
#20368 = OVER_RIDING_STYLED_ITEM('overriding color',(#20369),#10844,
  #18173);
#20369 = PRESENTATION_STYLE_ASSIGNMENT((#20370));
#20370 = SURFACE_STYLE_USAGE(.BOTH.,#20371);
#20371 = SURFACE_SIDE_STYLE('',(#20372));
#20372 = SURFACE_STYLE_FILL_AREA(#20373);
#20373 = FILL_AREA_STYLE('',(#20374));
#20374 = FILL_AREA_STYLE_COLOUR('',#18188);
#20375 = OVER_RIDING_STYLED_ITEM('overriding color',(#20376),#10876,
  #18173);
#20376 = PRESENTATION_STYLE_ASSIGNMENT((#20377));
#20377 = SURFACE_STYLE_USAGE(.BOTH.,#20378);
#20378 = SURFACE_SIDE_STYLE('',(#20379));
#20379 = SURFACE_STYLE_FILL_AREA(#20380);
#20380 = FILL_AREA_STYLE('',(#20381));
#20381 = FILL_AREA_STYLE_COLOUR('',#18188);
#20382 = OVER_RIDING_STYLED_ITEM('overriding color',(#20383),#10908,
  #18173);
#20383 = PRESENTATION_STYLE_ASSIGNMENT((#20384));
#20384 = SURFACE_STYLE_USAGE(.BOTH.,#20385);
#20385 = SURFACE_SIDE_STYLE('',(#20386));
#20386 = SURFACE_STYLE_FILL_AREA(#20387);
#20387 = FILL_AREA_STYLE('',(#20388));
#20388 = FILL_AREA_STYLE_COLOUR('',#18188);
#20389 = OVER_RIDING_STYLED_ITEM('overriding color',(#20390),#10944,
  #18173);
#20390 = PRESENTATION_STYLE_ASSIGNMENT((#20391));
#20391 = SURFACE_STYLE_USAGE(.BOTH.,#20392);
#20392 = SURFACE_SIDE_STYLE('',(#20393));
#20393 = SURFACE_STYLE_FILL_AREA(#20394);
#20394 = FILL_AREA_STYLE('',(#20395));
#20395 = FILL_AREA_STYLE_COLOUR('',#18188);
#20396 = OVER_RIDING_STYLED_ITEM('overriding color',(#20397),#10968,
  #18173);
#20397 = PRESENTATION_STYLE_ASSIGNMENT((#20398));
#20398 = SURFACE_STYLE_USAGE(.BOTH.,#20399);
#20399 = SURFACE_SIDE_STYLE('',(#20400));
#20400 = SURFACE_STYLE_FILL_AREA(#20401);
#20401 = FILL_AREA_STYLE('',(#20402));
#20402 = FILL_AREA_STYLE_COLOUR('',#18188);
#20403 = OVER_RIDING_STYLED_ITEM('overriding color',(#20404),#10993,
  #18173);
#20404 = PRESENTATION_STYLE_ASSIGNMENT((#20405));
#20405 = SURFACE_STYLE_USAGE(.BOTH.,#20406);
#20406 = SURFACE_SIDE_STYLE('',(#20407));
#20407 = SURFACE_STYLE_FILL_AREA(#20408);
#20408 = FILL_AREA_STYLE('',(#20409));
#20409 = FILL_AREA_STYLE_COLOUR('',#18188);
#20410 = OVER_RIDING_STYLED_ITEM('overriding color',(#20411),#11019,
  #18173);
#20411 = PRESENTATION_STYLE_ASSIGNMENT((#20412));
#20412 = SURFACE_STYLE_USAGE(.BOTH.,#20413);
#20413 = SURFACE_SIDE_STYLE('',(#20414));
#20414 = SURFACE_STYLE_FILL_AREA(#20415);
#20415 = FILL_AREA_STYLE('',(#20416));
#20416 = FILL_AREA_STYLE_COLOUR('',#18188);
#20417 = OVER_RIDING_STYLED_ITEM('overriding color',(#20418),#11043,
  #18173);
#20418 = PRESENTATION_STYLE_ASSIGNMENT((#20419));
#20419 = SURFACE_STYLE_USAGE(.BOTH.,#20420);
#20420 = SURFACE_SIDE_STYLE('',(#20421));
#20421 = SURFACE_STYLE_FILL_AREA(#20422);
#20422 = FILL_AREA_STYLE('',(#20423));
#20423 = FILL_AREA_STYLE_COLOUR('',#18188);
#20424 = OVER_RIDING_STYLED_ITEM('overriding color',(#20425),#11074,
  #18173);
#20425 = PRESENTATION_STYLE_ASSIGNMENT((#20426));
#20426 = SURFACE_STYLE_USAGE(.BOTH.,#20427);
#20427 = SURFACE_SIDE_STYLE('',(#20428));
#20428 = SURFACE_STYLE_FILL_AREA(#20429);
#20429 = FILL_AREA_STYLE('',(#20430));
#20430 = FILL_AREA_STYLE_COLOUR('',#18188);
#20431 = OVER_RIDING_STYLED_ITEM('overriding color',(#20432),#11114,
  #18173);
#20432 = PRESENTATION_STYLE_ASSIGNMENT((#20433));
#20433 = SURFACE_STYLE_USAGE(.BOTH.,#20434);
#20434 = SURFACE_SIDE_STYLE('',(#20435));
#20435 = SURFACE_STYLE_FILL_AREA(#20436);
#20436 = FILL_AREA_STYLE('',(#20437));
#20437 = FILL_AREA_STYLE_COLOUR('',#18188);
#20438 = OVER_RIDING_STYLED_ITEM('overriding color',(#20439),#11131,
  #18173);
#20439 = PRESENTATION_STYLE_ASSIGNMENT((#20440));
#20440 = SURFACE_STYLE_USAGE(.BOTH.,#20441);
#20441 = SURFACE_SIDE_STYLE('',(#20442));
#20442 = SURFACE_STYLE_FILL_AREA(#20443);
#20443 = FILL_AREA_STYLE('',(#20444));
#20444 = FILL_AREA_STYLE_COLOUR('',#18188);
#20445 = OVER_RIDING_STYLED_ITEM('overriding color',(#20446),#11153,
  #18173);
#20446 = PRESENTATION_STYLE_ASSIGNMENT((#20447));
#20447 = SURFACE_STYLE_USAGE(.BOTH.,#20448);
#20448 = SURFACE_SIDE_STYLE('',(#20449));
#20449 = SURFACE_STYLE_FILL_AREA(#20450);
#20450 = FILL_AREA_STYLE('',(#20451));
#20451 = FILL_AREA_STYLE_COLOUR('',#18188);
#20452 = OVER_RIDING_STYLED_ITEM('overriding color',(#20453),#11177,
  #18173);
#20453 = PRESENTATION_STYLE_ASSIGNMENT((#20454));
#20454 = SURFACE_STYLE_USAGE(.BOTH.,#20455);
#20455 = SURFACE_SIDE_STYLE('',(#20456));
#20456 = SURFACE_STYLE_FILL_AREA(#20457);
#20457 = FILL_AREA_STYLE('',(#20458));
#20458 = FILL_AREA_STYLE_COLOUR('',#18188);
#20459 = OVER_RIDING_STYLED_ITEM('overriding color',(#20460),#11201,
  #18173);
#20460 = PRESENTATION_STYLE_ASSIGNMENT((#20461));
#20461 = SURFACE_STYLE_USAGE(.BOTH.,#20462);
#20462 = SURFACE_SIDE_STYLE('',(#20463));
#20463 = SURFACE_STYLE_FILL_AREA(#20464);
#20464 = FILL_AREA_STYLE('',(#20465));
#20465 = FILL_AREA_STYLE_COLOUR('',#18188);
#20466 = OVER_RIDING_STYLED_ITEM('overriding color',(#20467),#11225,
  #18173);
#20467 = PRESENTATION_STYLE_ASSIGNMENT((#20468));
#20468 = SURFACE_STYLE_USAGE(.BOTH.,#20469);
#20469 = SURFACE_SIDE_STYLE('',(#20470));
#20470 = SURFACE_STYLE_FILL_AREA(#20471);
#20471 = FILL_AREA_STYLE('',(#20472));
#20472 = FILL_AREA_STYLE_COLOUR('',#18188);
#20473 = OVER_RIDING_STYLED_ITEM('overriding color',(#20474),#11247,
  #18173);
#20474 = PRESENTATION_STYLE_ASSIGNMENT((#20475));
#20475 = SURFACE_STYLE_USAGE(.BOTH.,#20476);
#20476 = SURFACE_SIDE_STYLE('',(#20477));
#20477 = SURFACE_STYLE_FILL_AREA(#20478);
#20478 = FILL_AREA_STYLE('',(#20479));
#20479 = FILL_AREA_STYLE_COLOUR('',#18188);
#20480 = OVER_RIDING_STYLED_ITEM('overriding color',(#20481),#11278,
  #18173);
#20481 = PRESENTATION_STYLE_ASSIGNMENT((#20482));
#20482 = SURFACE_STYLE_USAGE(.BOTH.,#20483);
#20483 = SURFACE_SIDE_STYLE('',(#20484));
#20484 = SURFACE_STYLE_FILL_AREA(#20485);
#20485 = FILL_AREA_STYLE('',(#20486));
#20486 = FILL_AREA_STYLE_COLOUR('',#18188);
#20487 = OVER_RIDING_STYLED_ITEM('overriding color',(#20488),#11368,
  #18173);
#20488 = PRESENTATION_STYLE_ASSIGNMENT((#20489));
#20489 = SURFACE_STYLE_USAGE(.BOTH.,#20490);
#20490 = SURFACE_SIDE_STYLE('',(#20491));
#20491 = SURFACE_STYLE_FILL_AREA(#20492);
#20492 = FILL_AREA_STYLE('',(#20493));
#20493 = FILL_AREA_STYLE_COLOUR('',#18188);
#20494 = OVER_RIDING_STYLED_ITEM('overriding color',(#20495),#11408,
  #18173);
#20495 = PRESENTATION_STYLE_ASSIGNMENT((#20496));
#20496 = SURFACE_STYLE_USAGE(.BOTH.,#20497);
#20497 = SURFACE_SIDE_STYLE('',(#20498));
#20498 = SURFACE_STYLE_FILL_AREA(#20499);
#20499 = FILL_AREA_STYLE('',(#20500));
#20500 = FILL_AREA_STYLE_COLOUR('',#18188);
#20501 = OVER_RIDING_STYLED_ITEM('overriding color',(#20502),#11439,
  #18173);
#20502 = PRESENTATION_STYLE_ASSIGNMENT((#20503));
#20503 = SURFACE_STYLE_USAGE(.BOTH.,#20504);
#20504 = SURFACE_SIDE_STYLE('',(#20505));
#20505 = SURFACE_STYLE_FILL_AREA(#20506);
#20506 = FILL_AREA_STYLE('',(#20507));
#20507 = FILL_AREA_STYLE_COLOUR('',#18188);
#20508 = OVER_RIDING_STYLED_ITEM('overriding color',(#20509),#11470,
  #18173);
#20509 = PRESENTATION_STYLE_ASSIGNMENT((#20510));
#20510 = SURFACE_STYLE_USAGE(.BOTH.,#20511);
#20511 = SURFACE_SIDE_STYLE('',(#20512));
#20512 = SURFACE_STYLE_FILL_AREA(#20513);
#20513 = FILL_AREA_STYLE('',(#20514));
#20514 = FILL_AREA_STYLE_COLOUR('',#18188);
#20515 = OVER_RIDING_STYLED_ITEM('overriding color',(#20516),#11494,
  #18173);
#20516 = PRESENTATION_STYLE_ASSIGNMENT((#20517));
#20517 = SURFACE_STYLE_USAGE(.BOTH.,#20518);
#20518 = SURFACE_SIDE_STYLE('',(#20519));
#20519 = SURFACE_STYLE_FILL_AREA(#20520);
#20520 = FILL_AREA_STYLE('',(#20521));
#20521 = FILL_AREA_STYLE_COLOUR('',#18188);
#20522 = OVER_RIDING_STYLED_ITEM('overriding color',(#20523),#11518,
  #18173);
#20523 = PRESENTATION_STYLE_ASSIGNMENT((#20524));
#20524 = SURFACE_STYLE_USAGE(.BOTH.,#20525);
#20525 = SURFACE_SIDE_STYLE('',(#20526));
#20526 = SURFACE_STYLE_FILL_AREA(#20527);
#20527 = FILL_AREA_STYLE('',(#20528));
#20528 = FILL_AREA_STYLE_COLOUR('',#18188);
#20529 = OVER_RIDING_STYLED_ITEM('overriding color',(#20530),#11542,
  #18173);
#20530 = PRESENTATION_STYLE_ASSIGNMENT((#20531));
#20531 = SURFACE_STYLE_USAGE(.BOTH.,#20532);
#20532 = SURFACE_SIDE_STYLE('',(#20533));
#20533 = SURFACE_STYLE_FILL_AREA(#20534);
#20534 = FILL_AREA_STYLE('',(#20535));
#20535 = FILL_AREA_STYLE_COLOUR('',#18188);
#20536 = OVER_RIDING_STYLED_ITEM('overriding color',(#20537),#11566,
  #18173);
#20537 = PRESENTATION_STYLE_ASSIGNMENT((#20538));
#20538 = SURFACE_STYLE_USAGE(.BOTH.,#20539);
#20539 = SURFACE_SIDE_STYLE('',(#20540));
#20540 = SURFACE_STYLE_FILL_AREA(#20541);
#20541 = FILL_AREA_STYLE('',(#20542));
#20542 = FILL_AREA_STYLE_COLOUR('',#18188);
#20543 = OVER_RIDING_STYLED_ITEM('overriding color',(#20544),#11583,
  #18173);
#20544 = PRESENTATION_STYLE_ASSIGNMENT((#20545));
#20545 = SURFACE_STYLE_USAGE(.BOTH.,#20546);
#20546 = SURFACE_SIDE_STYLE('',(#20547));
#20547 = SURFACE_STYLE_FILL_AREA(#20548);
#20548 = FILL_AREA_STYLE('',(#20549));
#20549 = FILL_AREA_STYLE_COLOUR('',#18188);
#20550 = OVER_RIDING_STYLED_ITEM('overriding color',(#20551),#11604,
  #18173);
#20551 = PRESENTATION_STYLE_ASSIGNMENT((#20552));
#20552 = SURFACE_STYLE_USAGE(.BOTH.,#20553);
#20553 = SURFACE_SIDE_STYLE('',(#20554));
#20554 = SURFACE_STYLE_FILL_AREA(#20555);
#20555 = FILL_AREA_STYLE('',(#20556));
#20556 = FILL_AREA_STYLE_COLOUR('',#18188);
#20557 = OVER_RIDING_STYLED_ITEM('overriding color',(#20558),#11653,
  #18173);
#20558 = PRESENTATION_STYLE_ASSIGNMENT((#20559));
#20559 = SURFACE_STYLE_USAGE(.BOTH.,#20560);
#20560 = SURFACE_SIDE_STYLE('',(#20561));
#20561 = SURFACE_STYLE_FILL_AREA(#20562);
#20562 = FILL_AREA_STYLE('',(#20563));
#20563 = FILL_AREA_STYLE_COLOUR('',#18188);
#20564 = OVER_RIDING_STYLED_ITEM('overriding color',(#20565),#11715,
  #18173);
#20565 = PRESENTATION_STYLE_ASSIGNMENT((#20566));
#20566 = SURFACE_STYLE_USAGE(.BOTH.,#20567);
#20567 = SURFACE_SIDE_STYLE('',(#20568));
#20568 = SURFACE_STYLE_FILL_AREA(#20569);
#20569 = FILL_AREA_STYLE('',(#20570));
#20570 = FILL_AREA_STYLE_COLOUR('',#18188);
#20571 = OVER_RIDING_STYLED_ITEM('overriding color',(#20572),#11739,
  #18173);
#20572 = PRESENTATION_STYLE_ASSIGNMENT((#20573));
#20573 = SURFACE_STYLE_USAGE(.BOTH.,#20574);
#20574 = SURFACE_SIDE_STYLE('',(#20575));
#20575 = SURFACE_STYLE_FILL_AREA(#20576);
#20576 = FILL_AREA_STYLE('',(#20577));
#20577 = FILL_AREA_STYLE_COLOUR('',#18188);
#20578 = OVER_RIDING_STYLED_ITEM('overriding color',(#20579),#11767,
  #18173);
#20579 = PRESENTATION_STYLE_ASSIGNMENT((#20580));
#20580 = SURFACE_STYLE_USAGE(.BOTH.,#20581);
#20581 = SURFACE_SIDE_STYLE('',(#20582));
#20582 = SURFACE_STYLE_FILL_AREA(#20583);
#20583 = FILL_AREA_STYLE('',(#20584));
#20584 = FILL_AREA_STYLE_COLOUR('',#18188);
#20585 = OVER_RIDING_STYLED_ITEM('overriding color',(#20586),#11793,
  #18173);
#20586 = PRESENTATION_STYLE_ASSIGNMENT((#20587));
#20587 = SURFACE_STYLE_USAGE(.BOTH.,#20588);
#20588 = SURFACE_SIDE_STYLE('',(#20589));
#20589 = SURFACE_STYLE_FILL_AREA(#20590);
#20590 = FILL_AREA_STYLE('',(#20591));
#20591 = FILL_AREA_STYLE_COLOUR('',#18188);
#20592 = OVER_RIDING_STYLED_ITEM('overriding color',(#20593),#11810,
  #18173);
#20593 = PRESENTATION_STYLE_ASSIGNMENT((#20594));
#20594 = SURFACE_STYLE_USAGE(.BOTH.,#20595);
#20595 = SURFACE_SIDE_STYLE('',(#20596));
#20596 = SURFACE_STYLE_FILL_AREA(#20597);
#20597 = FILL_AREA_STYLE('',(#20598));
#20598 = FILL_AREA_STYLE_COLOUR('',#18188);
#20599 = OVER_RIDING_STYLED_ITEM('overriding color',(#20600),#11827,
  #18173);
#20600 = PRESENTATION_STYLE_ASSIGNMENT((#20601));
#20601 = SURFACE_STYLE_USAGE(.BOTH.,#20602);
#20602 = SURFACE_SIDE_STYLE('',(#20603));
#20603 = SURFACE_STYLE_FILL_AREA(#20604);
#20604 = FILL_AREA_STYLE('',(#20605));
#20605 = FILL_AREA_STYLE_COLOUR('',#18188);
#20606 = OVER_RIDING_STYLED_ITEM('overriding color',(#20607),#11846,
  #18173);
#20607 = PRESENTATION_STYLE_ASSIGNMENT((#20608));
#20608 = SURFACE_STYLE_USAGE(.BOTH.,#20609);
#20609 = SURFACE_SIDE_STYLE('',(#20610));
#20610 = SURFACE_STYLE_FILL_AREA(#20611);
#20611 = FILL_AREA_STYLE('',(#20612));
#20612 = FILL_AREA_STYLE_COLOUR('',#18188);
#20613 = OVER_RIDING_STYLED_ITEM('overriding color',(#20614),#11865,
  #18173);
#20614 = PRESENTATION_STYLE_ASSIGNMENT((#20615));
#20615 = SURFACE_STYLE_USAGE(.BOTH.,#20616);
#20616 = SURFACE_SIDE_STYLE('',(#20617));
#20617 = SURFACE_STYLE_FILL_AREA(#20618);
#20618 = FILL_AREA_STYLE('',(#20619));
#20619 = FILL_AREA_STYLE_COLOUR('',#18188);
#20620 = OVER_RIDING_STYLED_ITEM('overriding color',(#20621),#11890,
  #18173);
#20621 = PRESENTATION_STYLE_ASSIGNMENT((#20622));
#20622 = SURFACE_STYLE_USAGE(.BOTH.,#20623);
#20623 = SURFACE_SIDE_STYLE('',(#20624));
#20624 = SURFACE_STYLE_FILL_AREA(#20625);
#20625 = FILL_AREA_STYLE('',(#20626));
#20626 = FILL_AREA_STYLE_COLOUR('',#18188);
#20627 = OVER_RIDING_STYLED_ITEM('overriding color',(#20628),#11956,
  #18173);
#20628 = PRESENTATION_STYLE_ASSIGNMENT((#20629));
#20629 = SURFACE_STYLE_USAGE(.BOTH.,#20630);
#20630 = SURFACE_SIDE_STYLE('',(#20631));
#20631 = SURFACE_STYLE_FILL_AREA(#20632);
#20632 = FILL_AREA_STYLE('',(#20633));
#20633 = FILL_AREA_STYLE_COLOUR('',#18188);
#20634 = OVER_RIDING_STYLED_ITEM('overriding color',(#20635),#11987,
  #18173);
#20635 = PRESENTATION_STYLE_ASSIGNMENT((#20636));
#20636 = SURFACE_STYLE_USAGE(.BOTH.,#20637);
#20637 = SURFACE_SIDE_STYLE('',(#20638));
#20638 = SURFACE_STYLE_FILL_AREA(#20639);
#20639 = FILL_AREA_STYLE('',(#20640));
#20640 = FILL_AREA_STYLE_COLOUR('',#18188);
#20641 = OVER_RIDING_STYLED_ITEM('overriding color',(#20642),#12004,
  #18173);
#20642 = PRESENTATION_STYLE_ASSIGNMENT((#20643));
#20643 = SURFACE_STYLE_USAGE(.BOTH.,#20644);
#20644 = SURFACE_SIDE_STYLE('',(#20645));
#20645 = SURFACE_STYLE_FILL_AREA(#20646);
#20646 = FILL_AREA_STYLE('',(#20647));
#20647 = FILL_AREA_STYLE_COLOUR('',#18188);
#20648 = OVER_RIDING_STYLED_ITEM('overriding color',(#20649),#12023,
  #18173);
#20649 = PRESENTATION_STYLE_ASSIGNMENT((#20650));
#20650 = SURFACE_STYLE_USAGE(.BOTH.,#20651);
#20651 = SURFACE_SIDE_STYLE('',(#20652));
#20652 = SURFACE_STYLE_FILL_AREA(#20653);
#20653 = FILL_AREA_STYLE('',(#20654));
#20654 = FILL_AREA_STYLE_COLOUR('',#18188);
#20655 = OVER_RIDING_STYLED_ITEM('overriding color',(#20656),#12042,
  #18173);
#20656 = PRESENTATION_STYLE_ASSIGNMENT((#20657));
#20657 = SURFACE_STYLE_USAGE(.BOTH.,#20658);
#20658 = SURFACE_SIDE_STYLE('',(#20659));
#20659 = SURFACE_STYLE_FILL_AREA(#20660);
#20660 = FILL_AREA_STYLE('',(#20661));
#20661 = FILL_AREA_STYLE_COLOUR('',#18188);
#20662 = OVER_RIDING_STYLED_ITEM('overriding color',(#20663),#12069,
  #18173);
#20663 = PRESENTATION_STYLE_ASSIGNMENT((#20664));
#20664 = SURFACE_STYLE_USAGE(.BOTH.,#20665);
#20665 = SURFACE_SIDE_STYLE('',(#20666));
#20666 = SURFACE_STYLE_FILL_AREA(#20667);
#20667 = FILL_AREA_STYLE('',(#20668));
#20668 = FILL_AREA_STYLE_COLOUR('',#18188);
#20669 = OVER_RIDING_STYLED_ITEM('overriding color',(#20670),#12083,
  #18173);
#20670 = PRESENTATION_STYLE_ASSIGNMENT((#20671));
#20671 = SURFACE_STYLE_USAGE(.BOTH.,#20672);
#20672 = SURFACE_SIDE_STYLE('',(#20673));
#20673 = SURFACE_STYLE_FILL_AREA(#20674);
#20674 = FILL_AREA_STYLE('',(#20675));
#20675 = FILL_AREA_STYLE_COLOUR('',#18188);
#20676 = OVER_RIDING_STYLED_ITEM('overriding color',(#20677),#12098,
  #18173);
#20677 = PRESENTATION_STYLE_ASSIGNMENT((#20678));
#20678 = SURFACE_STYLE_USAGE(.BOTH.,#20679);
#20679 = SURFACE_SIDE_STYLE('',(#20680));
#20680 = SURFACE_STYLE_FILL_AREA(#20681);
#20681 = FILL_AREA_STYLE('',(#20682));
#20682 = FILL_AREA_STYLE_COLOUR('',#18188);
#20683 = OVER_RIDING_STYLED_ITEM('overriding color',(#20684),#12124,
  #18173);
#20684 = PRESENTATION_STYLE_ASSIGNMENT((#20685));
#20685 = SURFACE_STYLE_USAGE(.BOTH.,#20686);
#20686 = SURFACE_SIDE_STYLE('',(#20687));
#20687 = SURFACE_STYLE_FILL_AREA(#20688);
#20688 = FILL_AREA_STYLE('',(#20689));
#20689 = FILL_AREA_STYLE_COLOUR('',#18188);
#20690 = OVER_RIDING_STYLED_ITEM('overriding color',(#20691),#12141,
  #18173);
#20691 = PRESENTATION_STYLE_ASSIGNMENT((#20692));
#20692 = SURFACE_STYLE_USAGE(.BOTH.,#20693);
#20693 = SURFACE_SIDE_STYLE('',(#20694));
#20694 = SURFACE_STYLE_FILL_AREA(#20695);
#20695 = FILL_AREA_STYLE('',(#20696));
#20696 = FILL_AREA_STYLE_COLOUR('',#18188);
#20697 = OVER_RIDING_STYLED_ITEM('overriding color',(#20698),#12154,
  #18173);
#20698 = PRESENTATION_STYLE_ASSIGNMENT((#20699));
#20699 = SURFACE_STYLE_USAGE(.BOTH.,#20700);
#20700 = SURFACE_SIDE_STYLE('',(#20701));
#20701 = SURFACE_STYLE_FILL_AREA(#20702);
#20702 = FILL_AREA_STYLE('',(#20703));
#20703 = FILL_AREA_STYLE_COLOUR('',#18188);
#20704 = OVER_RIDING_STYLED_ITEM('overriding color',(#20705),#12178,
  #18173);
#20705 = PRESENTATION_STYLE_ASSIGNMENT((#20706));
#20706 = SURFACE_STYLE_USAGE(.BOTH.,#20707);
#20707 = SURFACE_SIDE_STYLE('',(#20708));
#20708 = SURFACE_STYLE_FILL_AREA(#20709);
#20709 = FILL_AREA_STYLE('',(#20710));
#20710 = FILL_AREA_STYLE_COLOUR('',#18188);
#20711 = OVER_RIDING_STYLED_ITEM('overriding color',(#20712),#12202,
  #18173);
#20712 = PRESENTATION_STYLE_ASSIGNMENT((#20713));
#20713 = SURFACE_STYLE_USAGE(.BOTH.,#20714);
#20714 = SURFACE_SIDE_STYLE('',(#20715));
#20715 = SURFACE_STYLE_FILL_AREA(#20716);
#20716 = FILL_AREA_STYLE('',(#20717));
#20717 = FILL_AREA_STYLE_COLOUR('',#18188);
#20718 = OVER_RIDING_STYLED_ITEM('overriding color',(#20719),#12219,
  #18173);
#20719 = PRESENTATION_STYLE_ASSIGNMENT((#20720));
#20720 = SURFACE_STYLE_USAGE(.BOTH.,#20721);
#20721 = SURFACE_SIDE_STYLE('',(#20722));
#20722 = SURFACE_STYLE_FILL_AREA(#20723);
#20723 = FILL_AREA_STYLE('',(#20724));
#20724 = FILL_AREA_STYLE_COLOUR('',#18188);
#20725 = OVER_RIDING_STYLED_ITEM('overriding color',(#20726),#12275,
  #18173);
#20726 = PRESENTATION_STYLE_ASSIGNMENT((#20727));
#20727 = SURFACE_STYLE_USAGE(.BOTH.,#20728);
#20728 = SURFACE_SIDE_STYLE('',(#20729));
#20729 = SURFACE_STYLE_FILL_AREA(#20730);
#20730 = FILL_AREA_STYLE('',(#20731));
#20731 = FILL_AREA_STYLE_COLOUR('',#18188);
#20732 = OVER_RIDING_STYLED_ITEM('overriding color',(#20733),#12306,
  #18173);
#20733 = PRESENTATION_STYLE_ASSIGNMENT((#20734));
#20734 = SURFACE_STYLE_USAGE(.BOTH.,#20735);
#20735 = SURFACE_SIDE_STYLE('',(#20736));
#20736 = SURFACE_STYLE_FILL_AREA(#20737);
#20737 = FILL_AREA_STYLE('',(#20738));
#20738 = FILL_AREA_STYLE_COLOUR('',#18188);
#20739 = OVER_RIDING_STYLED_ITEM('overriding color',(#20740),#12330,
  #18173);
#20740 = PRESENTATION_STYLE_ASSIGNMENT((#20741));
#20741 = SURFACE_STYLE_USAGE(.BOTH.,#20742);
#20742 = SURFACE_SIDE_STYLE('',(#20743));
#20743 = SURFACE_STYLE_FILL_AREA(#20744);
#20744 = FILL_AREA_STYLE('',(#20745));
#20745 = FILL_AREA_STYLE_COLOUR('',#18188);
#20746 = OVER_RIDING_STYLED_ITEM('overriding color',(#20747),#12354,
  #18173);
#20747 = PRESENTATION_STYLE_ASSIGNMENT((#20748));
#20748 = SURFACE_STYLE_USAGE(.BOTH.,#20749);
#20749 = SURFACE_SIDE_STYLE('',(#20750));
#20750 = SURFACE_STYLE_FILL_AREA(#20751);
#20751 = FILL_AREA_STYLE('',(#20752));
#20752 = FILL_AREA_STYLE_COLOUR('',#18188);
#20753 = OVER_RIDING_STYLED_ITEM('overriding color',(#20754),#12371,
  #18173);
#20754 = PRESENTATION_STYLE_ASSIGNMENT((#20755));
#20755 = SURFACE_STYLE_USAGE(.BOTH.,#20756);
#20756 = SURFACE_SIDE_STYLE('',(#20757));
#20757 = SURFACE_STYLE_FILL_AREA(#20758);
#20758 = FILL_AREA_STYLE('',(#20759));
#20759 = FILL_AREA_STYLE_COLOUR('',#18188);
#20760 = OVER_RIDING_STYLED_ITEM('overriding color',(#20761),#12395,
  #18173);
#20761 = PRESENTATION_STYLE_ASSIGNMENT((#20762));
#20762 = SURFACE_STYLE_USAGE(.BOTH.,#20763);
#20763 = SURFACE_SIDE_STYLE('',(#20764));
#20764 = SURFACE_STYLE_FILL_AREA(#20765);
#20765 = FILL_AREA_STYLE('',(#20766));
#20766 = FILL_AREA_STYLE_COLOUR('',#18188);
#20767 = OVER_RIDING_STYLED_ITEM('overriding color',(#20768),#12412,
  #18173);
#20768 = PRESENTATION_STYLE_ASSIGNMENT((#20769));
#20769 = SURFACE_STYLE_USAGE(.BOTH.,#20770);
#20770 = SURFACE_SIDE_STYLE('',(#20771));
#20771 = SURFACE_STYLE_FILL_AREA(#20772);
#20772 = FILL_AREA_STYLE('',(#20773));
#20773 = FILL_AREA_STYLE_COLOUR('',#18188);
#20774 = OVER_RIDING_STYLED_ITEM('overriding color',(#20775),#12429,
  #18173);
#20775 = PRESENTATION_STYLE_ASSIGNMENT((#20776));
#20776 = SURFACE_STYLE_USAGE(.BOTH.,#20777);
#20777 = SURFACE_SIDE_STYLE('',(#20778));
#20778 = SURFACE_STYLE_FILL_AREA(#20779);
#20779 = FILL_AREA_STYLE('',(#20780));
#20780 = FILL_AREA_STYLE_COLOUR('',#18188);
#20781 = OVER_RIDING_STYLED_ITEM('overriding color',(#20782),#12453,
  #18173);
#20782 = PRESENTATION_STYLE_ASSIGNMENT((#20783));
#20783 = SURFACE_STYLE_USAGE(.BOTH.,#20784);
#20784 = SURFACE_SIDE_STYLE('',(#20785));
#20785 = SURFACE_STYLE_FILL_AREA(#20786);
#20786 = FILL_AREA_STYLE('',(#20787));
#20787 = FILL_AREA_STYLE_COLOUR('',#18188);
#20788 = OVER_RIDING_STYLED_ITEM('overriding color',(#20789),#12465,
  #18173);
#20789 = PRESENTATION_STYLE_ASSIGNMENT((#20790));
#20790 = SURFACE_STYLE_USAGE(.BOTH.,#20791);
#20791 = SURFACE_SIDE_STYLE('',(#20792));
#20792 = SURFACE_STYLE_FILL_AREA(#20793);
#20793 = FILL_AREA_STYLE('',(#20794));
#20794 = FILL_AREA_STYLE_COLOUR('',#18188);
#20795 = OVER_RIDING_STYLED_ITEM('overriding color',(#20796),#12477,
  #18173);
#20796 = PRESENTATION_STYLE_ASSIGNMENT((#20797));
#20797 = SURFACE_STYLE_USAGE(.BOTH.,#20798);
#20798 = SURFACE_SIDE_STYLE('',(#20799));
#20799 = SURFACE_STYLE_FILL_AREA(#20800);
#20800 = FILL_AREA_STYLE('',(#20801));
#20801 = FILL_AREA_STYLE_COLOUR('',#20802);
#20802 = COLOUR_RGB('',1.,0.996078432391,0.964705886078);
#20803 = OVER_RIDING_STYLED_ITEM('overriding color',(#20804),#12508,
  #18173);
#20804 = PRESENTATION_STYLE_ASSIGNMENT((#20805));
#20805 = SURFACE_STYLE_USAGE(.BOTH.,#20806);
#20806 = SURFACE_SIDE_STYLE('',(#20807));
#20807 = SURFACE_STYLE_FILL_AREA(#20808);
#20808 = FILL_AREA_STYLE('',(#20809));
#20809 = FILL_AREA_STYLE_COLOUR('',#20802);
#20810 = OVER_RIDING_STYLED_ITEM('overriding color',(#20811),#12539,
  #18173);
#20811 = PRESENTATION_STYLE_ASSIGNMENT((#20812));
#20812 = SURFACE_STYLE_USAGE(.BOTH.,#20813);
#20813 = SURFACE_SIDE_STYLE('',(#20814));
#20814 = SURFACE_STYLE_FILL_AREA(#20815);
#20815 = FILL_AREA_STYLE('',(#20816));
#20816 = FILL_AREA_STYLE_COLOUR('',#18188);
#20817 = OVER_RIDING_STYLED_ITEM('overriding color',(#20818),#12579,
  #18173);
#20818 = PRESENTATION_STYLE_ASSIGNMENT((#20819));
#20819 = SURFACE_STYLE_USAGE(.BOTH.,#20820);
#20820 = SURFACE_SIDE_STYLE('',(#20821));
#20821 = SURFACE_STYLE_FILL_AREA(#20822);
#20822 = FILL_AREA_STYLE('',(#20823));
#20823 = FILL_AREA_STYLE_COLOUR('',#18188);
#20824 = OVER_RIDING_STYLED_ITEM('overriding color',(#20825),#12610,
  #18173);
#20825 = PRESENTATION_STYLE_ASSIGNMENT((#20826));
#20826 = SURFACE_STYLE_USAGE(.BOTH.,#20827);
#20827 = SURFACE_SIDE_STYLE('',(#20828));
#20828 = SURFACE_STYLE_FILL_AREA(#20829);
#20829 = FILL_AREA_STYLE('',(#20830));
#20830 = FILL_AREA_STYLE_COLOUR('',#18188);
#20831 = OVER_RIDING_STYLED_ITEM('overriding color',(#20832),#12641,
  #18173);
#20832 = PRESENTATION_STYLE_ASSIGNMENT((#20833));
#20833 = SURFACE_STYLE_USAGE(.BOTH.,#20834);
#20834 = SURFACE_SIDE_STYLE('',(#20835));
#20835 = SURFACE_STYLE_FILL_AREA(#20836);
#20836 = FILL_AREA_STYLE('',(#20837));
#20837 = FILL_AREA_STYLE_COLOUR('',#18188);
#20838 = OVER_RIDING_STYLED_ITEM('overriding color',(#20839),#12672,
  #18173);
#20839 = PRESENTATION_STYLE_ASSIGNMENT((#20840));
#20840 = SURFACE_STYLE_USAGE(.BOTH.,#20841);
#20841 = SURFACE_SIDE_STYLE('',(#20842));
#20842 = SURFACE_STYLE_FILL_AREA(#20843);
#20843 = FILL_AREA_STYLE('',(#20844));
#20844 = FILL_AREA_STYLE_COLOUR('',#18188);
#20845 = OVER_RIDING_STYLED_ITEM('overriding color',(#20846),#12703,
  #18173);
#20846 = PRESENTATION_STYLE_ASSIGNMENT((#20847));
#20847 = SURFACE_STYLE_USAGE(.BOTH.,#20848);
#20848 = SURFACE_SIDE_STYLE('',(#20849));
#20849 = SURFACE_STYLE_FILL_AREA(#20850);
#20850 = FILL_AREA_STYLE('',(#20851));
#20851 = FILL_AREA_STYLE_COLOUR('',#18188);
#20852 = OVER_RIDING_STYLED_ITEM('overriding color',(#20853),#12743,
  #18173);
#20853 = PRESENTATION_STYLE_ASSIGNMENT((#20854));
#20854 = SURFACE_STYLE_USAGE(.BOTH.,#20855);
#20855 = SURFACE_SIDE_STYLE('',(#20856));
#20856 = SURFACE_STYLE_FILL_AREA(#20857);
#20857 = FILL_AREA_STYLE('',(#20858));
#20858 = FILL_AREA_STYLE_COLOUR('',#18188);
#20859 = OVER_RIDING_STYLED_ITEM('overriding color',(#20860),#12774,
  #18173);
#20860 = PRESENTATION_STYLE_ASSIGNMENT((#20861));
#20861 = SURFACE_STYLE_USAGE(.BOTH.,#20862);
#20862 = SURFACE_SIDE_STYLE('',(#20863));
#20863 = SURFACE_STYLE_FILL_AREA(#20864);
#20864 = FILL_AREA_STYLE('',(#20865));
#20865 = FILL_AREA_STYLE_COLOUR('',#18188);
#20866 = OVER_RIDING_STYLED_ITEM('overriding color',(#20867),#12805,
  #18173);
#20867 = PRESENTATION_STYLE_ASSIGNMENT((#20868));
#20868 = SURFACE_STYLE_USAGE(.BOTH.,#20869);
#20869 = SURFACE_SIDE_STYLE('',(#20870));
#20870 = SURFACE_STYLE_FILL_AREA(#20871);
#20871 = FILL_AREA_STYLE('',(#20872));
#20872 = FILL_AREA_STYLE_COLOUR('',#18188);
#20873 = OVER_RIDING_STYLED_ITEM('overriding color',(#20874),#12836,
  #18173);
#20874 = PRESENTATION_STYLE_ASSIGNMENT((#20875));
#20875 = SURFACE_STYLE_USAGE(.BOTH.,#20876);
#20876 = SURFACE_SIDE_STYLE('',(#20877));
#20877 = SURFACE_STYLE_FILL_AREA(#20878);
#20878 = FILL_AREA_STYLE('',(#20879));
#20879 = FILL_AREA_STYLE_COLOUR('',#18188);
#20880 = OVER_RIDING_STYLED_ITEM('overriding color',(#20881),#12867,
  #18173);
#20881 = PRESENTATION_STYLE_ASSIGNMENT((#20882));
#20882 = SURFACE_STYLE_USAGE(.BOTH.,#20883);
#20883 = SURFACE_SIDE_STYLE('',(#20884));
#20884 = SURFACE_STYLE_FILL_AREA(#20885);
#20885 = FILL_AREA_STYLE('',(#20886));
#20886 = FILL_AREA_STYLE_COLOUR('',#18188);
#20887 = OVER_RIDING_STYLED_ITEM('overriding color',(#20888),#12898,
  #18173);
#20888 = PRESENTATION_STYLE_ASSIGNMENT((#20889));
#20889 = SURFACE_STYLE_USAGE(.BOTH.,#20890);
#20890 = SURFACE_SIDE_STYLE('',(#20891));
#20891 = SURFACE_STYLE_FILL_AREA(#20892);
#20892 = FILL_AREA_STYLE('',(#20893));
#20893 = FILL_AREA_STYLE_COLOUR('',#18188);
#20894 = OVER_RIDING_STYLED_ITEM('overriding color',(#20895),#12929,
  #18173);
#20895 = PRESENTATION_STYLE_ASSIGNMENT((#20896));
#20896 = SURFACE_STYLE_USAGE(.BOTH.,#20897);
#20897 = SURFACE_SIDE_STYLE('',(#20898));
#20898 = SURFACE_STYLE_FILL_AREA(#20899);
#20899 = FILL_AREA_STYLE('',(#20900));
#20900 = FILL_AREA_STYLE_COLOUR('',#18188);
#20901 = OVER_RIDING_STYLED_ITEM('overriding color',(#20902),#12969,
  #18173);
#20902 = PRESENTATION_STYLE_ASSIGNMENT((#20903));
#20903 = SURFACE_STYLE_USAGE(.BOTH.,#20904);
#20904 = SURFACE_SIDE_STYLE('',(#20905));
#20905 = SURFACE_STYLE_FILL_AREA(#20906);
#20906 = FILL_AREA_STYLE('',(#20907));
#20907 = FILL_AREA_STYLE_COLOUR('',#18188);
#20908 = OVER_RIDING_STYLED_ITEM('overriding color',(#20909),#13000,
  #18173);
#20909 = PRESENTATION_STYLE_ASSIGNMENT((#20910));
#20910 = SURFACE_STYLE_USAGE(.BOTH.,#20911);
#20911 = SURFACE_SIDE_STYLE('',(#20912));
#20912 = SURFACE_STYLE_FILL_AREA(#20913);
#20913 = FILL_AREA_STYLE('',(#20914));
#20914 = FILL_AREA_STYLE_COLOUR('',#18188);
#20915 = OVER_RIDING_STYLED_ITEM('overriding color',(#20916),#13040,
  #18173);
#20916 = PRESENTATION_STYLE_ASSIGNMENT((#20917));
#20917 = SURFACE_STYLE_USAGE(.BOTH.,#20918);
#20918 = SURFACE_SIDE_STYLE('',(#20919));
#20919 = SURFACE_STYLE_FILL_AREA(#20920);
#20920 = FILL_AREA_STYLE('',(#20921));
#20921 = FILL_AREA_STYLE_COLOUR('',#18188);
#20922 = OVER_RIDING_STYLED_ITEM('overriding color',(#20923),#13071,
  #18173);
#20923 = PRESENTATION_STYLE_ASSIGNMENT((#20924));
#20924 = SURFACE_STYLE_USAGE(.BOTH.,#20925);
#20925 = SURFACE_SIDE_STYLE('',(#20926));
#20926 = SURFACE_STYLE_FILL_AREA(#20927);
#20927 = FILL_AREA_STYLE('',(#20928));
#20928 = FILL_AREA_STYLE_COLOUR('',#18188);
#20929 = OVER_RIDING_STYLED_ITEM('overriding color',(#20930),#13102,
  #18173);
#20930 = PRESENTATION_STYLE_ASSIGNMENT((#20931));
#20931 = SURFACE_STYLE_USAGE(.BOTH.,#20932);
#20932 = SURFACE_SIDE_STYLE('',(#20933));
#20933 = SURFACE_STYLE_FILL_AREA(#20934);
#20934 = FILL_AREA_STYLE('',(#20935));
#20935 = FILL_AREA_STYLE_COLOUR('',#18188);
#20936 = OVER_RIDING_STYLED_ITEM('overriding color',(#20937),#13135,
  #18173);
#20937 = PRESENTATION_STYLE_ASSIGNMENT((#20938));
#20938 = SURFACE_STYLE_USAGE(.BOTH.,#20939);
#20939 = SURFACE_SIDE_STYLE('',(#20940));
#20940 = SURFACE_STYLE_FILL_AREA(#20941);
#20941 = FILL_AREA_STYLE('',(#20942));
#20942 = FILL_AREA_STYLE_COLOUR('',#18188);
#20943 = OVER_RIDING_STYLED_ITEM('overriding color',(#20944),#13144,
  #18173);
#20944 = PRESENTATION_STYLE_ASSIGNMENT((#20945));
#20945 = SURFACE_STYLE_USAGE(.BOTH.,#20946);
#20946 = SURFACE_SIDE_STYLE('',(#20947));
#20947 = SURFACE_STYLE_FILL_AREA(#20948);
#20948 = FILL_AREA_STYLE('',(#20949));
#20949 = FILL_AREA_STYLE_COLOUR('',#18188);
#20950 = OVER_RIDING_STYLED_ITEM('overriding color',(#20951),#13161,
  #18173);
#20951 = PRESENTATION_STYLE_ASSIGNMENT((#20952));
#20952 = SURFACE_STYLE_USAGE(.BOTH.,#20953);
#20953 = SURFACE_SIDE_STYLE('',(#20954));
#20954 = SURFACE_STYLE_FILL_AREA(#20955);
#20955 = FILL_AREA_STYLE('',(#20956));
#20956 = FILL_AREA_STYLE_COLOUR('',#18188);
#20957 = OVER_RIDING_STYLED_ITEM('overriding color',(#20958),#13186,
  #18173);
#20958 = PRESENTATION_STYLE_ASSIGNMENT((#20959));
#20959 = SURFACE_STYLE_USAGE(.BOTH.,#20960);
#20960 = SURFACE_SIDE_STYLE('',(#20961));
#20961 = SURFACE_STYLE_FILL_AREA(#20962);
#20962 = FILL_AREA_STYLE('',(#20963));
#20963 = FILL_AREA_STYLE_COLOUR('',#18188);
#20964 = OVER_RIDING_STYLED_ITEM('overriding color',(#20965),#13219,
  #18173);
#20965 = PRESENTATION_STYLE_ASSIGNMENT((#20966));
#20966 = SURFACE_STYLE_USAGE(.BOTH.,#20967);
#20967 = SURFACE_SIDE_STYLE('',(#20968));
#20968 = SURFACE_STYLE_FILL_AREA(#20969);
#20969 = FILL_AREA_STYLE('',(#20970));
#20970 = FILL_AREA_STYLE_COLOUR('',#18188);
#20971 = OVER_RIDING_STYLED_ITEM('overriding color',(#20972),#13259,
  #18173);
#20972 = PRESENTATION_STYLE_ASSIGNMENT((#20973));
#20973 = SURFACE_STYLE_USAGE(.BOTH.,#20974);
#20974 = SURFACE_SIDE_STYLE('',(#20975));
#20975 = SURFACE_STYLE_FILL_AREA(#20976);
#20976 = FILL_AREA_STYLE('',(#20977));
#20977 = FILL_AREA_STYLE_COLOUR('',#18188);
#20978 = OVER_RIDING_STYLED_ITEM('overriding color',(#20979),#13290,
  #18173);
#20979 = PRESENTATION_STYLE_ASSIGNMENT((#20980));
#20980 = SURFACE_STYLE_USAGE(.BOTH.,#20981);
#20981 = SURFACE_SIDE_STYLE('',(#20982));
#20982 = SURFACE_STYLE_FILL_AREA(#20983);
#20983 = FILL_AREA_STYLE('',(#20984));
#20984 = FILL_AREA_STYLE_COLOUR('',#18188);
#20985 = OVER_RIDING_STYLED_ITEM('overriding color',(#20986),#13321,
  #18173);
#20986 = PRESENTATION_STYLE_ASSIGNMENT((#20987));
#20987 = SURFACE_STYLE_USAGE(.BOTH.,#20988);
#20988 = SURFACE_SIDE_STYLE('',(#20989));
#20989 = SURFACE_STYLE_FILL_AREA(#20990);
#20990 = FILL_AREA_STYLE('',(#20991));
#20991 = FILL_AREA_STYLE_COLOUR('',#18188);
#20992 = OVER_RIDING_STYLED_ITEM('overriding color',(#20993),#13352,
  #18173);
#20993 = PRESENTATION_STYLE_ASSIGNMENT((#20994));
#20994 = SURFACE_STYLE_USAGE(.BOTH.,#20995);
#20995 = SURFACE_SIDE_STYLE('',(#20996));
#20996 = SURFACE_STYLE_FILL_AREA(#20997);
#20997 = FILL_AREA_STYLE('',(#20998));
#20998 = FILL_AREA_STYLE_COLOUR('',#18188);
#20999 = OVER_RIDING_STYLED_ITEM('overriding color',(#21000),#13383,
  #18173);
#21000 = PRESENTATION_STYLE_ASSIGNMENT((#21001));
#21001 = SURFACE_STYLE_USAGE(.BOTH.,#21002);
#21002 = SURFACE_SIDE_STYLE('',(#21003));
#21003 = SURFACE_STYLE_FILL_AREA(#21004);
#21004 = FILL_AREA_STYLE('',(#21005));
#21005 = FILL_AREA_STYLE_COLOUR('',#18188);
#21006 = OVER_RIDING_STYLED_ITEM('overriding color',(#21007),#13414,
  #18173);
#21007 = PRESENTATION_STYLE_ASSIGNMENT((#21008));
#21008 = SURFACE_STYLE_USAGE(.BOTH.,#21009);
#21009 = SURFACE_SIDE_STYLE('',(#21010));
#21010 = SURFACE_STYLE_FILL_AREA(#21011);
#21011 = FILL_AREA_STYLE('',(#21012));
#21012 = FILL_AREA_STYLE_COLOUR('',#18188);
#21013 = OVER_RIDING_STYLED_ITEM('overriding color',(#21014),#13445,
  #18173);
#21014 = PRESENTATION_STYLE_ASSIGNMENT((#21015));
#21015 = SURFACE_STYLE_USAGE(.BOTH.,#21016);
#21016 = SURFACE_SIDE_STYLE('',(#21017));
#21017 = SURFACE_STYLE_FILL_AREA(#21018);
#21018 = FILL_AREA_STYLE('',(#21019));
#21019 = FILL_AREA_STYLE_COLOUR('',#18188);
#21020 = OVER_RIDING_STYLED_ITEM('overriding color',(#21021),#13476,
  #18173);
#21021 = PRESENTATION_STYLE_ASSIGNMENT((#21022));
#21022 = SURFACE_STYLE_USAGE(.BOTH.,#21023);
#21023 = SURFACE_SIDE_STYLE('',(#21024));
#21024 = SURFACE_STYLE_FILL_AREA(#21025);
#21025 = FILL_AREA_STYLE('',(#21026));
#21026 = FILL_AREA_STYLE_COLOUR('',#18188);
#21027 = OVER_RIDING_STYLED_ITEM('overriding color',(#21028),#13507,
  #18173);
#21028 = PRESENTATION_STYLE_ASSIGNMENT((#21029));
#21029 = SURFACE_STYLE_USAGE(.BOTH.,#21030);
#21030 = SURFACE_SIDE_STYLE('',(#21031));
#21031 = SURFACE_STYLE_FILL_AREA(#21032);
#21032 = FILL_AREA_STYLE('',(#21033));
#21033 = FILL_AREA_STYLE_COLOUR('',#18188);
#21034 = OVER_RIDING_STYLED_ITEM('overriding color',(#21035),#13538,
  #18173);
#21035 = PRESENTATION_STYLE_ASSIGNMENT((#21036));
#21036 = SURFACE_STYLE_USAGE(.BOTH.,#21037);
#21037 = SURFACE_SIDE_STYLE('',(#21038));
#21038 = SURFACE_STYLE_FILL_AREA(#21039);
#21039 = FILL_AREA_STYLE('',(#21040));
#21040 = FILL_AREA_STYLE_COLOUR('',#18188);
#21041 = OVER_RIDING_STYLED_ITEM('overriding color',(#21042),#13573,
  #18173);
#21042 = PRESENTATION_STYLE_ASSIGNMENT((#21043));
#21043 = SURFACE_STYLE_USAGE(.BOTH.,#21044);
#21044 = SURFACE_SIDE_STYLE('',(#21045));
#21045 = SURFACE_STYLE_FILL_AREA(#21046);
#21046 = FILL_AREA_STYLE('',(#21047));
#21047 = FILL_AREA_STYLE_COLOUR('',#18188);
#21048 = OVER_RIDING_STYLED_ITEM('overriding color',(#21049),#13597,
  #18173);
#21049 = PRESENTATION_STYLE_ASSIGNMENT((#21050));
#21050 = SURFACE_STYLE_USAGE(.BOTH.,#21051);
#21051 = SURFACE_SIDE_STYLE('',(#21052));
#21052 = SURFACE_STYLE_FILL_AREA(#21053);
#21053 = FILL_AREA_STYLE('',(#21054));
#21054 = FILL_AREA_STYLE_COLOUR('',#18188);
#21055 = OVER_RIDING_STYLED_ITEM('overriding color',(#21056),#13614,
  #18173);
#21056 = PRESENTATION_STYLE_ASSIGNMENT((#21057));
#21057 = SURFACE_STYLE_USAGE(.BOTH.,#21058);
#21058 = SURFACE_SIDE_STYLE('',(#21059));
#21059 = SURFACE_STYLE_FILL_AREA(#21060);
#21060 = FILL_AREA_STYLE('',(#21061));
#21061 = FILL_AREA_STYLE_COLOUR('',#18188);
#21062 = OVER_RIDING_STYLED_ITEM('overriding color',(#21063),#13647,
  #18173);
#21063 = PRESENTATION_STYLE_ASSIGNMENT((#21064));
#21064 = SURFACE_STYLE_USAGE(.BOTH.,#21065);
#21065 = SURFACE_SIDE_STYLE('',(#21066));
#21066 = SURFACE_STYLE_FILL_AREA(#21067);
#21067 = FILL_AREA_STYLE('',(#21068));
#21068 = FILL_AREA_STYLE_COLOUR('',#18188);
#21069 = OVER_RIDING_STYLED_ITEM('overriding color',(#21070),#13656,
  #18173);
#21070 = PRESENTATION_STYLE_ASSIGNMENT((#21071));
#21071 = SURFACE_STYLE_USAGE(.BOTH.,#21072);
#21072 = SURFACE_SIDE_STYLE('',(#21073));
#21073 = SURFACE_STYLE_FILL_AREA(#21074);
#21074 = FILL_AREA_STYLE('',(#21075));
#21075 = FILL_AREA_STYLE_COLOUR('',#18188);
#21076 = OVER_RIDING_STYLED_ITEM('overriding color',(#21077),#13673,
  #18173);
#21077 = PRESENTATION_STYLE_ASSIGNMENT((#21078));
#21078 = SURFACE_STYLE_USAGE(.BOTH.,#21079);
#21079 = SURFACE_SIDE_STYLE('',(#21080));
#21080 = SURFACE_STYLE_FILL_AREA(#21081);
#21081 = FILL_AREA_STYLE('',(#21082));
#21082 = FILL_AREA_STYLE_COLOUR('',#18188);
#21083 = OVER_RIDING_STYLED_ITEM('overriding color',(#21084),#13698,
  #18173);
#21084 = PRESENTATION_STYLE_ASSIGNMENT((#21085));
#21085 = SURFACE_STYLE_USAGE(.BOTH.,#21086);
#21086 = SURFACE_SIDE_STYLE('',(#21087));
#21087 = SURFACE_STYLE_FILL_AREA(#21088);
#21088 = FILL_AREA_STYLE('',(#21089));
#21089 = FILL_AREA_STYLE_COLOUR('',#18188);
#21090 = OVER_RIDING_STYLED_ITEM('overriding color',(#21091),#13789,
  #18173);
#21091 = PRESENTATION_STYLE_ASSIGNMENT((#21092));
#21092 = SURFACE_STYLE_USAGE(.BOTH.,#21093);
#21093 = SURFACE_SIDE_STYLE('',(#21094));
#21094 = SURFACE_STYLE_FILL_AREA(#21095);
#21095 = FILL_AREA_STYLE('',(#21096));
#21096 = FILL_AREA_STYLE_COLOUR('',#18188);
#21097 = OVER_RIDING_STYLED_ITEM('overriding color',(#21098),#13813,
  #18173);
#21098 = PRESENTATION_STYLE_ASSIGNMENT((#21099));
#21099 = SURFACE_STYLE_USAGE(.BOTH.,#21100);
#21100 = SURFACE_SIDE_STYLE('',(#21101));
#21101 = SURFACE_STYLE_FILL_AREA(#21102);
#21102 = FILL_AREA_STYLE('',(#21103));
#21103 = FILL_AREA_STYLE_COLOUR('',#18188);
#21104 = OVER_RIDING_STYLED_ITEM('overriding color',(#21105),#13877,
  #18173);
#21105 = PRESENTATION_STYLE_ASSIGNMENT((#21106));
#21106 = SURFACE_STYLE_USAGE(.BOTH.,#21107);
#21107 = SURFACE_SIDE_STYLE('',(#21108));
#21108 = SURFACE_STYLE_FILL_AREA(#21109);
#21109 = FILL_AREA_STYLE('',(#21110));
#21110 = FILL_AREA_STYLE_COLOUR('',#18188);
#21111 = OVER_RIDING_STYLED_ITEM('overriding color',(#21112),#13908,
  #18173);
#21112 = PRESENTATION_STYLE_ASSIGNMENT((#21113));
#21113 = SURFACE_STYLE_USAGE(.BOTH.,#21114);
#21114 = SURFACE_SIDE_STYLE('',(#21115));
#21115 = SURFACE_STYLE_FILL_AREA(#21116);
#21116 = FILL_AREA_STYLE('',(#21117));
#21117 = FILL_AREA_STYLE_COLOUR('',#18188);
#21118 = OVER_RIDING_STYLED_ITEM('overriding color',(#21119),#13932,
  #18173);
#21119 = PRESENTATION_STYLE_ASSIGNMENT((#21120));
#21120 = SURFACE_STYLE_USAGE(.BOTH.,#21121);
#21121 = SURFACE_SIDE_STYLE('',(#21122));
#21122 = SURFACE_STYLE_FILL_AREA(#21123);
#21123 = FILL_AREA_STYLE('',(#21124));
#21124 = FILL_AREA_STYLE_COLOUR('',#18188);
#21125 = OVER_RIDING_STYLED_ITEM('overriding color',(#21126),#13956,
  #18173);
#21126 = PRESENTATION_STYLE_ASSIGNMENT((#21127));
#21127 = SURFACE_STYLE_USAGE(.BOTH.,#21128);
#21128 = SURFACE_SIDE_STYLE('',(#21129));
#21129 = SURFACE_STYLE_FILL_AREA(#21130);
#21130 = FILL_AREA_STYLE('',(#21131));
#21131 = FILL_AREA_STYLE_COLOUR('',#18188);
#21132 = OVER_RIDING_STYLED_ITEM('overriding color',(#21133),#13980,
  #18173);
#21133 = PRESENTATION_STYLE_ASSIGNMENT((#21134));
#21134 = SURFACE_STYLE_USAGE(.BOTH.,#21135);
#21135 = SURFACE_SIDE_STYLE('',(#21136));
#21136 = SURFACE_STYLE_FILL_AREA(#21137);
#21137 = FILL_AREA_STYLE('',(#21138));
#21138 = FILL_AREA_STYLE_COLOUR('',#18188);
#21139 = OVER_RIDING_STYLED_ITEM('overriding color',(#21140),#14004,
  #18173);
#21140 = PRESENTATION_STYLE_ASSIGNMENT((#21141));
#21141 = SURFACE_STYLE_USAGE(.BOTH.,#21142);
#21142 = SURFACE_SIDE_STYLE('',(#21143));
#21143 = SURFACE_STYLE_FILL_AREA(#21144);
#21144 = FILL_AREA_STYLE('',(#21145));
#21145 = FILL_AREA_STYLE_COLOUR('',#18188);
#21146 = OVER_RIDING_STYLED_ITEM('overriding color',(#21147),#14028,
  #18173);
#21147 = PRESENTATION_STYLE_ASSIGNMENT((#21148));
#21148 = SURFACE_STYLE_USAGE(.BOTH.,#21149);
#21149 = SURFACE_SIDE_STYLE('',(#21150));
#21150 = SURFACE_STYLE_FILL_AREA(#21151);
#21151 = FILL_AREA_STYLE('',(#21152));
#21152 = FILL_AREA_STYLE_COLOUR('',#18188);
#21153 = OVER_RIDING_STYLED_ITEM('overriding color',(#21154),#14045,
  #18173);
#21154 = PRESENTATION_STYLE_ASSIGNMENT((#21155));
#21155 = SURFACE_STYLE_USAGE(.BOTH.,#21156);
#21156 = SURFACE_SIDE_STYLE('',(#21157));
#21157 = SURFACE_STYLE_FILL_AREA(#21158);
#21158 = FILL_AREA_STYLE('',(#21159));
#21159 = FILL_AREA_STYLE_COLOUR('',#18188);
#21160 = OVER_RIDING_STYLED_ITEM('overriding color',(#21161),#14094,
  #18173);
#21161 = PRESENTATION_STYLE_ASSIGNMENT((#21162));
#21162 = SURFACE_STYLE_USAGE(.BOTH.,#21163);
#21163 = SURFACE_SIDE_STYLE('',(#21164));
#21164 = SURFACE_STYLE_FILL_AREA(#21165);
#21165 = FILL_AREA_STYLE('',(#21166));
#21166 = FILL_AREA_STYLE_COLOUR('',#18188);
#21167 = OVER_RIDING_STYLED_ITEM('overriding color',(#21168),#14125,
  #18173);
#21168 = PRESENTATION_STYLE_ASSIGNMENT((#21169));
#21169 = SURFACE_STYLE_USAGE(.BOTH.,#21170);
#21170 = SURFACE_SIDE_STYLE('',(#21171));
#21171 = SURFACE_STYLE_FILL_AREA(#21172);
#21172 = FILL_AREA_STYLE('',(#21173));
#21173 = FILL_AREA_STYLE_COLOUR('',#18188);
#21174 = OVER_RIDING_STYLED_ITEM('overriding color',(#21175),#14149,
  #18173);
#21175 = PRESENTATION_STYLE_ASSIGNMENT((#21176));
#21176 = SURFACE_STYLE_USAGE(.BOTH.,#21177);
#21177 = SURFACE_SIDE_STYLE('',(#21178));
#21178 = SURFACE_STYLE_FILL_AREA(#21179);
#21179 = FILL_AREA_STYLE('',(#21180));
#21180 = FILL_AREA_STYLE_COLOUR('',#18188);
#21181 = OVER_RIDING_STYLED_ITEM('overriding color',(#21182),#14173,
  #18173);
#21182 = PRESENTATION_STYLE_ASSIGNMENT((#21183));
#21183 = SURFACE_STYLE_USAGE(.BOTH.,#21184);
#21184 = SURFACE_SIDE_STYLE('',(#21185));
#21185 = SURFACE_STYLE_FILL_AREA(#21186);
#21186 = FILL_AREA_STYLE('',(#21187));
#21187 = FILL_AREA_STYLE_COLOUR('',#18188);
#21188 = OVER_RIDING_STYLED_ITEM('overriding color',(#21189),#14190,
  #18173);
#21189 = PRESENTATION_STYLE_ASSIGNMENT((#21190));
#21190 = SURFACE_STYLE_USAGE(.BOTH.,#21191);
#21191 = SURFACE_SIDE_STYLE('',(#21192));
#21192 = SURFACE_STYLE_FILL_AREA(#21193);
#21193 = FILL_AREA_STYLE('',(#21194));
#21194 = FILL_AREA_STYLE_COLOUR('',#18188);
#21195 = OVER_RIDING_STYLED_ITEM('overriding color',(#21196),#14230,
  #18173);
#21196 = PRESENTATION_STYLE_ASSIGNMENT((#21197));
#21197 = SURFACE_STYLE_USAGE(.BOTH.,#21198);
#21198 = SURFACE_SIDE_STYLE('',(#21199));
#21199 = SURFACE_STYLE_FILL_AREA(#21200);
#21200 = FILL_AREA_STYLE('',(#21201));
#21201 = FILL_AREA_STYLE_COLOUR('',#18188);
#21202 = OVER_RIDING_STYLED_ITEM('overriding color',(#21203),#14289,
  #18173);
#21203 = PRESENTATION_STYLE_ASSIGNMENT((#21204));
#21204 = SURFACE_STYLE_USAGE(.BOTH.,#21205);
#21205 = SURFACE_SIDE_STYLE('',(#21206));
#21206 = SURFACE_STYLE_FILL_AREA(#21207);
#21207 = FILL_AREA_STYLE('',(#21208));
#21208 = FILL_AREA_STYLE_COLOUR('',#18188);
#21209 = OVER_RIDING_STYLED_ITEM('overriding color',(#21210),#14336,
  #18173);
#21210 = PRESENTATION_STYLE_ASSIGNMENT((#21211));
#21211 = SURFACE_STYLE_USAGE(.BOTH.,#21212);
#21212 = SURFACE_SIDE_STYLE('',(#21213));
#21213 = SURFACE_STYLE_FILL_AREA(#21214);
#21214 = FILL_AREA_STYLE('',(#21215));
#21215 = FILL_AREA_STYLE_COLOUR('',#18188);
#21216 = OVER_RIDING_STYLED_ITEM('overriding color',(#21217),#14360,
  #18173);
#21217 = PRESENTATION_STYLE_ASSIGNMENT((#21218));
#21218 = SURFACE_STYLE_USAGE(.BOTH.,#21219);
#21219 = SURFACE_SIDE_STYLE('',(#21220));
#21220 = SURFACE_STYLE_FILL_AREA(#21221);
#21221 = FILL_AREA_STYLE('',(#21222));
#21222 = FILL_AREA_STYLE_COLOUR('',#18188);
#21223 = OVER_RIDING_STYLED_ITEM('overriding color',(#21224),#14407,
  #18173);
#21224 = PRESENTATION_STYLE_ASSIGNMENT((#21225));
#21225 = SURFACE_STYLE_USAGE(.BOTH.,#21226);
#21226 = SURFACE_SIDE_STYLE('',(#21227));
#21227 = SURFACE_STYLE_FILL_AREA(#21228);
#21228 = FILL_AREA_STYLE('',(#21229));
#21229 = FILL_AREA_STYLE_COLOUR('',#18188);
#21230 = OVER_RIDING_STYLED_ITEM('overriding color',(#21231),#14442,
  #18173);
#21231 = PRESENTATION_STYLE_ASSIGNMENT((#21232));
#21232 = SURFACE_STYLE_USAGE(.BOTH.,#21233);
#21233 = SURFACE_SIDE_STYLE('',(#21234));
#21234 = SURFACE_STYLE_FILL_AREA(#21235);
#21235 = FILL_AREA_STYLE('',(#21236));
#21236 = FILL_AREA_STYLE_COLOUR('',#18188);
#21237 = OVER_RIDING_STYLED_ITEM('overriding color',(#21238),#14470,
  #18173);
#21238 = PRESENTATION_STYLE_ASSIGNMENT((#21239));
#21239 = SURFACE_STYLE_USAGE(.BOTH.,#21240);
#21240 = SURFACE_SIDE_STYLE('',(#21241));
#21241 = SURFACE_STYLE_FILL_AREA(#21242);
#21242 = FILL_AREA_STYLE('',(#21243));
#21243 = FILL_AREA_STYLE_COLOUR('',#18188);
#21244 = OVER_RIDING_STYLED_ITEM('overriding color',(#21245),#14510,
  #18173);
#21245 = PRESENTATION_STYLE_ASSIGNMENT((#21246));
#21246 = SURFACE_STYLE_USAGE(.BOTH.,#21247);
#21247 = SURFACE_SIDE_STYLE('',(#21248));
#21248 = SURFACE_STYLE_FILL_AREA(#21249);
#21249 = FILL_AREA_STYLE('',(#21250));
#21250 = FILL_AREA_STYLE_COLOUR('',#18188);
#21251 = OVER_RIDING_STYLED_ITEM('overriding color',(#21252),#14554,
  #18173);
#21252 = PRESENTATION_STYLE_ASSIGNMENT((#21253));
#21253 = SURFACE_STYLE_USAGE(.BOTH.,#21254);
#21254 = SURFACE_SIDE_STYLE('',(#21255));
#21255 = SURFACE_STYLE_FILL_AREA(#21256);
#21256 = FILL_AREA_STYLE('',(#21257));
#21257 = FILL_AREA_STYLE_COLOUR('',#18188);
#21258 = OVER_RIDING_STYLED_ITEM('overriding color',(#21259),#14580,
  #18173);
#21259 = PRESENTATION_STYLE_ASSIGNMENT((#21260));
#21260 = SURFACE_STYLE_USAGE(.BOTH.,#21261);
#21261 = SURFACE_SIDE_STYLE('',(#21262));
#21262 = SURFACE_STYLE_FILL_AREA(#21263);
#21263 = FILL_AREA_STYLE('',(#21264));
#21264 = FILL_AREA_STYLE_COLOUR('',#18188);
#21265 = OVER_RIDING_STYLED_ITEM('overriding color',(#21266),#14597,
  #18173);
#21266 = PRESENTATION_STYLE_ASSIGNMENT((#21267));
#21267 = SURFACE_STYLE_USAGE(.BOTH.,#21268);
#21268 = SURFACE_SIDE_STYLE('',(#21269));
#21269 = SURFACE_STYLE_FILL_AREA(#21270);
#21270 = FILL_AREA_STYLE('',(#21271));
#21271 = FILL_AREA_STYLE_COLOUR('',#18188);
#21272 = OVER_RIDING_STYLED_ITEM('overriding color',(#21273),#14619,
  #18173);
#21273 = PRESENTATION_STYLE_ASSIGNMENT((#21274));
#21274 = SURFACE_STYLE_USAGE(.BOTH.,#21275);
#21275 = SURFACE_SIDE_STYLE('',(#21276));
#21276 = SURFACE_STYLE_FILL_AREA(#21277);
#21277 = FILL_AREA_STYLE('',(#21278));
#21278 = FILL_AREA_STYLE_COLOUR('',#18188);
#21279 = OVER_RIDING_STYLED_ITEM('overriding color',(#21280),#14636,
  #18173);
#21280 = PRESENTATION_STYLE_ASSIGNMENT((#21281));
#21281 = SURFACE_STYLE_USAGE(.BOTH.,#21282);
#21282 = SURFACE_SIDE_STYLE('',(#21283));
#21283 = SURFACE_STYLE_FILL_AREA(#21284);
#21284 = FILL_AREA_STYLE('',(#21285));
#21285 = FILL_AREA_STYLE_COLOUR('',#18188);
#21286 = OVER_RIDING_STYLED_ITEM('overriding color',(#21287),#14653,
  #18173);
#21287 = PRESENTATION_STYLE_ASSIGNMENT((#21288));
#21288 = SURFACE_STYLE_USAGE(.BOTH.,#21289);
#21289 = SURFACE_SIDE_STYLE('',(#21290));
#21290 = SURFACE_STYLE_FILL_AREA(#21291);
#21291 = FILL_AREA_STYLE('',(#21292));
#21292 = FILL_AREA_STYLE_COLOUR('',#18188);
#21293 = OVER_RIDING_STYLED_ITEM('overriding color',(#21294),#14670,
  #18173);
#21294 = PRESENTATION_STYLE_ASSIGNMENT((#21295));
#21295 = SURFACE_STYLE_USAGE(.BOTH.,#21296);
#21296 = SURFACE_SIDE_STYLE('',(#21297));
#21297 = SURFACE_STYLE_FILL_AREA(#21298);
#21298 = FILL_AREA_STYLE('',(#21299));
#21299 = FILL_AREA_STYLE_COLOUR('',#20802);
#21300 = OVER_RIDING_STYLED_ITEM('overriding color',(#21301),#14710,
  #18173);
#21301 = PRESENTATION_STYLE_ASSIGNMENT((#21302));
#21302 = SURFACE_STYLE_USAGE(.BOTH.,#21303);
#21303 = SURFACE_SIDE_STYLE('',(#21304));
#21304 = SURFACE_STYLE_FILL_AREA(#21305);
#21305 = FILL_AREA_STYLE('',(#21306));
#21306 = FILL_AREA_STYLE_COLOUR('',#20802);
#21307 = OVER_RIDING_STYLED_ITEM('overriding color',(#21308),#14741,
  #18173);
#21308 = PRESENTATION_STYLE_ASSIGNMENT((#21309));
#21309 = SURFACE_STYLE_USAGE(.BOTH.,#21310);
#21310 = SURFACE_SIDE_STYLE('',(#21311));
#21311 = SURFACE_STYLE_FILL_AREA(#21312);
#21312 = FILL_AREA_STYLE('',(#21313));
#21313 = FILL_AREA_STYLE_COLOUR('',#20802);
#21314 = OVER_RIDING_STYLED_ITEM('overriding color',(#21315),#14765,
  #18173);
#21315 = PRESENTATION_STYLE_ASSIGNMENT((#21316));
#21316 = SURFACE_STYLE_USAGE(.BOTH.,#21317);
#21317 = SURFACE_SIDE_STYLE('',(#21318));
#21318 = SURFACE_STYLE_FILL_AREA(#21319);
#21319 = FILL_AREA_STYLE('',(#21320));
#21320 = FILL_AREA_STYLE_COLOUR('',#20802);
#21321 = OVER_RIDING_STYLED_ITEM('overriding color',(#21322),#14789,
  #18173);
#21322 = PRESENTATION_STYLE_ASSIGNMENT((#21323));
#21323 = SURFACE_STYLE_USAGE(.BOTH.,#21324);
#21324 = SURFACE_SIDE_STYLE('',(#21325));
#21325 = SURFACE_STYLE_FILL_AREA(#21326);
#21326 = FILL_AREA_STYLE('',(#21327));
#21327 = FILL_AREA_STYLE_COLOUR('',#20802);
#21328 = OVER_RIDING_STYLED_ITEM('overriding color',(#21329),#14806,
  #18173);
#21329 = PRESENTATION_STYLE_ASSIGNMENT((#21330));
#21330 = SURFACE_STYLE_USAGE(.BOTH.,#21331);
#21331 = SURFACE_SIDE_STYLE('',(#21332));
#21332 = SURFACE_STYLE_FILL_AREA(#21333);
#21333 = FILL_AREA_STYLE('',(#21334));
#21334 = FILL_AREA_STYLE_COLOUR('',#20802);
#21335 = OVER_RIDING_STYLED_ITEM('overriding color',(#21336),#14910,
  #18173);
#21336 = PRESENTATION_STYLE_ASSIGNMENT((#21337));
#21337 = SURFACE_STYLE_USAGE(.BOTH.,#21338);
#21338 = SURFACE_SIDE_STYLE('',(#21339));
#21339 = SURFACE_STYLE_FILL_AREA(#21340);
#21340 = FILL_AREA_STYLE('',(#21341));
#21341 = FILL_AREA_STYLE_COLOUR('',#20802);
#21342 = OVER_RIDING_STYLED_ITEM('overriding color',(#21343),#14941,
  #18173);
#21343 = PRESENTATION_STYLE_ASSIGNMENT((#21344));
#21344 = SURFACE_STYLE_USAGE(.BOTH.,#21345);
#21345 = SURFACE_SIDE_STYLE('',(#21346));
#21346 = SURFACE_STYLE_FILL_AREA(#21347);
#21347 = FILL_AREA_STYLE('',(#21348));
#21348 = FILL_AREA_STYLE_COLOUR('',#20802);
#21349 = OVER_RIDING_STYLED_ITEM('overriding color',(#21350),#14965,
  #18173);
#21350 = PRESENTATION_STYLE_ASSIGNMENT((#21351));
#21351 = SURFACE_STYLE_USAGE(.BOTH.,#21352);
#21352 = SURFACE_SIDE_STYLE('',(#21353));
#21353 = SURFACE_STYLE_FILL_AREA(#21354);
#21354 = FILL_AREA_STYLE('',(#21355));
#21355 = FILL_AREA_STYLE_COLOUR('',#20802);
#21356 = OVER_RIDING_STYLED_ITEM('overriding color',(#21357),#14989,
  #18173);
#21357 = PRESENTATION_STYLE_ASSIGNMENT((#21358));
#21358 = SURFACE_STYLE_USAGE(.BOTH.,#21359);
#21359 = SURFACE_SIDE_STYLE('',(#21360));
#21360 = SURFACE_STYLE_FILL_AREA(#21361);
#21361 = FILL_AREA_STYLE('',(#21362));
#21362 = FILL_AREA_STYLE_COLOUR('',#20802);
#21363 = OVER_RIDING_STYLED_ITEM('overriding color',(#21364),#15013,
  #18173);
#21364 = PRESENTATION_STYLE_ASSIGNMENT((#21365));
#21365 = SURFACE_STYLE_USAGE(.BOTH.,#21366);
#21366 = SURFACE_SIDE_STYLE('',(#21367));
#21367 = SURFACE_STYLE_FILL_AREA(#21368);
#21368 = FILL_AREA_STYLE('',(#21369));
#21369 = FILL_AREA_STYLE_COLOUR('',#20802);
#21370 = OVER_RIDING_STYLED_ITEM('overriding color',(#21371),#15037,
  #18173);
#21371 = PRESENTATION_STYLE_ASSIGNMENT((#21372));
#21372 = SURFACE_STYLE_USAGE(.BOTH.,#21373);
#21373 = SURFACE_SIDE_STYLE('',(#21374));
#21374 = SURFACE_STYLE_FILL_AREA(#21375);
#21375 = FILL_AREA_STYLE('',(#21376));
#21376 = FILL_AREA_STYLE_COLOUR('',#20802);
#21377 = OVER_RIDING_STYLED_ITEM('overriding color',(#21378),#15061,
  #18173);
#21378 = PRESENTATION_STYLE_ASSIGNMENT((#21379));
#21379 = SURFACE_STYLE_USAGE(.BOTH.,#21380);
#21380 = SURFACE_SIDE_STYLE('',(#21381));
#21381 = SURFACE_STYLE_FILL_AREA(#21382);
#21382 = FILL_AREA_STYLE('',(#21383));
#21383 = FILL_AREA_STYLE_COLOUR('',#20802);
#21384 = OVER_RIDING_STYLED_ITEM('overriding color',(#21385),#15085,
  #18173);
#21385 = PRESENTATION_STYLE_ASSIGNMENT((#21386));
#21386 = SURFACE_STYLE_USAGE(.BOTH.,#21387);
#21387 = SURFACE_SIDE_STYLE('',(#21388));
#21388 = SURFACE_STYLE_FILL_AREA(#21389);
#21389 = FILL_AREA_STYLE('',(#21390));
#21390 = FILL_AREA_STYLE_COLOUR('',#20802);
#21391 = OVER_RIDING_STYLED_ITEM('overriding color',(#21392),#15109,
  #18173);
#21392 = PRESENTATION_STYLE_ASSIGNMENT((#21393));
#21393 = SURFACE_STYLE_USAGE(.BOTH.,#21394);
#21394 = SURFACE_SIDE_STYLE('',(#21395));
#21395 = SURFACE_STYLE_FILL_AREA(#21396);
#21396 = FILL_AREA_STYLE('',(#21397));
#21397 = FILL_AREA_STYLE_COLOUR('',#20802);
#21398 = OVER_RIDING_STYLED_ITEM('overriding color',(#21399),#15133,
  #18173);
#21399 = PRESENTATION_STYLE_ASSIGNMENT((#21400));
#21400 = SURFACE_STYLE_USAGE(.BOTH.,#21401);
#21401 = SURFACE_SIDE_STYLE('',(#21402));
#21402 = SURFACE_STYLE_FILL_AREA(#21403);
#21403 = FILL_AREA_STYLE('',(#21404));
#21404 = FILL_AREA_STYLE_COLOUR('',#20802);
#21405 = OVER_RIDING_STYLED_ITEM('overriding color',(#21406),#15157,
  #18173);
#21406 = PRESENTATION_STYLE_ASSIGNMENT((#21407));
#21407 = SURFACE_STYLE_USAGE(.BOTH.,#21408);
#21408 = SURFACE_SIDE_STYLE('',(#21409));
#21409 = SURFACE_STYLE_FILL_AREA(#21410);
#21410 = FILL_AREA_STYLE('',(#21411));
#21411 = FILL_AREA_STYLE_COLOUR('',#20802);
#21412 = OVER_RIDING_STYLED_ITEM('overriding color',(#21413),#15181,
  #18173);
#21413 = PRESENTATION_STYLE_ASSIGNMENT((#21414));
#21414 = SURFACE_STYLE_USAGE(.BOTH.,#21415);
#21415 = SURFACE_SIDE_STYLE('',(#21416));
#21416 = SURFACE_STYLE_FILL_AREA(#21417);
#21417 = FILL_AREA_STYLE('',(#21418));
#21418 = FILL_AREA_STYLE_COLOUR('',#20802);
#21419 = OVER_RIDING_STYLED_ITEM('overriding color',(#21420),#15206,
  #18173);
#21420 = PRESENTATION_STYLE_ASSIGNMENT((#21421));
#21421 = SURFACE_STYLE_USAGE(.BOTH.,#21422);
#21422 = SURFACE_SIDE_STYLE('',(#21423));
#21423 = SURFACE_STYLE_FILL_AREA(#21424);
#21424 = FILL_AREA_STYLE('',(#21425));
#21425 = FILL_AREA_STYLE_COLOUR('',#20802);
#21426 = OVER_RIDING_STYLED_ITEM('overriding color',(#21427),#15233,
  #18173);
#21427 = PRESENTATION_STYLE_ASSIGNMENT((#21428));
#21428 = SURFACE_STYLE_USAGE(.BOTH.,#21429);
#21429 = SURFACE_SIDE_STYLE('',(#21430));
#21430 = SURFACE_STYLE_FILL_AREA(#21431);
#21431 = FILL_AREA_STYLE('',(#21432));
#21432 = FILL_AREA_STYLE_COLOUR('',#20802);
#21433 = OVER_RIDING_STYLED_ITEM('overriding color',(#21434),#15253,
  #18173);
#21434 = PRESENTATION_STYLE_ASSIGNMENT((#21435));
#21435 = SURFACE_STYLE_USAGE(.BOTH.,#21436);
#21436 = SURFACE_SIDE_STYLE('',(#21437));
#21437 = SURFACE_STYLE_FILL_AREA(#21438);
#21438 = FILL_AREA_STYLE('',(#21439));
#21439 = FILL_AREA_STYLE_COLOUR('',#20802);
#21440 = OVER_RIDING_STYLED_ITEM('overriding color',(#21441),#15278,
  #18173);
#21441 = PRESENTATION_STYLE_ASSIGNMENT((#21442));
#21442 = SURFACE_STYLE_USAGE(.BOTH.,#21443);
#21443 = SURFACE_SIDE_STYLE('',(#21444));
#21444 = SURFACE_STYLE_FILL_AREA(#21445);
#21445 = FILL_AREA_STYLE('',(#21446));
#21446 = FILL_AREA_STYLE_COLOUR('',#20802);
#21447 = OVER_RIDING_STYLED_ITEM('overriding color',(#21448),#15311,
  #18173);
#21448 = PRESENTATION_STYLE_ASSIGNMENT((#21449));
#21449 = SURFACE_STYLE_USAGE(.BOTH.,#21450);
#21450 = SURFACE_SIDE_STYLE('',(#21451));
#21451 = SURFACE_STYLE_FILL_AREA(#21452);
#21452 = FILL_AREA_STYLE('',(#21453));
#21453 = FILL_AREA_STYLE_COLOUR('',#20802);
#21454 = OVER_RIDING_STYLED_ITEM('overriding color',(#21455),#15323,
  #18173);
#21455 = PRESENTATION_STYLE_ASSIGNMENT((#21456));
#21456 = SURFACE_STYLE_USAGE(.BOTH.,#21457);
#21457 = SURFACE_SIDE_STYLE('',(#21458));
#21458 = SURFACE_STYLE_FILL_AREA(#21459);
#21459 = FILL_AREA_STYLE('',(#21460));
#21460 = FILL_AREA_STYLE_COLOUR('',#20802);
#21461 = OVER_RIDING_STYLED_ITEM('overriding color',(#21462),#15347,
  #18173);
#21462 = PRESENTATION_STYLE_ASSIGNMENT((#21463));
#21463 = SURFACE_STYLE_USAGE(.BOTH.,#21464);
#21464 = SURFACE_SIDE_STYLE('',(#21465));
#21465 = SURFACE_STYLE_FILL_AREA(#21466);
#21466 = FILL_AREA_STYLE('',(#21467));
#21467 = FILL_AREA_STYLE_COLOUR('',#20802);
#21468 = OVER_RIDING_STYLED_ITEM('overriding color',(#21469),#15390,
  #18173);
#21469 = PRESENTATION_STYLE_ASSIGNMENT((#21470));
#21470 = SURFACE_STYLE_USAGE(.BOTH.,#21471);
#21471 = SURFACE_SIDE_STYLE('',(#21472));
#21472 = SURFACE_STYLE_FILL_AREA(#21473);
#21473 = FILL_AREA_STYLE('',(#21474));
#21474 = FILL_AREA_STYLE_COLOUR('',#20802);
#21475 = OVER_RIDING_STYLED_ITEM('overriding color',(#21476),#15412,
  #18173);
#21476 = PRESENTATION_STYLE_ASSIGNMENT((#21477));
#21477 = SURFACE_STYLE_USAGE(.BOTH.,#21478);
#21478 = SURFACE_SIDE_STYLE('',(#21479));
#21479 = SURFACE_STYLE_FILL_AREA(#21480);
#21480 = FILL_AREA_STYLE('',(#21481));
#21481 = FILL_AREA_STYLE_COLOUR('',#20802);
#21482 = OVER_RIDING_STYLED_ITEM('overriding color',(#21483),#15452,
  #18173);
#21483 = PRESENTATION_STYLE_ASSIGNMENT((#21484));
#21484 = SURFACE_STYLE_USAGE(.BOTH.,#21485);
#21485 = SURFACE_SIDE_STYLE('',(#21486));
#21486 = SURFACE_STYLE_FILL_AREA(#21487);
#21487 = FILL_AREA_STYLE('',(#21488));
#21488 = FILL_AREA_STYLE_COLOUR('',#20802);
#21489 = OVER_RIDING_STYLED_ITEM('overriding color',(#21490),#15483,
  #18173);
#21490 = PRESENTATION_STYLE_ASSIGNMENT((#21491));
#21491 = SURFACE_STYLE_USAGE(.BOTH.,#21492);
#21492 = SURFACE_SIDE_STYLE('',(#21493));
#21493 = SURFACE_STYLE_FILL_AREA(#21494);
#21494 = FILL_AREA_STYLE('',(#21495));
#21495 = FILL_AREA_STYLE_COLOUR('',#20802);
#21496 = OVER_RIDING_STYLED_ITEM('overriding color',(#21497),#15514,
  #18173);
#21497 = PRESENTATION_STYLE_ASSIGNMENT((#21498));
#21498 = SURFACE_STYLE_USAGE(.BOTH.,#21499);
#21499 = SURFACE_SIDE_STYLE('',(#21500));
#21500 = SURFACE_STYLE_FILL_AREA(#21501);
#21501 = FILL_AREA_STYLE('',(#21502));
#21502 = FILL_AREA_STYLE_COLOUR('',#20802);
#21503 = OVER_RIDING_STYLED_ITEM('overriding color',(#21504),#15545,
  #18173);
#21504 = PRESENTATION_STYLE_ASSIGNMENT((#21505));
#21505 = SURFACE_STYLE_USAGE(.BOTH.,#21506);
#21506 = SURFACE_SIDE_STYLE('',(#21507));
#21507 = SURFACE_STYLE_FILL_AREA(#21508);
#21508 = FILL_AREA_STYLE('',(#21509));
#21509 = FILL_AREA_STYLE_COLOUR('',#20802);
#21510 = OVER_RIDING_STYLED_ITEM('overriding color',(#21511),#15576,
  #18173);
#21511 = PRESENTATION_STYLE_ASSIGNMENT((#21512));
#21512 = SURFACE_STYLE_USAGE(.BOTH.,#21513);
#21513 = SURFACE_SIDE_STYLE('',(#21514));
#21514 = SURFACE_STYLE_FILL_AREA(#21515);
#21515 = FILL_AREA_STYLE('',(#21516));
#21516 = FILL_AREA_STYLE_COLOUR('',#20802);
#21517 = OVER_RIDING_STYLED_ITEM('overriding color',(#21518),#15607,
  #18173);
#21518 = PRESENTATION_STYLE_ASSIGNMENT((#21519));
#21519 = SURFACE_STYLE_USAGE(.BOTH.,#21520);
#21520 = SURFACE_SIDE_STYLE('',(#21521));
#21521 = SURFACE_STYLE_FILL_AREA(#21522);
#21522 = FILL_AREA_STYLE('',(#21523));
#21523 = FILL_AREA_STYLE_COLOUR('',#20802);
#21524 = OVER_RIDING_STYLED_ITEM('overriding color',(#21525),#15638,
  #18173);
#21525 = PRESENTATION_STYLE_ASSIGNMENT((#21526));
#21526 = SURFACE_STYLE_USAGE(.BOTH.,#21527);
#21527 = SURFACE_SIDE_STYLE('',(#21528));
#21528 = SURFACE_STYLE_FILL_AREA(#21529);
#21529 = FILL_AREA_STYLE('',(#21530));
#21530 = FILL_AREA_STYLE_COLOUR('',#20802);
#21531 = OVER_RIDING_STYLED_ITEM('overriding color',(#21532),#15691,
  #18173);
#21532 = PRESENTATION_STYLE_ASSIGNMENT((#21533));
#21533 = SURFACE_STYLE_USAGE(.BOTH.,#21534);
#21534 = SURFACE_SIDE_STYLE('',(#21535));
#21535 = SURFACE_STYLE_FILL_AREA(#21536);
#21536 = FILL_AREA_STYLE('',(#21537));
#21537 = FILL_AREA_STYLE_COLOUR('',#20802);
#21538 = OVER_RIDING_STYLED_ITEM('overriding color',(#21539),#15722,
  #18173);
#21539 = PRESENTATION_STYLE_ASSIGNMENT((#21540));
#21540 = SURFACE_STYLE_USAGE(.BOTH.,#21541);
#21541 = SURFACE_SIDE_STYLE('',(#21542));
#21542 = SURFACE_STYLE_FILL_AREA(#21543);
#21543 = FILL_AREA_STYLE('',(#21544));
#21544 = FILL_AREA_STYLE_COLOUR('',#20802);
#21545 = OVER_RIDING_STYLED_ITEM('overriding color',(#21546),#15746,
  #18173);
#21546 = PRESENTATION_STYLE_ASSIGNMENT((#21547));
#21547 = SURFACE_STYLE_USAGE(.BOTH.,#21548);
#21548 = SURFACE_SIDE_STYLE('',(#21549));
#21549 = SURFACE_STYLE_FILL_AREA(#21550);
#21550 = FILL_AREA_STYLE('',(#21551));
#21551 = FILL_AREA_STYLE_COLOUR('',#20802);
#21552 = OVER_RIDING_STYLED_ITEM('overriding color',(#21553),#15770,
  #18173);
#21553 = PRESENTATION_STYLE_ASSIGNMENT((#21554));
#21554 = SURFACE_STYLE_USAGE(.BOTH.,#21555);
#21555 = SURFACE_SIDE_STYLE('',(#21556));
#21556 = SURFACE_STYLE_FILL_AREA(#21557);
#21557 = FILL_AREA_STYLE('',(#21558));
#21558 = FILL_AREA_STYLE_COLOUR('',#20802);
#21559 = OVER_RIDING_STYLED_ITEM('overriding color',(#21560),#15787,
  #18173);
#21560 = PRESENTATION_STYLE_ASSIGNMENT((#21561));
#21561 = SURFACE_STYLE_USAGE(.BOTH.,#21562);
#21562 = SURFACE_SIDE_STYLE('',(#21563));
#21563 = SURFACE_STYLE_FILL_AREA(#21564);
#21564 = FILL_AREA_STYLE('',(#21565));
#21565 = FILL_AREA_STYLE_COLOUR('',#20802);
#21566 = OVER_RIDING_STYLED_ITEM('overriding color',(#21567),#15812,
  #18173);
#21567 = PRESENTATION_STYLE_ASSIGNMENT((#21568));
#21568 = SURFACE_STYLE_USAGE(.BOTH.,#21569);
#21569 = SURFACE_SIDE_STYLE('',(#21570));
#21570 = SURFACE_STYLE_FILL_AREA(#21571);
#21571 = FILL_AREA_STYLE('',(#21572));
#21572 = FILL_AREA_STYLE_COLOUR('',#20802);
#21573 = OVER_RIDING_STYLED_ITEM('overriding color',(#21574),#15852,
  #18173);
#21574 = PRESENTATION_STYLE_ASSIGNMENT((#21575));
#21575 = SURFACE_STYLE_USAGE(.BOTH.,#21576);
#21576 = SURFACE_SIDE_STYLE('',(#21577));
#21577 = SURFACE_STYLE_FILL_AREA(#21578);
#21578 = FILL_AREA_STYLE('',(#21579));
#21579 = FILL_AREA_STYLE_COLOUR('',#20802);
#21580 = OVER_RIDING_STYLED_ITEM('overriding color',(#21581),#15883,
  #18173);
#21581 = PRESENTATION_STYLE_ASSIGNMENT((#21582));
#21582 = SURFACE_STYLE_USAGE(.BOTH.,#21583);
#21583 = SURFACE_SIDE_STYLE('',(#21584));
#21584 = SURFACE_STYLE_FILL_AREA(#21585);
#21585 = FILL_AREA_STYLE('',(#21586));
#21586 = FILL_AREA_STYLE_COLOUR('',#20802);
#21587 = OVER_RIDING_STYLED_ITEM('overriding color',(#21588),#15907,
  #18173);
#21588 = PRESENTATION_STYLE_ASSIGNMENT((#21589));
#21589 = SURFACE_STYLE_USAGE(.BOTH.,#21590);
#21590 = SURFACE_SIDE_STYLE('',(#21591));
#21591 = SURFACE_STYLE_FILL_AREA(#21592);
#21592 = FILL_AREA_STYLE('',(#21593));
#21593 = FILL_AREA_STYLE_COLOUR('',#20802);
#21594 = OVER_RIDING_STYLED_ITEM('overriding color',(#21595),#15931,
  #18173);
#21595 = PRESENTATION_STYLE_ASSIGNMENT((#21596));
#21596 = SURFACE_STYLE_USAGE(.BOTH.,#21597);
#21597 = SURFACE_SIDE_STYLE('',(#21598));
#21598 = SURFACE_STYLE_FILL_AREA(#21599);
#21599 = FILL_AREA_STYLE('',(#21600));
#21600 = FILL_AREA_STYLE_COLOUR('',#20802);
#21601 = OVER_RIDING_STYLED_ITEM('overriding color',(#21602),#15948,
  #18173);
#21602 = PRESENTATION_STYLE_ASSIGNMENT((#21603));
#21603 = SURFACE_STYLE_USAGE(.BOTH.,#21604);
#21604 = SURFACE_SIDE_STYLE('',(#21605));
#21605 = SURFACE_STYLE_FILL_AREA(#21606);
#21606 = FILL_AREA_STYLE('',(#21607));
#21607 = FILL_AREA_STYLE_COLOUR('',#20802);
#21608 = OVER_RIDING_STYLED_ITEM('overriding color',(#21609),#15988,
  #18173);
#21609 = PRESENTATION_STYLE_ASSIGNMENT((#21610));
#21610 = SURFACE_STYLE_USAGE(.BOTH.,#21611);
#21611 = SURFACE_SIDE_STYLE('',(#21612));
#21612 = SURFACE_STYLE_FILL_AREA(#21613);
#21613 = FILL_AREA_STYLE('',(#21614));
#21614 = FILL_AREA_STYLE_COLOUR('',#20802);
#21615 = OVER_RIDING_STYLED_ITEM('overriding color',(#21616),#16019,
  #18173);
#21616 = PRESENTATION_STYLE_ASSIGNMENT((#21617));
#21617 = SURFACE_STYLE_USAGE(.BOTH.,#21618);
#21618 = SURFACE_SIDE_STYLE('',(#21619));
#21619 = SURFACE_STYLE_FILL_AREA(#21620);
#21620 = FILL_AREA_STYLE('',(#21621));
#21621 = FILL_AREA_STYLE_COLOUR('',#20802);
#21622 = OVER_RIDING_STYLED_ITEM('overriding color',(#21623),#16050,
  #18173);
#21623 = PRESENTATION_STYLE_ASSIGNMENT((#21624));
#21624 = SURFACE_STYLE_USAGE(.BOTH.,#21625);
#21625 = SURFACE_SIDE_STYLE('',(#21626));
#21626 = SURFACE_STYLE_FILL_AREA(#21627);
#21627 = FILL_AREA_STYLE('',(#21628));
#21628 = FILL_AREA_STYLE_COLOUR('',#20802);
#21629 = OVER_RIDING_STYLED_ITEM('overriding color',(#21630),#16081,
  #18173);
#21630 = PRESENTATION_STYLE_ASSIGNMENT((#21631));
#21631 = SURFACE_STYLE_USAGE(.BOTH.,#21632);
#21632 = SURFACE_SIDE_STYLE('',(#21633));
#21633 = SURFACE_STYLE_FILL_AREA(#21634);
#21634 = FILL_AREA_STYLE('',(#21635));
#21635 = FILL_AREA_STYLE_COLOUR('',#20802);
#21636 = OVER_RIDING_STYLED_ITEM('overriding color',(#21637),#16112,
  #18173);
#21637 = PRESENTATION_STYLE_ASSIGNMENT((#21638));
#21638 = SURFACE_STYLE_USAGE(.BOTH.,#21639);
#21639 = SURFACE_SIDE_STYLE('',(#21640));
#21640 = SURFACE_STYLE_FILL_AREA(#21641);
#21641 = FILL_AREA_STYLE('',(#21642));
#21642 = FILL_AREA_STYLE_COLOUR('',#20802);
#21643 = OVER_RIDING_STYLED_ITEM('overriding color',(#21644),#16143,
  #18173);
#21644 = PRESENTATION_STYLE_ASSIGNMENT((#21645));
#21645 = SURFACE_STYLE_USAGE(.BOTH.,#21646);
#21646 = SURFACE_SIDE_STYLE('',(#21647));
#21647 = SURFACE_STYLE_FILL_AREA(#21648);
#21648 = FILL_AREA_STYLE('',(#21649));
#21649 = FILL_AREA_STYLE_COLOUR('',#20802);
#21650 = OVER_RIDING_STYLED_ITEM('overriding color',(#21651),#16203,
  #18173);
#21651 = PRESENTATION_STYLE_ASSIGNMENT((#21652));
#21652 = SURFACE_STYLE_USAGE(.BOTH.,#21653);
#21653 = SURFACE_SIDE_STYLE('',(#21654));
#21654 = SURFACE_STYLE_FILL_AREA(#21655);
#21655 = FILL_AREA_STYLE('',(#21656));
#21656 = FILL_AREA_STYLE_COLOUR('',#20802);
#21657 = OVER_RIDING_STYLED_ITEM('overriding color',(#21658),#16234,
  #18173);
#21658 = PRESENTATION_STYLE_ASSIGNMENT((#21659));
#21659 = SURFACE_STYLE_USAGE(.BOTH.,#21660);
#21660 = SURFACE_SIDE_STYLE('',(#21661));
#21661 = SURFACE_STYLE_FILL_AREA(#21662);
#21662 = FILL_AREA_STYLE('',(#21663));
#21663 = FILL_AREA_STYLE_COLOUR('',#20802);
#21664 = OVER_RIDING_STYLED_ITEM('overriding color',(#21665),#16258,
  #18173);
#21665 = PRESENTATION_STYLE_ASSIGNMENT((#21666));
#21666 = SURFACE_STYLE_USAGE(.BOTH.,#21667);
#21667 = SURFACE_SIDE_STYLE('',(#21668));
#21668 = SURFACE_STYLE_FILL_AREA(#21669);
#21669 = FILL_AREA_STYLE('',(#21670));
#21670 = FILL_AREA_STYLE_COLOUR('',#20802);
#21671 = OVER_RIDING_STYLED_ITEM('overriding color',(#21672),#16282,
  #18173);
#21672 = PRESENTATION_STYLE_ASSIGNMENT((#21673));
#21673 = SURFACE_STYLE_USAGE(.BOTH.,#21674);
#21674 = SURFACE_SIDE_STYLE('',(#21675));
#21675 = SURFACE_STYLE_FILL_AREA(#21676);
#21676 = FILL_AREA_STYLE('',(#21677));
#21677 = FILL_AREA_STYLE_COLOUR('',#20802);
#21678 = OVER_RIDING_STYLED_ITEM('overriding color',(#21679),#16306,
  #18173);
#21679 = PRESENTATION_STYLE_ASSIGNMENT((#21680));
#21680 = SURFACE_STYLE_USAGE(.BOTH.,#21681);
#21681 = SURFACE_SIDE_STYLE('',(#21682));
#21682 = SURFACE_STYLE_FILL_AREA(#21683);
#21683 = FILL_AREA_STYLE('',(#21684));
#21684 = FILL_AREA_STYLE_COLOUR('',#20802);
#21685 = OVER_RIDING_STYLED_ITEM('overriding color',(#21686),#16323,
  #18173);
#21686 = PRESENTATION_STYLE_ASSIGNMENT((#21687));
#21687 = SURFACE_STYLE_USAGE(.BOTH.,#21688);
#21688 = SURFACE_SIDE_STYLE('',(#21689));
#21689 = SURFACE_STYLE_FILL_AREA(#21690);
#21690 = FILL_AREA_STYLE('',(#21691));
#21691 = FILL_AREA_STYLE_COLOUR('',#20802);
#21692 = OVER_RIDING_STYLED_ITEM('overriding color',(#21693),#16348,
  #18173);
#21693 = PRESENTATION_STYLE_ASSIGNMENT((#21694));
#21694 = SURFACE_STYLE_USAGE(.BOTH.,#21695);
#21695 = SURFACE_SIDE_STYLE('',(#21696));
#21696 = SURFACE_STYLE_FILL_AREA(#21697);
#21697 = FILL_AREA_STYLE('',(#21698));
#21698 = FILL_AREA_STYLE_COLOUR('',#20802);
#21699 = OVER_RIDING_STYLED_ITEM('overriding color',(#21700),#16407,
  #18173);
#21700 = PRESENTATION_STYLE_ASSIGNMENT((#21701));
#21701 = SURFACE_STYLE_USAGE(.BOTH.,#21702);
#21702 = SURFACE_SIDE_STYLE('',(#21703));
#21703 = SURFACE_STYLE_FILL_AREA(#21704);
#21704 = FILL_AREA_STYLE('',(#21705));
#21705 = FILL_AREA_STYLE_COLOUR('',#20802);
#21706 = OVER_RIDING_STYLED_ITEM('overriding color',(#21707),#16446,
  #18173);
#21707 = PRESENTATION_STYLE_ASSIGNMENT((#21708));
#21708 = SURFACE_STYLE_USAGE(.BOTH.,#21709);
#21709 = SURFACE_SIDE_STYLE('',(#21710));
#21710 = SURFACE_STYLE_FILL_AREA(#21711);
#21711 = FILL_AREA_STYLE('',(#21712));
#21712 = FILL_AREA_STYLE_COLOUR('',#20802);
#21713 = OVER_RIDING_STYLED_ITEM('overriding color',(#21714),#16463,
  #18173);
#21714 = PRESENTATION_STYLE_ASSIGNMENT((#21715));
#21715 = SURFACE_STYLE_USAGE(.BOTH.,#21716);
#21716 = SURFACE_SIDE_STYLE('',(#21717));
#21717 = SURFACE_STYLE_FILL_AREA(#21718);
#21718 = FILL_AREA_STYLE('',(#21719));
#21719 = FILL_AREA_STYLE_COLOUR('',#20802);
#21720 = OVER_RIDING_STYLED_ITEM('overriding color',(#21721),#16480,
  #18173);
#21721 = PRESENTATION_STYLE_ASSIGNMENT((#21722));
#21722 = SURFACE_STYLE_USAGE(.BOTH.,#21723);
#21723 = SURFACE_SIDE_STYLE('',(#21724));
#21724 = SURFACE_STYLE_FILL_AREA(#21725);
#21725 = FILL_AREA_STYLE('',(#21726));
#21726 = FILL_AREA_STYLE_COLOUR('',#20802);
ENDSEC;
END-ISO-10303-21;
